"bin","num_orders","avg_usd_price","sum_usd_volume","rush_orders","event"
2019-05-11 17:02:00,1,0.0588355040697762,147.14759567851,0,FALSE
2019-05-11 17:03:00,1,0.0588355040697762,27.6526869127948,0,FALSE
2019-05-11 17:04:00,0,0.0588355040697762,0,0,FALSE
2019-05-11 17:05:00,2,0.0589045598257238,76.0457867350125,0,FALSE
2019-05-11 17:06:00,1,0.0589045598257267,278.147331497081,0,FALSE
2019-05-11 17:07:00,1,0.059111727093578,7.8027479763523,0,FALSE
2019-05-11 17:08:00,7,0.0592695688214647,2170.14618649858,4,FALSE
2019-05-11 17:09:00,3,0.0592958757761086,20.9907400247425,0,FALSE
2019-05-11 17:10:00,0,0.0592958757761086,0,0,FALSE
2019-05-11 17:11:00,2,0.0589736155816763,63.809452059374,0,FALSE
2019-05-11 17:12:00,0,0.0589736155816763,0,0,FALSE
2019-05-11 17:13:00,3,0.0589045598257267,107.913153600731,0,FALSE
2019-05-11 17:14:00,0,0.0589045598257267,0,0,FALSE
2019-05-11 17:15:00,0,0.0589045598257267,0,0,FALSE
2019-05-11 17:16:00,0,0.0589045598257267,0,0,FALSE
2019-05-11 17:17:00,2,0.0589390877037016,88.4279671672183,2,FALSE
2019-05-11 17:18:00,3,0.058973615581677,185.177152926465,0,FALSE
2019-05-11 17:19:00,1,0.0589736155816762,44.5840533797472,0,FALSE
2019-05-11 17:20:00,0,0.0589736155816762,0,0,FALSE
2019-05-11 17:21:00,1,0.0590426713376263,32.7686825923826,0,FALSE
2019-05-11 17:22:00,0,0.0590426713376263,0,0,FALSE
2019-05-11 17:23:00,0,0.0590426713376263,0,0,FALSE
2019-05-11 17:24:00,0,0.0590426713376263,0,0,FALSE
2019-05-11 17:25:00,1,0.0590426713376276,165.732778444721,0,FALSE
2019-05-11 17:26:00,0,0.0590426713376276,0,0,FALSE
2019-05-11 17:27:00,1,0.0589736155816771,16.3946651317062,0,FALSE
2019-05-11 17:28:00,1,0.0589736155816765,62.2171644386687,0,FALSE
2019-05-11 17:29:00,0,0.0589736155816765,0,0,FALSE
2019-05-11 17:30:00,0,0.0589736155816765,0,0,FALSE
2019-05-11 17:31:00,0,0.0589736155816765,0,0,FALSE
2019-05-11 17:32:00,2,0.0589736155816761,157.990316143312,0,FALSE
2019-05-11 17:33:00,0,0.0589736155816761,0,0,FALSE
2019-05-11 17:34:00,1,0.0590426713376267,47.7064784408024,0,FALSE
2019-05-11 17:35:00,1,0.0590426713376276,22.9085564789995,0,FALSE
2019-05-11 17:36:00,0,0.0590426713376276,0,0,FALSE
2019-05-11 17:37:00,0,0.0590426713376276,0,0,FALSE
2019-05-11 17:38:00,0,0.0590426713376276,0,0,FALSE
2019-05-11 17:39:00,0,0.0590426713376276,0,0,FALSE
2019-05-11 17:40:00,0,0.0590426713376276,0,0,FALSE
2019-05-11 17:41:00,0,0.0590426713376276,0,0,FALSE
2019-05-11 17:42:00,0,0.0590426713376276,0,0,FALSE
2019-05-11 17:43:00,0,0.0590426713376276,0,0,FALSE
2019-05-11 17:44:00,0,0.0590426713376276,0,0,FALSE
2019-05-11 17:45:00,0,0.0590426713376276,0,0,FALSE
2019-05-11 17:46:00,1,0.0593188943614293,60.9205045091879,0,FALSE
2019-05-11 17:47:00,3,0.0593188943614293,694.683571866699,0,FALSE
2019-05-11 17:48:00,7,0.0593287594694223,322.540860046162,0,FALSE
2019-05-11 17:49:00,1,0.0593879501173798,63.7232704759485,0,FALSE
2019-05-11 17:50:00,0,0.0593879501173798,0,0,FALSE
2019-05-11 17:51:00,3,0.0595260616292807,259.581208119514,2,FALSE
2019-05-11 17:52:00,1,0.0595260616292807,7.02407527225512,0,FALSE
2019-05-11 17:53:00,1,0.0595260616292807,7.02407527225512,0,FALSE
2019-05-11 17:54:00,2,0.0595260616292807,35.0608502996463,0,FALSE
2019-05-11 17:55:00,0,0.0595260616292807,0,0,FALSE
2019-05-11 17:56:00,0,0.0595260616292807,0,0,FALSE
2019-05-11 17:57:00,0,0.0595260616292807,0,0,FALSE
2019-05-11 17:58:00,0,0.0595260616292807,0,0,FALSE
2019-05-11 17:59:00,0,0.0595260616292807,0,0,FALSE
2019-05-11 18:00:00,5,0.0595951173852311,320.383351063002,2,FALSE
2019-05-11 18:01:00,0,0.0595951173852311,0,0,FALSE
2019-05-11 18:02:00,7,0.0598713404090329,2318.18770893787,5,FALSE
2019-05-11 18:03:00,4,0.0600094519209338,408.367151607948,0,FALSE
2019-05-11 18:04:00,0,0.0600094519209338,0,0,FALSE
2019-05-11 18:05:00,1,0.0598713404090323,76.6353157235614,0,FALSE
2019-05-11 18:06:00,0,0.0598713404090323,0,0,FALSE
2019-05-11 18:07:00,0,0.0598713404090323,0,0,FALSE
2019-05-11 18:08:00,0,0.0598713404090323,0,0,FALSE
2019-05-11 18:09:00,0,0.0598713404090323,0,0,FALSE
2019-05-11 18:10:00,0,0.0598713404090323,0,0,FALSE
2019-05-11 18:11:00,0,0.0598713404090323,0,0,FALSE
2019-05-11 18:12:00,4,0.060043979798909,1687.50121361946,4,FALSE
2019-05-11 18:13:00,0,0.060043979798909,0,0,FALSE
2019-05-11 18:14:00,0,0.060043979798909,0,0,FALSE
2019-05-11 18:15:00,1,0.0600785076768842,416.524293723838,0,FALSE
2019-05-11 18:16:00,0,0.0600785076768842,0,0,FALSE
2019-05-11 18:17:00,2,0.0599749240429585,144.791413285481,2,FALSE
2019-05-11 18:18:00,1,0.0600094519209337,7.86123820164232,0,FALSE
2019-05-11 18:19:00,0,0.0600094519209337,0,0,FALSE
2019-05-11 18:20:00,0,0.0600094519209337,0,0,FALSE
2019-05-11 18:21:00,0,0.0600094519209337,0,0,FALSE
2019-05-11 18:22:00,0,0.0600094519209337,0,0,FALSE
2019-05-11 18:23:00,0,0.0600094519209337,0,0,FALSE
2019-05-11 18:24:00,0,0.0600094519209337,0,0,FALSE
2019-05-11 18:25:00,1,0.0600094519209337,16.0225236628893,0,FALSE
2019-05-11 18:26:00,0,0.0600094519209337,0,0,FALSE
2019-05-11 18:27:00,0,0.0600094519209337,0,0,FALSE
2019-05-11 18:28:00,0,0.0600094519209337,0,0,FALSE
2019-05-11 18:29:00,1,0.0599403961649829,105.794799231195,0,FALSE
2019-05-11 18:30:00,0,0.0599403961649829,0,0,FALSE
2019-05-11 18:31:00,1,0.0600094519209338,46.6273441425655,0,FALSE
2019-05-11 18:32:00,1,0.0600094519209337,23.2236578934014,0,FALSE
2019-05-11 18:33:00,6,0.0603432214080268,482.858009886224,6,FALSE
2019-05-11 18:34:00,1,0.0602856749447355,6.99313829358932,0,FALSE
2019-05-11 18:35:00,0,0.0602856749447355,0,0,FALSE
2019-05-11 18:36:00,0,0.0602856749447355,0,0,FALSE
2019-05-11 18:37:00,2,0.0600785076768842,24.6321881475225,0,FALSE
2019-05-11 18:38:00,0,0.0600785076768842,0,0,FALSE
2019-05-11 18:39:00,0,0.0600785076768842,0,0,FALSE
2019-05-11 18:40:00,0,0.0600785076768842,0,0,FALSE
2019-05-11 18:41:00,0,0.0600785076768842,0,0,FALSE
2019-05-11 18:42:00,0,0.0600785076768842,0,0,FALSE
2019-05-11 18:43:00,6,0.0600209612135922,227.4173848935,4,FALSE
2019-05-11 18:44:00,0,0.0600209612135922,0,0,FALSE
2019-05-11 18:45:00,0,0.0600209612135922,0,0,FALSE
2019-05-11 18:46:00,1,0.0599403961649833,23.1969333158485,0,FALSE
2019-05-11 18:47:00,0,0.0599403961649833,0,0,FALSE
2019-05-11 18:48:00,0,0.0599403961649833,0,0,FALSE
2019-05-11 18:49:00,2,0.0595260616292807,58.3950664583243,0,FALSE
2019-05-11 18:50:00,1,0.0596641731411815,63.4826802222172,0,FALSE
2019-05-11 18:51:00,0,0.0596641731411815,0,0,FALSE
2019-05-11 18:52:00,0,0.0596641731411815,0,0,FALSE
2019-05-11 18:53:00,0,0.0596641731411815,0,0,FALSE
2019-05-11 18:54:00,0,0.0596641731411815,0,0,FALSE
2019-05-11 18:55:00,1,0.059733228897132,39.6031307587985,0,FALSE
2019-05-11 18:56:00,0,0.059733228897132,0,0,FALSE
2019-05-11 18:57:00,0,0.059733228897132,0,0,FALSE
2019-05-11 18:58:00,0,0.059733228897132,0,0,FALSE
2019-05-11 18:59:00,0,0.059733228897132,0,0,FALSE
2019-05-11 19:00:00,0,0.059733228897132,0,0,FALSE
2019-05-11 19:01:00,0,0.059733228897132,0,0,FALSE
2019-05-11 19:02:00,1,0.0599403961649833,21.7583638078889,0,FALSE
2019-05-11 19:03:00,0,0.0599403961649833,0,0,FALSE
2019-05-11 19:04:00,1,0.0599403961649833,207.333830334677,0,FALSE
2019-05-11 19:05:00,0,0.0599403961649833,0,0,FALSE
2019-05-11 19:06:00,0,0.0599403961649833,0,0,FALSE
2019-05-11 19:07:00,0,0.0599403961649833,0,0,FALSE
2019-05-11 19:08:00,0,0.0599403961649833,0,0,FALSE
2019-05-11 19:09:00,0,0.0599403961649833,0,0,FALSE
2019-05-11 19:10:00,5,0.0594155724197599,409.052944320291,2,FALSE
2019-05-11 19:11:00,0,0.0594155724197599,0,0,FALSE
2019-05-11 19:12:00,3,0.0591577642642115,111.983368912206,0,FALSE
2019-05-11 19:13:00,0,0.0591577642642115,0,0,FALSE
2019-05-11 19:14:00,0,0.0591577642642115,0,0,FALSE
2019-05-11 19:15:00,1,0.0590426713376276,149.259873141522,0,FALSE
2019-05-11 19:16:00,1,0.059111727093578,7.38896588669725,0,FALSE
2019-05-11 19:17:00,1,0.0591117270935717,6.44317825319931,0,FALSE
2019-05-11 19:18:00,0,0.0591117270935717,0,0,FALSE
2019-05-11 19:19:00,0,0.0591117270935717,0,0,FALSE
2019-05-11 19:20:00,0,0.0591117270935717,0,0,FALSE
2019-05-11 19:21:00,3,0.0591807828495282,311.526674139333,3,FALSE
2019-05-11 19:22:00,2,0.0592498386054781,103.509468043771,0,FALSE
2019-05-11 19:23:00,0,0.0592498386054781,0,0,FALSE
2019-05-11 19:24:00,0,0.0592498386054781,0,0,FALSE
2019-05-11 19:25:00,0,0.0592498386054781,0,0,FALSE
2019-05-11 19:26:00,0,0.0592498386054781,0,0,FALSE
2019-05-11 19:27:00,0,0.0592498386054781,0,0,FALSE
2019-05-11 19:28:00,1,0.0620330804394032,39.9493038029757,0,FALSE
2019-05-11 19:29:00,0,0.0620330804394032,0,0,FALSE
2019-05-11 19:30:00,1,0.0620330804394043,72.268538711906,0,FALSE
2019-05-11 19:31:00,0,0.0620330804394043,0,0,FALSE
2019-05-11 19:32:00,0,0.0620330804394043,0,0,FALSE
2019-05-11 19:33:00,1,0.0619607808118526,8.42666619041195,0,FALSE
2019-05-11 19:34:00,0,0.0619607808118526,0,0,FALSE
2019-05-11 19:35:00,1,0.0620330804394043,8.43649893975899,0,FALSE
2019-05-11 19:36:00,0,0.0620330804394043,0,0,FALSE
2019-05-11 19:37:00,2,0.0619607808118517,45.6569256004213,0,FALSE
2019-05-11 19:38:00,0,0.0619607808118517,0,0,FALSE
2019-05-11 19:39:00,1,0.0618884811843008,9.59271458356663,0,FALSE
2019-05-11 19:40:00,0,0.0618884811843008,0,0,FALSE
2019-05-11 19:41:00,0,0.0618884811843008,0,0,FALSE
2019-05-11 19:42:00,0,0.0618884811843008,0,0,FALSE
2019-05-11 19:43:00,2,0.0619607808118504,42.1333309520583,0,FALSE
2019-05-11 19:44:00,1,0.0620330804394043,58.6212610152371,0,FALSE
2019-05-11 19:45:00,0,0.0620330804394043,0,0,FALSE
2019-05-11 19:46:00,1,0.0619607808118513,33.5827432000234,0,FALSE
2019-05-11 19:47:00,3,0.0619607808118517,331.490177343409,0,FALSE
2019-05-11 19:48:00,0,0.0619607808118517,0,0,FALSE
2019-05-11 19:49:00,0,0.0619607808118517,0,0,FALSE
2019-05-11 19:50:00,1,0.0620330804394043,63.2737420481924,0,FALSE
2019-05-11 19:51:00,0,0.0620330804394043,0,0,FALSE
2019-05-11 19:52:00,0,0.0620330804394043,0,0,FALSE
2019-05-11 19:53:00,0,0.0620330804394043,0,0,FALSE
2019-05-11 19:54:00,0,0.0620330804394043,0,0,FALSE
2019-05-11 19:55:00,0,0.0620330804394043,0,0,FALSE
2019-05-11 19:56:00,0,0.0620330804394043,0,0,FALSE
2019-05-11 19:57:00,0,0.0620330804394043,0,0,FALSE
2019-05-11 19:58:00,4,0.0619969306256282,405.871094273495,4,FALSE
2019-05-11 19:59:00,9,0.0620491470233038,1005.23319918684,2,FALSE
2019-05-11 20:00:00,0,0.0620491470233038,0,0,FALSE
2019-05-11 20:01:00,2,0.0620330804394043,74.1915642055276,0,FALSE
2019-05-11 20:02:00,0,0.0620330804394043,0,0,FALSE
2019-05-11 20:03:00,1,0.0621053800669561,18.0726655994842,0,FALSE
2019-05-11 20:04:00,13,0.0622221717730012,1754.1565549422,0,FALSE
2019-05-11 20:05:00,3,0.0622499793220596,336.585638194376,0,FALSE
2019-05-11 20:06:00,0,0.0622499793220596,0,0,FALSE
2019-05-11 20:07:00,0,0.0622499793220596,0,0,FALSE
2019-05-11 20:08:00,0,0.0622499793220596,0,0,FALSE
2019-05-11 20:09:00,2,0.0622138295082837,122.774889530734,0,FALSE
2019-05-11 20:10:00,1,0.0621776796945078,37.3066078167047,0,FALSE
2019-05-11 20:11:00,1,0.0621776796945078,10.8189162668444,0,FALSE
2019-05-11 20:12:00,0,0.0621776796945078,0,0,FALSE
2019-05-11 20:13:00,1,0.0622499793220596,43.5749855254417,0,FALSE
2019-05-11 20:14:00,1,0.0622499793220596,42.9524857322211,0,FALSE
2019-05-11 20:15:00,1,0.0623222789496113,14.4587687163098,0,FALSE
2019-05-11 20:16:00,1,0.0623222789496113,2479.42954573134,0,FALSE
2019-05-11 20:17:00,0,0.0623222789496113,0,0,FALSE
2019-05-11 20:18:00,1,0.0623945785771631,67.8229069133763,0,FALSE
2019-05-11 20:19:00,1,0.0624668782047149,650.65500338031,0,FALSE
2019-05-11 20:20:00,0,0.0624668782047149,0,0,FALSE
2019-05-11 20:21:00,2,0.0625030280184907,50.0282333818286,2,FALSE
2019-05-11 20:22:00,0,0.0625030280184907,0,0,FALSE
2019-05-11 20:23:00,1,0.0624668782047149,56.2201903842434,0,FALSE
2019-05-11 20:24:00,2,0.0625030280184907,93.7364671208481,0,FALSE
2019-05-11 20:25:00,1,0.0625391778322666,68.7930956154933,0,FALSE
2019-05-11 20:26:00,2,0.0625391778322666,175.109697930346,0,FALSE
2019-05-11 20:27:00,0,0.0625391778322666,0,0,FALSE
2019-05-11 20:28:00,1,0.0625391778322666,125.078355664533,0,FALSE
2019-05-11 20:29:00,2,0.0624668782047149,132.61718242861,0,FALSE
2019-05-11 20:30:00,0,0.0624668782047149,0,0,FALSE
2019-05-11 20:31:00,1,0.0624668782047149,58.1566636085895,0,FALSE
2019-05-11 20:32:00,2,0.0624668782047149,749.602538456578,0,FALSE
2019-05-11 20:33:00,0,0.0624668782047149,0,0,FALSE
2019-05-11 20:34:00,0,0.0624668782047149,0,0,FALSE
2019-05-11 20:35:00,0,0.0624668782047149,0,0,FALSE
2019-05-11 20:36:00,1,0.0624668782047149,249.867512818859,0,FALSE
2019-05-11 20:37:00,4,0.0624488032978269,630.532932538244,0,FALSE
2019-05-11 20:38:00,0,0.0624488032978269,0,0,FALSE
2019-05-11 20:39:00,1,0.0624668782047149,156.167195511787,0,FALSE
2019-05-11 20:40:00,1,0.0624668782047149,177.968136005233,0,FALSE
2019-05-11 20:41:00,3,0.0626355773356689,183.214992276291,3,FALSE
2019-05-11 20:42:00,0,0.0626355773356689,0,0,FALSE
2019-05-11 20:43:00,0,0.0626355773356689,0,0,FALSE
2019-05-11 20:44:00,0,0.0626355773356689,0,0,FALSE
2019-05-11 20:45:00,0,0.0626355773356689,0,0,FALSE
2019-05-11 20:46:00,1,0.0626837770873701,156.709442718425,0,FALSE
2019-05-11 20:47:00,1,0.0626837770873701,252.991724324626,0,FALSE
2019-05-11 20:48:00,1,0.0626837770873701,188.05133126211,0,FALSE
2019-05-11 20:49:00,0,0.0626837770873701,0,0,FALSE
2019-05-11 20:50:00,1,0.0623222789496113,43.3763061489295,0,FALSE
2019-05-11 20:51:00,0,0.0623222789496113,0,0,FALSE
2019-05-11 20:52:00,0,0.0623222789496113,0,0,FALSE
2019-05-11 20:53:00,0,0.0623222789496113,0,0,FALSE
2019-05-11 20:54:00,0,0.0623222789496113,0,0,FALSE
2019-05-11 20:55:00,2,0.0622499793220596,98.8529671634306,2,FALSE
2019-05-11 20:56:00,0,0.0622499793220596,0,0,FALSE
2019-05-11 20:57:00,1,0.0622499793220596,17.1187443135664,0,FALSE
2019-05-11 20:58:00,1,0.0622499793220596,42.5789858562888,0,FALSE
2019-05-11 20:59:00,0,0.0622499793220596,0,0,FALSE
2019-05-11 21:00:00,0,0.0622499793220596,0,0,FALSE
2019-05-11 21:01:00,10,0.0627777666031874,1139.59229654206,9,FALSE
2019-05-11 21:02:00,1,0.0626114774598184,10.0178363935709,0,FALSE
2019-05-11 21:03:00,0,0.0626114774598184,0,0,FALSE
2019-05-11 21:04:00,0,0.0626114774598184,0,0,FALSE
2019-05-11 21:05:00,0,0.0626114774598184,0,0,FALSE
2019-05-11 21:06:00,0,0.0626114774598184,0,0,FALSE
2019-05-11 21:07:00,0,0.0626114774598184,0,0,FALSE
2019-05-11 21:08:00,0,0.0626114774598184,0,0,FALSE
2019-05-11 21:09:00,0,0.0626114774598184,0,0,FALSE
2019-05-11 21:10:00,0,0.0626114774598184,0,0,FALSE
2019-05-11 21:11:00,0,0.0626114774598184,0,0,FALSE
2019-05-11 21:12:00,0,0.0626114774598184,0,0,FALSE
2019-05-11 21:13:00,0,0.0626114774598184,0,0,FALSE
2019-05-11 21:14:00,0,0.0626114774598184,0,0,FALSE
2019-05-11 21:15:00,0,0.0626114774598184,0,0,FALSE
2019-05-11 21:16:00,0,0.0626114774598184,0,0,FALSE
2019-05-11 21:17:00,0,0.0626114774598184,0,0,FALSE
2019-05-11 21:18:00,0,0.0626114774598184,0,0,FALSE
2019-05-11 21:19:00,0,0.0626114774598184,0,0,FALSE
2019-05-11 21:20:00,0,0.0626114774598184,0,0,FALSE
2019-05-11 21:21:00,0,0.0626114774598184,0,0,FALSE
2019-05-11 21:22:00,0,0.0626114774598184,0,0,FALSE
2019-05-11 21:23:00,0,0.0626114774598184,0,0,FALSE
2019-05-11 21:24:00,0,0.0626114774598184,0,0,FALSE
2019-05-11 21:25:00,0,0.0626114774598184,0,0,FALSE
2019-05-11 21:26:00,0,0.0626114774598184,0,0,FALSE
2019-05-11 21:27:00,0,0.0626114774598184,0,0,FALSE
2019-05-11 21:28:00,0,0.0626114774598184,0,0,FALSE
2019-05-11 21:29:00,0,0.0626114774598184,0,0,FALSE
2019-05-11 21:30:00,5,0.0622499793220596,138.008204157006,0,FALSE
2019-05-11 21:31:00,9,0.0623624454093623,1930.7582279867,5,FALSE
2019-05-11 21:32:00,0,0.0623624454093623,0,0,FALSE
2019-05-11 21:33:00,0,0.0623624454093623,0,0,FALSE
2019-05-11 21:34:00,0,0.0623624454093623,0,0,FALSE
2019-05-11 21:35:00,0,0.0623624454093623,0,0,FALSE
2019-05-11 21:36:00,1,0.0621776796945078,22.5704977291063,0,FALSE
2019-05-11 21:37:00,0,0.0621776796945078,0,0,FALSE
2019-05-11 21:38:00,0,0.0621776796945078,0,0,FALSE
2019-05-11 21:39:00,1,0.0621776796945078,93.2665195417618,0,FALSE
2019-05-11 21:40:00,3,0.0622017795703584,128.491548781624,0,FALSE
2019-05-11 21:41:00,0,0.0622017795703584,0,0,FALSE
2019-05-11 21:42:00,0,0.0622017795703584,0,0,FALSE
2019-05-11 21:43:00,0,0.0622017795703584,0,0,FALSE
2019-05-11 21:44:00,0,0.0622017795703584,0,0,FALSE
2019-05-11 21:45:00,2,0.062141529880732,865.506288283677,0,FALSE
2019-05-11 21:46:00,0,0.062141529880732,0,0,FALSE
2019-05-11 21:47:00,5,0.0624379583536942,1068.22656327939,5,FALSE
2019-05-11 21:48:00,0,0.0624379583536942,0,0,FALSE
2019-05-11 21:49:00,0,0.0624379583536942,0,0,FALSE
2019-05-11 21:50:00,9,0.0623142456576612,2943.34654058402,5,FALSE
2019-05-11 21:51:00,0,0.0623142456576612,0,0,FALSE
2019-05-11 21:52:00,0,0.0623142456576612,0,0,FALSE
2019-05-11 21:53:00,1,0.0622499793220596,19.2352436105164,0,FALSE
2019-05-11 21:54:00,0,0.0622499793220596,0,0,FALSE
2019-05-11 21:55:00,0,0.0622499793220596,0,0,FALSE
2019-05-11 21:56:00,0,0.0622499793220596,0,0,FALSE
2019-05-11 21:57:00,0,0.0622499793220596,0,0,FALSE
2019-05-11 21:58:00,2,0.0616715823016449,150.046959739903,0,FALSE
2019-05-11 21:59:00,0,0.0616715823016449,0,0,FALSE
2019-05-11 22:00:00,0,0.0616715823016449,0,0,FALSE
2019-05-11 22:01:00,2,0.0614546834189877,19.4760736698906,0,FALSE
2019-05-11 22:02:00,0,0.0614546834189877,0,0,FALSE
2019-05-11 22:03:00,0,0.0614546834189877,0,0,FALSE
2019-05-11 22:04:00,3,0.0615992826740938,107.613946831642,3,FALSE
2019-05-11 22:05:00,1,0.0615992826740938,30.7996413370469,0,FALSE
2019-05-11 22:06:00,3,0.0608039867710245,416.203289447663,0,FALSE
2019-05-11 22:07:00,4,0.0608039867710245,604.938864384923,0,FALSE
2019-05-11 22:08:00,0,0.0608039867710245,0,0,FALSE
2019-05-11 22:09:00,3,0.0608039867710245,303.411893987412,0,FALSE
2019-05-11 22:10:00,0,0.0608039867710245,0,0,FALSE
2019-05-11 22:11:00,1,0.0608039867710245,240.418963692631,0,FALSE
2019-05-11 22:12:00,1,0.0608039867710245,152.009966927561,0,FALSE
2019-05-11 22:13:00,1,0.0608762863985763,609.006369131357,0,FALSE
2019-05-11 22:14:00,1,0.0610931852812315,131.716907466335,0,FALSE
2019-05-11 22:15:00,0,0.0610931852812315,0,0,FALSE
2019-05-11 22:16:00,1,0.0610931852812315,183.279555843695,0,FALSE
2019-05-11 22:17:00,0,0.0610931852812315,0,0,FALSE
2019-05-11 22:18:00,1,0.061237784536335,577.349832608567,0,FALSE
2019-05-11 22:19:00,1,0.061237784536335,149.114005345976,0,FALSE
2019-05-11 22:20:00,0,0.061237784536335,0,0,FALSE
2019-05-11 22:21:00,0,0.061237784536335,0,0,FALSE
2019-05-11 22:22:00,0,0.061237784536335,0,0,FALSE
2019-05-11 22:23:00,0,0.061237784536335,0,0,FALSE
2019-05-11 22:24:00,0,0.061237784536335,0,0,FALSE
2019-05-11 22:25:00,1,0.0610931852812315,781.381839746951,0,FALSE
2019-05-11 22:26:00,2,0.0609847358399039,202.924087645781,2,FALSE
2019-05-11 22:27:00,0,0.0609847358399039,0,0,FALSE
2019-05-11 22:28:00,0,0.0609847358399039,0,0,FALSE
2019-05-11 22:29:00,0,0.0609847358399039,0,0,FALSE
2019-05-11 22:30:00,0,0.0609847358399039,0,0,FALSE
2019-05-11 22:31:00,0,0.0609847358399039,0,0,FALSE
2019-05-11 22:32:00,0,0.0609847358399039,0,0,FALSE
2019-05-11 22:33:00,3,0.0606111877642199,232.488489846107,0,FALSE
2019-05-11 22:34:00,5,0.0603123493036726,98.139659038005,2,FALSE
2019-05-11 22:35:00,0,0.0603123493036726,0,0,FALSE
2019-05-11 22:36:00,3,0.0599363912404035,174.787964587741,3,FALSE
2019-05-11 22:37:00,2,0.0594664436613163,103.024004976518,0,FALSE
2019-05-11 22:38:00,5,0.0598207118363207,289.780811407315,4,FALSE
2019-05-11 22:39:00,0,0.0598207118363207,0,0,FALSE
2019-05-11 22:40:00,1,0.0597917919853,19.6714995631637,0,FALSE
2019-05-11 22:41:00,1,0.0598640916128517,27.6572103251375,0,FALSE
2019-05-11 22:42:00,1,0.060080990495507,8.95206758383054,0,FALSE
2019-05-11 22:43:00,0,0.060080990495507,0,0,FALSE
2019-05-11 22:44:00,2,0.0597917919853,305.775224212824,0,FALSE
2019-05-11 22:45:00,0,0.0597917919853,0,0,FALSE
2019-05-11 22:46:00,7,0.0596368642119747,619.122966816163,2,FALSE
2019-05-11 22:47:00,0,0.0596368642119747,0,0,FALSE
2019-05-11 22:48:00,1,0.060080990495507,35.8082703353222,0,FALSE
2019-05-11 22:49:00,2,0.060080990495507,50.9486799401899,0,FALSE
2019-05-11 22:50:00,2,0.0600086908679552,55.5080390528586,0,FALSE
2019-05-11 22:51:00,2,0.0600448406817311,72.6874427539409,0,FALSE
2019-05-11 22:52:00,1,0.0600086908679552,64.6293600647878,0,FALSE
2019-05-11 22:53:00,1,0.0600086908679552,49.8672221112708,0,FALSE
2019-05-11 22:54:00,0,0.0600086908679552,0,0,FALSE
2019-05-11 22:55:00,0,0.0600086908679552,0,0,FALSE
2019-05-11 22:56:00,0,0.0600086908679552,0,0,FALSE
2019-05-11 22:57:00,0,0.0600086908679552,0,0,FALSE
2019-05-11 22:58:00,3,0.0597917919853,87.7743506344204,0,FALSE
2019-05-11 22:59:00,0,0.0597917919853,0,0,FALSE
2019-05-11 23:00:00,0,0.0597917919853,0,0,FALSE
2019-05-11 23:01:00,0,0.0597917919853,0,0,FALSE
2019-05-11 23:02:00,2,0.0598279417990759,25.1174690084995,2,FALSE
2019-05-11 23:03:00,3,0.0597676921094494,395.052973302556,0,FALSE
2019-05-11 23:04:00,5,0.0598062519108103,136.916407481347,0,FALSE
2019-05-11 23:05:00,2,0.0599725410541794,317.56035270227,0,FALSE
2019-05-11 23:06:00,1,0.060080990495507,7.93069074540692,0,FALSE
2019-05-11 23:07:00,3,0.0602014898747599,38.6763965603002,0,FALSE
2019-05-11 23:08:00,1,0.0602978893781622,8.92408762796801,0,FALSE
2019-05-11 23:09:00,0,0.0602978893781622,0,0,FALSE
2019-05-11 23:10:00,1,0.0602255897506105,36.9785121068749,0,FALSE
2019-05-11 23:11:00,0,0.0602255897506105,0,0,FALSE
2019-05-11 23:12:00,0,0.0602255897506105,0,0,FALSE
2019-05-11 23:13:00,0,0.0602255897506105,0,0,FALSE
2019-05-11 23:14:00,1,0.0595748931026447,15.7873466722009,0,FALSE
2019-05-11 23:15:00,0,0.0595748931026447,0,0,FALSE
2019-05-11 23:16:00,1,0.0590687957097808,25.2223757680764,0,FALSE
2019-05-11 23:17:00,0,0.0590687957097808,0,0,FALSE
2019-05-11 23:18:00,0,0.0590687957097808,0,0,FALSE
2019-05-11 23:19:00,0,0.0590687957097808,0,0,FALSE
2019-05-11 23:20:00,0,0.0590687957097808,0,0,FALSE
2019-05-11 23:21:00,7,0.0590997812644471,623.550162209666,4,FALSE
2019-05-11 23:22:00,4,0.0595568181957568,522.21384743909,2,FALSE
2019-05-11 23:23:00,2,0.0595748931026447,343.397058405654,0,FALSE
2019-05-11 23:24:00,0,0.0595748931026447,0,0,FALSE
2019-05-11 23:25:00,0,0.0595748931026447,0,0,FALSE
2019-05-11 23:26:00,4,0.0595748931026447,528.90590096528,0,FALSE
2019-05-11 23:27:00,2,0.0595748931026447,23.0554836307235,0,FALSE
2019-05-11 23:28:00,0,0.0595748931026447,0,0,FALSE
2019-05-11 23:29:00,0,0.0595748931026447,0,0,FALSE
2019-05-11 23:30:00,0,0.0595748931026447,0,0,FALSE
2019-05-11 23:31:00,0,0.0595748931026447,0,0,FALSE
2019-05-11 23:32:00,0,0.0595748931026447,0,0,FALSE
2019-05-11 23:33:00,1,0.0589964960822307,68.8489109279632,0,FALSE
2019-05-11 23:34:00,0,0.0589964960822307,0,0,FALSE
2019-05-11 23:35:00,1,0.0590687957097824,48.7908252562803,0,FALSE
2019-05-11 23:36:00,0,0.0590687957097824,0,0,FALSE
2019-05-11 23:37:00,0,0.0590687957097824,0,0,FALSE
2019-05-11 23:38:00,1,0.0590687957097824,21.9735920040391,0,FALSE
2019-05-11 23:39:00,0,0.0590687957097824,0,0,FALSE
2019-05-11 23:40:00,0,0.0590687957097824,0,0,FALSE
2019-05-11 23:41:00,0,0.0590687957097824,0,0,FALSE
2019-05-11 23:42:00,1,0.0592856945924377,63.6135502976857,0,FALSE
2019-05-11 23:43:00,1,0.0592133949648818,10.1847039339597,0,FALSE
2019-05-11 23:44:00,0,0.0592133949648818,0,0,FALSE
2019-05-11 23:45:00,0,0.0592133949648818,0,0,FALSE
2019-05-11 23:46:00,0,0.0592133949648818,0,0,FALSE
2019-05-11 23:47:00,2,0.0591049455235579,106.805926194123,0,FALSE
2019-05-11 23:48:00,0,0.0591049455235579,0,0,FALSE
2019-05-11 23:49:00,2,0.0591772451511099,206.401265933255,0,FALSE
2019-05-11 23:50:00,5,0.0592856945924372,658.894775033498,0,FALSE
2019-05-11 23:51:00,2,0.0593941440337621,29.3464188232552,0,FALSE
2019-05-11 23:52:00,1,0.0594302938475408,101.74466306699,0,FALSE
2019-05-11 23:53:00,3,0.0595748931026447,775.962982661947,2,FALSE
2019-05-11 23:54:00,0,0.0595748931026447,0,0,FALSE
2019-05-11 23:55:00,1,0.0594302938475412,82.6675387419298,0,FALSE
2019-05-11 23:56:00,1,0.059430293847541,181.856699173475,0,FALSE
2019-05-11 23:57:00,1,0.0594302938475412,761.242633893155,0,FALSE
2019-05-11 23:58:00,1,0.0594302938475357,7.72593820017964,0,FALSE
2019-05-11 23:59:00,0,0.0594302938475357,0,0,FALSE
2019-05-12,3,0.0592374948407345,45.8150448858762,0,FALSE
2019-05-12 00:01:00,0,0.0592374948407345,0,0,FALSE
2019-05-12 00:02:00,0,0.0592374948407345,0,0,FALSE
2019-05-12 00:03:00,1,0.0586024658497487,35.688901702497,0,FALSE
2019-05-12 00:04:00,3,0.0585308246934522,57.1260849008096,0,FALSE
2019-05-12 00:05:00,0,0.0585308246934522,0,0,FALSE
2019-05-12 00:06:00,0,0.0585308246934522,0,0,FALSE
2019-05-12 00:07:00,0,0.0585308246934522,0,0,FALSE
2019-05-12 00:08:00,1,0.0587457481623393,96.2842812380742,0,FALSE
2019-05-12 00:09:00,2,0.0588173893186353,198.707923006052,0,FALSE
2019-05-12 00:10:00,0,0.0588173893186353,0,0,FALSE
2019-05-12 00:11:00,0,0.0588173893186353,0,0,FALSE
2019-05-12 00:12:00,1,0.0588173893186353,60.8171805554689,0,FALSE
2019-05-12 00:13:00,0,0.0588173893186353,0,0,FALSE
2019-05-12 00:14:00,0,0.0588173893186353,0,0,FALSE
2019-05-12 00:15:00,0,0.0588173893186353,0,0,FALSE
2019-05-12 00:16:00,0,0.0588173893186353,0,0,FALSE
2019-05-12 00:17:00,0,0.0588173893186353,0,0,FALSE
2019-05-12 00:18:00,0,0.0588173893186353,0,0,FALSE
2019-05-12 00:19:00,0,0.0588173893186353,0,0,FALSE
2019-05-12 00:20:00,1,0.0587457481623352,9.16433671332429,0,FALSE
2019-05-12 00:21:00,0,0.0587457481623352,0,0,FALSE
2019-05-12 00:22:00,1,0.0587457481623379,22.3821300498507,0,FALSE
2019-05-12 00:23:00,0,0.0587457481623379,0,0,FALSE
2019-05-12 00:24:00,0,0.0587457481623379,0,0,FALSE
2019-05-12 00:25:00,0,0.0587457481623379,0,0,FALSE
2019-05-12 00:26:00,0,0.0587457481623379,0,0,FALSE
2019-05-12 00:27:00,0,0.0587457481623379,0,0,FALSE
2019-05-12 00:28:00,0,0.0587457481623379,0,0,FALSE
2019-05-12 00:29:00,0,0.0587457481623379,0,0,FALSE
2019-05-12 00:30:00,3,0.0583875423808621,255.387110373891,0,FALSE
2019-05-12 00:31:00,0,0.0583875423808621,0,0,FALSE
2019-05-12 00:32:00,2,0.0583875423808621,124.540627898379,0,FALSE
2019-05-12 00:33:00,0,0.0583875423808621,0,0,FALSE
2019-05-12 00:34:00,0,0.0583875423808621,0,0,FALSE
2019-05-12 00:35:00,0,0.0583875423808621,0,0,FALSE
2019-05-12 00:36:00,0,0.0583875423808621,0,0,FALSE
2019-05-12 00:37:00,0,0.0583875423808621,0,0,FALSE
2019-05-12 00:38:00,0,0.0583875423808621,0,0,FALSE
2019-05-12 00:39:00,0,0.0583875423808621,0,0,FALSE
2019-05-12 00:40:00,0,0.0583875423808621,0,0,FALSE
2019-05-12 00:41:00,1,0.0583159012245665,14.5789753061416,0,FALSE
2019-05-12 00:42:00,1,0.0581726189119755,25.0723987510614,0,FALSE
2019-05-12 00:43:00,1,0.0581726189119755,332.921898033236,0,FALSE
2019-05-12 00:44:00,0,0.0581726189119755,0,0,FALSE
2019-05-12 00:45:00,0,0.0581726189119755,0,0,FALSE
2019-05-12 00:46:00,0,0.0581726189119755,0,0,FALSE
2019-05-12 00:47:00,1,0.0581726189119755,12.0417321147789,0,FALSE
2019-05-12 00:48:00,1,0.0581726189119755,32.0531130204985,0,FALSE
2019-05-12 00:49:00,0,0.0581726189119755,0,0,FALSE
2019-05-12 00:50:00,0,0.0581726189119755,0,0,FALSE
2019-05-12 00:51:00,4,0.0581726189119755,528.323724958561,2,FALSE
2019-05-12 00:52:00,0,0.0581726189119755,0,0,FALSE
2019-05-12 00:53:00,0,0.0581726189119755,0,0,FALSE
2019-05-12 00:54:00,0,0.0581726189119755,0,0,FALSE
2019-05-12 00:55:00,3,0.0580532169848162,1669.7084061832,0,FALSE
2019-05-12 00:56:00,2,0.0579576954430889,103.106740193255,0,FALSE
2019-05-12 00:57:00,0,0.0579576954430889,0,0,FALSE
2019-05-12 00:58:00,1,0.0579576954430889,295.931992932412,0,FALSE
2019-05-12 00:59:00,0,0.0579576954430889,0,0,FALSE
2019-05-12 01:00:00,0,0.0579576954430889,0,0,FALSE
2019-05-12 01:01:00,2,0.0581367983338277,106.957165779515,0,FALSE
2019-05-12 01:02:00,12,0.0584950041153048,9978.79672099222,4,FALSE
2019-05-12 01:03:00,3,0.0588890304749298,247.187565112397,2,FALSE
2019-05-12 01:04:00,12,0.0597487243504766,4136.95517891661,10,FALSE
2019-05-12 01:05:00,1,0.0595338008815907,14.8834502203977,0,FALSE
2019-05-12 01:06:00,1,0.0593188774127041,90.2240125447229,0,FALSE
2019-05-12 01:07:00,1,0.0593188774127041,85.0039513324049,0,FALSE
2019-05-12 01:08:00,1,0.0593905185689996,64.8544462773476,0,FALSE
2019-05-12 01:09:00,0,0.0593905185689996,0,0,FALSE
2019-05-12 01:10:00,0,0.0593905185689996,0,0,FALSE
2019-05-12 01:11:00,0,0.0593905185689996,0,0,FALSE
2019-05-12 01:12:00,0,0.0593905185689996,0,0,FALSE
2019-05-12 01:13:00,0,0.0593905185689996,0,0,FALSE
2019-05-12 01:14:00,0,0.0593905185689996,0,0,FALSE
2019-05-12 01:15:00,0,0.0593905185689996,0,0,FALSE
2019-05-12 01:16:00,0,0.0593905185689996,0,0,FALSE
2019-05-12 01:17:00,2,0.0593546979908518,16.3214315095617,0,FALSE
2019-05-12 01:18:00,0,0.0593546979908518,0,0,FALSE
2019-05-12 01:19:00,4,0.0586203761388218,77.8748682282791,0,FALSE
2019-05-12 01:20:00,1,0.0586024658497487,68.9751023051542,0,FALSE
2019-05-12 01:21:00,3,0.0587696285477716,491.602402552689,0,FALSE
2019-05-12 01:22:00,0,0.0587696285477716,0,0,FALSE
2019-05-12 01:23:00,0,0.0587696285477716,0,0,FALSE
2019-05-12 01:24:00,0,0.0587696285477716,0,0,FALSE
2019-05-12 01:25:00,0,0.0587696285477716,0,0,FALSE
2019-05-12 01:26:00,0,0.0587696285477716,0,0,FALSE
2019-05-12 01:27:00,13,0.0590323127875219,276.09412690724,0,FALSE
2019-05-12 01:28:00,0,0.0590323127875219,0,0,FALSE
2019-05-12 01:29:00,0,0.0590323127875219,0,0,FALSE
2019-05-12 01:30:00,0,0.0590323127875219,0,0,FALSE
2019-05-12 01:31:00,3,0.0588173893186344,165.394498764,0,FALSE
2019-05-12 01:32:00,1,0.0589606716312264,204.121845187306,0,FALSE
2019-05-12 01:33:00,0,0.0589606716312264,0,0,FALSE
2019-05-12 01:34:00,1,0.0588890304749308,3150.3275742869,0,FALSE
2019-05-12 01:35:00,0,0.0588890304749308,0,0,FALSE
2019-05-12 01:36:00,0,0.0588890304749308,0,0,FALSE
2019-05-12 01:37:00,0,0.0588890304749308,0,0,FALSE
2019-05-12 01:38:00,0,0.0588890304749308,0,0,FALSE
2019-05-12 01:39:00,3,0.0589606716312264,272.162460249741,0,FALSE
2019-05-12 01:40:00,1,0.059175595100113,14.3204940142273,0,FALSE
2019-05-12 01:41:00,1,0.0591039539438174,12.7664540518646,0,FALSE
2019-05-12 01:42:00,20,0.0602179739242127,1954.87466763561,17,FALSE
2019-05-12 01:43:00,1,0.0596054420378862,7.27186392862212,0,FALSE
2019-05-12 01:44:00,0,0.0596054420378862,0,0,FALSE
2019-05-12 01:45:00,2,0.0596412626160339,865.605130634692,0,FALSE
2019-05-12 01:46:00,3,0.0593905185689996,160.777441164224,0,FALSE
2019-05-12 01:47:00,4,0.0589427613421507,104.758856898585,0,FALSE
2019-05-12 01:48:00,3,0.058960671631226,645.374556530866,0,FALSE
2019-05-12 01:49:00,1,0.0590323127875219,67.41490120335,0,FALSE
2019-05-12 01:50:00,4,0.0589248510530755,132.588007343899,2,FALSE
2019-05-12 01:51:00,0,0.0589248510530755,0,0,FALSE
2019-05-12 01:52:00,1,0.0589606716312264,21.6975271602913,0,FALSE
2019-05-12 01:53:00,0,0.0589606716312264,0,0,FALSE
2019-05-12 01:54:00,0,0.0589606716312264,0,0,FALSE
2019-05-12 01:55:00,1,0.0589606716312264,19.3980609666735,0,FALSE
2019-05-12 01:56:00,0,0.0589606716312264,0,0,FALSE
2019-05-12 01:57:00,1,0.0589606716312264,9.31578611773377,0,FALSE
2019-05-12 01:58:00,0,0.0589606716312264,0,0,FALSE
2019-05-12 01:59:00,0,0.0589606716312264,0,0,FALSE
2019-05-12 02:00:00,0,0.0589606716312264,0,0,FALSE
2019-05-12 02:01:00,0,0.0589606716312264,0,0,FALSE
2019-05-12 02:02:00,0,0.0589606716312264,0,0,FALSE
2019-05-12 02:03:00,0,0.0589606716312264,0,0,FALSE
2019-05-12 02:04:00,0,0.0589606716312264,0,0,FALSE
2019-05-12 02:05:00,0,0.0589606716312264,0,0,FALSE
2019-05-12 02:06:00,1,0.0586741070060442,28.2222454699073,0,FALSE
2019-05-12 02:07:00,0,0.0586741070060442,0,0,FALSE
2019-05-12 02:08:00,0,0.0586741070060442,0,0,FALSE
2019-05-12 02:09:00,0,0.0586741070060442,0,0,FALSE
2019-05-12 02:10:00,1,0.0583159012245665,118.847806695667,0,FALSE
2019-05-12 02:11:00,1,0.0583159012245665,13.587604985324,0,FALSE
2019-05-12 02:12:00,0,0.0583159012245665,0,0,FALSE
2019-05-12 02:13:00,1,0.0583159012245665,81.7588935168423,0,FALSE
2019-05-12 02:14:00,1,0.0583159012245665,291.579506122833,0,FALSE
2019-05-12 02:15:00,0,0.0583159012245665,0,0,FALSE
2019-05-12 02:16:00,0,0.0583159012245665,0,0,FALSE
2019-05-12 02:17:00,3,0.0583159012245665,279.566430470572,0,FALSE
2019-05-12 02:18:00,2,0.0583159012245665,84.9079521829689,0,FALSE
2019-05-12 02:19:00,2,0.0583159012245665,350.53688226087,0,FALSE
2019-05-12 02:20:00,2,0.0585666452716009,163.117957740399,0,FALSE
2019-05-12 02:21:00,0,0.0585666452716009,0,0,FALSE
2019-05-12 02:22:00,0,0.0585666452716009,0,0,FALSE
2019-05-12 02:23:00,0,0.0585666452716009,0,0,FALSE
2019-05-12 02:24:00,0,0.0585666452716009,0,0,FALSE
2019-05-12 02:25:00,0,0.0585666452716009,0,0,FALSE
2019-05-12 02:26:00,2,0.0587457481623398,219.18038639369,0,FALSE
2019-05-12 02:27:00,1,0.0586741070060442,18.7757142419342,0,FALSE
2019-05-12 02:28:00,0,0.0586741070060442,0,0,FALSE
2019-05-12 02:29:00,0,0.0586741070060442,0,0,FALSE
2019-05-12 02:30:00,0,0.0586741070060442,0,0,FALSE
2019-05-12 02:31:00,0,0.0586741070060442,0,0,FALSE
2019-05-12 02:32:00,2,0.058244260068271,691.825321090923,0,FALSE
2019-05-12 02:33:00,0,0.058244260068271,0,0,FALSE
2019-05-12 02:34:00,0,0.058244260068271,0,0,FALSE
2019-05-12 02:35:00,0,0.058244260068271,0,0,FALSE
2019-05-12 02:36:00,0,0.058244260068271,0,0,FALSE
2019-05-12 02:37:00,0,0.058244260068271,0,0,FALSE
2019-05-12 02:38:00,0,0.058244260068271,0,0,FALSE
2019-05-12 02:39:00,0,0.058244260068271,0,0,FALSE
2019-05-12 02:40:00,0,0.058244260068271,0,0,FALSE
2019-05-12 02:41:00,0,0.058244260068271,0,0,FALSE
2019-05-12 02:42:00,0,0.058244260068271,0,0,FALSE
2019-05-12 02:43:00,0,0.058244260068271,0,0,FALSE
2019-05-12 02:44:00,0,0.058244260068271,0,0,FALSE
2019-05-12 02:45:00,0,0.058244260068271,0,0,FALSE
2019-05-12 02:46:00,0,0.058244260068271,0,0,FALSE
2019-05-12 02:47:00,0,0.058244260068271,0,0,FALSE
2019-05-12 02:48:00,0,0.058244260068271,0,0,FALSE
2019-05-12 02:49:00,2,0.0584591835371576,23.1498366807144,2,FALSE
2019-05-12 02:50:00,0,0.0584591835371576,0,0,FALSE
2019-05-12 02:51:00,0,0.0584591835371576,0,0,FALSE
2019-05-12 02:52:00,0,0.0584591835371576,0,0,FALSE
2019-05-12 02:53:00,0,0.0584591835371576,0,0,FALSE
2019-05-12 02:54:00,0,0.0584591835371576,0,0,FALSE
2019-05-12 02:55:00,0,0.0584591835371576,0,0,FALSE
2019-05-12 02:56:00,0,0.0584591835371576,0,0,FALSE
2019-05-12 02:57:00,0,0.0584591835371576,0,0,FALSE
2019-05-12 02:58:00,0,0.0584591835371576,0,0,FALSE
2019-05-12 02:59:00,0,0.0584591835371576,0,0,FALSE
2019-05-12 03:00:00,0,0.0584591835371576,0,0,FALSE
2019-05-12 03:01:00,0,0.0584591835371576,0,0,FALSE
2019-05-12 03:02:00,0,0.0584591835371576,0,0,FALSE
2019-05-12 03:03:00,0,0.0584591835371576,0,0,FALSE
2019-05-12 03:04:00,0,0.0584591835371576,0,0,FALSE
2019-05-12 03:05:00,0,0.0584591835371576,0,0,FALSE
2019-05-12 03:06:00,1,0.0584591835371576,50.0995202913441,0,FALSE
2019-05-12 03:07:00,0,0.0584591835371576,0,0,FALSE
2019-05-12 03:08:00,0,0.0584591835371576,0,0,FALSE
2019-05-12 03:09:00,1,0.0581726189119755,16.2301606764412,0,FALSE
2019-05-12 03:10:00,2,0.0581726189119755,1369.20893133117,0,FALSE
2019-05-12 03:11:00,0,0.0581726189119755,0,0,FALSE
2019-05-12 03:12:00,1,0.0581726189119755,243.568755384441,0,FALSE
2019-05-12 03:13:00,0,0.0581726189119755,0,0,FALSE
2019-05-12 03:14:00,0,0.0581726189119755,0,0,FALSE
2019-05-12 03:15:00,1,0.0581009777556799,64.085378464515,0,FALSE
2019-05-12 03:16:00,1,0.0583159012245665,13.1210777755275,0,FALSE
2019-05-12 03:17:00,0,0.0583159012245665,0,0,FALSE
2019-05-12 03:18:00,0,0.0583159012245665,0,0,FALSE
2019-05-12 03:19:00,0,0.0583159012245665,0,0,FALSE
2019-05-12 03:20:00,0,0.0583159012245665,0,0,FALSE
2019-05-12 03:21:00,0,0.0583159012245665,0,0,FALSE
2019-05-12 03:22:00,0,0.0583159012245665,0,0,FALSE
2019-05-12 03:23:00,0,0.0583159012245665,0,0,FALSE
2019-05-12 03:24:00,0,0.0583159012245665,0,0,FALSE
2019-05-12 03:25:00,0,0.0583159012245665,0,0,FALSE
2019-05-12 03:26:00,0,0.0583159012245665,0,0,FALSE
2019-05-12 03:27:00,0,0.0583159012245665,0,0,FALSE
2019-05-12 03:28:00,0,0.0583159012245665,0,0,FALSE
2019-05-12 03:29:00,0,0.0583159012245665,0,0,FALSE
2019-05-12 03:30:00,0,0.0583159012245665,0,0,FALSE
2019-05-12 03:31:00,0,0.0583159012245665,0,0,FALSE
2019-05-12 03:32:00,0,0.0583159012245665,0,0,FALSE
2019-05-12 03:33:00,0,0.0583159012245665,0,0,FALSE
2019-05-12 03:34:00,0,0.0583159012245665,0,0,FALSE
2019-05-12 03:35:00,0,0.0583159012245665,0,0,FALSE
2019-05-12 03:36:00,1,0.0581009777556799,7.26262221945999,0,FALSE
2019-05-12 03:37:00,0,0.0581009777556799,0,0,FALSE
2019-05-12 03:38:00,0,0.0581009777556799,0,0,FALSE
2019-05-12 03:39:00,1,0.0581009777556799,6.79781439741455,0,FALSE
2019-05-12 03:40:00,0,0.0581009777556799,0,0,FALSE
2019-05-12 03:41:00,1,0.058244260068271,13.3961798157023,0,FALSE
2019-05-12 03:42:00,0,0.058244260068271,0,0,FALSE
2019-05-12 03:43:00,0,0.058244260068271,0,0,FALSE
2019-05-12 03:44:00,0,0.058244260068271,0,0,FALSE
2019-05-12 03:45:00,0,0.058244260068271,0,0,FALSE
2019-05-12 03:46:00,0,0.058244260068271,0,0,FALSE
2019-05-12 03:47:00,2,0.0581726189119755,52.239011782954,2,FALSE
2019-05-12 03:48:00,0,0.0581726189119755,0,0,FALSE
2019-05-12 03:49:00,0,0.0581726189119755,0,0,FALSE
2019-05-12 03:50:00,1,0.0581726189119755,22.9781844702303,0,FALSE
2019-05-12 03:51:00,0,0.0581726189119755,0,0,FALSE
2019-05-12 03:52:00,0,0.0581726189119755,0,0,FALSE
2019-05-12 03:53:00,0,0.0581726189119755,0,0,FALSE
2019-05-12 03:54:00,1,0.058244260068271,76.299980689435,0,FALSE
2019-05-12 03:55:00,0,0.058244260068271,0,0,FALSE
2019-05-12 03:56:00,0,0.058244260068271,0,0,FALSE
2019-05-12 03:57:00,0,0.058244260068271,0,0,FALSE
2019-05-12 03:58:00,0,0.058244260068271,0,0,FALSE
2019-05-12 03:59:00,0,0.058244260068271,0,0,FALSE
2019-05-12 04:00:00,0,0.058244260068271,0,0,FALSE
2019-05-12 04:01:00,0,0.058244260068271,0,0,FALSE
2019-05-12 04:02:00,0,0.058244260068271,0,0,FALSE
2019-05-12 04:03:00,0,0.058244260068271,0,0,FALSE
2019-05-12 04:04:00,0,0.058244260068271,0,0,FALSE
2019-05-12 04:05:00,0,0.058244260068271,0,0,FALSE
2019-05-12 04:06:00,0,0.058244260068271,0,0,FALSE
2019-05-12 04:07:00,3,0.0581964992974073,2576.18015980934,2,FALSE
2019-05-12 04:08:00,0,0.0581964992974073,0,0,FALSE
2019-05-12 04:09:00,1,0.0581726189119755,7.21340474508496,0,FALSE
2019-05-12 04:10:00,0,0.0581726189119755,0,0,FALSE
2019-05-12 04:11:00,0,0.0581726189119755,0,0,FALSE
2019-05-12 04:12:00,0,0.0581726189119755,0,0,FALSE
2019-05-12 04:13:00,0,0.0581726189119755,0,0,FALSE
2019-05-12 04:14:00,0,0.0581726189119755,0,0,FALSE
2019-05-12 04:15:00,0,0.0581726189119755,0,0,FALSE
2019-05-12 04:16:00,0,0.0581726189119755,0,0,FALSE
2019-05-12 04:17:00,0,0.0581726189119755,0,0,FALSE
2019-05-12 04:18:00,0,0.0581726189119755,0,0,FALSE
2019-05-12 04:19:00,0,0.0581726189119755,0,0,FALSE
2019-05-12 04:20:00,0,0.0581726189119755,0,0,FALSE
2019-05-12 04:21:00,0,0.0581726189119755,0,0,FALSE
2019-05-12 04:22:00,0,0.0581726189119755,0,0,FALSE
2019-05-12 04:23:00,0,0.0581726189119755,0,0,FALSE
2019-05-12 04:24:00,0,0.0581726189119755,0,0,FALSE
2019-05-12 04:25:00,0,0.0581726189119755,0,0,FALSE
2019-05-12 04:26:00,0,0.0581726189119755,0,0,FALSE
2019-05-12 04:27:00,0,0.0581726189119755,0,0,FALSE
2019-05-12 04:28:00,0,0.0581726189119755,0,0,FALSE
2019-05-12 04:29:00,0,0.0581726189119755,0,0,FALSE
2019-05-12 04:30:00,0,0.0581726189119755,0,0,FALSE
2019-05-12 04:31:00,0,0.0581726189119755,0,0,FALSE
2019-05-12 04:32:00,0,0.0581726189119755,0,0,FALSE
2019-05-12 04:33:00,0,0.0581726189119755,0,0,FALSE
2019-05-12 04:34:00,2,0.0581726189119755,365.556737242854,2,FALSE
2019-05-12 04:35:00,0,0.0581726189119755,0,0,FALSE
2019-05-12 04:36:00,0,0.0581726189119755,0,0,FALSE
2019-05-12 04:37:00,0,0.0581726189119755,0,0,FALSE
2019-05-12 04:38:00,0,0.0581726189119755,0,0,FALSE
2019-05-12 04:39:00,0,0.0581726189119755,0,0,FALSE
2019-05-12 04:40:00,0,0.0581726189119755,0,0,FALSE
2019-05-12 04:41:00,0,0.0581726189119755,0,0,FALSE
2019-05-12 04:42:00,0,0.0581726189119755,0,0,FALSE
2019-05-12 04:43:00,0,0.0581726189119755,0,0,FALSE
2019-05-12 04:44:00,0,0.0581726189119755,0,0,FALSE
2019-05-12 04:45:00,0,0.0581726189119755,0,0,FALSE
2019-05-12 04:46:00,0,0.0581726189119755,0,0,FALSE
2019-05-12 04:47:00,0,0.0581726189119755,0,0,FALSE
2019-05-12 04:48:00,0,0.0581726189119755,0,0,FALSE
2019-05-12 04:49:00,0,0.0581726189119755,0,0,FALSE
2019-05-12 04:50:00,1,0.0600352419629943,40.4637530830581,0,FALSE
2019-05-12 04:51:00,0,0.0600352419629943,0,0,FALSE
2019-05-12 04:52:00,0,0.0600352419629943,0,0,FALSE
2019-05-12 04:53:00,0,0.0600352419629943,0,0,FALSE
2019-05-12 04:54:00,1,0.0601831120170903,14.8050455562042,0,FALSE
2019-05-12 04:55:00,0,0.0601831120170903,0,0,FALSE
2019-05-12 04:56:00,0,0.0601831120170903,0,0,FALSE
2019-05-12 04:57:00,1,0.0601091769900423,21.278648654475,0,FALSE
2019-05-12 04:58:00,0,0.0601091769900423,0,0,FALSE
2019-05-12 04:59:00,0,0.0601091769900423,0,0,FALSE
2019-05-12 05:00:00,0,0.0601091769900423,0,0,FALSE
2019-05-12 05:01:00,1,0.0601091769900423,200.704541969751,0,FALSE
2019-05-12 05:02:00,0,0.0601091769900423,0,0,FALSE
2019-05-12 05:03:00,0,0.0601091769900423,0,0,FALSE
2019-05-12 05:04:00,6,0.0602077570261063,3825.17301943727,0,FALSE
2019-05-12 05:05:00,0,0.0602077570261063,0,0,FALSE
2019-05-12 05:06:00,0,0.0602077570261063,0,0,FALSE
2019-05-12 05:07:00,1,0.0603309820711864,9.10997829274914,0,FALSE
2019-05-12 05:08:00,0,0.0603309820711864,0,0,FALSE
2019-05-12 05:09:00,0,0.0603309820711864,0,0,FALSE
2019-05-12 05:10:00,1,0.0603309820711864,295.863136077098,0,FALSE
2019-05-12 05:11:00,1,0.0603309820711864,72.8194953599219,0,FALSE
2019-05-12 05:12:00,0,0.0603309820711864,0,0,FALSE
2019-05-12 05:13:00,0,0.0603309820711864,0,0,FALSE
2019-05-12 05:14:00,1,0.0603309820711864,100.511416130596,0,FALSE
2019-05-12 05:15:00,0,0.0603309820711864,0,0,FALSE
2019-05-12 05:16:00,0,0.0603309820711864,0,0,FALSE
2019-05-12 05:17:00,2,0.0603309820711864,317.582289622725,0,FALSE
2019-05-12 05:18:00,2,0.0603309820711859,124.583477976999,0,FALSE
2019-05-12 05:19:00,0,0.0603309820711859,0,0,FALSE
2019-05-12 05:20:00,0,0.0603309820711859,0,0,FALSE
2019-05-12 05:21:00,1,0.0603309820711864,114.568534953183,0,FALSE
2019-05-12 05:22:00,0,0.0603309820711864,0,0,FALSE
2019-05-12 05:23:00,0,0.0603309820711864,0,0,FALSE
2019-05-12 05:24:00,0,0.0603309820711864,0,0,FALSE
2019-05-12 05:25:00,0,0.0603309820711864,0,0,FALSE
2019-05-12 05:26:00,0,0.0603309820711864,0,0,FALSE
2019-05-12 05:27:00,3,0.0604542071162644,256.920300435444,2,FALSE
2019-05-12 05:28:00,0,0.0604542071162644,0,0,FALSE
2019-05-12 05:29:00,0,0.0604542071162644,0,0,FALSE
2019-05-12 05:30:00,0,0.0604542071162644,0,0,FALSE
2019-05-12 05:31:00,0,0.0604542071162644,0,0,FALSE
2019-05-12 05:32:00,0,0.0604542071162644,0,0,FALSE
2019-05-12 05:33:00,0,0.0604542071162644,0,0,FALSE
2019-05-12 05:34:00,0,0.0604542071162644,0,0,FALSE
2019-05-12 05:35:00,0,0.0604542071162644,0,0,FALSE
2019-05-12 05:36:00,0,0.0604542071162644,0,0,FALSE
2019-05-12 05:37:00,0,0.0604542071162644,0,0,FALSE
2019-05-12 05:38:00,0,0.0604542071162644,0,0,FALSE
2019-05-12 05:39:00,0,0.0604542071162644,0,0,FALSE
2019-05-12 05:40:00,0,0.0604542071162644,0,0,FALSE
2019-05-12 05:41:00,0,0.0604542071162644,0,0,FALSE
2019-05-12 05:42:00,0,0.0604542071162644,0,0,FALSE
2019-05-12 05:43:00,0,0.0604542071162644,0,0,FALSE
2019-05-12 05:44:00,0,0.0604542071162644,0,0,FALSE
2019-05-12 05:45:00,0,0.0604542071162644,0,0,FALSE
2019-05-12 05:46:00,0,0.0604542071162644,0,0,FALSE
2019-05-12 05:47:00,0,0.0604542071162644,0,0,FALSE
2019-05-12 05:48:00,5,0.0594881227628374,140.546272121747,2,FALSE
2019-05-12 05:49:00,0,0.0594881227628374,0,0,FALSE
2019-05-12 05:50:00,0,0.0594881227628374,0,0,FALSE
2019-05-12 05:51:00,0,0.0594881227628374,0,0,FALSE
2019-05-12 05:52:00,1,0.0594437617466101,32.8724002458754,0,FALSE
2019-05-12 05:53:00,0,0.0594437617466101,0,0,FALSE
2019-05-12 05:54:00,0,0.0594437617466101,0,0,FALSE
2019-05-12 05:55:00,0,0.0594437617466101,0,0,FALSE
2019-05-12 05:56:00,4,0.059295891692514,101.040199444044,0,FALSE
2019-05-12 05:57:00,10,0.0589705775735024,650.425064568269,0,FALSE
2019-05-12 05:58:00,1,0.0592958916925008,3.32056993478005,0,FALSE
2019-05-12 05:59:00,0,0.0592958916925008,0,0,FALSE
2019-05-12 06:00:00,0,0.0592958916925008,0,0,FALSE
2019-05-12 06:01:00,0,0.0592958916925008,0,0,FALSE
2019-05-12 06:02:00,0,0.0592958916925008,0,0,FALSE
2019-05-12 06:03:00,0,0.0592958916925008,0,0,FALSE
2019-05-12 06:04:00,0,0.0592958916925008,0,0,FALSE
2019-05-12 06:05:00,0,0.0592958916925008,0,0,FALSE
2019-05-12 06:06:00,0,0.0592958916925008,0,0,FALSE
2019-05-12 06:07:00,0,0.0592958916925008,0,0,FALSE
2019-05-12 06:08:00,0,0.0592958916925008,0,0,FALSE
2019-05-12 06:09:00,0,0.0592958916925008,0,0,FALSE
2019-05-12 06:10:00,1,0.059148021638418,53.5881076044067,0,FALSE
2019-05-12 06:11:00,1,0.0589262165572739,11.1370549293248,0,FALSE
2019-05-12 06:12:00,0,0.0589262165572739,0,0,FALSE
2019-05-12 06:13:00,1,0.0589262165572739,15.0261852221049,0,FALSE
2019-05-12 06:14:00,0,0.0589262165572739,0,0,FALSE
2019-05-12 06:15:00,0,0.0589262165572739,0,0,FALSE
2019-05-12 06:16:00,1,0.05907408661137,16.0681515582926,0,FALSE
2019-05-12 06:17:00,0,0.05907408661137,0,0,FALSE
2019-05-12 06:18:00,1,0.05907408661137,36.9213041321062,0,FALSE
2019-05-12 06:19:00,0,0.05907408661137,0,0,FALSE
2019-05-12 06:20:00,1,0.059148021638418,206.958927712825,0,FALSE
2019-05-12 06:21:00,2,0.059148021638418,91.7977295828247,0,FALSE
2019-05-12 06:22:00,2,0.0591480216384179,186.257120139378,0,FALSE
2019-05-12 06:23:00,0,0.0591480216384179,0,0,FALSE
2019-05-12 06:24:00,0,0.0591480216384179,0,0,FALSE
2019-05-12 06:25:00,0,0.0591480216384179,0,0,FALSE
2019-05-12 06:26:00,0,0.0591480216384179,0,0,FALSE
2019-05-12 06:27:00,1,0.0587044114761299,52.892674739993,0,FALSE
2019-05-12 06:28:00,1,0.0587783465031779,39.6753838896451,0,FALSE
2019-05-12 06:29:00,1,0.0585565414220338,37.9446388414779,0,FALSE
2019-05-12 06:30:00,0,0.0585565414220338,0,0,FALSE
2019-05-12 06:31:00,1,0.0584826063949858,10.0590082999376,0,FALSE
2019-05-12 06:32:00,2,0.0583717038544138,48.8549350428464,0,FALSE
2019-05-12 06:33:00,1,0.0584826063949858,50.5289719252677,0,FALSE
2019-05-12 06:34:00,0,0.0584826063949858,0,0,FALSE
2019-05-12 06:35:00,3,0.0581622212777773,82.8431627169298,0,FALSE
2019-05-12 06:36:00,0,0.0581622212777773,0,0,FALSE
2019-05-12 06:37:00,0,0.0581622212777773,0,0,FALSE
2019-05-12 06:38:00,0,0.0581622212777773,0,0,FALSE
2019-05-12 06:39:00,0,0.0581622212777773,0,0,FALSE
2019-05-12 06:40:00,2,0.0581129312597457,85.0773313642677,0,FALSE
2019-05-12 06:41:00,1,0.0580389962326958,22.8673645156821,0,FALSE
2019-05-12 06:42:00,1,0.0580389962326958,22.9834425081475,0,FALSE
2019-05-12 06:43:00,1,0.0580389962326976,887.358213401714,0,FALSE
2019-05-12 06:44:00,0,0.0580389962326976,0,0,FALSE
2019-05-12 06:45:00,0,0.0580389962326976,0,0,FALSE
2019-05-12 06:46:00,0,0.0580389962326976,0,0,FALSE
2019-05-12 06:47:00,1,0.0579650612056445,8.40493387481846,0,FALSE
2019-05-12 06:48:00,0,0.0579650612056445,0,0,FALSE
2019-05-12 06:49:00,4,0.0580389962326972,412.633160395661,2,FALSE
2019-05-12 06:50:00,1,0.0581868662867933,116.140985108439,0,FALSE
2019-05-12 06:51:00,0,0.0581868662867933,0,0,FALSE
2019-05-12 06:52:00,1,0.0581868662867937,102.35069779847,0,FALSE
2019-05-12 06:53:00,0,0.0581868662867937,0,0,FALSE
2019-05-12 06:54:00,0,0.0581868662867937,0,0,FALSE
2019-05-12 06:55:00,0,0.0581868662867937,0,0,FALSE
2019-05-12 06:56:00,0,0.0581868662867937,0,0,FALSE
2019-05-12 06:57:00,3,0.0579897062146652,190.039192512991,0,FALSE
2019-05-12 06:58:00,1,0.0578171911515536,329.153269225795,0,FALSE
2019-05-12 06:59:00,1,0.0582608013138417,8.97216340233163,0,FALSE
2019-05-12 07:00:00,4,0.0577247723677432,124.026747223327,2,FALSE
2019-05-12 07:01:00,0,0.0577247723677432,0,0,FALSE
2019-05-12 07:02:00,0,0.0577247723677432,0,0,FALSE
2019-05-12 07:03:00,2,0.0578171911515512,97.4219670903671,0,FALSE
2019-05-12 07:04:00,1,0.0578171911515536,59.7829756507064,0,FALSE
2019-05-12 07:05:00,1,0.0578911261786016,14.1254347875788,0,FALSE
2019-05-12 07:06:00,0,0.0578911261786016,0,0,FALSE
2019-05-12 07:07:00,0,0.0578911261786016,0,0,FALSE
2019-05-12 07:08:00,2,0.0578171911515536,90.9095481028968,0,FALSE
2019-05-12 07:09:00,0,0.0578171911515536,0,0,FALSE
2019-05-12 07:10:00,4,0.0578356749083156,3389.99233745293,0,FALSE
2019-05-12 07:11:00,5,0.0575362380487711,215.693094263089,0,FALSE
2019-05-12 07:12:00,2,0.0577432561245028,100.755845330016,0,FALSE
2019-05-12 07:13:00,1,0.0576693210974576,108.995016874195,0,FALSE
2019-05-12 07:14:00,6,0.0577555786290136,698.185391535671,0,FALSE
2019-05-12 07:15:00,0,0.0577555786290136,0,0,FALSE
2019-05-12 07:16:00,0,0.0577555786290136,0,0,FALSE
2019-05-12 07:17:00,0,0.0577555786290136,0,0,FALSE
2019-05-12 07:18:00,1,0.0577432561245056,25.8689787437785,0,FALSE
2019-05-12 07:19:00,0,0.0577432561245056,0,0,FALSE
2019-05-12 07:20:00,0,0.0577432561245056,0,0,FALSE
2019-05-12 07:21:00,0,0.0577432561245056,0,0,FALSE
2019-05-12 07:22:00,0,0.0577432561245056,0,0,FALSE
2019-05-12 07:23:00,0,0.0577432561245056,0,0,FALSE
2019-05-12 07:24:00,0,0.0577432561245056,0,0,FALSE
2019-05-12 07:25:00,2,0.0574105485027895,101.240859107452,0,FALSE
2019-05-12 07:26:00,0,0.0574105485027895,0,0,FALSE
2019-05-12 07:27:00,2,0.0574844835298375,88.880623090645,0,FALSE
2019-05-12 07:28:00,2,0.0574475160163135,16.487437096682,0,FALSE
2019-05-12 07:29:00,4,0.0573735809892655,534.551280647581,0,FALSE
2019-05-12 07:30:00,0,0.0573735809892655,0,0,FALSE
2019-05-12 07:31:00,0,0.0573735809892655,0,0,FALSE
2019-05-12 07:32:00,2,0.0575953860704095,147.87493380783,0,FALSE
2019-05-12 07:33:00,0,0.0575953860704095,0,0,FALSE
2019-05-12 07:34:00,1,0.0576693210974576,127.737546230868,0,FALSE
2019-05-12 07:35:00,0,0.0576693210974576,0,0,FALSE
2019-05-12 07:36:00,0,0.0576693210974576,0,0,FALSE
2019-05-12 07:37:00,0,0.0576693210974576,0,0,FALSE
2019-05-12 07:38:00,0,0.0576693210974576,0,0,FALSE
2019-05-12 07:39:00,0,0.0576693210974576,0,0,FALSE
2019-05-12 07:40:00,5,0.0574031550000847,204.574523090526,0,FALSE
2019-05-12 07:41:00,1,0.0575214510433615,7.477788635637,0,FALSE
2019-05-12 07:42:00,0,0.0575214510433615,0,0,FALSE
2019-05-12 07:43:00,0,0.0575214510433615,0,0,FALSE
2019-05-12 07:44:00,1,0.0572996459622174,21.6592661737182,0,FALSE
2019-05-12 07:45:00,0,0.0572996459622174,0,0,FALSE
2019-05-12 07:46:00,12,0.0567389720071021,1211.80426126044,0,FALSE
2019-05-12 07:47:00,4,0.0571887434216454,229.888693391336,0,FALSE
2019-05-12 07:48:00,1,0.0571517759081214,62.638346395301,0,FALSE
2019-05-12 07:49:00,6,0.0575584185568855,875.603948866593,6,FALSE
2019-05-12 07:50:00,1,0.0575953860704095,39.1648625278785,0,FALSE
2019-05-12 07:51:00,0,0.0575953860704095,0,0,FALSE
2019-05-12 07:52:00,0,0.0575953860704095,0,0,FALSE
2019-05-12 07:53:00,0,0.0575953860704095,0,0,FALSE
2019-05-12 07:54:00,0,0.0575953860704095,0,0,FALSE
2019-05-12 07:55:00,0,0.0575953860704095,0,0,FALSE
2019-05-12 07:56:00,0,0.0575953860704095,0,0,FALSE
2019-05-12 07:57:00,0,0.0575953860704095,0,0,FALSE
2019-05-12 07:58:00,0,0.0575953860704095,0,0,FALSE
2019-05-12 07:59:00,0,0.0575953860704095,0,0,FALSE
2019-05-12 08:00:00,0,0.0575953860704095,0,0,FALSE
2019-05-12 08:01:00,0,0.0575953860704095,0,0,FALSE
2019-05-12 08:02:00,0,0.0575953860704095,0,0,FALSE
2019-05-12 08:03:00,1,0.0570778408810734,62.9568584918239,0,FALSE
2019-05-12 08:04:00,0,0.0570778408810734,0,0,FALSE
2019-05-12 08:05:00,0,0.0570778408810734,0,0,FALSE
2019-05-12 08:06:00,0,0.0570778408810734,0,0,FALSE
2019-05-12 08:07:00,5,0.0566933787404221,89.3595741958599,0,FALSE
2019-05-12 08:08:00,2,0.0567081657458333,213.336119535825,0,FALSE
2019-05-12 08:09:00,6,0.0565356506827204,336.254137093539,0,FALSE
2019-05-12 08:10:00,0,0.0565356506827204,0,0,FALSE
2019-05-12 08:11:00,0,0.0565356506827204,0,0,FALSE
2019-05-12 08:12:00,0,0.0565356506827204,0,0,FALSE
2019-05-12 08:13:00,4,0.0570223896107874,485.996965424712,0,FALSE
2019-05-12 08:14:00,4,0.0571332921513594,641.459037773183,0,FALSE
2019-05-12 08:15:00,0,0.0571332921513594,0,0,FALSE
2019-05-12 08:16:00,1,0.0571517759081214,9.14428414529942,0,FALSE
2019-05-12 08:17:00,1,0.0571517759081214,47.3216704519245,0,FALSE
2019-05-12 08:18:00,1,0.0571517759081214,73.897246249201,0,FALSE
2019-05-12 08:19:00,1,0.0571517759081214,21.4890677414536,0,FALSE
2019-05-12 08:20:00,1,0.0570778408810734,8.10505340511242,0,FALSE
2019-05-12 08:21:00,0,0.0570778408810734,0,0,FALSE
2019-05-12 08:22:00,1,0.0570039058540253,70.8558549765535,0,FALSE
2019-05-12 08:23:00,0,0.0570039058540253,0,0,FALSE
2019-05-12 08:24:00,0,0.0570039058540253,0,0,FALSE
2019-05-12 08:25:00,0,0.0570039058540253,0,0,FALSE
2019-05-12 08:26:00,0,0.0570039058540253,0,0,FALSE
2019-05-12 08:27:00,1,0.0570039058540254,22.0605115655078,0,FALSE
2019-05-12 08:28:00,0,0.0570039058540254,0,0,FALSE
2019-05-12 08:29:00,0,0.0570039058540254,0,0,FALSE
2019-05-12 08:30:00,0,0.0570039058540254,0,0,FALSE
2019-05-12 08:31:00,0,0.0570039058540254,0,0,FALSE
2019-05-12 08:32:00,1,0.0570039058540254,134.472213909646,0,FALSE
2019-05-12 08:33:00,0,0.0570039058540254,0,0,FALSE
2019-05-12 08:34:00,0,0.0570039058540254,0,0,FALSE
2019-05-12 08:35:00,0,0.0570039058540254,0,0,FALSE
2019-05-12 08:36:00,0,0.0570039058540254,0,0,FALSE
2019-05-12 08:37:00,0,0.0570039058540254,0,0,FALSE
2019-05-12 08:38:00,0,0.0570039058540254,0,0,FALSE
2019-05-12 08:39:00,1,0.0570778408810734,36.9864408909355,0,FALSE
2019-05-12 08:40:00,0,0.0570778408810734,0,0,FALSE
2019-05-12 08:41:00,1,0.0571517759081214,9.60149835256439,0,FALSE
2019-05-12 08:42:00,1,0.0571517759081214,31.8335391808236,0,FALSE
2019-05-12 08:43:00,1,0.0571517759081214,193.230154345358,0,FALSE
2019-05-12 08:44:00,0,0.0571517759081214,0,0,FALSE
2019-05-12 08:45:00,0,0.0571517759081214,0,0,FALSE
2019-05-12 08:46:00,5,0.0572996459622174,419.357920780816,4,FALSE
2019-05-12 08:47:00,10,0.0572552849459886,1708.72276101063,7,FALSE
2019-05-12 08:48:00,7,0.0573735809892655,1070.36174874082,2,FALSE
2019-05-12 08:49:00,9,0.0575214510433615,1104.09978028337,4,FALSE
2019-05-12 08:50:00,5,0.0574770900271327,693.731175831162,0,FALSE
2019-05-12 08:51:00,8,0.0574382741379325,2011.09491506396,2,FALSE
2019-05-12 08:52:00,1,0.0576693210974576,507.893710905309,0,FALSE
2019-05-12 08:53:00,2,0.0576693210974573,236.09820057299,0,FALSE
2019-05-12 08:54:00,4,0.0576323535839335,154.326504268041,0,FALSE
2019-05-12 08:55:00,3,0.0577432561245056,928.32346777324,2,FALSE
2019-05-12 08:56:00,4,0.0577432561245056,128.250211708419,4,FALSE
2019-05-12 08:57:00,1,0.0578171911515536,95.2249138266088,0,FALSE
2019-05-12 08:58:00,8,0.0579650612056492,741.280418296338,2,FALSE
2019-05-12 08:59:00,0,0.0579650612056492,0,0,FALSE
2019-05-12 09:00:00,2,0.0579280936921256,367.191288006434,2,FALSE
2019-05-12 09:01:00,3,0.0579157711876172,320.834173917377,2,FALSE
2019-05-12 09:02:00,2,0.0579650612056493,294.230650679876,0,FALSE
2019-05-12 09:03:00,2,0.0579650612056496,84.5130592378372,0,FALSE
2019-05-12 09:04:00,1,0.0579650612056493,110.307511474351,0,FALSE
2019-05-12 09:05:00,1,0.0579650612056494,204.732596178354,0,FALSE
2019-05-12 09:06:00,1,0.0579650612056496,147.63701089079,0,FALSE
2019-05-12 09:07:00,5,0.0579798482110591,783.490738523353,0,FALSE
2019-05-12 09:08:00,2,0.0580020287191736,377.722519324127,0,FALSE
2019-05-12 09:09:00,0,0.0580020287191736,0,0,FALSE
2019-05-12 09:10:00,0,0.0580020287191736,0,0,FALSE
2019-05-12 09:11:00,0,0.0580020287191736,0,0,FALSE
2019-05-12 09:12:00,2,0.0560737691034231,298.144230322901,0,FALSE
2019-05-12 09:13:00,1,0.056073769103423,139.39938999111,0,FALSE
2019-05-12 09:14:00,0,0.056073769103423,0,0,FALSE
2019-05-12 09:15:00,0,0.056073769103423,0,0,FALSE
2019-05-12 09:16:00,0,0.056073769103423,0,0,FALSE
2019-05-12 09:17:00,1,0.0560737691034233,15.2520651961311,0,FALSE
2019-05-12 09:18:00,0,0.0560737691034233,0,0,FALSE
2019-05-12 09:19:00,0,0.0560737691034233,0,0,FALSE
2019-05-12 09:20:00,2,0.0560379620988857,67.4489383044279,0,FALSE
2019-05-12 09:21:00,2,0.0560021550943508,67.5385990437869,0,FALSE
2019-05-12 09:22:00,4,0.0559842515920832,245.602177690876,0,FALSE
2019-05-12 09:23:00,0,0.0559842515920832,0,0,FALSE
2019-05-12 09:24:00,0,0.0559842515920832,0,0,FALSE
2019-05-12 09:25:00,0,0.0559842515920832,0,0,FALSE
2019-05-12 09:26:00,0,0.0559842515920832,0,0,FALSE
2019-05-12 09:27:00,0,0.0559842515920832,0,0,FALSE
2019-05-12 09:28:00,0,0.0559842515920832,0,0,FALSE
2019-05-12 09:29:00,0,0.0559842515920832,0,0,FALSE
2019-05-12 09:30:00,4,0.055715699058063,87.6965103173911,0,FALSE
2019-05-12 09:31:00,2,0.0559305410852792,51.2323756341157,0,FALSE
2019-05-12 09:32:00,0,0.0559305410852792,0,0,FALSE
2019-05-12 09:33:00,0,0.0559305410852792,0,0,FALSE
2019-05-12 09:34:00,0,0.0559305410852792,0,0,FALSE
2019-05-12 09:35:00,0,0.0559305410852792,0,0,FALSE
2019-05-12 09:36:00,0,0.0559305410852792,0,0,FALSE
2019-05-12 09:37:00,0,0.0559305410852792,0,0,FALSE
2019-05-12 09:38:00,0,0.0559305410852792,0,0,FALSE
2019-05-12 09:39:00,0,0.0559305410852792,0,0,FALSE
2019-05-12 09:40:00,0,0.0559305410852792,0,0,FALSE
2019-05-12 09:41:00,0,0.0559305410852792,0,0,FALSE
2019-05-12 09:42:00,1,0.055715699058063,104.466935733868,0,FALSE
2019-05-12 09:43:00,0,0.055715699058063,0,0,FALSE
2019-05-12 09:44:00,1,0.055715699058063,71.4275261924368,0,FALSE
2019-05-12 09:45:00,0,0.055715699058063,0,0,FALSE
2019-05-12 09:46:00,1,0.055715699058063,35.8251944943345,0,FALSE
2019-05-12 09:47:00,0,0.055715699058063,0,0,FALSE
2019-05-12 09:48:00,4,0.0558231200716711,714.209305422012,4,FALSE
2019-05-12 09:49:00,0,0.0558231200716711,0,0,FALSE
2019-05-12 09:50:00,0,0.0558231200716711,0,0,FALSE
2019-05-12 09:51:00,0,0.0558231200716711,0,0,FALSE
2019-05-12 09:52:00,0,0.0558231200716711,0,0,FALSE
2019-05-12 09:53:00,5,0.055959186688908,1928.74974199796,2,FALSE
2019-05-12 09:54:00,1,0.0562169971215671,128.174753437173,0,FALSE
2019-05-12 09:55:00,0,0.0562169971215671,0,0,FALSE
2019-05-12 09:56:00,1,0.0563602251397112,125.119699810159,0,FALSE
2019-05-12 09:57:00,0,0.0563602251397112,0,0,FALSE
2019-05-12 09:58:00,2,0.0561095761079588,53.2043389879233,2,FALSE
2019-05-12 09:59:00,0,0.0561095761079588,0,0,FALSE
2019-05-12 10:00:00,0,0.0561095761079588,0,0,FALSE
2019-05-12 10:01:00,2,0.0563602251397112,75.0154596609553,0,FALSE
2019-05-12 10:02:00,0,0.0563602251397112,0,0,FALSE
2019-05-12 10:03:00,1,0.0559305410852792,422.667098981455,0,FALSE
2019-05-12 10:04:00,0,0.0559305410852792,0,0,FALSE
2019-05-12 10:05:00,0,0.0559305410852792,0,0,FALSE
2019-05-12 10:06:00,1,0.0560021550943512,9.68837283132276,0,FALSE
2019-05-12 10:07:00,2,0.0558947340807431,145.911609906078,2,FALSE
2019-05-12 10:08:00,0,0.0558947340807431,0,0,FALSE
2019-05-12 10:09:00,0,0.0558947340807431,0,0,FALSE
2019-05-12 10:10:00,0,0.0558947340807431,0,0,FALSE
2019-05-12 10:11:00,0,0.0558947340807431,0,0,FALSE
2019-05-12 10:12:00,0,0.0558947340807431,0,0,FALSE
2019-05-12 10:13:00,0,0.0558947340807431,0,0,FALSE
2019-05-12 10:14:00,1,0.0560737691034233,32.9153024637095,0,FALSE
2019-05-12 10:15:00,1,0.0561453831124953,62.3775206379823,0,FALSE
2019-05-12 10:16:00,1,0.0562169971215656,22.7116668371125,0,FALSE
2019-05-12 10:17:00,0,0.0562169971215656,0,0,FALSE
2019-05-12 10:18:00,0,0.0562169971215656,0,0,FALSE
2019-05-12 10:19:00,0,0.0562169971215656,0,0,FALSE
2019-05-12 10:20:00,0,0.0562169971215656,0,0,FALSE
2019-05-12 10:21:00,0,0.0562169971215656,0,0,FALSE
2019-05-12 10:22:00,0,0.0562169971215656,0,0,FALSE
2019-05-12 10:23:00,1,0.0560021550943512,35.4493641747243,0,FALSE
2019-05-12 10:24:00,0,0.0560021550943512,0,0,FALSE
2019-05-12 10:25:00,3,0.0560021550943512,217.144417607848,3,FALSE
2019-05-12 10:26:00,1,0.0560021550943512,32.0332327139689,0,FALSE
2019-05-12 10:27:00,0,0.0560021550943512,0,0,FALSE
2019-05-12 10:28:00,0,0.0560021550943512,0,0,FALSE
2019-05-12 10:29:00,1,0.0558589270762071,30.4989741836091,0,FALSE
2019-05-12 10:30:00,0,0.0558589270762071,0,0,FALSE
2019-05-12 10:31:00,0,0.0558589270762071,0,0,FALSE
2019-05-12 10:32:00,0,0.0558589270762071,0,0,FALSE
2019-05-12 10:33:00,0,0.0558589270762071,0,0,FALSE
2019-05-12 10:34:00,0,0.0558589270762071,0,0,FALSE
2019-05-12 10:35:00,0,0.0558589270762071,0,0,FALSE
2019-05-12 10:36:00,0,0.0558589270762071,0,0,FALSE
2019-05-12 10:37:00,0,0.0558589270762071,0,0,FALSE
2019-05-12 10:38:00,0,0.0558589270762071,0,0,FALSE
2019-05-12 10:39:00,0,0.0558589270762071,0,0,FALSE
2019-05-12 10:40:00,0,0.0558589270762071,0,0,FALSE
2019-05-12 10:41:00,0,0.0558589270762071,0,0,FALSE
2019-05-12 10:42:00,3,0.0557395703944203,173.37508108715,0,FALSE
2019-05-12 10:43:00,0,0.0557395703944203,0,0,FALSE
2019-05-12 10:44:00,0,0.0557395703944203,0,0,FALSE
2019-05-12 10:45:00,0,0.0557395703944203,0,0,FALSE
2019-05-12 10:46:00,0,0.0557395703944203,0,0,FALSE
2019-05-12 10:47:00,0,0.0557395703944203,0,0,FALSE
2019-05-12 10:48:00,0,0.0557395703944203,0,0,FALSE
2019-05-12 10:49:00,0,0.0557395703944203,0,0,FALSE
2019-05-12 10:50:00,0,0.0557395703944203,0,0,FALSE
2019-05-12 10:51:00,0,0.0557395703944203,0,0,FALSE
2019-05-12 10:52:00,0,0.0557395703944203,0,0,FALSE
2019-05-12 10:53:00,1,0.0555724710399189,60.0182687231124,0,FALSE
2019-05-12 10:54:00,0,0.0555724710399189,0,0,FALSE
2019-05-12 10:55:00,0,0.0555724710399189,0,0,FALSE
2019-05-12 10:56:00,0,0.0555724710399189,0,0,FALSE
2019-05-12 10:57:00,0,0.0555724710399189,0,0,FALSE
2019-05-12 10:58:00,0,0.0555724710399189,0,0,FALSE
2019-05-12 10:59:00,1,0.0558589270762071,71.3318498763165,0,FALSE
2019-05-12 11:00:00,0,0.0558589270762071,0,0,FALSE
2019-05-12 11:01:00,5,0.0563315795360818,597.77194484373,5,FALSE
2019-05-12 11:02:00,0,0.0563315795360818,0,0,FALSE
2019-05-12 11:03:00,1,0.056073769103423,116.96988234974,0,FALSE
2019-05-12 11:04:00,0,0.056073769103423,0,0,FALSE
2019-05-12 11:05:00,0,0.056073769103423,0,0,FALSE
2019-05-12 11:06:00,0,0.056073769103423,0,0,FALSE
2019-05-12 11:07:00,0,0.056073769103423,0,0,FALSE
2019-05-12 11:08:00,0,0.056073769103423,0,0,FALSE
2019-05-12 11:09:00,0,0.056073769103423,0,0,FALSE
2019-05-12 11:10:00,0,0.056073769103423,0,0,FALSE
2019-05-12 11:11:00,0,0.056073769103423,0,0,FALSE
2019-05-12 11:12:00,0,0.056073769103423,0,0,FALSE
2019-05-12 11:13:00,1,0.0560737691034231,253.341288809266,0,FALSE
2019-05-12 11:14:00,1,0.0561453831124953,67.3744597349944,0,FALSE
2019-05-12 11:15:00,0,0.0561453831124953,0,0,FALSE
2019-05-12 11:16:00,0,0.0561453831124953,0,0,FALSE
2019-05-12 11:17:00,0,0.0561453831124953,0,0,FALSE
2019-05-12 11:18:00,0,0.0561453831124953,0,0,FALSE
2019-05-12 11:19:00,0,0.0561453831124953,0,0,FALSE
2019-05-12 11:20:00,2,0.0561095761079579,23.9060452804163,2,FALSE
2019-05-12 11:21:00,0,0.0561095761079579,0,0,FALSE
2019-05-12 11:22:00,2,0.0561453831124954,24.9285501019479,2,FALSE
2019-05-12 11:23:00,0,0.0561453831124954,0,0,FALSE
2019-05-12 11:24:00,0,0.0561453831124954,0,0,FALSE
2019-05-12 11:25:00,0,0.0561453831124954,0,0,FALSE
2019-05-12 11:26:00,0,0.0561453831124954,0,0,FALSE
2019-05-12 11:27:00,0,0.0561453831124954,0,0,FALSE
2019-05-12 11:28:00,0,0.0561453831124954,0,0,FALSE
2019-05-12 11:29:00,0,0.0561453831124954,0,0,FALSE
2019-05-12 11:30:00,0,0.0561453831124954,0,0,FALSE
2019-05-12 11:31:00,0,0.0561453831124954,0,0,FALSE
2019-05-12 11:32:00,0,0.0561453831124954,0,0,FALSE
2019-05-12 11:33:00,1,0.0560737691034233,128.74537386146,0,FALSE
2019-05-12 11:34:00,0,0.0560737691034233,0,0,FALSE
2019-05-12 11:35:00,0,0.0560737691034233,0,0,FALSE
2019-05-12 11:36:00,0,0.0560737691034233,0,0,FALSE
2019-05-12 11:37:00,0,0.0560737691034233,0,0,FALSE
2019-05-12 11:38:00,1,0.0560737691034233,94.1478583246477,0,FALSE
2019-05-12 11:39:00,1,0.0560737691034233,46.4851545867379,0,FALSE
2019-05-12 11:40:00,0,0.0560737691034233,0,0,FALSE
2019-05-12 11:41:00,0,0.0560737691034233,0,0,FALSE
2019-05-12 11:42:00,0,0.0560737691034233,0,0,FALSE
2019-05-12 11:43:00,0,0.0560737691034233,0,0,FALSE
2019-05-12 11:44:00,1,0.0560737691034233,55.1205150286651,0,FALSE
2019-05-12 11:45:00,0,0.0560737691034233,0,0,FALSE
2019-05-12 11:46:00,0,0.0560737691034233,0,0,FALSE
2019-05-12 11:47:00,0,0.0560737691034233,0,0,FALSE
2019-05-12 11:48:00,0,0.0560737691034233,0,0,FALSE
2019-05-12 11:49:00,0,0.0560737691034233,0,0,FALSE
2019-05-12 11:50:00,0,0.0560737691034233,0,0,FALSE
2019-05-12 11:51:00,0,0.0560737691034233,0,0,FALSE
2019-05-12 11:52:00,0,0.0560737691034233,0,0,FALSE
2019-05-12 11:53:00,1,0.0560737691034233,53.2700806482521,0,FALSE
2019-05-12 11:54:00,0,0.0560737691034233,0,0,FALSE
2019-05-12 11:55:00,0,0.0560737691034233,0,0,FALSE
2019-05-12 11:56:00,0,0.0560737691034233,0,0,FALSE
2019-05-12 11:57:00,0,0.0560737691034233,0,0,FALSE
2019-05-12 11:58:00,0,0.0560737691034233,0,0,FALSE
2019-05-12 11:59:00,0,0.0560737691034233,0,0,FALSE
2019-05-12 12:00:00,0,0.0560737691034233,0,0,FALSE
2019-05-12 12:01:00,2,0.0560021550943508,133.228124373334,0,FALSE
2019-05-12 12:02:00,0,0.0560021550943508,0,0,FALSE
2019-05-12 12:03:00,1,0.0558589270762071,7.26166051990692,0,FALSE
2019-05-12 12:04:00,0,0.0558589270762071,0,0,FALSE
2019-05-12 12:05:00,0,0.0558589270762071,0,0,FALSE
2019-05-12 12:06:00,4,0.0559305410852791,577.524444444778,3,FALSE
2019-05-12 12:07:00,0,0.0559305410852791,0,0,FALSE
2019-05-12 12:08:00,0,0.0559305410852791,0,0,FALSE
2019-05-12 12:09:00,0,0.0559305410852791,0,0,FALSE
2019-05-12 12:10:00,0,0.0559305410852791,0,0,FALSE
2019-05-12 12:11:00,0,0.0559305410852791,0,0,FALSE
2019-05-12 12:12:00,1,0.0557873130671351,8.36809696007026,0,FALSE
2019-05-12 12:13:00,0,0.0557873130671351,0,0,FALSE
2019-05-12 12:14:00,0,0.0557873130671351,0,0,FALSE
2019-05-12 12:15:00,1,0.0557873130671351,93.9458352050554,0,FALSE
2019-05-12 12:16:00,1,0.055715699058063,30.1421931904121,0,FALSE
2019-05-12 12:17:00,0,0.055715699058063,0,0,FALSE
2019-05-12 12:18:00,1,0.055715699058063,105.191239821623,0,FALSE
2019-05-12 12:19:00,0,0.055715699058063,0,0,FALSE
2019-05-12 12:20:00,0,0.055715699058063,0,0,FALSE
2019-05-12 12:21:00,2,0.055715699058063,31.3679385696895,0,FALSE
2019-05-12 12:22:00,2,0.055715699058063,92.7109232326168,2,FALSE
2019-05-12 12:23:00,3,0.0557395703944203,224.859108349145,2,FALSE
2019-05-12 12:24:00,4,0.0561453831124954,409.251646661986,4,FALSE
2019-05-12 12:25:00,0,0.0561453831124954,0,0,FALSE
2019-05-12 12:26:00,1,0.0559305410852792,363.548517054315,0,FALSE
2019-05-12 12:27:00,0,0.0559305410852792,0,0,FALSE
2019-05-12 12:28:00,0,0.0559305410852792,0,0,FALSE
2019-05-12 12:29:00,0,0.0559305410852792,0,0,FALSE
2019-05-12 12:30:00,0,0.0559305410852792,0,0,FALSE
2019-05-12 12:31:00,0,0.0559305410852792,0,0,FALSE
2019-05-12 12:32:00,0,0.0559305410852792,0,0,FALSE
2019-05-12 12:33:00,0,0.0559305410852792,0,0,FALSE
2019-05-12 12:34:00,0,0.0559305410852792,0,0,FALSE
2019-05-12 12:35:00,0,0.0559305410852792,0,0,FALSE
2019-05-12 12:36:00,0,0.0559305410852792,0,0,FALSE
2019-05-12 12:37:00,0,0.0559305410852792,0,0,FALSE
2019-05-12 12:38:00,0,0.0559305410852792,0,0,FALSE
2019-05-12 12:39:00,0,0.0559305410852792,0,0,FALSE
2019-05-12 12:40:00,0,0.0559305410852792,0,0,FALSE
2019-05-12 12:41:00,0,0.0559305410852792,0,0,FALSE
2019-05-12 12:42:00,2,0.0563602251397104,27.0529080670608,0,FALSE
2019-05-12 12:43:00,0,0.0563602251397104,0,0,FALSE
2019-05-12 12:44:00,0,0.0563602251397104,0,0,FALSE
2019-05-12 12:45:00,0,0.0563602251397104,0,0,FALSE
2019-05-12 12:46:00,1,0.0562169971215674,16.7526651422271,0,FALSE
2019-05-12 12:47:00,0,0.0562169971215674,0,0,FALSE
2019-05-12 12:48:00,0,0.0562169971215674,0,0,FALSE
2019-05-12 12:49:00,0,0.0562169971215674,0,0,FALSE
2019-05-12 12:50:00,0,0.0562169971215674,0,0,FALSE
2019-05-12 12:51:00,0,0.0562169971215674,0,0,FALSE
2019-05-12 12:52:00,0,0.0562169971215674,0,0,FALSE
2019-05-12 12:53:00,0,0.0562169971215674,0,0,FALSE
2019-05-12 12:54:00,0,0.0562169971215674,0,0,FALSE
2019-05-12 12:55:00,0,0.0562169971215674,0,0,FALSE
2019-05-12 12:56:00,0,0.0562169971215674,0,0,FALSE
2019-05-12 12:57:00,0,0.0562169971215674,0,0,FALSE
2019-05-12 12:58:00,0,0.0562169971215674,0,0,FALSE
2019-05-12 12:59:00,0,0.0562169971215674,0,0,FALSE
2019-05-12 13:00:00,1,0.0562169971215674,7.19577563156063,0,FALSE
2019-05-12 13:01:00,0,0.0562169971215674,0,0,FALSE
2019-05-12 13:02:00,0,0.0562169971215674,0,0,FALSE
2019-05-12 13:03:00,0,0.0562169971215674,0,0,FALSE
2019-05-12 13:04:00,0,0.0562169971215674,0,0,FALSE
2019-05-12 13:05:00,0,0.0562169971215674,0,0,FALSE
2019-05-12 13:06:00,0,0.0562169971215674,0,0,FALSE
2019-05-12 13:07:00,0,0.0562169971215674,0,0,FALSE
2019-05-12 13:08:00,0,0.0562169971215674,0,0,FALSE
2019-05-12 13:09:00,0,0.0562169971215674,0,0,FALSE
2019-05-12 13:10:00,0,0.0562169971215674,0,0,FALSE
2019-05-12 13:11:00,0,0.0562169971215674,0,0,FALSE
2019-05-12 13:12:00,0,0.0562169971215674,0,0,FALSE
2019-05-12 13:13:00,0,0.0562169971215674,0,0,FALSE
2019-05-12 13:14:00,0,0.0562169971215674,0,0,FALSE
2019-05-12 13:15:00,0,0.0562169971215674,0,0,FALSE
2019-05-12 13:16:00,0,0.0562169971215674,0,0,FALSE
2019-05-12 13:17:00,0,0.0562169971215674,0,0,FALSE
2019-05-12 13:18:00,0,0.0562169971215674,0,0,FALSE
2019-05-12 13:19:00,0,0.0562169971215674,0,0,FALSE
2019-05-12 13:20:00,0,0.0562169971215674,0,0,FALSE
2019-05-12 13:21:00,0,0.0562169971215674,0,0,FALSE
2019-05-12 13:22:00,0,0.0562169971215674,0,0,FALSE
2019-05-12 13:23:00,1,0.0561453831124953,8.4218074668743,0,FALSE
2019-05-12 13:24:00,0,0.0561453831124953,0,0,FALSE
2019-05-12 13:25:00,1,0.0560737691034233,29.9994664703315,0,FALSE
2019-05-12 13:26:00,0,0.0560737691034233,0,0,FALSE
2019-05-12 13:27:00,0,0.0560737691034233,0,0,FALSE
2019-05-12 13:28:00,1,0.0561453831124948,77.0314656303429,0,FALSE
2019-05-12 13:29:00,0,0.0561453831124948,0,0,FALSE
2019-05-12 13:30:00,0,0.0561453831124948,0,0,FALSE
2019-05-12 13:31:00,1,0.0561453831124953,35.7646090426595,0,FALSE
2019-05-12 13:32:00,0,0.0561453831124953,0,0,FALSE
2019-05-12 13:33:00,0,0.0561453831124953,0,0,FALSE
2019-05-12 13:34:00,0,0.0561453831124953,0,0,FALSE
2019-05-12 13:35:00,0,0.0561453831124953,0,0,FALSE
2019-05-12 13:36:00,0,0.0561453831124953,0,0,FALSE
2019-05-12 13:37:00,1,0.0561453831124954,232.385740702618,0,FALSE
2019-05-12 13:38:00,0,0.0561453831124954,0,0,FALSE
2019-05-12 13:39:00,0,0.0561453831124954,0,0,FALSE
2019-05-12 13:40:00,0,0.0561453831124954,0,0,FALSE
2019-05-12 13:41:00,1,0.0561453831124949,88.5412691684045,0,FALSE
2019-05-12 13:42:00,0,0.0561453831124949,0,0,FALSE
2019-05-12 13:43:00,0,0.0561453831124949,0,0,FALSE
2019-05-12 13:44:00,0,0.0561453831124949,0,0,FALSE
2019-05-12 13:45:00,1,0.0559305410852792,20.1909253317858,0,FALSE
2019-05-12 13:46:00,0,0.0559305410852792,0,0,FALSE
2019-05-12 13:47:00,14,0.0543755769660191,1206.45085278352,7,FALSE
2019-05-12 13:48:00,0,0.0543755769660191,0,0,FALSE
2019-05-12 13:49:00,0,0.0543755769660191,0,0,FALSE
2019-05-12 13:50:00,0,0.0543755769660191,0,0,FALSE
2019-05-12 13:51:00,0,0.0543755769660191,0,0,FALSE
2019-05-12 13:52:00,0,0.0543755769660191,0,0,FALSE
2019-05-12 13:53:00,0,0.0543755769660191,0,0,FALSE
2019-05-12 13:54:00,0,0.0543755769660191,0,0,FALSE
2019-05-12 13:55:00,0,0.0543755769660191,0,0,FALSE
2019-05-12 13:56:00,1,0.0543507864230426,21.1424559185636,0,FALSE
2019-05-12 13:57:00,1,0.0543507864230425,364.150269034385,0,FALSE
2019-05-12 13:58:00,2,0.0543854931832106,38.8513026401894,2,FALSE
2019-05-12 13:59:00,2,0.0544549067035459,397.733293721636,2,FALSE
2019-05-12 14:00:00,0,0.0544549067035459,0,0,FALSE
2019-05-12 14:01:00,1,0.0544896134637145,3.7597833289963,0,FALSE
2019-05-12 14:02:00,0,0.0544896134637145,0,0,FALSE
2019-05-12 14:03:00,0,0.0544896134637145,0,0,FALSE
2019-05-12 14:04:00,1,0.0544896134637141,102.440473311783,0,FALSE
2019-05-12 14:05:00,0,0.0544896134637141,0,0,FALSE
2019-05-12 14:06:00,0,0.0544896134637141,0,0,FALSE
2019-05-12 14:07:00,2,0.0545590269840504,126.358706495061,2,FALSE
2019-05-12 14:08:00,0,0.0545590269840504,0,0,FALSE
2019-05-12 14:09:00,0,0.0545590269840504,0,0,FALSE
2019-05-12 14:10:00,0,0.0545590269840504,0,0,FALSE
2019-05-12 14:11:00,0,0.0545590269840504,0,0,FALSE
2019-05-12 14:12:00,0,0.0545590269840504,0,0,FALSE
2019-05-12 14:13:00,0,0.0545590269840504,0,0,FALSE
2019-05-12 14:14:00,0,0.0545590269840504,0,0,FALSE
2019-05-12 14:15:00,0,0.0545590269840504,0,0,FALSE
2019-05-12 14:16:00,0,0.0545590269840504,0,0,FALSE
2019-05-12 14:17:00,0,0.0545590269840504,0,0,FALSE
2019-05-12 14:18:00,0,0.0545590269840504,0,0,FALSE
2019-05-12 14:19:00,0,0.0545590269840504,0,0,FALSE
2019-05-12 14:20:00,0,0.0545590269840504,0,0,FALSE
2019-05-12 14:21:00,0,0.0545590269840504,0,0,FALSE
2019-05-12 14:22:00,0,0.0545590269840504,0,0,FALSE
2019-05-12 14:23:00,0,0.0545590269840504,0,0,FALSE
2019-05-12 14:24:00,0,0.0545590269840504,0,0,FALSE
2019-05-12 14:25:00,0,0.0545590269840504,0,0,FALSE
2019-05-12 14:26:00,0,0.0545590269840504,0,0,FALSE
2019-05-12 14:27:00,0,0.0545590269840504,0,0,FALSE
2019-05-12 14:28:00,0,0.0545590269840504,0,0,FALSE
2019-05-12 14:29:00,0,0.0545590269840504,0,0,FALSE
2019-05-12 14:30:00,0,0.0545590269840504,0,0,FALSE
2019-05-12 14:31:00,0,0.0545590269840504,0,0,FALSE
2019-05-12 14:32:00,0,0.0545590269840504,0,0,FALSE
2019-05-12 14:33:00,0,0.0545590269840504,0,0,FALSE
2019-05-12 14:34:00,0,0.0545590269840504,0,0,FALSE
2019-05-12 14:35:00,0,0.0545590269840504,0,0,FALSE
2019-05-12 14:36:00,0,0.0545590269840504,0,0,FALSE
2019-05-12 14:37:00,0,0.0545590269840504,0,0,FALSE
2019-05-12 14:38:00,0,0.0545590269840504,0,0,FALSE
2019-05-12 14:39:00,0,0.0545590269840504,0,0,FALSE
2019-05-12 14:40:00,0,0.0545590269840504,0,0,FALSE
2019-05-12 14:41:00,0,0.0545590269840504,0,0,FALSE
2019-05-12 14:42:00,0,0.0545590269840504,0,0,FALSE
2019-05-12 14:43:00,4,0.0542813729027062,619.373926589755,0,FALSE
2019-05-12 14:44:00,0,0.0542813729027062,0,0,FALSE
2019-05-12 14:45:00,0,0.0542813729027062,0,0,FALSE
2019-05-12 14:46:00,0,0.0542813729027062,0,0,FALSE
2019-05-12 14:47:00,0,0.0542813729027062,0,0,FALSE
2019-05-12 14:48:00,1,0.0546284405043823,9.2322064452406,0,FALSE
2019-05-12 14:49:00,0,0.0546284405043823,0,0,FALSE
2019-05-12 14:50:00,0,0.0546284405043823,0,0,FALSE
2019-05-12 14:51:00,0,0.0546284405043823,0,0,FALSE
2019-05-12 14:52:00,0,0.0546284405043823,0,0,FALSE
2019-05-12 14:53:00,1,0.0546284405043846,21.1412064751968,0,FALSE
2019-05-12 14:54:00,0,0.0546284405043846,0,0,FALSE
2019-05-12 14:55:00,0,0.0546284405043846,0,0,FALSE
2019-05-12 14:56:00,0,0.0546284405043846,0,0,FALSE
2019-05-12 14:57:00,0,0.0546284405043846,0,0,FALSE
2019-05-12 14:58:00,0,0.0546284405043846,0,0,FALSE
2019-05-12 14:59:00,0,0.0546284405043846,0,0,FALSE
2019-05-12 15:00:00,0,0.0546284405043846,0,0,FALSE
2019-05-12 15:01:00,0,0.0546284405043846,0,0,FALSE
2019-05-12 15:02:00,0,0.0546284405043846,0,0,FALSE
2019-05-12 15:03:00,0,0.0546284405043846,0,0,FALSE
2019-05-12 15:04:00,0,0.0546284405043846,0,0,FALSE
2019-05-12 15:05:00,0,0.0546284405043846,0,0,FALSE
2019-05-12 15:06:00,0,0.0546284405043846,0,0,FALSE
2019-05-12 15:07:00,0,0.0546284405043846,0,0,FALSE
2019-05-12 15:08:00,0,0.0546284405043846,0,0,FALSE
2019-05-12 15:09:00,0,0.0546284405043846,0,0,FALSE
2019-05-12 15:10:00,0,0.0546284405043846,0,0,FALSE
2019-05-12 15:11:00,0,0.0546284405043846,0,0,FALSE
2019-05-12 15:12:00,0,0.0546284405043846,0,0,FALSE
2019-05-12 15:13:00,0,0.0546284405043846,0,0,FALSE
2019-05-12 15:14:00,0,0.0546284405043846,0,0,FALSE
2019-05-12 15:15:00,0,0.0546284405043846,0,0,FALSE
2019-05-12 15:16:00,0,0.0546284405043846,0,0,FALSE
2019-05-12 15:17:00,0,0.0546284405043846,0,0,FALSE
2019-05-12 15:18:00,0,0.0546284405043846,0,0,FALSE
2019-05-12 15:19:00,0,0.0546284405043846,0,0,FALSE
2019-05-12 15:20:00,0,0.0546284405043846,0,0,FALSE
2019-05-12 15:21:00,0,0.0546284405043846,0,0,FALSE
2019-05-12 15:22:00,1,0.0543507864230426,54.3507864230426,0,FALSE
2019-05-12 15:23:00,0,0.0543507864230426,0,0,FALSE
2019-05-12 15:24:00,0,0.0543507864230426,0,0,FALSE
2019-05-12 15:25:00,0,0.0543507864230426,0,0,FALSE
2019-05-12 15:26:00,0,0.0543507864230426,0,0,FALSE
2019-05-12 15:27:00,0,0.0543507864230426,0,0,FALSE
2019-05-12 15:28:00,0,0.0543507864230426,0,0,FALSE
2019-05-12 15:29:00,0,0.0543507864230426,0,0,FALSE
2019-05-12 15:30:00,1,0.0543507864230426,69.4059542622254,0,FALSE
2019-05-12 15:31:00,0,0.0543507864230426,0,0,FALSE
2019-05-12 15:32:00,0,0.0543507864230426,0,0,FALSE
2019-05-12 15:33:00,0,0.0543507864230426,0,0,FALSE
2019-05-12 15:34:00,0,0.0543507864230426,0,0,FALSE
2019-05-12 15:35:00,0,0.0543507864230426,0,0,FALSE
2019-05-12 15:36:00,0,0.0543507864230426,0,0,FALSE
2019-05-12 15:37:00,0,0.0543507864230426,0,0,FALSE
2019-05-12 15:38:00,0,0.0543507864230426,0,0,FALSE
2019-05-12 15:39:00,0,0.0543507864230426,0,0,FALSE
2019-05-12 15:40:00,0,0.0543507864230426,0,0,FALSE
2019-05-12 15:41:00,0,0.0543507864230426,0,0,FALSE
2019-05-12 15:42:00,4,0.0545416736039653,141.044247338453,0,FALSE
2019-05-12 15:43:00,0,0.0545416736039653,0,0,FALSE
2019-05-12 15:44:00,0,0.0545416736039653,0,0,FALSE
2019-05-12 15:45:00,0,0.0545416736039653,0,0,FALSE
2019-05-12 15:46:00,0,0.0545416736039653,0,0,FALSE
2019-05-12 15:47:00,0,0.0545416736039653,0,0,FALSE
2019-05-12 15:48:00,2,0.0546978540247196,44.7109143728676,0,FALSE
2019-05-12 15:49:00,1,0.0546978540247223,54.6978540247223,0,FALSE
2019-05-12 15:50:00,0,0.0546978540247223,0,0,FALSE
2019-05-12 15:51:00,0,0.0546978540247223,0,0,FALSE
2019-05-12 15:52:00,0,0.0546978540247223,0,0,FALSE
2019-05-12 15:53:00,0,0.0546978540247223,0,0,FALSE
2019-05-12 15:54:00,0,0.0546978540247223,0,0,FALSE
2019-05-12 15:55:00,8,0.0545850570541758,1823.4990099609,4,FALSE
2019-05-12 15:56:00,2,0.0546284405043864,722.734267873031,2,FALSE
2019-05-12 15:57:00,0,0.0546284405043864,0,0,FALSE
2019-05-12 15:58:00,0,0.0546284405043864,0,0,FALSE
2019-05-12 15:59:00,0,0.0546284405043864,0,0,FALSE
2019-05-12 16:00:00,0,0.0546284405043864,0,0,FALSE
2019-05-12 16:01:00,0,0.0546284405043864,0,0,FALSE
2019-05-12 16:02:00,0,0.0546284405043864,0,0,FALSE
2019-05-12 16:03:00,0,0.0546284405043864,0,0,FALSE
2019-05-12 16:04:00,0,0.0546284405043864,0,0,FALSE
2019-05-12 16:05:00,0,0.0546284405043864,0,0,FALSE
2019-05-12 16:06:00,0,0.0546284405043864,0,0,FALSE
2019-05-12 16:07:00,0,0.0546284405043864,0,0,FALSE
2019-05-12 16:08:00,0,0.0546284405043864,0,0,FALSE
2019-05-12 16:09:00,0,0.0546284405043864,0,0,FALSE
2019-05-12 16:10:00,9,0.0549446576525834,2543.41182647284,4,FALSE
2019-05-12 16:11:00,0,0.0549446576525834,0,0,FALSE
2019-05-12 16:12:00,2,0.0548019743052261,281.212912531391,0,FALSE
2019-05-12 16:13:00,0,0.0548019743052261,0,0,FALSE
2019-05-12 16:14:00,0,0.0548019743052261,0,0,FALSE
2019-05-12 16:15:00,0,0.0548019743052261,0,0,FALSE
2019-05-12 16:16:00,0,0.0548019743052261,0,0,FALSE
2019-05-12 16:17:00,0,0.0548019743052261,0,0,FALSE
2019-05-12 16:18:00,0,0.0548019743052261,0,0,FALSE
2019-05-12 16:19:00,0,0.0548019743052261,0,0,FALSE
2019-05-12 16:20:00,0,0.0548019743052261,0,0,FALSE
2019-05-12 16:21:00,1,0.0549060945857301,1545.93599915582,0,FALSE
2019-05-12 16:22:00,0,0.0549060945857301,0,0,FALSE
2019-05-12 16:23:00,2,0.0549755081060661,161.078238750774,0,FALSE
2019-05-12 16:24:00,0,0.0549755081060661,0,0,FALSE
2019-05-12 16:25:00,0,0.0549755081060661,0,0,FALSE
2019-05-12 16:26:00,0,0.0549755081060661,0,0,FALSE
2019-05-12 16:27:00,0,0.0549755081060661,0,0,FALSE
2019-05-12 16:28:00,0,0.0549755081060661,0,0,FALSE
2019-05-12 16:29:00,0,0.0549755081060661,0,0,FALSE
2019-05-12 16:30:00,0,0.0549755081060661,0,0,FALSE
2019-05-12 16:31:00,0,0.0549755081060661,0,0,FALSE
2019-05-12 16:32:00,0,0.0549755081060661,0,0,FALSE
2019-05-12 16:33:00,0,0.0549755081060661,0,0,FALSE
2019-05-12 16:34:00,1,0.0552531621874098,11.8794298702931,0,FALSE
2019-05-12 16:35:00,0,0.0552531621874098,0,0,FALSE
2019-05-12 16:36:00,0,0.0552531621874098,0,0,FALSE
2019-05-12 16:37:00,0,0.0552531621874098,0,0,FALSE
2019-05-12 16:38:00,0,0.0552531621874098,0,0,FALSE
2019-05-12 16:39:00,0,0.0552531621874098,0,0,FALSE
2019-05-12 16:40:00,0,0.0552531621874098,0,0,FALSE
2019-05-12 16:41:00,0,0.0552531621874098,0,0,FALSE
2019-05-12 16:42:00,0,0.0552531621874098,0,0,FALSE
2019-05-12 16:43:00,0,0.0552531621874098,0,0,FALSE
2019-05-12 16:44:00,0,0.0552531621874098,0,0,FALSE
2019-05-12 16:45:00,0,0.0552531621874098,0,0,FALSE
2019-05-12 16:46:00,0,0.0552531621874098,0,0,FALSE
2019-05-12 16:47:00,0,0.0552531621874098,0,0,FALSE
2019-05-12 16:48:00,0,0.0552531621874098,0,0,FALSE
2019-05-12 16:49:00,0,0.0552531621874098,0,0,FALSE
2019-05-12 16:50:00,0,0.0552531621874098,0,0,FALSE
2019-05-12 16:51:00,0,0.0552531621874098,0,0,FALSE
2019-05-12 16:52:00,0,0.0552531621874098,0,0,FALSE
2019-05-12 16:53:00,0,0.0552531621874098,0,0,FALSE
2019-05-12 16:54:00,0,0.0552531621874098,0,0,FALSE
2019-05-12 16:55:00,0,0.0552531621874098,0,0,FALSE
2019-05-12 16:56:00,0,0.0552531621874098,0,0,FALSE
2019-05-12 16:57:00,0,0.0552531621874098,0,0,FALSE
2019-05-12 16:58:00,0,0.0552531621874098,0,0,FALSE
2019-05-12 16:59:00,0,0.0552531621874098,0,0,FALSE
2019-05-12 17:00:00,0,0.0552531621874098,0,0,FALSE
2019-05-12 17:01:00,0,0.0552531621874098,0,0,FALSE
2019-05-12 17:02:00,0,0.0552531621874098,0,0,FALSE
2019-05-12 17:03:00,1,0.055044921626402,17.2841053906902,0,FALSE
2019-05-12 17:04:00,1,0.0551143351467379,45.9653555123794,0,FALSE
2019-05-12 17:05:00,0,0.0551143351467379,0,0,FALSE
2019-05-12 17:06:00,0,0.0551143351467379,0,0,FALSE
2019-05-12 17:07:00,0,0.0551143351467379,0,0,FALSE
2019-05-12 17:08:00,0,0.0551143351467379,0,0,FALSE
2019-05-12 17:09:00,0,0.0551143351467379,0,0,FALSE
2019-05-12 17:10:00,0,0.0551143351467379,0,0,FALSE
2019-05-12 17:11:00,0,0.0551143351467379,0,0,FALSE
2019-05-12 17:12:00,0,0.0551143351467379,0,0,FALSE
2019-05-12 17:13:00,0,0.0551143351467379,0,0,FALSE
2019-05-12 17:14:00,0,0.0551143351467379,0,0,FALSE
2019-05-12 17:15:00,0,0.0551143351467379,0,0,FALSE
2019-05-12 17:16:00,1,0.055114335146738,18.4633022741572,0,FALSE
2019-05-12 17:17:00,1,0.055114335146738,186.231338460828,0,FALSE
2019-05-12 17:18:00,0,0.055114335146738,0,0,FALSE
2019-05-12 17:19:00,0,0.055114335146738,0,0,FALSE
2019-05-12 17:20:00,3,0.0551143351467379,117.834448543726,0,FALSE
2019-05-12 17:21:00,1,0.055044921626402,2.6972011596937,0,FALSE
2019-05-12 17:22:00,0,0.055044921626402,0,0,FALSE
2019-05-12 17:23:00,0,0.055044921626402,0,0,FALSE
2019-05-12 17:24:00,0,0.055044921626402,0,0,FALSE
2019-05-12 17:25:00,0,0.055044921626402,0,0,FALSE
2019-05-12 17:26:00,0,0.055044921626402,0,0,FALSE
2019-05-12 17:27:00,0,0.055044921626402,0,0,FALSE
2019-05-12 17:28:00,0,0.055044921626402,0,0,FALSE
2019-05-12 17:29:00,0,0.055044921626402,0,0,FALSE
2019-05-12 17:30:00,1,0.055044921626402,49.8706989935202,0,FALSE
2019-05-12 17:31:00,2,0.0551143351467379,186.286452795974,0,FALSE
2019-05-12 17:32:00,0,0.0551143351467379,0,0,FALSE
2019-05-12 17:33:00,0,0.0551143351467379,0,0,FALSE
2019-05-12 17:34:00,0,0.0551143351467379,0,0,FALSE
2019-05-12 17:35:00,0,0.0551143351467379,0,0,FALSE
2019-05-12 17:36:00,1,0.0553225757077458,13.5540310483977,0,FALSE
2019-05-12 17:37:00,0,0.0553225757077458,0,0,FALSE
2019-05-12 17:38:00,0,0.0553225757077458,0,0,FALSE
2019-05-12 17:39:00,0,0.0553225757077458,0,0,FALSE
2019-05-12 17:40:00,0,0.0553225757077458,0,0,FALSE
2019-05-12 17:41:00,0,0.0553225757077458,0,0,FALSE
2019-05-12 17:42:00,0,0.0553225757077458,0,0,FALSE
2019-05-12 17:43:00,1,0.0552531621874098,320.302581200415,0,FALSE
2019-05-12 17:44:00,0,0.0552531621874098,0,0,FALSE
2019-05-12 17:45:00,1,0.0551837486670739,29.3577542908833,0,FALSE
2019-05-12 17:46:00,0,0.0551837486670739,0,0,FALSE
2019-05-12 17:47:00,0,0.0551837486670739,0,0,FALSE
2019-05-12 17:48:00,0,0.0551837486670739,0,0,FALSE
2019-05-12 17:49:00,0,0.0551837486670739,0,0,FALSE
2019-05-12 17:50:00,0,0.0551837486670739,0,0,FALSE
2019-05-12 17:51:00,0,0.0551837486670739,0,0,FALSE
2019-05-12 17:52:00,0,0.0551837486670739,0,0,FALSE
2019-05-12 17:53:00,0,0.0551837486670739,0,0,FALSE
2019-05-12 17:54:00,0,0.0551837486670739,0,0,FALSE
2019-05-12 17:55:00,0,0.0551837486670739,0,0,FALSE
2019-05-12 17:56:00,0,0.0551837486670739,0,0,FALSE
2019-05-12 17:57:00,0,0.0551837486670739,0,0,FALSE
2019-05-12 17:58:00,0,0.0551837486670739,0,0,FALSE
2019-05-12 17:59:00,0,0.0551837486670739,0,0,FALSE
2019-05-12 18:00:00,0,0.0551837486670739,0,0,FALSE
2019-05-12 18:01:00,0,0.0551837486670739,0,0,FALSE
2019-05-12 18:02:00,0,0.0551837486670739,0,0,FALSE
2019-05-12 18:03:00,0,0.0551837486670739,0,0,FALSE
2019-05-12 18:04:00,1,0.055114335146738,62.4996560564008,0,FALSE
2019-05-12 18:05:00,0,0.055114335146738,0,0,FALSE
2019-05-12 18:06:00,0,0.055114335146738,0,0,FALSE
2019-05-12 18:07:00,0,0.055114335146738,0,0,FALSE
2019-05-12 18:08:00,0,0.055114335146738,0,0,FALSE
2019-05-12 18:09:00,1,0.0551143351467379,77.4356408811668,0,FALSE
2019-05-12 18:10:00,0,0.0551143351467379,0,0,FALSE
2019-05-12 18:11:00,0,0.0551143351467379,0,0,FALSE
2019-05-12 18:12:00,0,0.0551143351467379,0,0,FALSE
2019-05-12 18:13:00,0,0.0551143351467379,0,0,FALSE
2019-05-12 18:14:00,0,0.0551143351467379,0,0,FALSE
2019-05-12 18:15:00,0,0.0551143351467379,0,0,FALSE
2019-05-12 18:16:00,0,0.0551143351467379,0,0,FALSE
2019-05-12 18:17:00,0,0.0551143351467379,0,0,FALSE
2019-05-12 18:18:00,0,0.0551143351467379,0,0,FALSE
2019-05-12 18:19:00,0,0.0551143351467379,0,0,FALSE
2019-05-12 18:20:00,0,0.0551143351467379,0,0,FALSE
2019-05-12 18:21:00,0,0.0551143351467379,0,0,FALSE
2019-05-12 18:22:00,0,0.0551143351467379,0,0,FALSE
2019-05-12 18:23:00,0,0.0551143351467379,0,0,FALSE
2019-05-12 18:24:00,0,0.0551143351467379,0,0,FALSE
2019-05-12 18:25:00,0,0.0551143351467379,0,0,FALSE
2019-05-12 18:26:00,0,0.0551143351467379,0,0,FALSE
2019-05-12 18:27:00,0,0.0551143351467379,0,0,FALSE
2019-05-12 18:28:00,0,0.0551143351467379,0,0,FALSE
2019-05-12 18:29:00,0,0.0551143351467379,0,0,FALSE
2019-05-12 18:30:00,0,0.0551143351467379,0,0,FALSE
2019-05-12 18:31:00,0,0.0551143351467379,0,0,FALSE
2019-05-12 18:32:00,0,0.0551143351467379,0,0,FALSE
2019-05-12 18:33:00,1,0.0553831928949237,64.1891205652166,0,FALSE
2019-05-12 18:34:00,0,0.0553831928949237,0,0,FALSE
2019-05-12 18:35:00,1,0.0554534761346381,42.3664557668635,0,FALSE
2019-05-12 18:36:00,0,0.0554534761346381,0,0,FALSE
2019-05-12 18:37:00,0,0.0554534761346381,0,0,FALSE
2019-05-12 18:38:00,0,0.0554534761346381,0,0,FALSE
2019-05-12 18:39:00,0,0.0554534761346381,0,0,FALSE
2019-05-12 18:40:00,0,0.0554534761346381,0,0,FALSE
2019-05-12 18:41:00,0,0.0554534761346381,0,0,FALSE
2019-05-12 18:42:00,0,0.0554534761346381,0,0,FALSE
2019-05-12 18:43:00,1,0.0555237593743525,21.0435048028796,0,FALSE
2019-05-12 18:44:00,0,0.0555237593743525,0,0,FALSE
2019-05-12 18:45:00,0,0.0555237593743525,0,0,FALSE
2019-05-12 18:46:00,0,0.0555237593743525,0,0,FALSE
2019-05-12 18:47:00,0,0.0555237593743525,0,0,FALSE
2019-05-12 18:48:00,0,0.0555237593743525,0,0,FALSE
2019-05-12 18:49:00,0,0.0555237593743525,0,0,FALSE
2019-05-12 18:50:00,0,0.0555237593743525,0,0,FALSE
2019-05-12 18:51:00,0,0.0555237593743525,0,0,FALSE
2019-05-12 18:52:00,0,0.0555237593743525,0,0,FALSE
2019-05-12 18:53:00,0,0.0555237593743525,0,0,FALSE
2019-05-12 18:54:00,2,0.0554534761346381,18.2996471244306,2,FALSE
2019-05-12 18:55:00,0,0.0554534761346381,0,0,FALSE
2019-05-12 18:56:00,0,0.0554534761346381,0,0,FALSE
2019-05-12 18:57:00,0,0.0554534761346381,0,0,FALSE
2019-05-12 18:58:00,0,0.0554534761346381,0,0,FALSE
2019-05-12 18:59:00,0,0.0554534761346381,0,0,FALSE
2019-05-12 19:00:00,0,0.0554534761346381,0,0,FALSE
2019-05-12 19:01:00,0,0.0554534761346381,0,0,FALSE
2019-05-12 19:02:00,0,0.0554534761346381,0,0,FALSE
2019-05-12 19:03:00,0,0.0554534761346381,0,0,FALSE
2019-05-12 19:04:00,0,0.0554534761346381,0,0,FALSE
2019-05-12 19:05:00,0,0.0554534761346381,0,0,FALSE
2019-05-12 19:06:00,0,0.0554534761346381,0,0,FALSE
2019-05-12 19:07:00,0,0.0554534761346381,0,0,FALSE
2019-05-12 19:08:00,0,0.0554534761346381,0,0,FALSE
2019-05-12 19:09:00,0,0.0554534761346381,0,0,FALSE
2019-05-12 19:10:00,0,0.0554534761346381,0,0,FALSE
2019-05-12 19:11:00,0,0.0554534761346381,0,0,FALSE
2019-05-12 19:12:00,0,0.0554534761346381,0,0,FALSE
2019-05-12 19:13:00,0,0.0554534761346381,0,0,FALSE
2019-05-12 19:14:00,0,0.0554534761346381,0,0,FALSE
2019-05-12 19:15:00,0,0.0554534761346381,0,0,FALSE
2019-05-12 19:16:00,0,0.0554534761346381,0,0,FALSE
2019-05-12 19:17:00,0,0.0554534761346381,0,0,FALSE
2019-05-12 19:18:00,0,0.0554534761346381,0,0,FALSE
2019-05-12 19:19:00,0,0.0554534761346381,0,0,FALSE
2019-05-12 19:20:00,1,0.0554534761346381,25.0649712128564,0,FALSE
2019-05-12 19:21:00,0,0.0554534761346381,0,0,FALSE
2019-05-12 19:22:00,0,0.0554534761346381,0,0,FALSE
2019-05-12 19:23:00,0,0.0554534761346381,0,0,FALSE
2019-05-12 19:24:00,0,0.0554534761346381,0,0,FALSE
2019-05-12 19:25:00,0,0.0554534761346381,0,0,FALSE
2019-05-12 19:26:00,0,0.0554534761346381,0,0,FALSE
2019-05-12 19:27:00,0,0.0554534761346381,0,0,FALSE
2019-05-12 19:28:00,0,0.0554534761346381,0,0,FALSE
2019-05-12 19:29:00,0,0.0554534761346381,0,0,FALSE
2019-05-12 19:30:00,0,0.0554534761346381,0,0,FALSE
2019-05-12 19:31:00,0,0.0554534761346381,0,0,FALSE
2019-05-12 19:32:00,0,0.0554534761346381,0,0,FALSE
2019-05-12 19:33:00,0,0.0554534761346381,0,0,FALSE
2019-05-12 19:34:00,0,0.0554534761346381,0,0,FALSE
2019-05-12 19:35:00,0,0.0554534761346381,0,0,FALSE
2019-05-12 19:36:00,0,0.0554534761346381,0,0,FALSE
2019-05-12 19:37:00,0,0.0554534761346381,0,0,FALSE
2019-05-12 19:38:00,0,0.0554534761346381,0,0,FALSE
2019-05-12 19:39:00,0,0.0554534761346381,0,0,FALSE
2019-05-12 19:40:00,0,0.0554534761346381,0,0,FALSE
2019-05-12 19:41:00,0,0.0554534761346381,0,0,FALSE
2019-05-12 19:42:00,0,0.0554534761346381,0,0,FALSE
2019-05-12 19:43:00,0,0.0554534761346381,0,0,FALSE
2019-05-12 19:44:00,0,0.0554534761346381,0,0,FALSE
2019-05-12 19:45:00,0,0.0554534761346381,0,0,FALSE
2019-05-12 19:46:00,0,0.0554534761346381,0,0,FALSE
2019-05-12 19:47:00,0,0.0554534761346381,0,0,FALSE
2019-05-12 19:48:00,0,0.0554534761346381,0,0,FALSE
2019-05-12 19:49:00,0,0.0554534761346381,0,0,FALSE
2019-05-12 19:50:00,0,0.0554534761346381,0,0,FALSE
2019-05-12 19:51:00,0,0.0554534761346381,0,0,FALSE
2019-05-12 19:52:00,0,0.0554534761346381,0,0,FALSE
2019-05-12 19:53:00,0,0.0554534761346381,0,0,FALSE
2019-05-12 19:54:00,0,0.0554534761346381,0,0,FALSE
2019-05-12 19:55:00,0,0.0554534761346381,0,0,FALSE
2019-05-12 19:56:00,0,0.0554534761346381,0,0,FALSE
2019-05-12 19:57:00,0,0.0554534761346381,0,0,FALSE
2019-05-12 19:58:00,1,0.0553129096552057,10.5647657441443,0,FALSE
2019-05-12 19:59:00,0,0.0553129096552057,0,0,FALSE
2019-05-12 20:00:00,0,0.0553129096552057,0,0,FALSE
2019-05-12 20:01:00,0,0.0553129096552057,0,0,FALSE
2019-05-12 20:02:00,0,0.0553129096552057,0,0,FALSE
2019-05-12 20:03:00,0,0.0553129096552057,0,0,FALSE
2019-05-12 20:04:00,0,0.0553129096552057,0,0,FALSE
2019-05-12 20:05:00,0,0.0553129096552057,0,0,FALSE
2019-05-12 20:06:00,0,0.0553129096552057,0,0,FALSE
2019-05-12 20:07:00,0,0.0553129096552057,0,0,FALSE
2019-05-12 20:08:00,1,0.0551020599360641,17.9632715391569,0,FALSE
2019-05-12 20:09:00,0,0.0551020599360641,0,0,FALSE
2019-05-12 20:10:00,0,0.0551020599360641,0,0,FALSE
2019-05-12 20:11:00,0,0.0551020599360641,0,0,FALSE
2019-05-12 20:12:00,0,0.0551020599360641,0,0,FALSE
2019-05-12 20:13:00,0,0.0551020599360641,0,0,FALSE
2019-05-12 20:14:00,0,0.0551020599360641,0,0,FALSE
2019-05-12 20:15:00,0,0.0551020599360641,0,0,FALSE
2019-05-12 20:16:00,0,0.0551020599360641,0,0,FALSE
2019-05-12 20:17:00,0,0.0551020599360641,0,0,FALSE
2019-05-12 20:18:00,1,0.0551020599360662,28.9285814664348,0,FALSE
2019-05-12 20:19:00,0,0.0551020599360662,0,0,FALSE
2019-05-12 20:20:00,1,0.0551020599360662,7.05306367181648,0,FALSE
2019-05-12 20:21:00,0,0.0551020599360662,0,0,FALSE
2019-05-12 20:22:00,0,0.0551020599360662,0,0,FALSE
2019-05-12 20:23:00,0,0.0551020599360662,0,0,FALSE
2019-05-12 20:24:00,0,0.0551020599360662,0,0,FALSE
2019-05-12 20:25:00,0,0.0551020599360662,0,0,FALSE
2019-05-12 20:26:00,0,0.0551020599360662,0,0,FALSE
2019-05-12 20:27:00,0,0.0551020599360662,0,0,FALSE
2019-05-12 20:28:00,0,0.0551020599360662,0,0,FALSE
2019-05-12 20:29:00,0,0.0551020599360662,0,0,FALSE
2019-05-12 20:30:00,1,0.0550317766963511,53.2157280653716,0,FALSE
2019-05-12 20:31:00,2,0.0553480512750665,28.284576140932,2,FALSE
2019-05-12 20:32:00,0,0.0553480512750665,0,0,FALSE
2019-05-12 20:33:00,0,0.0553480512750665,0,0,FALSE
2019-05-12 20:34:00,0,0.0553480512750665,0,0,FALSE
2019-05-12 20:35:00,0,0.0553480512750665,0,0,FALSE
2019-05-12 20:36:00,0,0.0553480512750665,0,0,FALSE
2019-05-12 20:37:00,0,0.0553480512750665,0,0,FALSE
2019-05-12 20:38:00,0,0.0553480512750665,0,0,FALSE
2019-05-12 20:39:00,0,0.0553480512750665,0,0,FALSE
2019-05-12 20:40:00,2,0.0551372015559234,70.6504696418778,2,FALSE
2019-05-12 20:41:00,5,0.055355079599038,436.784189459637,2,FALSE
2019-05-12 20:42:00,1,0.0555237593743525,70.4596506460533,0,FALSE
2019-05-12 20:43:00,0,0.0555237593743525,0,0,FALSE
2019-05-12 20:44:00,0,0.0555237593743525,0,0,FALSE
2019-05-12 20:45:00,0,0.0555237593743525,0,0,FALSE
2019-05-12 20:46:00,0,0.0555237593743525,0,0,FALSE
2019-05-12 20:47:00,0,0.0555237593743525,0,0,FALSE
2019-05-12 20:48:00,0,0.0555237593743525,0,0,FALSE
2019-05-12 20:49:00,4,0.0551020599360655,203.877621763442,2,FALSE
2019-05-12 20:50:00,0,0.0551020599360655,0,0,FALSE
2019-05-12 20:51:00,0,0.0551020599360655,0,0,FALSE
2019-05-12 20:52:00,0,0.0551020599360655,0,0,FALSE
2019-05-12 20:53:00,0,0.0551020599360655,0,0,FALSE
2019-05-12 20:54:00,0,0.0551020599360655,0,0,FALSE
2019-05-12 20:55:00,0,0.0551020599360655,0,0,FALSE
2019-05-12 20:56:00,0,0.0551020599360655,0,0,FALSE
2019-05-12 20:57:00,0,0.0551020599360655,0,0,FALSE
2019-05-12 20:58:00,0,0.0551020599360655,0,0,FALSE
2019-05-12 20:59:00,1,0.0548912102169231,7.57498700993539,0,FALSE
2019-05-12 21:00:00,0,0.0548912102169231,0,0,FALSE
2019-05-12 21:01:00,1,0.05468036049778,7.05376650421362,0,FALSE
2019-05-12 21:02:00,0,0.05468036049778,0,0,FALSE
2019-05-12 21:03:00,0,0.05468036049778,0,0,FALSE
2019-05-12 21:04:00,0,0.05468036049778,0,0,FALSE
2019-05-12 21:05:00,0,0.05468036049778,0,0,FALSE
2019-05-12 21:06:00,1,0.0548209269772088,28.2875983202397,0,FALSE
2019-05-12 21:07:00,1,0.0548209269772088,7.72975070378643,0,FALSE
2019-05-12 21:08:00,0,0.0548209269772088,0,0,FALSE
2019-05-12 21:09:00,0,0.0548209269772088,0,0,FALSE
2019-05-12 21:10:00,0,0.0548209269772088,0,0,FALSE
2019-05-12 21:11:00,0,0.0548209269772088,0,0,FALSE
2019-05-12 21:12:00,0,0.0548209269772088,0,0,FALSE
2019-05-12 21:13:00,0,0.0548209269772088,0,0,FALSE
2019-05-12 21:14:00,0,0.0548209269772088,0,0,FALSE
2019-05-12 21:15:00,0,0.0548209269772088,0,0,FALSE
2019-05-12 21:16:00,0,0.0548209269772088,0,0,FALSE
2019-05-12 21:17:00,0,0.0548209269772088,0,0,FALSE
2019-05-12 21:18:00,0,0.0548209269772088,0,0,FALSE
2019-05-12 21:19:00,0,0.0548209269772088,0,0,FALSE
2019-05-12 21:20:00,0,0.0548209269772088,0,0,FALSE
2019-05-12 21:21:00,0,0.0548209269772088,0,0,FALSE
2019-05-12 21:22:00,0,0.0548209269772088,0,0,FALSE
2019-05-12 21:23:00,0,0.0548209269772088,0,0,FALSE
2019-05-12 21:24:00,0,0.0548209269772088,0,0,FALSE
2019-05-12 21:25:00,0,0.0548209269772088,0,0,FALSE
2019-05-12 21:26:00,0,0.0548209269772088,0,0,FALSE
2019-05-12 21:27:00,0,0.0548209269772088,0,0,FALSE
2019-05-12 21:28:00,0,0.0548209269772088,0,0,FALSE
2019-05-12 21:29:00,0,0.0548209269772088,0,0,FALSE
2019-05-12 21:30:00,1,0.0550317766963503,25.2595855036248,0,FALSE
2019-05-12 21:31:00,0,0.0550317766963503,0,0,FALSE
2019-05-12 21:32:00,0,0.0550317766963503,0,0,FALSE
2019-05-12 21:33:00,0,0.0550317766963503,0,0,FALSE
2019-05-12 21:34:00,0,0.0550317766963503,0,0,FALSE
2019-05-12 21:35:00,0,0.0550317766963503,0,0,FALSE
2019-05-12 21:36:00,2,0.0549966350764947,89.887695184098,0,FALSE
2019-05-12 21:37:00,0,0.0549966350764947,0,0,FALSE
2019-05-12 21:38:00,0,0.0549966350764947,0,0,FALSE
2019-05-12 21:39:00,0,0.0549966350764947,0,0,FALSE
2019-05-12 21:40:00,0,0.0549966350764947,0,0,FALSE
2019-05-12 21:41:00,0,0.0549966350764947,0,0,FALSE
2019-05-12 21:42:00,0,0.0549966350764947,0,0,FALSE
2019-05-12 21:43:00,0,0.0549966350764947,0,0,FALSE
2019-05-12 21:44:00,0,0.0549966350764947,0,0,FALSE
2019-05-12 21:45:00,0,0.0549966350764947,0,0,FALSE
2019-05-12 21:46:00,0,0.0549966350764947,0,0,FALSE
2019-05-12 21:47:00,0,0.0549966350764947,0,0,FALSE
2019-05-12 21:48:00,3,0.0550083489497798,149.880976621605,2,FALSE
2019-05-12 21:49:00,0,0.0550083489497798,0,0,FALSE
2019-05-12 21:50:00,0,0.0550083489497798,0,0,FALSE
2019-05-12 21:51:00,0,0.0550083489497798,0,0,FALSE
2019-05-12 21:52:00,0,0.0550083489497798,0,0,FALSE
2019-05-12 21:53:00,0,0.0550083489497798,0,0,FALSE
2019-05-12 21:54:00,0,0.0550083489497798,0,0,FALSE
2019-05-12 21:55:00,1,0.0551723431757806,7.55861101508194,0,FALSE
2019-05-12 21:56:00,0,0.0551723431757806,0,0,FALSE
2019-05-12 21:57:00,0,0.0551723431757806,0,0,FALSE
2019-05-12 21:58:00,0,0.0551723431757806,0,0,FALSE
2019-05-12 21:59:00,0,0.0551723431757806,0,0,FALSE
2019-05-12 22:00:00,0,0.0551723431757806,0,0,FALSE
2019-05-12 22:01:00,0,0.0551723431757806,0,0,FALSE
2019-05-12 22:02:00,0,0.0551723431757806,0,0,FALSE
2019-05-12 22:03:00,0,0.0551723431757806,0,0,FALSE
2019-05-12 22:04:00,0,0.0551723431757806,0,0,FALSE
2019-05-12 22:05:00,0,0.0551723431757806,0,0,FALSE
2019-05-12 22:06:00,0,0.0551723431757806,0,0,FALSE
2019-05-12 22:07:00,0,0.0551723431757806,0,0,FALSE
2019-05-12 22:08:00,0,0.0551723431757806,0,0,FALSE
2019-05-12 22:09:00,1,0.0549614934566375,183.021773210603,0,FALSE
2019-05-12 22:10:00,0,0.0549614934566375,0,0,FALSE
2019-05-12 22:11:00,1,0.0551723431757806,131.530866131061,0,FALSE
2019-05-12 22:12:00,1,0.0551020599360618,8.76122752983383,0,FALSE
2019-05-12 22:13:00,0,0.0551020599360618,0,0,FALSE
2019-05-12 22:14:00,0,0.0551020599360618,0,0,FALSE
2019-05-12 22:15:00,0,0.0551020599360618,0,0,FALSE
2019-05-12 22:16:00,0,0.0551020599360618,0,0,FALSE
2019-05-12 22:17:00,0,0.0551020599360618,0,0,FALSE
2019-05-12 22:18:00,0,0.0551020599360618,0,0,FALSE
2019-05-12 22:19:00,2,0.0548912102169231,76.9025855139093,0,FALSE
2019-05-12 22:20:00,0,0.0548912102169231,0,0,FALSE
2019-05-12 22:21:00,0,0.0548912102169231,0,0,FALSE
2019-05-12 22:22:00,0,0.0548912102169231,0,0,FALSE
2019-05-12 22:23:00,0,0.0548912102169231,0,0,FALSE
2019-05-12 22:24:00,0,0.0548912102169231,0,0,FALSE
2019-05-12 22:25:00,0,0.0548912102169231,0,0,FALSE
2019-05-12 22:26:00,0,0.0548912102169231,0,0,FALSE
2019-05-12 22:27:00,0,0.0548912102169231,0,0,FALSE
2019-05-12 22:28:00,0,0.0548912102169231,0,0,FALSE
2019-05-12 22:29:00,0,0.0548912102169231,0,0,FALSE
2019-05-12 22:30:00,0,0.0548912102169231,0,0,FALSE
2019-05-12 22:31:00,2,0.0548912102169228,91.3938650111763,0,FALSE
2019-05-12 22:32:00,4,0.0550844891261376,424.434159143507,2,FALSE
2019-05-12 22:33:00,2,0.0549614934566375,54.0821095613313,0,FALSE
2019-05-12 22:34:00,6,0.0548677824703516,652.810831473628,2,FALSE
2019-05-12 22:35:00,0,0.0548677824703516,0,0,FALSE
2019-05-12 22:36:00,0,0.0548677824703516,0,0,FALSE
2019-05-12 22:37:00,0,0.0548677824703516,0,0,FALSE
2019-05-12 22:38:00,0,0.0548677824703516,0,0,FALSE
2019-05-12 22:39:00,0,0.0548677824703516,0,0,FALSE
2019-05-12 22:40:00,0,0.0548677824703516,0,0,FALSE
2019-05-12 22:41:00,0,0.0548677824703516,0,0,FALSE
2019-05-12 22:42:00,0,0.0548677824703516,0,0,FALSE
2019-05-12 22:43:00,0,0.0548677824703516,0,0,FALSE
2019-05-12 22:44:00,0,0.0548677824703516,0,0,FALSE
2019-05-12 22:45:00,0,0.0548677824703516,0,0,FALSE
2019-05-12 22:46:00,0,0.0548677824703516,0,0,FALSE
2019-05-12 22:47:00,0,0.0548677824703516,0,0,FALSE
2019-05-12 22:48:00,0,0.0548677824703516,0,0,FALSE
2019-05-12 22:49:00,0,0.0548677824703516,0,0,FALSE
2019-05-12 22:50:00,0,0.0548677824703516,0,0,FALSE
2019-05-12 22:51:00,0,0.0548677824703516,0,0,FALSE
2019-05-12 22:52:00,0,0.0548677824703516,0,0,FALSE
2019-05-12 22:53:00,0,0.0548677824703516,0,0,FALSE
2019-05-12 22:54:00,1,0.0550317766963519,31.4231444936169,0,FALSE
2019-05-12 22:55:00,0,0.0550317766963519,0,0,FALSE
2019-05-12 22:56:00,1,0.055335148906471,55.1691434597516,0,FALSE
2019-05-12 22:57:00,0,0.055335148906471,0,0,FALSE
2019-05-12 22:58:00,0,0.055335148906471,0,0,FALSE
2019-05-12 22:59:00,0,0.055335148906471,0,0,FALSE
2019-05-12 23:00:00,0,0.055335148906471,0,0,FALSE
2019-05-12 23:01:00,0,0.055335148906471,0,0,FALSE
2019-05-12 23:02:00,0,0.055335148906471,0,0,FALSE
2019-05-12 23:03:00,0,0.055335148906471,0,0,FALSE
2019-05-12 23:04:00,2,0.0553351489064717,69.9436282177803,0,FALSE
2019-05-12 23:05:00,0,0.0553351489064717,0,0,FALSE
2019-05-12 23:06:00,0,0.0553351489064717,0,0,FALSE
2019-05-12 23:07:00,1,0.0552644782182132,34.485034408165,0,FALSE
2019-05-12 23:08:00,0,0.0552644782182132,0,0,FALSE
2019-05-12 23:09:00,0,0.0552644782182132,0,0,FALSE
2019-05-12 23:10:00,0,0.0552644782182132,0,0,FALSE
2019-05-12 23:11:00,1,0.0552644782182132,93.9496129709624,0,FALSE
2019-05-12 23:12:00,0,0.0552644782182132,0,0,FALSE
2019-05-12 23:13:00,4,0.0554058195947289,397.350750340692,4,FALSE
2019-05-12 23:14:00,0,0.0554058195947289,0,0,FALSE
2019-05-12 23:15:00,0,0.0554058195947289,0,0,FALSE
2019-05-12 23:16:00,0,0.0554058195947289,0,0,FALSE
2019-05-12 23:17:00,0,0.0554058195947289,0,0,FALSE
2019-05-12 23:18:00,0,0.0554058195947289,0,0,FALSE
2019-05-12 23:19:00,0,0.0554058195947289,0,0,FALSE
2019-05-12 23:20:00,0,0.0554058195947289,0,0,FALSE
2019-05-12 23:21:00,0,0.0554058195947289,0,0,FALSE
2019-05-12 23:22:00,0,0.0554058195947289,0,0,FALSE
2019-05-12 23:23:00,0,0.0554058195947289,0,0,FALSE
2019-05-12 23:24:00,0,0.0554058195947289,0,0,FALSE
2019-05-12 23:25:00,0,0.0554058195947289,0,0,FALSE
2019-05-12 23:26:00,0,0.0554058195947289,0,0,FALSE
2019-05-12 23:27:00,0,0.0554058195947289,0,0,FALSE
2019-05-12 23:28:00,0,0.0554058195947289,0,0,FALSE
2019-05-12 23:29:00,0,0.0554058195947289,0,0,FALSE
2019-05-12 23:30:00,0,0.0554058195947289,0,0,FALSE
2019-05-12 23:31:00,0,0.0554058195947289,0,0,FALSE
2019-05-12 23:32:00,0,0.0554058195947289,0,0,FALSE
2019-05-12 23:33:00,0,0.0554058195947289,0,0,FALSE
2019-05-12 23:34:00,0,0.0554058195947289,0,0,FALSE
2019-05-12 23:35:00,1,0.0554058195947303,78.9532929224907,0,FALSE
2019-05-12 23:36:00,0,0.0554058195947303,0,0,FALSE
2019-05-12 23:37:00,0,0.0554058195947303,0,0,FALSE
2019-05-12 23:38:00,0,0.0554058195947303,0,0,FALSE
2019-05-12 23:39:00,0,0.0554058195947303,0,0,FALSE
2019-05-12 23:40:00,0,0.0554058195947303,0,0,FALSE
2019-05-12 23:41:00,0,0.0554058195947303,0,0,FALSE
2019-05-12 23:42:00,0,0.0554058195947303,0,0,FALSE
2019-05-12 23:43:00,0,0.0554058195947303,0,0,FALSE
2019-05-12 23:44:00,0,0.0554058195947303,0,0,FALSE
2019-05-12 23:45:00,0,0.0554058195947303,0,0,FALSE
2019-05-12 23:46:00,0,0.0554058195947303,0,0,FALSE
2019-05-12 23:47:00,0,0.0554058195947303,0,0,FALSE
2019-05-12 23:48:00,0,0.0554058195947303,0,0,FALSE
2019-05-12 23:49:00,0,0.0554058195947303,0,0,FALSE
2019-05-12 23:50:00,0,0.0554058195947303,0,0,FALSE
2019-05-12 23:51:00,0,0.0554058195947303,0,0,FALSE
2019-05-12 23:52:00,0,0.0554058195947303,0,0,FALSE
2019-05-12 23:53:00,0,0.0554058195947303,0,0,FALSE
2019-05-12 23:54:00,0,0.0554058195947303,0,0,FALSE
2019-05-12 23:55:00,1,0.0554058195947303,12.6325268675985,0,FALSE
2019-05-12 23:56:00,0,0.0554058195947303,0,0,FALSE
2019-05-12 23:57:00,0,0.0554058195947303,0,0,FALSE
2019-05-12 23:58:00,0,0.0554058195947303,0,0,FALSE
2019-05-12 23:59:00,0,0.0554058195947303,0,0,FALSE
2019-05-13,0,0.0554058195947303,0,0,FALSE
2019-05-13 00:01:00,0,0.0554058195947303,0,0,FALSE
2019-05-13 00:02:00,0,0.0554058195947303,0,0,FALSE
2019-05-13 00:03:00,0,0.0554058195947303,0,0,FALSE
2019-05-13 00:04:00,0,0.0554058195947303,0,0,FALSE
2019-05-13 00:05:00,0,0.0554058195947303,0,0,FALSE
2019-05-13 00:06:00,0,0.0554058195947303,0,0,FALSE
2019-05-13 00:07:00,0,0.0554058195947303,0,0,FALSE
2019-05-13 00:08:00,0,0.0554058195947303,0,0,FALSE
2019-05-13 00:09:00,0,0.0554058195947303,0,0,FALSE
2019-05-13 00:10:00,0,0.0554058195947303,0,0,FALSE
2019-05-13 00:11:00,0,0.0554058195947303,0,0,FALSE
2019-05-13 00:12:00,0,0.0554058195947303,0,0,FALSE
2019-05-13 00:13:00,0,0.0554058195947303,0,0,FALSE
2019-05-13 00:14:00,0,0.0554058195947303,0,0,FALSE
2019-05-13 00:15:00,0,0.0554058195947303,0,0,FALSE
2019-05-13 00:16:00,0,0.0554058195947303,0,0,FALSE
2019-05-13 00:17:00,0,0.0554058195947303,0,0,FALSE
2019-05-13 00:18:00,0,0.0554058195947303,0,0,FALSE
2019-05-13 00:19:00,0,0.0554058195947303,0,0,FALSE
2019-05-13 00:20:00,0,0.0554058195947303,0,0,FALSE
2019-05-13 00:21:00,0,0.0554058195947303,0,0,FALSE
2019-05-13 00:22:00,0,0.0554058195947303,0,0,FALSE
2019-05-13 00:23:00,0,0.0554058195947303,0,0,FALSE
2019-05-13 00:24:00,0,0.0554058195947303,0,0,FALSE
2019-05-13 00:25:00,0,0.0554058195947303,0,0,FALSE
2019-05-13 00:26:00,0,0.0554058195947303,0,0,FALSE
2019-05-13 00:27:00,0,0.0554058195947303,0,0,FALSE
2019-05-13 00:28:00,0,0.0554058195947303,0,0,FALSE
2019-05-13 00:29:00,0,0.0554058195947303,0,0,FALSE
2019-05-13 00:30:00,0,0.0554058195947303,0,0,FALSE
2019-05-13 00:31:00,0,0.0554058195947303,0,0,FALSE
2019-05-13 00:32:00,0,0.0554058195947303,0,0,FALSE
2019-05-13 00:33:00,0,0.0554058195947303,0,0,FALSE
2019-05-13 00:34:00,0,0.0554058195947303,0,0,FALSE
2019-05-13 00:35:00,0,0.0554058195947303,0,0,FALSE
2019-05-13 00:36:00,0,0.0554058195947303,0,0,FALSE
2019-05-13 00:37:00,0,0.0554058195947303,0,0,FALSE
2019-05-13 00:38:00,0,0.0554058195947303,0,0,FALSE
2019-05-13 00:39:00,0,0.0554058195947303,0,0,FALSE
2019-05-13 00:40:00,0,0.0554058195947303,0,0,FALSE
2019-05-13 00:41:00,0,0.0554058195947303,0,0,FALSE
2019-05-13 00:42:00,1,0.0554058195947302,296.587352290591,0,FALSE
2019-05-13 00:43:00,1,0.0555471609712475,21.0523740081028,0,FALSE
2019-05-13 00:44:00,2,0.0555471609712474,341.670587134143,0,FALSE
2019-05-13 00:45:00,0,0.0555471609712474,0,0,FALSE
2019-05-13 00:46:00,0,0.0555471609712474,0,0,FALSE
2019-05-13 00:47:00,0,0.0555471609712474,0,0,FALSE
2019-05-13 00:48:00,0,0.0555471609712474,0,0,FALSE
2019-05-13 00:49:00,0,0.0555471609712474,0,0,FALSE
2019-05-13 00:50:00,0,0.0555471609712474,0,0,FALSE
2019-05-13 00:51:00,1,0.0556178316595042,21.5241008522281,0,FALSE
2019-05-13 00:52:00,0,0.0556178316595042,0,0,FALSE
2019-05-13 00:53:00,0,0.0556178316595042,0,0,FALSE
2019-05-13 00:54:00,0,0.0556178316595042,0,0,FALSE
2019-05-13 00:55:00,0,0.0556178316595042,0,0,FALSE
2019-05-13 00:56:00,0,0.0556178316595042,0,0,FALSE
2019-05-13 00:57:00,0,0.0556178316595042,0,0,FALSE
2019-05-13 00:58:00,0,0.0556178316595042,0,0,FALSE
2019-05-13 00:59:00,0,0.0556178316595042,0,0,FALSE
2019-05-13 01:00:00,0,0.0556178316595042,0,0,FALSE
2019-05-13 01:01:00,0,0.0556178316595042,0,0,FALSE
2019-05-13 01:02:00,0,0.0556178316595042,0,0,FALSE
2019-05-13 01:03:00,0,0.0556178316595042,0,0,FALSE
2019-05-13 01:04:00,0,0.0556178316595042,0,0,FALSE
2019-05-13 01:05:00,0,0.0556178316595042,0,0,FALSE
2019-05-13 01:06:00,0,0.0556178316595042,0,0,FALSE
2019-05-13 01:07:00,0,0.0556178316595042,0,0,FALSE
2019-05-13 01:08:00,0,0.0556178316595042,0,0,FALSE
2019-05-13 01:09:00,0,0.0556178316595042,0,0,FALSE
2019-05-13 01:10:00,0,0.0556178316595042,0,0,FALSE
2019-05-13 01:11:00,0,0.0556178316595042,0,0,FALSE
2019-05-13 01:12:00,0,0.0556178316595042,0,0,FALSE
2019-05-13 01:13:00,0,0.0556178316595042,0,0,FALSE
2019-05-13 01:14:00,0,0.0556178316595042,0,0,FALSE
2019-05-13 01:15:00,0,0.0556178316595042,0,0,FALSE
2019-05-13 01:16:00,0,0.0556178316595042,0,0,FALSE
2019-05-13 01:17:00,1,0.0554058195947297,64.9356205650232,0,FALSE
2019-05-13 01:18:00,0,0.0554058195947297,0,0,FALSE
2019-05-13 01:19:00,0,0.0554058195947297,0,0,FALSE
2019-05-13 01:20:00,0,0.0554058195947297,0,0,FALSE
2019-05-13 01:21:00,0,0.0554058195947297,0,0,FALSE
2019-05-13 01:22:00,0,0.0554058195947297,0,0,FALSE
2019-05-13 01:23:00,1,0.0553351489064701,23.9601194765016,0,FALSE
2019-05-13 01:24:00,0,0.0553351489064701,0,0,FALSE
2019-05-13 01:25:00,0,0.0553351489064701,0,0,FALSE
2019-05-13 01:26:00,0,0.0553351489064701,0,0,FALSE
2019-05-13 01:27:00,0,0.0553351489064701,0,0,FALSE
2019-05-13 01:28:00,0,0.0553351489064701,0,0,FALSE
2019-05-13 01:29:00,0,0.0553351489064701,0,0,FALSE
2019-05-13 01:30:00,1,0.055123136841696,20.5609300419526,0,FALSE
2019-05-13 01:31:00,0,0.055123136841696,0,0,FALSE
2019-05-13 01:32:00,2,0.0549111247769202,31.9582746201676,0,FALSE
2019-05-13 01:33:00,3,0.0549111247769202,159.187350728292,0,FALSE
2019-05-13 01:34:00,1,0.0549111247769202,13.7277811942301,0,FALSE
2019-05-13 01:35:00,0,0.0549111247769202,0,0,FALSE
2019-05-13 01:36:00,1,0.0551938075299499,8.44465255208234,0,FALSE
2019-05-13 01:37:00,0,0.0551938075299499,0,0,FALSE
2019-05-13 01:38:00,0,0.0551938075299499,0,0,FALSE
2019-05-13 01:39:00,0,0.0551938075299499,0,0,FALSE
2019-05-13 01:40:00,0,0.0551938075299499,0,0,FALSE
2019-05-13 01:41:00,0,0.0551938075299499,0,0,FALSE
2019-05-13 01:42:00,0,0.0551938075299499,0,0,FALSE
2019-05-13 01:43:00,0,0.0551938075299499,0,0,FALSE
2019-05-13 01:44:00,0,0.0551938075299499,0,0,FALSE
2019-05-13 01:45:00,0,0.0551938075299499,0,0,FALSE
2019-05-13 01:46:00,0,0.0551938075299499,0,0,FALSE
2019-05-13 01:47:00,0,0.0551938075299499,0,0,FALSE
2019-05-13 01:48:00,0,0.0551938075299499,0,0,FALSE
2019-05-13 01:49:00,0,0.0551938075299499,0,0,FALSE
2019-05-13 01:50:00,0,0.0551938075299499,0,0,FALSE
2019-05-13 01:51:00,0,0.0551938075299499,0,0,FALSE
2019-05-13 01:52:00,0,0.0551938075299499,0,0,FALSE
2019-05-13 01:53:00,0,0.0551938075299499,0,0,FALSE
2019-05-13 01:54:00,0,0.0551938075299499,0,0,FALSE
2019-05-13 01:55:00,0,0.0551938075299499,0,0,FALSE
2019-05-13 01:56:00,0,0.0551938075299499,0,0,FALSE
2019-05-13 01:57:00,0,0.0551938075299499,0,0,FALSE
2019-05-13 01:58:00,0,0.0551938075299499,0,0,FALSE
2019-05-13 01:59:00,0,0.0551938075299499,0,0,FALSE
2019-05-13 02:00:00,0,0.0551938075299499,0,0,FALSE
2019-05-13 02:01:00,0,0.0551938075299499,0,0,FALSE
2019-05-13 02:02:00,0,0.0551938075299499,0,0,FALSE
2019-05-13 02:03:00,0,0.0551938075299499,0,0,FALSE
2019-05-13 02:04:00,0,0.0551938075299499,0,0,FALSE
2019-05-13 02:05:00,0,0.0551938075299499,0,0,FALSE
2019-05-13 02:06:00,0,0.0551938075299499,0,0,FALSE
2019-05-13 02:07:00,0,0.0551938075299499,0,0,FALSE
2019-05-13 02:08:00,0,0.0551938075299499,0,0,FALSE
2019-05-13 02:09:00,0,0.0551938075299499,0,0,FALSE
2019-05-13 02:10:00,0,0.0551938075299499,0,0,FALSE
2019-05-13 02:11:00,0,0.0551938075299499,0,0,FALSE
2019-05-13 02:12:00,0,0.0551938075299499,0,0,FALSE
2019-05-13 02:13:00,0,0.0551938075299499,0,0,FALSE
2019-05-13 02:14:00,0,0.0551938075299499,0,0,FALSE
2019-05-13 02:15:00,0,0.0551938075299499,0,0,FALSE
2019-05-13 02:16:00,0,0.0551938075299499,0,0,FALSE
2019-05-13 02:17:00,0,0.0551938075299499,0,0,FALSE
2019-05-13 02:18:00,0,0.0551938075299499,0,0,FALSE
2019-05-13 02:19:00,0,0.0551938075299499,0,0,FALSE
2019-05-13 02:20:00,0,0.0551938075299499,0,0,FALSE
2019-05-13 02:21:00,0,0.0551938075299499,0,0,FALSE
2019-05-13 02:22:00,0,0.0551938075299499,0,0,FALSE
2019-05-13 02:23:00,0,0.0551938075299499,0,0,FALSE
2019-05-13 02:24:00,0,0.0551938075299499,0,0,FALSE
2019-05-13 02:25:00,0,0.0551938075299499,0,0,FALSE
2019-05-13 02:26:00,0,0.0551938075299499,0,0,FALSE
2019-05-13 02:27:00,0,0.0551938075299499,0,0,FALSE
2019-05-13 02:28:00,0,0.0551938075299499,0,0,FALSE
2019-05-13 02:29:00,0,0.0551938075299499,0,0,FALSE
2019-05-13 02:30:00,0,0.0551938075299499,0,0,FALSE
2019-05-13 02:31:00,0,0.0551938075299499,0,0,FALSE
2019-05-13 02:32:00,0,0.0551938075299499,0,0,FALSE
2019-05-13 02:33:00,0,0.0551938075299499,0,0,FALSE
2019-05-13 02:34:00,0,0.0551938075299499,0,0,FALSE
2019-05-13 02:35:00,0,0.0551938075299499,0,0,FALSE
2019-05-13 02:36:00,0,0.0551938075299499,0,0,FALSE
2019-05-13 02:37:00,0,0.0551938075299499,0,0,FALSE
2019-05-13 02:38:00,0,0.0551938075299499,0,0,FALSE
2019-05-13 02:39:00,0,0.0551938075299499,0,0,FALSE
2019-05-13 02:40:00,0,0.0551938075299499,0,0,FALSE
2019-05-13 02:41:00,0,0.0551938075299499,0,0,FALSE
2019-05-13 02:42:00,0,0.0551938075299499,0,0,FALSE
2019-05-13 02:43:00,0,0.0551938075299499,0,0,FALSE
2019-05-13 02:44:00,0,0.0551938075299499,0,0,FALSE
2019-05-13 02:45:00,0,0.0551938075299499,0,0,FALSE
2019-05-13 02:46:00,0,0.0551938075299499,0,0,FALSE
2019-05-13 02:47:00,0,0.0551938075299499,0,0,FALSE
2019-05-13 02:48:00,0,0.0551938075299499,0,0,FALSE
2019-05-13 02:49:00,0,0.0551938075299499,0,0,FALSE
2019-05-13 02:50:00,3,0.0553587058025575,290.444868079219,2,FALSE
2019-05-13 02:51:00,0,0.0553587058025575,0,0,FALSE
2019-05-13 02:52:00,5,0.0554764902829882,195.523250461946,2,FALSE
2019-05-13 02:53:00,1,0.0554058195947303,20.9433998068081,0,FALSE
2019-05-13 02:54:00,1,0.0554764902829855,11.594586469144,0,FALSE
2019-05-13 02:55:00,0,0.0554764902829855,0,0,FALSE
2019-05-13 02:56:00,0,0.0554764902829855,0,0,FALSE
2019-05-13 02:57:00,0,0.0554764902829855,0,0,FALSE
2019-05-13 02:58:00,0,0.0554764902829855,0,0,FALSE
2019-05-13 02:59:00,0,0.0554764902829855,0,0,FALSE
2019-05-13 03:00:00,0,0.0554764902829855,0,0,FALSE
2019-05-13 03:01:00,0,0.0554764902829855,0,0,FALSE
2019-05-13 03:02:00,0,0.0554764902829855,0,0,FALSE
2019-05-13 03:03:00,0,0.0554764902829855,0,0,FALSE
2019-05-13 03:04:00,0,0.0554764902829855,0,0,FALSE
2019-05-13 03:05:00,0,0.0554764902829855,0,0,FALSE
2019-05-13 03:06:00,0,0.0554764902829855,0,0,FALSE
2019-05-13 03:07:00,0,0.0554764902829855,0,0,FALSE
2019-05-13 03:08:00,0,0.0554764902829855,0,0,FALSE
2019-05-13 03:09:00,0,0.0554764902829855,0,0,FALSE
2019-05-13 03:10:00,0,0.0554764902829855,0,0,FALSE
2019-05-13 03:11:00,0,0.0554764902829855,0,0,FALSE
2019-05-13 03:12:00,0,0.0554764902829855,0,0,FALSE
2019-05-13 03:13:00,0,0.0554764902829855,0,0,FALSE
2019-05-13 03:14:00,0,0.0554764902829855,0,0,FALSE
2019-05-13 03:15:00,0,0.0554764902829855,0,0,FALSE
2019-05-13 03:16:00,0,0.0554764902829855,0,0,FALSE
2019-05-13 03:17:00,0,0.0554764902829855,0,0,FALSE
2019-05-13 03:18:00,0,0.0554764902829855,0,0,FALSE
2019-05-13 03:19:00,0,0.0554764902829855,0,0,FALSE
2019-05-13 03:20:00,0,0.0554764902829855,0,0,FALSE
2019-05-13 03:21:00,0,0.0554764902829855,0,0,FALSE
2019-05-13 03:22:00,0,0.0554764902829855,0,0,FALSE
2019-05-13 03:23:00,0,0.0554764902829855,0,0,FALSE
2019-05-13 03:24:00,0,0.0554764902829855,0,0,FALSE
2019-05-13 03:25:00,0,0.0554764902829855,0,0,FALSE
2019-05-13 03:26:00,0,0.0554764902829855,0,0,FALSE
2019-05-13 03:27:00,0,0.0554764902829855,0,0,FALSE
2019-05-13 03:28:00,0,0.0554764902829855,0,0,FALSE
2019-05-13 03:29:00,0,0.0554764902829855,0,0,FALSE
2019-05-13 03:30:00,0,0.0554764902829855,0,0,FALSE
2019-05-13 03:31:00,0,0.0554764902829855,0,0,FALSE
2019-05-13 03:32:00,1,0.0553151177620723,12.0586956721318,0,FALSE
2019-05-13 03:33:00,0,0.0553151177620723,0,0,FALSE
2019-05-13 03:34:00,1,0.0553856727592178,35.2252878748625,0,FALSE
2019-05-13 03:35:00,0,0.0553856727592178,0,0,FALSE
2019-05-13 03:36:00,1,0.0553856727592166,31.4036764544758,0,FALSE
2019-05-13 03:37:00,1,0.0554562277563623,36.7674790024682,0,FALSE
2019-05-13 03:38:00,0,0.0554562277563623,0,0,FALSE
2019-05-13 03:39:00,0,0.0554562277563623,0,0,FALSE
2019-05-13 03:40:00,0,0.0554562277563623,0,0,FALSE
2019-05-13 03:41:00,0,0.0554562277563623,0,0,FALSE
2019-05-13 03:42:00,0,0.0554562277563623,0,0,FALSE
2019-05-13 03:43:00,0,0.0554562277563623,0,0,FALSE
2019-05-13 03:44:00,0,0.0554562277563623,0,0,FALSE
2019-05-13 03:45:00,0,0.0554562277563623,0,0,FALSE
2019-05-13 03:46:00,0,0.0554562277563623,0,0,FALSE
2019-05-13 03:47:00,0,0.0554562277563623,0,0,FALSE
2019-05-13 03:48:00,0,0.0554562277563623,0,0,FALSE
2019-05-13 03:49:00,0,0.0554562277563623,0,0,FALSE
2019-05-13 03:50:00,0,0.0554562277563623,0,0,FALSE
2019-05-13 03:51:00,0,0.0554562277563623,0,0,FALSE
2019-05-13 03:52:00,0,0.0554562277563623,0,0,FALSE
2019-05-13 03:53:00,0,0.0554562277563623,0,0,FALSE
2019-05-13 03:54:00,2,0.0553856727592178,21.1573269940212,2,FALSE
2019-05-13 03:55:00,0,0.0553856727592178,0,0,FALSE
2019-05-13 03:56:00,0,0.0553856727592178,0,0,FALSE
2019-05-13 03:57:00,0,0.0553856727592178,0,0,FALSE
2019-05-13 03:58:00,0,0.0553856727592178,0,0,FALSE
2019-05-13 03:59:00,0,0.0553856727592178,0,0,FALSE
2019-05-13 04:00:00,0,0.0553856727592178,0,0,FALSE
2019-05-13 04:01:00,0,0.0553856727592178,0,0,FALSE
2019-05-13 04:02:00,0,0.0553856727592178,0,0,FALSE
2019-05-13 04:03:00,0,0.0553856727592178,0,0,FALSE
2019-05-13 04:04:00,0,0.0553856727592178,0,0,FALSE
2019-05-13 04:05:00,1,0.0553856727592164,27.8589933978859,0,FALSE
2019-05-13 04:06:00,2,0.0555620602520814,329.944235311183,0,FALSE
2019-05-13 04:07:00,4,0.0557384477449453,71.2129224938822,2,FALSE
2019-05-13 04:08:00,2,0.0557737252435181,37.9299431354381,2,FALSE
2019-05-13 04:09:00,12,0.0558971964885227,726.169881035768,0,FALSE
2019-05-13 04:10:00,7,0.0560609848747533,561.933369780415,2,FALSE
2019-05-13 04:11:00,7,0.0560912227306728,329.872480879087,0,FALSE
2019-05-13 04:12:00,9,0.0562558510573456,3601.41124983484,2,FALSE
2019-05-13 04:13:00,7,0.0561718570131248,540.897820711466,0,FALSE
2019-05-13 04:14:00,0,0.0561718570131248,0,0,FALSE
2019-05-13 04:15:00,0,0.0561718570131248,0,0,FALSE
2019-05-13 04:16:00,0,0.0561718570131248,0,0,FALSE
2019-05-13 04:17:00,0,0.0561718570131248,0,0,FALSE
2019-05-13 04:18:00,0,0.0561718570131248,0,0,FALSE
2019-05-13 04:19:00,1,0.0557384477449453,69.5615827856918,0,FALSE
2019-05-13 04:20:00,1,0.0559501127363818,25.4013511823173,0,FALSE
2019-05-13 04:21:00,0,0.0559501127363818,0,0,FALSE
2019-05-13 04:22:00,0,0.0559501127363818,0,0,FALSE
2019-05-13 04:23:00,0,0.0559501127363818,0,0,FALSE
2019-05-13 04:24:00,0,0.0559501127363818,0,0,FALSE
2019-05-13 04:25:00,2,0.0560206677335273,256.910782225956,0,FALSE
2019-05-13 04:26:00,7,0.0563028877221093,1033.21774978329,3,FALSE
2019-05-13 04:27:00,0,0.0563028877221093,0,0,FALSE
2019-05-13 04:28:00,9,0.0560441860659092,668.502882998848,2,FALSE
2019-05-13 04:29:00,0,0.0560441860659092,0,0,FALSE
2019-05-13 04:30:00,0,0.0560441860659092,0,0,FALSE
2019-05-13 04:31:00,0,0.0560441860659092,0,0,FALSE
2019-05-13 04:32:00,0,0.0560441860659092,0,0,FALSE
2019-05-13 04:33:00,0,0.0560441860659092,0,0,FALSE
2019-05-13 04:34:00,0,0.0560441860659092,0,0,FALSE
2019-05-13 04:35:00,0,0.0560441860659092,0,0,FALSE
2019-05-13 04:36:00,0,0.0560441860659092,0,0,FALSE
2019-05-13 04:37:00,0,0.0560441860659092,0,0,FALSE
2019-05-13 04:38:00,0,0.0560441860659092,0,0,FALSE
2019-05-13 04:39:00,0,0.0560441860659092,0,0,FALSE
2019-05-13 04:40:00,0,0.0560441860659092,0,0,FALSE
2019-05-13 04:41:00,0,0.0560441860659092,0,0,FALSE
2019-05-13 04:42:00,0,0.0560441860659092,0,0,FALSE
2019-05-13 04:43:00,0,0.0560441860659092,0,0,FALSE
2019-05-13 04:44:00,0,0.0560441860659092,0,0,FALSE
2019-05-13 04:45:00,0,0.0560441860659092,0,0,FALSE
2019-05-13 04:46:00,0,0.0560441860659092,0,0,FALSE
2019-05-13 04:47:00,0,0.0560441860659092,0,0,FALSE
2019-05-13 04:48:00,0,0.0560441860659092,0,0,FALSE
2019-05-13 04:49:00,0,0.0560441860659092,0,0,FALSE
2019-05-13 04:50:00,0,0.0560441860659092,0,0,FALSE
2019-05-13 04:51:00,0,0.0560441860659092,0,0,FALSE
2019-05-13 04:52:00,0,0.0560441860659092,0,0,FALSE
2019-05-13 04:53:00,0,0.0560441860659092,0,0,FALSE
2019-05-13 04:54:00,2,0.0560206677335273,50.7547249665758,2,FALSE
2019-05-13 04:55:00,0,0.0560206677335273,0,0,FALSE
2019-05-13 04:56:00,0,0.0560206677335273,0,0,FALSE
2019-05-13 04:57:00,0,0.0560206677335273,0,0,FALSE
2019-05-13 04:58:00,0,0.0560206677335273,0,0,FALSE
2019-05-13 04:59:00,0,0.0560206677335273,0,0,FALSE
2019-05-13 05:00:00,0,0.0560206677335273,0,0,FALSE
2019-05-13 05:01:00,0,0.0560206677335273,0,0,FALSE
2019-05-13 05:02:00,0,0.0560206677335273,0,0,FALSE
2019-05-13 05:03:00,0,0.0560206677335273,0,0,FALSE
2019-05-13 05:04:00,0,0.0560206677335273,0,0,FALSE
2019-05-13 05:05:00,0,0.0560206677335273,0,0,FALSE
2019-05-13 05:06:00,0,0.0560206677335273,0,0,FALSE
2019-05-13 05:07:00,0,0.0560206677335273,0,0,FALSE
2019-05-13 05:08:00,0,0.0560206677335273,0,0,FALSE
2019-05-13 05:09:00,0,0.0560206677335273,0,0,FALSE
2019-05-13 05:10:00,0,0.0560206677335273,0,0,FALSE
2019-05-13 05:11:00,0,0.0560206677335273,0,0,FALSE
2019-05-13 05:12:00,0,0.0560206677335273,0,0,FALSE
2019-05-13 05:13:00,0,0.0560206677335273,0,0,FALSE
2019-05-13 05:14:00,3,0.0559501127363818,209.430796896892,3,FALSE
2019-05-13 05:15:00,2,0.0558090027420908,43.4752131360887,0,FALSE
2019-05-13 05:16:00,0,0.0558090027420908,0,0,FALSE
2019-05-13 05:17:00,0,0.0558090027420908,0,0,FALSE
2019-05-13 05:18:00,0,0.0558090027420908,0,0,FALSE
2019-05-13 05:19:00,0,0.0558090027420908,0,0,FALSE
2019-05-13 05:20:00,0,0.0558090027420908,0,0,FALSE
2019-05-13 05:21:00,0,0.0558090027420908,0,0,FALSE
2019-05-13 05:22:00,0,0.0558090027420908,0,0,FALSE
2019-05-13 05:23:00,0,0.0558090027420908,0,0,FALSE
2019-05-13 05:24:00,0,0.0558090027420908,0,0,FALSE
2019-05-13 05:25:00,0,0.0558090027420908,0,0,FALSE
2019-05-13 05:26:00,0,0.0558090027420908,0,0,FALSE
2019-05-13 05:27:00,0,0.0558090027420908,0,0,FALSE
2019-05-13 05:28:00,1,0.0559501127363818,44.7041400763691,0,FALSE
2019-05-13 05:29:00,0,0.0559501127363818,0,0,FALSE
2019-05-13 05:30:00,0,0.0559501127363818,0,0,FALSE
2019-05-13 05:31:00,0,0.0559501127363818,0,0,FALSE
2019-05-13 05:32:00,0,0.0559501127363818,0,0,FALSE
2019-05-13 05:33:00,0,0.0559501127363818,0,0,FALSE
2019-05-13 05:34:00,0,0.0559501127363818,0,0,FALSE
2019-05-13 05:35:00,0,0.0559501127363818,0,0,FALSE
2019-05-13 05:36:00,0,0.0559501127363818,0,0,FALSE
2019-05-13 05:37:00,0,0.0559501127363818,0,0,FALSE
2019-05-13 05:38:00,0,0.0559501127363818,0,0,FALSE
2019-05-13 05:39:00,2,0.0560912227306728,213.202737599287,0,FALSE
2019-05-13 05:40:00,0,0.0560912227306728,0,0,FALSE
2019-05-13 05:41:00,0,0.0560912227306728,0,0,FALSE
2019-05-13 05:42:00,0,0.0560912227306728,0,0,FALSE
2019-05-13 05:43:00,0,0.0560912227306728,0,0,FALSE
2019-05-13 05:44:00,0,0.0560912227306728,0,0,FALSE
2019-05-13 05:45:00,0,0.0560912227306728,0,0,FALSE
2019-05-13 05:46:00,11,0.0565337949854943,1470.45010095883,11,FALSE
2019-05-13 05:47:00,7,0.0566052662813038,790.633653612705,7,FALSE
2019-05-13 05:48:00,0,0.0566052662813038,0,0,FALSE
2019-05-13 05:49:00,0,0.0566052662813038,0,0,FALSE
2019-05-13 05:50:00,0,0.0566052662813038,0,0,FALSE
2019-05-13 05:51:00,0,0.0566052662813038,0,0,FALSE
2019-05-13 05:52:00,0,0.0566052662813038,0,0,FALSE
2019-05-13 05:53:00,0,0.0566052662813038,0,0,FALSE
2019-05-13 05:54:00,0,0.0566052662813038,0,0,FALSE
2019-05-13 05:55:00,0,0.0566052662813038,0,0,FALSE
2019-05-13 05:56:00,0,0.0566052662813038,0,0,FALSE
2019-05-13 05:57:00,0,0.0566052662813038,0,0,FALSE
2019-05-13 05:58:00,2,0.0561970552263911,101.036660897279,0,FALSE
2019-05-13 05:59:00,0,0.0561970552263911,0,0,FALSE
2019-05-13 06:00:00,0,0.0561970552263911,0,0,FALSE
2019-05-13 06:01:00,0,0.0561970552263911,0,0,FALSE
2019-05-13 06:02:00,0,0.0561970552263911,0,0,FALSE
2019-05-13 06:03:00,1,0.0561617777278183,147.593151868707,0,FALSE
2019-05-13 06:04:00,0,0.0561617777278183,0,0,FALSE
2019-05-13 06:05:00,0,0.0561617777278183,0,0,FALSE
2019-05-13 06:06:00,0,0.0561617777278183,0,0,FALSE
2019-05-13 06:07:00,0,0.0561617777278183,0,0,FALSE
2019-05-13 06:08:00,6,0.0562558510573457,764.836488896402,2,FALSE
2019-05-13 06:09:00,1,0.0560912227306728,61.8686186719321,0,FALSE
2019-05-13 06:10:00,2,0.0560912227306728,253.083596960796,0,FALSE
2019-05-13 06:11:00,1,0.0560912227306728,47.1166270937652,0,FALSE
2019-05-13 06:12:00,0,0.0560912227306728,0,0,FALSE
2019-05-13 06:13:00,2,0.0561970552263911,24.7842771772828,2,FALSE
2019-05-13 06:14:00,3,0.0562558510573457,260.616260121041,2,FALSE
2019-05-13 06:15:00,0,0.0562558510573457,0,0,FALSE
2019-05-13 06:16:00,1,0.0563028877221093,18.6925587237403,0,FALSE
2019-05-13 06:17:00,1,0.0562323327249638,124.72331398397,0,FALSE
2019-05-13 06:18:00,1,0.0562323327249633,82.3241351093463,0,FALSE
2019-05-13 06:19:00,2,0.0562676102235366,85.6141851812389,0,FALSE
2019-05-13 06:20:00,2,0.0563381652206821,1906.08579254897,0,FALSE
2019-05-13 06:21:00,1,0.0565851077106913,7.41264911010056,0,FALSE
2019-05-13 06:22:00,0,0.0565851077106913,0,0,FALSE
2019-05-13 06:23:00,2,0.0566203852092641,330.742847323874,2,FALSE
2019-05-13 06:24:00,0,0.0566203852092641,0,0,FALSE
2019-05-13 06:25:00,0,0.0566203852092641,0,0,FALSE
2019-05-13 06:26:00,0,0.0566203852092641,0,0,FALSE
2019-05-13 06:27:00,0,0.0566203852092641,0,0,FALSE
2019-05-13 06:28:00,0,0.0566203852092641,0,0,FALSE
2019-05-13 06:29:00,0,0.0566203852092641,0,0,FALSE
2019-05-13 06:30:00,0,0.0566203852092641,0,0,FALSE
2019-05-13 06:31:00,0,0.0566203852092641,0,0,FALSE
2019-05-13 06:32:00,0,0.0566203852092641,0,0,FALSE
2019-05-13 06:33:00,0,0.0566203852092641,0,0,FALSE
2019-05-13 06:34:00,0,0.0566203852092641,0,0,FALSE
2019-05-13 06:35:00,0,0.0566203852092641,0,0,FALSE
2019-05-13 06:36:00,0,0.0566203852092641,0,0,FALSE
2019-05-13 06:37:00,0,0.0566203852092641,0,0,FALSE
2019-05-13 06:38:00,0,0.0566203852092641,0,0,FALSE
2019-05-13 06:39:00,0,0.0566203852092641,0,0,FALSE
2019-05-13 06:40:00,0,0.0566203852092641,0,0,FALSE
2019-05-13 06:41:00,0,0.0566203852092641,0,0,FALSE
2019-05-13 06:42:00,0,0.0566203852092641,0,0,FALSE
2019-05-13 06:43:00,0,0.0566203852092641,0,0,FALSE
2019-05-13 06:44:00,0,0.0566203852092641,0,0,FALSE
2019-05-13 06:45:00,0,0.0566203852092641,0,0,FALSE
2019-05-13 06:46:00,0,0.0566203852092641,0,0,FALSE
2019-05-13 06:47:00,0,0.0566203852092641,0,0,FALSE
2019-05-13 06:48:00,0,0.0566203852092641,0,0,FALSE
2019-05-13 06:49:00,0,0.0566203852092641,0,0,FALSE
2019-05-13 06:50:00,0,0.0566203852092641,0,0,FALSE
2019-05-13 06:51:00,1,0.056514552713544,21.6450736892873,0,FALSE
2019-05-13 06:52:00,0,0.056514552713544,0,0,FALSE
2019-05-13 06:53:00,0,0.056514552713544,0,0,FALSE
2019-05-13 06:54:00,0,0.056514552713544,0,0,FALSE
2019-05-13 06:55:00,1,0.0565145527135458,38.6559540560653,0,FALSE
2019-05-13 06:56:00,0,0.0565145527135458,0,0,FALSE
2019-05-13 06:57:00,0,0.0565145527135458,0,0,FALSE
2019-05-13 06:58:00,0,0.0565145527135458,0,0,FALSE
2019-05-13 06:59:00,1,0.0565145527135458,87.4845276005689,0,FALSE
2019-05-13 07:00:00,2,0.0565851077106909,86.2922892588035,0,FALSE
2019-05-13 07:01:00,0,0.0565851077106909,0,0,FALSE
2019-05-13 07:02:00,0,0.0565851077106909,0,0,FALSE
2019-05-13 07:03:00,4,0.0566733014571224,158.378470952354,3,FALSE
2019-05-13 07:04:00,0,0.0566733014571224,0,0,FALSE
2019-05-13 07:05:00,0,0.0566733014571224,0,0,FALSE
2019-05-13 07:06:00,0,0.0566733014571224,0,0,FALSE
2019-05-13 07:07:00,0,0.0566733014571224,0,0,FALSE
2019-05-13 07:08:00,0,0.0566733014571224,0,0,FALSE
2019-05-13 07:09:00,0,0.0566733014571224,0,0,FALSE
2019-05-13 07:10:00,0,0.0566733014571224,0,0,FALSE
2019-05-13 07:11:00,0,0.0566733014571224,0,0,FALSE
2019-05-13 07:12:00,0,0.0566733014571224,0,0,FALSE
2019-05-13 07:13:00,0,0.0566733014571224,0,0,FALSE
2019-05-13 07:14:00,0,0.0566733014571224,0,0,FALSE
2019-05-13 07:15:00,0,0.0566733014571224,0,0,FALSE
2019-05-13 07:16:00,0,0.0566733014571224,0,0,FALSE
2019-05-13 07:17:00,0,0.0566733014571224,0,0,FALSE
2019-05-13 07:18:00,0,0.0566733014571224,0,0,FALSE
2019-05-13 07:19:00,0,0.0566733014571224,0,0,FALSE
2019-05-13 07:20:00,0,0.0566733014571224,0,0,FALSE
2019-05-13 07:21:00,0,0.0566733014571224,0,0,FALSE
2019-05-13 07:22:00,0,0.0566733014571224,0,0,FALSE
2019-05-13 07:23:00,0,0.0566733014571224,0,0,FALSE
2019-05-13 07:24:00,0,0.0566733014571224,0,0,FALSE
2019-05-13 07:25:00,0,0.0566733014571224,0,0,FALSE
2019-05-13 07:26:00,0,0.0566733014571224,0,0,FALSE
2019-05-13 07:27:00,1,0.0562323327249638,39.4188652401996,0,FALSE
2019-05-13 07:28:00,0,0.0562323327249638,0,0,FALSE
2019-05-13 07:29:00,0,0.0562323327249638,0,0,FALSE
2019-05-13 07:30:00,0,0.0562323327249638,0,0,FALSE
2019-05-13 07:31:00,0,0.0562323327249638,0,0,FALSE
2019-05-13 07:32:00,0,0.0562323327249638,0,0,FALSE
2019-05-13 07:33:00,0,0.0562323327249638,0,0,FALSE
2019-05-13 07:34:00,0,0.0562323327249638,0,0,FALSE
2019-05-13 07:35:00,0,0.0562323327249638,0,0,FALSE
2019-05-13 07:36:00,0,0.0562323327249638,0,0,FALSE
2019-05-13 07:37:00,0,0.0562323327249638,0,0,FALSE
2019-05-13 07:38:00,0,0.0562323327249638,0,0,FALSE
2019-05-13 07:39:00,0,0.0562323327249638,0,0,FALSE
2019-05-13 07:40:00,0,0.0562323327249638,0,0,FALSE
2019-05-13 07:41:00,0,0.0562323327249638,0,0,FALSE
2019-05-13 07:42:00,0,0.0562323327249638,0,0,FALSE
2019-05-13 07:43:00,0,0.0562323327249638,0,0,FALSE
2019-05-13 07:44:00,4,0.0563381652206821,114.368662602896,0,FALSE
2019-05-13 07:45:00,0,0.0563381652206821,0,0,FALSE
2019-05-13 07:46:00,0,0.0563381652206821,0,0,FALSE
2019-05-13 07:47:00,0,0.0563381652206821,0,0,FALSE
2019-05-13 07:48:00,0,0.0563381652206821,0,0,FALSE
2019-05-13 07:49:00,0,0.0563381652206821,0,0,FALSE
2019-05-13 07:50:00,0,0.0563381652206821,0,0,FALSE
2019-05-13 07:51:00,0,0.0563381652206821,0,0,FALSE
2019-05-13 07:52:00,0,0.0563381652206821,0,0,FALSE
2019-05-13 07:53:00,0,0.0563381652206821,0,0,FALSE
2019-05-13 07:54:00,1,0.0563734427192548,7.83590853797642,0,FALSE
2019-05-13 07:55:00,0,0.0563734427192548,0,0,FALSE
2019-05-13 07:56:00,1,0.0563734427192548,112.69051199579,0,FALSE
2019-05-13 07:57:00,15,0.056872031365749,2901.54406006992,13,FALSE
2019-05-13 07:58:00,0,0.056872031365749,0,0,FALSE
2019-05-13 07:59:00,0,0.056872031365749,0,0,FALSE
2019-05-13 08:00:00,0,0.056872031365749,0,0,FALSE
2019-05-13 08:01:00,0,0.056872031365749,0,0,FALSE
2019-05-13 08:02:00,1,0.0565851077106901,31.9140007488292,0,FALSE
2019-05-13 08:03:00,0,0.0565851077106901,0,0,FALSE
2019-05-13 08:04:00,1,0.0568673276992733,56.3555217499799,0,FALSE
2019-05-13 08:05:00,0,0.0568673276992733,0,0,FALSE
2019-05-13 08:06:00,0,0.0568673276992733,0,0,FALSE
2019-05-13 08:07:00,0,0.0568673276992733,0,0,FALSE
2019-05-13 08:08:00,0,0.0568673276992733,0,0,FALSE
2019-05-13 08:09:00,0,0.0568673276992733,0,0,FALSE
2019-05-13 08:10:00,0,0.0568673276992733,0,0,FALSE
2019-05-13 08:11:00,0,0.0568673276992733,0,0,FALSE
2019-05-13 08:12:00,0,0.0568673276992733,0,0,FALSE
2019-05-13 08:13:00,0,0.0568673276992733,0,0,FALSE
2019-05-13 08:14:00,0,0.0568673276992733,0,0,FALSE
2019-05-13 08:15:00,0,0.0568673276992733,0,0,FALSE
2019-05-13 08:16:00,1,0.058653150637898,26.1593051845025,0,FALSE
2019-05-13 08:17:00,0,0.058653150637898,0,0,FALSE
2019-05-13 08:18:00,0,0.058653150637898,0,0,FALSE
2019-05-13 08:19:00,0,0.058653150637898,0,0,FALSE
2019-05-13 08:20:00,1,0.058653150637898,256.783493492718,0,FALSE
2019-05-13 08:21:00,0,0.058653150637898,0,0,FALSE
2019-05-13 08:22:00,0,0.058653150637898,0,0,FALSE
2019-05-13 08:23:00,0,0.058653150637898,0,0,FALSE
2019-05-13 08:24:00,0,0.058653150637898,0,0,FALSE
2019-05-13 08:25:00,0,0.058653150637898,0,0,FALSE
2019-05-13 08:26:00,0,0.058653150637898,0,0,FALSE
2019-05-13 08:27:00,0,0.058653150637898,0,0,FALSE
2019-05-13 08:28:00,0,0.058653150637898,0,0,FALSE
2019-05-13 08:29:00,0,0.058653150637898,0,0,FALSE
2019-05-13 08:30:00,0,0.058653150637898,0,0,FALSE
2019-05-13 08:31:00,0,0.058653150637898,0,0,FALSE
2019-05-13 08:32:00,0,0.058653150637898,0,0,FALSE
2019-05-13 08:33:00,0,0.058653150637898,0,0,FALSE
2019-05-13 08:34:00,0,0.058653150637898,0,0,FALSE
2019-05-13 08:35:00,0,0.058653150637898,0,0,FALSE
2019-05-13 08:36:00,0,0.058653150637898,0,0,FALSE
2019-05-13 08:37:00,0,0.058653150637898,0,0,FALSE
2019-05-13 08:38:00,1,0.0584351091857098,15.7190443709559,0,FALSE
2019-05-13 08:39:00,0,0.0584351091857098,0,0,FALSE
2019-05-13 08:40:00,0,0.0584351091857098,0,0,FALSE
2019-05-13 08:41:00,0,0.0584351091857098,0,0,FALSE
2019-05-13 08:42:00,0,0.0584351091857098,0,0,FALSE
2019-05-13 08:43:00,0,0.0584351091857098,0,0,FALSE
2019-05-13 08:44:00,0,0.0584351091857098,0,0,FALSE
2019-05-13 08:45:00,0,0.0584351091857098,0,0,FALSE
2019-05-13 08:46:00,0,0.0584351091857098,0,0,FALSE
2019-05-13 08:47:00,0,0.0584351091857098,0,0,FALSE
2019-05-13 08:48:00,0,0.0584351091857098,0,0,FALSE
2019-05-13 08:49:00,0,0.0584351091857098,0,0,FALSE
2019-05-13 08:50:00,0,0.0584351091857098,0,0,FALSE
2019-05-13 08:51:00,0,0.0584351091857098,0,0,FALSE
2019-05-13 08:52:00,0,0.0584351091857098,0,0,FALSE
2019-05-13 08:53:00,1,0.058653150637898,7.39029698037515,0,FALSE
2019-05-13 08:54:00,0,0.058653150637898,0,0,FALSE
2019-05-13 08:55:00,0,0.058653150637898,0,0,FALSE
2019-05-13 08:56:00,0,0.058653150637898,0,0,FALSE
2019-05-13 08:57:00,0,0.058653150637898,0,0,FALSE
2019-05-13 08:58:00,0,0.058653150637898,0,0,FALSE
2019-05-13 08:59:00,0,0.058653150637898,0,0,FALSE
2019-05-13 09:00:00,0,0.058653150637898,0,0,FALSE
2019-05-13 09:01:00,0,0.058653150637898,0,0,FALSE
2019-05-13 09:02:00,0,0.058653150637898,0,0,FALSE
2019-05-13 09:03:00,0,0.058653150637898,0,0,FALSE
2019-05-13 09:04:00,0,0.058653150637898,0,0,FALSE
2019-05-13 09:05:00,0,0.058653150637898,0,0,FALSE
2019-05-13 09:06:00,2,0.058653150637898,57.538740775778,0,FALSE
2019-05-13 09:07:00,2,0.0587258311219599,131.604587544312,0,FALSE
2019-05-13 09:08:00,0,0.0587258311219599,0,0,FALSE
2019-05-13 09:09:00,0,0.0587258311219599,0,0,FALSE
2019-05-13 09:10:00,0,0.0587258311219599,0,0,FALSE
2019-05-13 09:11:00,0,0.0587258311219599,0,0,FALSE
2019-05-13 09:12:00,0,0.0587258311219599,0,0,FALSE
2019-05-13 09:13:00,0,0.0587258311219599,0,0,FALSE
2019-05-13 09:14:00,2,0.0586894908799289,10.8540308093099,2,FALSE
2019-05-13 09:15:00,0,0.0586894908799289,0,0,FALSE
2019-05-13 09:16:00,0,0.0586894908799289,0,0,FALSE
2019-05-13 09:17:00,0,0.0586894908799289,0,0,FALSE
2019-05-13 09:18:00,0,0.0586894908799289,0,0,FALSE
2019-05-13 09:19:00,2,0.0587258311219599,72.5851272667424,2,FALSE
2019-05-13 09:20:00,0,0.0587258311219599,0,0,FALSE
2019-05-13 09:21:00,0,0.0587258311219599,0,0,FALSE
2019-05-13 09:22:00,0,0.0587258311219599,0,0,FALSE
2019-05-13 09:23:00,0,0.0587258311219599,0,0,FALSE
2019-05-13 09:24:00,0,0.0587258311219599,0,0,FALSE
2019-05-13 09:25:00,0,0.0587258311219599,0,0,FALSE
2019-05-13 09:26:00,0,0.0587258311219599,0,0,FALSE
2019-05-13 09:27:00,0,0.0587258311219599,0,0,FALSE
2019-05-13 09:28:00,1,0.0587985116060217,9.93694846141766,0,FALSE
2019-05-13 09:29:00,0,0.0587985116060217,0,0,FALSE
2019-05-13 09:30:00,0,0.0587985116060217,0,0,FALSE
2019-05-13 09:31:00,0,0.0587985116060217,0,0,FALSE
2019-05-13 09:32:00,0,0.0587985116060217,0,0,FALSE
2019-05-13 09:33:00,0,0.0587985116060217,0,0,FALSE
2019-05-13 09:34:00,0,0.0587985116060217,0,0,FALSE
2019-05-13 09:35:00,0,0.0587985116060217,0,0,FALSE
2019-05-13 09:36:00,0,0.0587985116060217,0,0,FALSE
2019-05-13 09:37:00,0,0.0587985116060217,0,0,FALSE
2019-05-13 09:38:00,0,0.0587985116060217,0,0,FALSE
2019-05-13 09:39:00,0,0.0587985116060217,0,0,FALSE
2019-05-13 09:40:00,0,0.0587985116060217,0,0,FALSE
2019-05-13 09:41:00,0,0.0587985116060217,0,0,FALSE
2019-05-13 09:42:00,0,0.0587985116060217,0,0,FALSE
2019-05-13 09:43:00,0,0.0587985116060217,0,0,FALSE
2019-05-13 09:44:00,0,0.0587985116060217,0,0,FALSE
2019-05-13 09:45:00,0,0.0587985116060217,0,0,FALSE
2019-05-13 09:46:00,0,0.0587985116060217,0,0,FALSE
2019-05-13 09:47:00,0,0.0587985116060217,0,0,FALSE
2019-05-13 09:48:00,0,0.0587985116060217,0,0,FALSE
2019-05-13 09:49:00,0,0.0587985116060217,0,0,FALSE
2019-05-13 09:50:00,0,0.0587985116060217,0,0,FALSE
2019-05-13 09:51:00,0,0.0587985116060217,0,0,FALSE
2019-05-13 09:52:00,0,0.0587985116060217,0,0,FALSE
2019-05-13 09:53:00,0,0.0587985116060217,0,0,FALSE
2019-05-13 09:54:00,0,0.0587985116060217,0,0,FALSE
2019-05-13 09:55:00,1,0.0585804701538362,27.532820972303,0,FALSE
2019-05-13 09:56:00,0,0.0585804701538362,0,0,FALSE
2019-05-13 09:57:00,0,0.0585804701538362,0,0,FALSE
2019-05-13 09:58:00,0,0.0585804701538362,0,0,FALSE
2019-05-13 09:59:00,0,0.0585804701538362,0,0,FALSE
2019-05-13 10:00:00,0,0.0585804701538362,0,0,FALSE
2019-05-13 10:01:00,0,0.0585804701538362,0,0,FALSE
2019-05-13 10:02:00,0,0.0585804701538362,0,0,FALSE
2019-05-13 10:03:00,0,0.0585804701538362,0,0,FALSE
2019-05-13 10:04:00,0,0.0585804701538362,0,0,FALSE
2019-05-13 10:05:00,0,0.0585804701538362,0,0,FALSE
2019-05-13 10:06:00,0,0.0585804701538362,0,0,FALSE
2019-05-13 10:07:00,0,0.0585804701538362,0,0,FALSE
2019-05-13 10:08:00,0,0.0585804701538362,0,0,FALSE
2019-05-13 10:09:00,0,0.0585804701538362,0,0,FALSE
2019-05-13 10:10:00,0,0.0585804701538362,0,0,FALSE
2019-05-13 10:11:00,0,0.0585804701538362,0,0,FALSE
2019-05-13 10:12:00,0,0.0585804701538362,0,0,FALSE
2019-05-13 10:13:00,0,0.0585804701538362,0,0,FALSE
2019-05-13 10:14:00,0,0.0585804701538362,0,0,FALSE
2019-05-13 10:15:00,0,0.0585804701538362,0,0,FALSE
2019-05-13 10:16:00,0,0.0585804701538362,0,0,FALSE
2019-05-13 10:17:00,0,0.0585804701538362,0,0,FALSE
2019-05-13 10:18:00,0,0.0585804701538362,0,0,FALSE
2019-05-13 10:19:00,0,0.0585804701538362,0,0,FALSE
2019-05-13 10:20:00,0,0.0585804701538362,0,0,FALSE
2019-05-13 10:21:00,0,0.0585804701538362,0,0,FALSE
2019-05-13 10:22:00,0,0.0585804701538362,0,0,FALSE
2019-05-13 10:23:00,0,0.0585804701538362,0,0,FALSE
2019-05-13 10:24:00,0,0.0585804701538362,0,0,FALSE
2019-05-13 10:25:00,0,0.0585804701538362,0,0,FALSE
2019-05-13 10:26:00,2,0.0582170677335263,295.281328373492,2,FALSE
2019-05-13 10:27:00,0,0.0582170677335263,0,0,FALSE
2019-05-13 10:28:00,1,0.0582897482175889,85.7442196280732,0,FALSE
2019-05-13 10:29:00,0,0.0582897482175889,0,0,FALSE
2019-05-13 10:30:00,0,0.0582897482175889,0,0,FALSE
2019-05-13 10:31:00,0,0.0582897482175889,0,0,FALSE
2019-05-13 10:32:00,0,0.0582897482175889,0,0,FALSE
2019-05-13 10:33:00,0,0.0582897482175889,0,0,FALSE
2019-05-13 10:34:00,0,0.0582897482175889,0,0,FALSE
2019-05-13 10:35:00,0,0.0582897482175889,0,0,FALSE
2019-05-13 10:36:00,0,0.0582897482175889,0,0,FALSE
2019-05-13 10:37:00,0,0.0582897482175889,0,0,FALSE
2019-05-13 10:38:00,0,0.0582897482175889,0,0,FALSE
2019-05-13 10:39:00,2,0.0583987689436816,1477.51342027876,2,FALSE
2019-05-13 10:40:00,1,0.0584351091857118,61.4152997541831,0,FALSE
2019-05-13 10:41:00,0,0.0584351091857118,0,0,FALSE
2019-05-13 10:42:00,0,0.0584351091857118,0,0,FALSE
2019-05-13 10:43:00,0,0.0584351091857118,0,0,FALSE
2019-05-13 10:44:00,0,0.0584351091857118,0,0,FALSE
2019-05-13 10:45:00,0,0.0584351091857118,0,0,FALSE
2019-05-13 10:46:00,0,0.0584351091857118,0,0,FALSE
2019-05-13 10:47:00,2,0.0584714494277431,298.905613391719,0,FALSE
2019-05-13 10:48:00,2,0.058653150637898,33.9183829410074,2,FALSE
2019-05-13 10:49:00,0,0.058653150637898,0,0,FALSE
2019-05-13 10:50:00,0,0.058653150637898,0,0,FALSE
2019-05-13 10:51:00,0,0.058653150637898,0,0,FALSE
2019-05-13 10:52:00,0,0.058653150637898,0,0,FALSE
2019-05-13 10:53:00,0,0.058653150637898,0,0,FALSE
2019-05-13 10:54:00,0,0.058653150637898,0,0,FALSE
2019-05-13 10:55:00,0,0.058653150637898,0,0,FALSE
2019-05-13 10:56:00,0,0.058653150637898,0,0,FALSE
2019-05-13 10:57:00,0,0.058653150637898,0,0,FALSE
2019-05-13 10:58:00,1,0.0587258311219599,33.9435303884928,0,FALSE
2019-05-13 10:59:00,0,0.0587258311219599,0,0,FALSE
2019-05-13 11:00:00,0,0.0587258311219599,0,0,FALSE
2019-05-13 11:01:00,0,0.0587258311219599,0,0,FALSE
2019-05-13 11:02:00,0,0.0587258311219599,0,0,FALSE
2019-05-13 11:03:00,0,0.0587258311219599,0,0,FALSE
2019-05-13 11:04:00,0,0.0587258311219599,0,0,FALSE
2019-05-13 11:05:00,0,0.0587258311219599,0,0,FALSE
2019-05-13 11:06:00,0,0.0587258311219599,0,0,FALSE
2019-05-13 11:07:00,0,0.0587258311219599,0,0,FALSE
2019-05-13 11:08:00,0,0.0587258311219599,0,0,FALSE
2019-05-13 11:09:00,0,0.0587258311219599,0,0,FALSE
2019-05-13 11:10:00,0,0.0587258311219599,0,0,FALSE
2019-05-13 11:11:00,0,0.0587258311219599,0,0,FALSE
2019-05-13 11:12:00,0,0.0587258311219599,0,0,FALSE
2019-05-13 11:13:00,0,0.0587258311219599,0,0,FALSE
2019-05-13 11:14:00,0,0.0587258311219599,0,0,FALSE
2019-05-13 11:15:00,0,0.0587258311219599,0,0,FALSE
2019-05-13 11:16:00,0,0.0587258311219599,0,0,FALSE
2019-05-13 11:17:00,0,0.0587258311219599,0,0,FALSE
2019-05-13 11:18:00,0,0.0587258311219599,0,0,FALSE
2019-05-13 11:19:00,0,0.0587258311219599,0,0,FALSE
2019-05-13 11:20:00,0,0.0587258311219599,0,0,FALSE
2019-05-13 11:21:00,0,0.0587258311219599,0,0,FALSE
2019-05-13 11:22:00,0,0.0587258311219599,0,0,FALSE
2019-05-13 11:23:00,0,0.0587258311219599,0,0,FALSE
2019-05-13 11:24:00,0,0.0587258311219599,0,0,FALSE
2019-05-13 11:25:00,0,0.0587258311219599,0,0,FALSE
2019-05-13 11:26:00,0,0.0587258311219599,0,0,FALSE
2019-05-13 11:27:00,0,0.0587258311219599,0,0,FALSE
2019-05-13 11:28:00,0,0.0587258311219599,0,0,FALSE
2019-05-13 11:29:00,0,0.0587258311219599,0,0,FALSE
2019-05-13 11:30:00,1,0.0587258311219599,72.6438530978644,0,FALSE
2019-05-13 11:31:00,0,0.0587258311219599,0,0,FALSE
2019-05-13 11:32:00,0,0.0587258311219599,0,0,FALSE
2019-05-13 11:33:00,0,0.0587258311219599,0,0,FALSE
2019-05-13 11:34:00,0,0.0587258311219599,0,0,FALSE
2019-05-13 11:35:00,0,0.0587258311219599,0,0,FALSE
2019-05-13 11:36:00,0,0.0587258311219599,0,0,FALSE
2019-05-13 11:37:00,2,0.0582897482175889,17.8366629545822,0,FALSE
2019-05-13 11:38:00,2,0.0583260884596198,77.2177086403595,2,FALSE
2019-05-13 11:39:00,1,0.0581443872494652,14.4198080378674,0,FALSE
2019-05-13 11:40:00,1,0.0581443872494652,7.26804840618315,0,FALSE
2019-05-13 11:41:00,0,0.0581443872494652,0,0,FALSE
2019-05-13 11:42:00,0,0.0581443872494652,0,0,FALSE
2019-05-13 11:43:00,0,0.0581443872494652,0,0,FALSE
2019-05-13 11:44:00,1,0.0579263457972797,34.0606913288005,0,FALSE
2019-05-13 11:45:00,0,0.0579263457972797,0,0,FALSE
2019-05-13 11:46:00,0,0.0579263457972797,0,0,FALSE
2019-05-13 11:47:00,1,0.0578536653132179,7.28956182946545,0,FALSE
2019-05-13 11:48:00,0,0.0578536653132179,0,0,FALSE
2019-05-13 11:49:00,0,0.0578536653132179,0,0,FALSE
2019-05-13 11:50:00,0,0.0578536653132179,0,0,FALSE
2019-05-13 11:51:00,0,0.0578536653132179,0,0,FALSE
2019-05-13 11:52:00,0,0.0578536653132179,0,0,FALSE
2019-05-13 11:53:00,0,0.0578536653132179,0,0,FALSE
2019-05-13 11:54:00,2,0.057381242166816,79.660935792582,2,FALSE
2019-05-13 11:55:00,4,0.0573267318037696,110.861722754033,0,FALSE
2019-05-13 11:56:00,0,0.0573267318037696,0,0,FALSE
2019-05-13 11:57:00,0,0.0573267318037696,0,0,FALSE
2019-05-13 11:58:00,0,0.0573267318037696,0,0,FALSE
2019-05-13 11:59:00,0,0.0573267318037696,0,0,FALSE
2019-05-13 12:00:00,0,0.0573267318037696,0,0,FALSE
2019-05-13 12:01:00,0,0.0573267318037696,0,0,FALSE
2019-05-13 12:02:00,0,0.0573267318037696,0,0,FALSE
2019-05-13 12:03:00,1,0.0573449019247851,505.724690074679,0,FALSE
2019-05-13 12:04:00,0,0.0573449019247851,0,0,FALSE
2019-05-13 12:05:00,0,0.0573449019247851,0,0,FALSE
2019-05-13 12:06:00,0,0.0573449019247851,0,0,FALSE
2019-05-13 12:07:00,0,0.0573449019247851,0,0,FALSE
2019-05-13 12:08:00,0,0.0573449019247851,0,0,FALSE
2019-05-13 12:09:00,0,0.0573449019247851,0,0,FALSE
2019-05-13 12:10:00,0,0.0573449019247851,0,0,FALSE
2019-05-13 12:11:00,1,0.0571995409566608,65.4362748544199,0,FALSE
2019-05-13 12:12:00,2,0.056945159262445,31.7993107477006,0,FALSE
2019-05-13 12:13:00,1,0.0570541799885377,245.732353210632,0,FALSE
2019-05-13 12:14:00,0,0.0570541799885377,0,0,FALSE
2019-05-13 12:15:00,0,0.0570541799885377,0,0,FALSE
2019-05-13 12:16:00,1,0.0570541799885375,168.994481126048,0,FALSE
2019-05-13 12:17:00,0,0.0570541799885375,0,0,FALSE
2019-05-13 12:18:00,0,0.0570541799885375,0,0,FALSE
2019-05-13 12:19:00,0,0.0570541799885375,0,0,FALSE
2019-05-13 12:20:00,0,0.0570541799885375,0,0,FALSE
2019-05-13 12:21:00,0,0.0570541799885375,0,0,FALSE
2019-05-13 12:22:00,0,0.0570541799885375,0,0,FALSE
2019-05-13 12:23:00,4,0.0566726074472129,175.982346266173,2,FALSE
2019-05-13 12:24:00,0,0.0566726074472129,0,0,FALSE
2019-05-13 12:25:00,0,0.0566726074472129,0,0,FALSE
2019-05-13 12:26:00,1,0.0569814995044759,60.229444976231,0,FALSE
2019-05-13 12:27:00,0,0.0569814995044759,0,0,FALSE
2019-05-13 12:28:00,0,0.0569814995044759,0,0,FALSE
2019-05-13 12:29:00,0,0.0569814995044759,0,0,FALSE
2019-05-13 12:30:00,0,0.0569814995044759,0,0,FALSE
2019-05-13 12:31:00,0,0.0569814995044759,0,0,FALSE
2019-05-13 12:32:00,3,0.0567634580522904,110.278534549921,0,FALSE
2019-05-13 12:33:00,0,0.0567634580522904,0,0,FALSE
2019-05-13 12:34:00,0,0.0567634580522904,0,0,FALSE
2019-05-13 12:35:00,0,0.0567634580522904,0,0,FALSE
2019-05-13 12:36:00,0,0.0567634580522904,0,0,FALSE
2019-05-13 12:37:00,0,0.0567634580522904,0,0,FALSE
2019-05-13 12:38:00,0,0.0567634580522904,0,0,FALSE
2019-05-13 12:39:00,0,0.0567634580522904,0,0,FALSE
2019-05-13 12:40:00,0,0.0567634580522904,0,0,FALSE
2019-05-13 12:41:00,0,0.0567634580522904,0,0,FALSE
2019-05-13 12:42:00,0,0.0567634580522904,0,0,FALSE
2019-05-13 12:43:00,0,0.0567634580522904,0,0,FALSE
2019-05-13 12:44:00,0,0.0567634580522904,0,0,FALSE
2019-05-13 12:45:00,2,0.060924279237608,59.0506821329614,0,FALSE
2019-05-13 12:46:00,0,0.060924279237608,0,0,FALSE
2019-05-13 12:47:00,0,0.060924279237608,0,0,FALSE
2019-05-13 12:48:00,0,0.060924279237608,0,0,FALSE
2019-05-13 12:49:00,3,0.0609242792375942,77.556607469475,0,FALSE
2019-05-13 12:50:00,0,0.0609242792375942,0,0,FALSE
2019-05-13 12:51:00,0,0.0609242792375942,0,0,FALSE
2019-05-13 12:52:00,0,0.0609242792375942,0,0,FALSE
2019-05-13 12:53:00,0,0.0609242792375942,0,0,FALSE
2019-05-13 12:54:00,0,0.0609242792375942,0,0,FALSE
2019-05-13 12:55:00,0,0.0609242792375942,0,0,FALSE
2019-05-13 12:56:00,0,0.0609242792375942,0,0,FALSE
2019-05-13 12:57:00,0,0.0609242792375942,0,0,FALSE
2019-05-13 12:58:00,1,0.0610022872776021,13.6035100629053,0,FALSE
2019-05-13 12:59:00,1,0.0610022872776056,13.5425077756284,0,FALSE
2019-05-13 13:00:00,0,0.0610022872776056,0,0,FALSE
2019-05-13 13:01:00,1,0.061002287277605,81.6210603774355,0,FALSE
2019-05-13 13:02:00,0,0.061002287277605,0,0,FALSE
2019-05-13 13:03:00,0,0.061002287277605,0,0,FALSE
2019-05-13 13:04:00,0,0.061002287277605,0,0,FALSE
2019-05-13 13:05:00,0,0.061002287277605,0,0,FALSE
2019-05-13 13:06:00,0,0.061002287277605,0,0,FALSE
2019-05-13 13:07:00,2,0.0608072671776132,134.759669175111,2,FALSE
2019-05-13 13:08:00,0,0.0608072671776132,0,0,FALSE
2019-05-13 13:09:00,0,0.0608072671776132,0,0,FALSE
2019-05-13 13:10:00,0,0.0608072671776132,0,0,FALSE
2019-05-13 13:11:00,0,0.0608072671776132,0,0,FALSE
2019-05-13 13:12:00,0,0.0608072671776132,0,0,FALSE
2019-05-13 13:13:00,0,0.0608072671776132,0,0,FALSE
2019-05-13 13:14:00,1,0.0608462711976117,50.1373274668321,0,FALSE
2019-05-13 13:15:00,2,0.0608852752176102,2838.03515366924,0,FALSE
2019-05-13 13:16:00,0,0.0608852752176102,0,0,FALSE
2019-05-13 13:17:00,0,0.0608852752176102,0,0,FALSE
2019-05-13 13:18:00,6,0.0614833368575867,3758.13148255677,3,FALSE
2019-05-13 13:19:00,6,0.0619643864375678,867.926579946613,5,FALSE
2019-05-13 13:20:00,0,0.0619643864375678,0,0,FALSE
2019-05-13 13:21:00,2,0.0619383837575689,208.500045319896,0,FALSE
2019-05-13 13:22:00,2,0.0616263515975811,814.145730955644,0,FALSE
2019-05-13 13:23:00,0,0.0616263515975811,0,0,FALSE
2019-05-13 13:24:00,0,0.0616263515975811,0,0,FALSE
2019-05-13 13:25:00,4,0.0619578857675681,2048.83038728554,3,FALSE
2019-05-13 13:26:00,6,0.0623414252975517,470.608151822167,3,FALSE
2019-05-13 13:27:00,0,0.0623414252975517,0,0,FALSE
2019-05-13 13:28:00,0,0.0623414252975517,0,0,FALSE
2019-05-13 13:29:00,0,0.0623414252975517,0,0,FALSE
2019-05-13 13:30:00,0,0.0623414252975517,0,0,FALSE
2019-05-13 13:31:00,0,0.0623414252975517,0,0,FALSE
2019-05-13 13:32:00,0,0.0623414252975517,0,0,FALSE
2019-05-13 13:33:00,0,0.0623414252975517,0,0,FALSE
2019-05-13 13:34:00,0,0.0623414252975517,0,0,FALSE
2019-05-13 13:35:00,1,0.061704359637578,39.3673814487748,0,FALSE
2019-05-13 13:36:00,0,0.061704359637578,0,0,FALSE
2019-05-13 13:37:00,0,0.061704359637578,0,0,FALSE
2019-05-13 13:38:00,0,0.061704359637578,0,0,FALSE
2019-05-13 13:39:00,0,0.061704359637578,0,0,FALSE
2019-05-13 13:40:00,0,0.061704359637578,0,0,FALSE
2019-05-13 13:41:00,1,0.061704359637578,136.79856531651,0,FALSE
2019-05-13 13:42:00,0,0.061704359637578,0,0,FALSE
2019-05-13 13:43:00,0,0.061704359637578,0,0,FALSE
2019-05-13 13:44:00,0,0.061704359637578,0,0,FALSE
2019-05-13 13:45:00,3,0.0610282899576044,553.691862949545,0,FALSE
2019-05-13 13:46:00,2,0.0610802953176025,170.841586003334,0,FALSE
2019-05-13 13:47:00,0,0.0610802953176025,0,0,FALSE
2019-05-13 13:48:00,2,0.0611583033575995,268.118001919716,0,FALSE
2019-05-13 13:49:00,0,0.0611583033575995,0,0,FALSE
2019-05-13 13:50:00,0,0.0611583033575995,0,0,FALSE
2019-05-13 13:51:00,0,0.0611583033575995,0,0,FALSE
2019-05-13 13:52:00,0,0.0611583033575995,0,0,FALSE
2019-05-13 13:53:00,0,0.0611583033575995,0,0,FALSE
2019-05-13 13:54:00,0,0.0611583033575995,0,0,FALSE
2019-05-13 13:55:00,0,0.0611583033575995,0,0,FALSE
2019-05-13 13:56:00,1,0.0610802953176025,15.6365556013062,0,FALSE
2019-05-13 13:57:00,0,0.0610802953176025,0,0,FALSE
2019-05-13 13:58:00,0,0.0610802953176025,0,0,FALSE
2019-05-13 13:59:00,0,0.0610802953176025,0,0,FALSE
2019-05-13 14:00:00,0,0.0610802953176025,0,0,FALSE
2019-05-13 14:01:00,0,0.0610802953176025,0,0,FALSE
2019-05-13 14:02:00,0,0.0610802953176025,0,0,FALSE
2019-05-13 14:03:00,0,0.0610802953176025,0,0,FALSE
2019-05-13 14:04:00,0,0.0610802953176025,0,0,FALSE
2019-05-13 14:05:00,0,0.0610802953176025,0,0,FALSE
2019-05-13 14:06:00,0,0.0610802953176025,0,0,FALSE
2019-05-13 14:07:00,0,0.0610802953176025,0,0,FALSE
2019-05-13 14:08:00,0,0.0610802953176025,0,0,FALSE
2019-05-13 14:09:00,0,0.0610802953176025,0,0,FALSE
2019-05-13 14:10:00,2,0.0610022872776051,208.078801903911,0,FALSE
2019-05-13 14:11:00,2,0.0610412912976033,39.3257251554156,2,FALSE
2019-05-13 14:12:00,0,0.0610412912976033,0,0,FALSE
2019-05-13 14:13:00,2,0.0611192993375985,52.6058138844936,2,FALSE
2019-05-13 14:14:00,0,0.0611192993375985,0,0,FALSE
2019-05-13 14:15:00,0,0.0611192993375985,0,0,FALSE
2019-05-13 14:16:00,0,0.0611192993375985,0,0,FALSE
2019-05-13 14:17:00,12,0.0611127986676005,405.79610788719,5,FALSE
2019-05-13 14:18:00,0,0.0611127986676005,0,0,FALSE
2019-05-13 14:19:00,0,0.0611127986676005,0,0,FALSE
2019-05-13 14:20:00,0,0.0611127986676005,0,0,FALSE
2019-05-13 14:21:00,0,0.0611127986676005,0,0,FALSE
2019-05-13 14:22:00,0,0.0611127986676005,0,0,FALSE
2019-05-13 14:23:00,1,0.0608462711976117,7.84916898449191,0,FALSE
2019-05-13 14:24:00,0,0.0608462711976117,0,0,FALSE
2019-05-13 14:25:00,0,0.0608462711976117,0,0,FALSE
2019-05-13 14:26:00,0,0.0608462711976117,0,0,FALSE
2019-05-13 14:27:00,0,0.0608462711976117,0,0,FALSE
2019-05-13 14:28:00,0,0.0608462711976117,0,0,FALSE
2019-05-13 14:29:00,0,0.0608462711976117,0,0,FALSE
2019-05-13 14:30:00,0,0.0608462711976117,0,0,FALSE
2019-05-13 14:31:00,0,0.0608462711976117,0,0,FALSE
2019-05-13 14:32:00,0,0.0608462711976117,0,0,FALSE
2019-05-13 14:33:00,0,0.0608462711976117,0,0,FALSE
2019-05-13 14:34:00,0,0.0608462711976117,0,0,FALSE
2019-05-13 14:35:00,0,0.0608462711976117,0,0,FALSE
2019-05-13 14:36:00,0,0.0608462711976117,0,0,FALSE
2019-05-13 14:37:00,0,0.0608462711976117,0,0,FALSE
2019-05-13 14:38:00,0,0.0608462711976117,0,0,FALSE
2019-05-13 14:39:00,0,0.0608462711976117,0,0,FALSE
2019-05-13 14:40:00,3,0.0601962041976372,194.808698203954,0,FALSE
2019-05-13 14:41:00,3,0.0602482095576352,16.7519145571825,0,FALSE
2019-05-13 14:42:00,1,0.0603782229576301,16.2417419756025,0,FALSE
2019-05-13 14:43:00,0,0.0603782229576301,0,0,FALSE
2019-05-13 14:44:00,1,0.0602222068776362,7.82888689409271,0,FALSE
2019-05-13 14:45:00,1,0.0601441988376393,46.010312110794,0,FALSE
2019-05-13 14:46:00,0,0.0601441988376393,0,0,FALSE
2019-05-13 14:47:00,1,0.0598321666776503,39.010572673828,0,FALSE
2019-05-13 14:48:00,1,0.0598321666776456,7.83801383477157,0,FALSE
2019-05-13 14:49:00,1,0.0597541586376546,19.4201015572377,0,FALSE
2019-05-13 14:50:00,1,0.0597541586376546,32.0282290297829,0,FALSE
2019-05-13 14:51:00,3,0.0598061639976525,310.416769495496,2,FALSE
2019-05-13 14:52:00,1,0.0601441988376393,97.7343231111638,0,FALSE
2019-05-13 14:53:00,2,0.0602222068776362,36.5548795747252,0,FALSE
2019-05-13 14:54:00,0,0.0602222068776362,0,0,FALSE
2019-05-13 14:55:00,1,0.0601441988376393,26.8243126815871,0,FALSE
2019-05-13 14:56:00,1,0.0601441988376393,31.2148391967348,0,FALSE
2019-05-13 14:57:00,1,0.0597541586376546,32.0282290297829,0,FALSE
2019-05-13 14:58:00,0,0.0597541586376546,0,0,FALSE
2019-05-13 14:59:00,1,0.0598321666776475,11.7271046688189,0,FALSE
2019-05-13 15:00:00,2,0.0595981425576607,42.9702607840734,0,FALSE
2019-05-13 15:01:00,2,0.0598711706976495,227.043492523647,2,FALSE
2019-05-13 15:02:00,0,0.0598711706976495,0,0,FALSE
2019-05-13 15:03:00,0,0.0598711706976495,0,0,FALSE
2019-05-13 15:04:00,3,0.0600141854376444,59.844647964051,2,FALSE
2019-05-13 15:05:00,0,0.0600141854376444,0,0,FALSE
2019-05-13 15:06:00,1,0.059286110397673,21.0465691911739,0,FALSE
2019-05-13 15:07:00,0,0.059286110397673,0,0,FALSE
2019-05-13 15:08:00,1,0.0593641184376699,102.878017252482,0,FALSE
2019-05-13 15:09:00,0,0.0593641184376699,0,0,FALSE
2019-05-13 15:10:00,0,0.0593641184376699,0,0,FALSE
2019-05-13 15:11:00,2,0.0588180621576913,118.165486874802,0,FALSE
2019-05-13 15:12:00,12,0.0573749134177478,4204.43404529277,2,FALSE
2019-05-13 15:13:00,20,0.0569965744237624,1414.15806598301,8,FALSE
2019-05-13 15:14:00,8,0.0567801021127712,1349.43245495635,2,FALSE
2019-05-13 15:15:00,15,0.0558849598538064,982.833202942502,6,FALSE
2019-05-13 15:16:00,21,0.0548582254607039,1482.36884221262,6,FALSE
2019-05-13 15:17:00,11,0.0545914447178571,451.278929631526,4,FALSE
2019-05-13 15:18:00,12,0.0551321822678358,1694.14998370282,6,FALSE
2019-05-13 15:19:00,18,0.0558277539578085,484.152141750555,9,FALSE
2019-05-13 15:20:00,0,0.0558277539578085,0,0,FALSE
2019-05-13 15:21:00,0,0.0558277539578085,0,0,FALSE
2019-05-13 15:22:00,0,0.0558277539578085,0,0,FALSE
2019-05-13 15:23:00,4,0.0552101903078329,479.183731675112,0,FALSE
2019-05-13 15:24:00,10,0.0556353341258162,2351.85605100741,4,FALSE
2019-05-13 15:25:00,0,0.0556353341258162,0,0,FALSE
2019-05-13 15:26:00,1,0.0558537566378077,55.7979028811699,0,FALSE
2019-05-13 15:27:00,3,0.0558797593178067,1102.98282431463,0,FALSE
2019-05-13 15:28:00,8,0.0565363269877809,298.33184194721,4,FALSE
2019-05-13 15:29:00,1,0.0565558289977801,31.1057059487791,0,FALSE
2019-05-13 15:30:00,1,0.0565558289977801,156.037532204875,0,FALSE
2019-05-13 15:31:00,0,0.0565558289977801,0,0,FALSE
2019-05-13 15:32:00,2,0.0564388169377847,1035.27192360532,2,FALSE
2019-05-13 15:33:00,2,0.0566728410577755,285.074219533651,0,FALSE
2019-05-13 15:34:00,1,0.0560877807577985,0.392614465304589,0,FALSE
2019-05-13 15:35:00,16,0.0559707686978031,578.681036490206,2,FALSE
2019-05-13 15:36:00,19,0.0553364401620385,2775.91555723476,5,FALSE
2019-05-13 15:37:00,3,0.0551516842778352,131.063804256136,0,FALSE
2019-05-13 15:38:00,30,0.054343000929867,9991.40939719943,6,FALSE
2019-05-13 15:39:00,7,0.0548953721464165,597.871248353572,2,FALSE
2019-05-13 15:40:00,0,0.0548953721464165,0,0,FALSE
2019-05-13 15:41:00,2,0.0551906882978337,86.0165013991037,0,FALSE
2019-05-13 15:42:00,4,0.0551321822678358,197.639297943282,3,FALSE
2019-05-13 15:43:00,1,0.0553077003578291,153.36825309226,0,FALSE
2019-05-13 15:44:00,10,0.0547850464898496,4304.1248880551,0,FALSE
2019-05-13 15:45:00,1,0.0544496119178628,179.465920881276,0,FALSE
2019-05-13 15:46:00,0,0.0544496119178628,0,0,FALSE
2019-05-13 15:47:00,4,0.0543521018678666,439.199618662121,0,FALSE
2019-05-13 15:48:00,6,0.0546316306778556,806.84612861293,3,FALSE
2019-05-13 15:49:00,1,0.0548396521178469,73.9786907069755,0,FALSE
2019-05-13 15:50:00,0,0.0548396521178469,0,0,FALSE
2019-05-13 15:51:00,1,0.0546056279978567,249.001663670226,0,FALSE
2019-05-13 15:52:00,1,0.0548396521178475,40.8007011756785,0,FALSE
2019-05-13 15:53:00,1,0.0548396521178475,35.590934224483,0,FALSE
2019-05-13 15:54:00,0,0.0548396521178475,0,0,FALSE
2019-05-13 15:55:00,1,0.0549956681978414,238.901182651423,0,FALSE
2019-05-13 15:56:00,3,0.0549436628378434,164.749704135853,2,FALSE
2019-05-13 15:57:00,0,0.0549436628378434,0,0,FALSE
2019-05-13 15:58:00,0,0.0549436628378434,0,0,FALSE
2019-05-13 15:59:00,0,0.0549436628378434,0,0,FALSE
2019-05-13 16:00:00,1,0.0546056279978567,23.3166031550848,0,FALSE
2019-05-13 16:01:00,5,0.0547304408618518,1058.10308272751,4,FALSE
2019-05-13 16:02:00,0,0.0547304408618518,0,0,FALSE
2019-05-13 16:03:00,1,0.0548396521178471,116.479421098307,0,FALSE
2019-05-13 16:04:00,1,0.0546056279978531,11.7948156475363,0,FALSE
2019-05-13 16:05:00,2,0.0545276199578597,76.0660298412143,0,FALSE
2019-05-13 16:06:00,0,0.0545276199578597,0,0,FALSE
2019-05-13 16:07:00,12,0.0540790737278773,1524.14362978374,2,FALSE
2019-05-13 16:08:00,6,0.0539425596578824,742.852311009481,2,FALSE
2019-05-13 16:09:00,0,0.0539425596578824,0,0,FALSE
2019-05-13 16:10:00,0,0.0539425596578824,0,0,FALSE
2019-05-13 16:11:00,0,0.0539425596578824,0,0,FALSE
2019-05-13 16:12:00,1,0.0540595717178781,14.7582630789807,0,FALSE
2019-05-13 16:13:00,1,0.0539815636778812,58.138144081078,0,FALSE
2019-05-13 16:14:00,2,0.0542545918178704,196.93566542251,0,FALSE
2019-05-13 16:15:00,14,0.0543214558521535,816.489092477152,0,FALSE
2019-05-13 16:16:00,0,0.0543214558521535,0,0,FALSE
2019-05-13 16:17:00,1,0.0543716038778659,102.762331329166,0,FALSE
2019-05-13 16:18:00,2,0.0544886159378613,1236.34607156575,0,FALSE
2019-05-13 16:19:00,3,0.0546836360378536,744.708902361409,0,FALSE
2019-05-13 16:20:00,0,0.0546836360378536,0,0,FALSE
2019-05-13 16:21:00,0,0.0546836360378536,0,0,FALSE
2019-05-13 16:22:00,1,0.0548396521178475,49.5750455145341,0,FALSE
2019-05-13 16:23:00,4,0.054839652117846,776.474634336601,0,FALSE
2019-05-13 16:24:00,2,0.0548396521178475,1073.97974707593,0,FALSE
2019-05-13 16:25:00,0,0.0548396521178475,0,0,FALSE
2019-05-13 16:26:00,0,0.0548396521178475,0,0,FALSE
2019-05-13 16:27:00,0,0.0548396521178475,0,0,FALSE
2019-05-13 16:28:00,0,0.0548396521178475,0,0,FALSE
2019-05-13 16:29:00,0,0.0548396521178475,0,0,FALSE
2019-05-13 16:30:00,0,0.0548396521178475,0,0,FALSE
2019-05-13 16:31:00,0,0.0548396521178475,0,0,FALSE
2019-05-13 16:32:00,0,0.0548396521178475,0,0,FALSE
2019-05-13 16:33:00,1,0.0545276199578597,15.3222612081586,0,FALSE
2019-05-13 16:34:00,0,0.0545276199578597,0,0,FALSE
2019-05-13 16:35:00,0,0.0545276199578597,0,0,FALSE
2019-05-13 16:36:00,0,0.0545276199578597,0,0,FALSE
2019-05-13 16:37:00,1,0.0545276199578597,265.331398714945,0,FALSE
2019-05-13 16:38:00,0,0.0545276199578597,0,0,FALSE
2019-05-13 16:39:00,1,0.0545276199578597,33.5344862740837,0,FALSE
2019-05-13 16:40:00,0,0.0545276199578597,0,0,FALSE
2019-05-13 16:41:00,0,0.0545276199578597,0,0,FALSE
2019-05-13 16:42:00,0,0.0545276199578597,0,0,FALSE
2019-05-13 16:43:00,0,0.0545276199578597,0,0,FALSE
2019-05-13 16:44:00,0,0.0545276199578597,0,0,FALSE
2019-05-13 16:45:00,0,0.0545276199578597,0,0,FALSE
2019-05-13 16:46:00,0,0.0545276199578597,0,0,FALSE
2019-05-13 16:47:00,8,0.0544886159378613,931.083839329134,8,FALSE
2019-05-13 16:48:00,0,0.0544886159378613,0,0,FALSE
2019-05-13 16:49:00,0,0.0544886159378613,0,0,FALSE
2019-05-13 16:50:00,0,0.0544886159378613,0,0,FALSE
2019-05-13 16:51:00,0,0.0544886159378613,0,0,FALSE
2019-05-13 16:52:00,0,0.0544886159378613,0,0,FALSE
2019-05-13 16:53:00,0,0.0544886159378613,0,0,FALSE
2019-05-13 16:54:00,0,0.0544886159378613,0,0,FALSE
2019-05-13 16:55:00,1,0.0544496119178628,31.744123748114,0,FALSE
2019-05-13 16:56:00,1,0.0544496119178628,16.7160308587839,0,FALSE
2019-05-13 16:57:00,0,0.0544496119178628,0,0,FALSE
2019-05-13 16:58:00,0,0.0544496119178628,0,0,FALSE
2019-05-13 16:59:00,0,0.0544496119178628,0,0,FALSE
2019-05-13 17:00:00,0,0.0544496119178628,0,0,FALSE
2019-05-13 17:01:00,0,0.0544496119178628,0,0,FALSE
2019-05-13 17:02:00,0,0.0544496119178628,0,0,FALSE
2019-05-13 17:03:00,1,0.0540595717178781,119.7419513551,0,FALSE
2019-05-13 17:04:00,0,0.0540595717178781,0,0,FALSE
2019-05-13 17:05:00,0,0.0540595717178781,0,0,FALSE
2019-05-13 17:06:00,0,0.0540595717178781,0,0,FALSE
2019-05-13 17:07:00,1,0.0537475395578904,31.388563101808,0,FALSE
2019-05-13 17:08:00,0,0.0537475395578904,0,0,FALSE
2019-05-13 17:09:00,1,0.0535135154378995,51.4800018512594,0,FALSE
2019-05-13 17:10:00,1,0.0536695315178934,8.05042972768401,0,FALSE
2019-05-13 17:11:00,2,0.0537085355378919,95.2313571398221,2,FALSE
2019-05-13 17:12:00,2,0.0534355073979026,107.084756825397,0,FALSE
2019-05-13 17:13:00,0,0.0534355073979026,0,0,FALSE
2019-05-13 17:14:00,0,0.0534355073979026,0,0,FALSE
2019-05-13 17:15:00,3,0.0532014832779118,96.5606921494099,0,FALSE
2019-05-13 17:16:00,1,0.0549121933110392,48.8718520468249,0,FALSE
2019-05-13 17:17:00,0,0.0549121933110392,0,0,FALSE
2019-05-13 17:18:00,0,0.0549121933110392,0,0,FALSE
2019-05-13 17:19:00,1,0.0548322628986505,14.2015560907505,0,FALSE
2019-05-13 17:20:00,0,0.0548322628986505,0,0,FALSE
2019-05-13 17:21:00,1,0.0547523324862618,159.822058527398,0,FALSE
2019-05-13 17:22:00,0,0.0547523324862618,0,0,FALSE
2019-05-13 17:23:00,0,0.0547523324862618,0,0,FALSE
2019-05-13 17:24:00,1,0.0548322628986505,91.6247113036449,0,FALSE
2019-05-13 17:25:00,1,0.0545924716614843,471.242215381933,0,FALSE
2019-05-13 17:26:00,1,0.0549121933110392,154.632736363886,0,FALSE
2019-05-13 17:27:00,0,0.0549121933110392,0,0,FALSE
2019-05-13 17:28:00,2,0.0549921237234279,146.554009722935,0,FALSE
2019-05-13 17:29:00,1,0.0549921237234279,196.541850187531,0,FALSE
2019-05-13 17:30:00,2,0.0550720541358166,309.339728080882,0,FALSE
2019-05-13 17:31:00,4,0.0551519845482053,693.59135767823,2,FALSE
2019-05-13 17:32:00,20,0.0555596296513876,7639.02984205282,20,FALSE
2019-05-13 17:33:00,7,0.0552775894819579,508.091893962195,2,FALSE
2019-05-13 17:34:00,1,0.0553917757853709,97.2679582791114,0,FALSE
2019-05-13 17:35:00,0,0.0553917757853709,0,0,FALSE
2019-05-13 17:36:00,2,0.0555516366101488,36.1085637965967,2,FALSE
2019-05-13 17:37:00,0,0.0555516366101488,0,0,FALSE
2019-05-13 17:38:00,1,0.0555516366101488,47.052236208796,0,FALSE
2019-05-13 17:39:00,1,0.0555516366101488,7.99943567186143,0,FALSE
2019-05-13 17:40:00,0,0.0555516366101488,0,0,FALSE
2019-05-13 17:41:00,0,0.0555516366101488,0,0,FALSE
2019-05-13 17:42:00,0,0.0555516366101488,0,0,FALSE
2019-05-13 17:43:00,0,0.0555516366101488,0,0,FALSE
2019-05-13 17:44:00,2,0.0555116714039544,159.878809120194,0,FALSE
2019-05-13 17:45:00,0,0.0555116714039544,0,0,FALSE
2019-05-13 17:46:00,0,0.0555116714039544,0,0,FALSE
2019-05-13 17:47:00,0,0.0555116714039544,0,0,FALSE
2019-05-13 17:48:00,0,0.0555116714039544,0,0,FALSE
2019-05-13 17:49:00,0,0.0555116714039544,0,0,FALSE
2019-05-13 17:50:00,1,0.0554717061977601,52.1434038258945,0,FALSE
2019-05-13 17:51:00,0,0.0554717061977601,0,0,FALSE
2019-05-13 17:52:00,0,0.0554717061977601,0,0,FALSE
2019-05-13 17:53:00,9,0.0554983496685561,411.793731376597,3,FALSE
2019-05-13 17:54:00,0,0.0554983496685561,0,0,FALSE
2019-05-13 17:55:00,1,0.0556315670225375,13.5741023534991,0,FALSE
2019-05-13 17:56:00,0,0.0556315670225375,0,0,FALSE
2019-05-13 17:57:00,2,0.0556315670225375,112.709554787661,0,FALSE
2019-05-13 17:58:00,1,0.0556315670225375,369.004184060491,0,FALSE
2019-05-13 17:59:00,0,0.0556315670225375,0,0,FALSE
2019-05-13 18:00:00,1,0.0558713582597036,15.9792084622752,0,FALSE
2019-05-13 18:01:00,0,0.0558713582597036,0,0,FALSE
2019-05-13 18:02:00,0,0.0558713582597036,0,0,FALSE
2019-05-13 18:03:00,0,0.0558713582597036,0,0,FALSE
2019-05-13 18:04:00,0,0.0558713582597036,0,0,FALSE
2019-05-13 18:05:00,0,0.0558713582597036,0,0,FALSE
2019-05-13 18:06:00,3,0.0559512886720923,140.505035974183,2,FALSE
2019-05-13 18:07:00,3,0.0561111494968697,544.642233148067,2,FALSE
2019-05-13 18:08:00,0,0.0561111494968697,0,0,FALSE
2019-05-13 18:09:00,0,0.0561111494968697,0,0,FALSE
2019-05-13 18:10:00,0,0.0561111494968697,0,0,FALSE
2019-05-13 18:11:00,1,0.0557114974349262,8.0781671280643,0,FALSE
2019-05-13 18:12:00,0,0.0557114974349262,0,0,FALSE
2019-05-13 18:13:00,0,0.0557114974349262,0,0,FALSE
2019-05-13 18:14:00,0,0.0557114974349262,0,0,FALSE
2019-05-13 18:15:00,0,0.0557114974349262,0,0,FALSE
2019-05-13 18:16:00,0,0.0557114974349262,0,0,FALSE
2019-05-13 18:17:00,1,0.0559512886720923,129.97484358527,0,FALSE
2019-05-13 18:18:00,0,0.0559512886720923,0,0,FALSE
2019-05-13 18:19:00,2,0.0562310451154513,162.882753878586,2,FALSE
2019-05-13 18:20:00,0,0.0562310451154513,0,0,FALSE
2019-05-13 18:21:00,0,0.0562310451154513,0,0,FALSE
2019-05-13 18:22:00,0,0.0562310451154513,0,0,FALSE
2019-05-13 18:23:00,0,0.0562310451154513,0,0,FALSE
2019-05-13 18:24:00,0,0.0562310451154513,0,0,FALSE
2019-05-13 18:25:00,0,0.0562310451154513,0,0,FALSE
2019-05-13 18:26:00,0,0.0562310451154513,0,0,FALSE
2019-05-13 18:27:00,0,0.0562310451154513,0,0,FALSE
2019-05-13 18:28:00,0,0.0562310451154513,0,0,FALSE
2019-05-13 18:29:00,0,0.0562310451154513,0,0,FALSE
2019-05-13 18:30:00,4,0.0560112364813838,444.238924512595,4,FALSE
2019-05-13 18:31:00,0,0.0560112364813838,0,0,FALSE
2019-05-13 18:32:00,0,0.0560112364813838,0,0,FALSE
2019-05-13 18:33:00,0,0.0560112364813838,0,0,FALSE
2019-05-13 18:34:00,0,0.0560112364813838,0,0,FALSE
2019-05-13 18:35:00,0,0.0560112364813838,0,0,FALSE
2019-05-13 18:36:00,1,0.0558713582597036,39.389307573091,0,FALSE
2019-05-13 18:37:00,0,0.0558713582597036,0,0,FALSE
2019-05-13 18:38:00,0,0.0558713582597036,0,0,FALSE
2019-05-13 18:39:00,0,0.0558713582597036,0,0,FALSE
2019-05-13 18:40:00,0,0.0558713582597036,0,0,FALSE
2019-05-13 18:41:00,0,0.0558713582597036,0,0,FALSE
2019-05-13 18:42:00,0,0.0558713582597036,0,0,FALSE
2019-05-13 18:43:00,1,0.0554717061977601,27.9022682174733,0,FALSE
2019-05-13 18:44:00,0,0.0554717061977601,0,0,FALSE
2019-05-13 18:45:00,0,0.0554717061977601,0,0,FALSE
2019-05-13 18:46:00,0,0.0554717061977601,0,0,FALSE
2019-05-13 18:47:00,0,0.0554717061977601,0,0,FALSE
2019-05-13 18:48:00,0,0.0554717061977601,0,0,FALSE
2019-05-13 18:49:00,0,0.0554717061977601,0,0,FALSE
2019-05-13 18:50:00,0,0.0554717061977601,0,0,FALSE
2019-05-13 18:51:00,0,0.0554717061977601,0,0,FALSE
2019-05-13 18:52:00,5,0.0558234000122704,346.809426870046,3,FALSE
2019-05-13 18:53:00,1,0.0557914278473149,3.18011138729695,0,FALSE
2019-05-13 18:54:00,0,0.0557914278473149,0,0,FALSE
2019-05-13 18:55:00,0,0.0557914278473149,0,0,FALSE
2019-05-13 18:56:00,0,0.0557914278473149,0,0,FALSE
2019-05-13 18:57:00,0,0.0557914278473149,0,0,FALSE
2019-05-13 18:58:00,0,0.0557914278473149,0,0,FALSE
2019-05-13 18:59:00,0,0.0557914278473149,0,0,FALSE
2019-05-13 19:00:00,2,0.0559512886720923,55.3358244966993,0,FALSE
2019-05-13 19:01:00,0,0.0559512886720923,0,0,FALSE
2019-05-13 19:02:00,0,0.0559512886720923,0,0,FALSE
2019-05-13 19:03:00,0,0.0559512886720923,0,0,FALSE
2019-05-13 19:04:00,0,0.0559512886720923,0,0,FALSE
2019-05-13 19:05:00,0,0.0559512886720923,0,0,FALSE
2019-05-13 19:06:00,0,0.0559512886720923,0,0,FALSE
2019-05-13 19:07:00,0,0.0559512886720923,0,0,FALSE
2019-05-13 19:08:00,0,0.0559512886720923,0,0,FALSE
2019-05-13 19:09:00,0,0.0559512886720923,0,0,FALSE
2019-05-13 19:10:00,0,0.0559512886720923,0,0,FALSE
2019-05-13 19:11:00,0,0.0559512886720923,0,0,FALSE
2019-05-13 19:12:00,0,0.0559512886720923,0,0,FALSE
2019-05-13 19:13:00,0,0.0559512886720923,0,0,FALSE
2019-05-13 19:14:00,0,0.0559512886720923,0,0,FALSE
2019-05-13 19:15:00,0,0.0559512886720923,0,0,FALSE
2019-05-13 19:16:00,0,0.0559512886720923,0,0,FALSE
2019-05-13 19:17:00,0,0.0559512886720923,0,0,FALSE
2019-05-13 19:18:00,0,0.0559512886720923,0,0,FALSE
2019-05-13 19:19:00,2,0.0555916018163432,205.865892653498,2,FALSE
2019-05-13 19:20:00,0,0.0555916018163432,0,0,FALSE
2019-05-13 19:21:00,0,0.0555916018163432,0,0,FALSE
2019-05-13 19:22:00,0,0.0555916018163432,0,0,FALSE
2019-05-13 19:23:00,0,0.0555916018163432,0,0,FALSE
2019-05-13 19:24:00,0,0.0555916018163432,0,0,FALSE
2019-05-13 19:25:00,0,0.0555916018163432,0,0,FALSE
2019-05-13 19:26:00,0,0.0555916018163432,0,0,FALSE
2019-05-13 19:27:00,0,0.0555916018163432,0,0,FALSE
2019-05-13 19:28:00,0,0.0555916018163432,0,0,FALSE
2019-05-13 19:29:00,0,0.0555916018163432,0,0,FALSE
2019-05-13 19:30:00,0,0.0555916018163432,0,0,FALSE
2019-05-13 19:31:00,0,0.0555916018163432,0,0,FALSE
2019-05-13 19:32:00,1,0.0557114974349262,41.8950460710645,0,FALSE
2019-05-13 19:33:00,2,0.0556315670225375,290.118622022533,0,FALSE
2019-05-13 19:34:00,0,0.0556315670225375,0,0,FALSE
2019-05-13 19:35:00,0,0.0556315670225375,0,0,FALSE
2019-05-13 19:36:00,0,0.0556315670225375,0,0,FALSE
2019-05-13 19:37:00,0,0.0556315670225375,0,0,FALSE
2019-05-13 19:38:00,0,0.0556315670225375,0,0,FALSE
2019-05-13 19:39:00,0,0.0556315670225375,0,0,FALSE
2019-05-13 19:40:00,12,0.0553451497114779,914.958794649567,7,FALSE
2019-05-13 19:41:00,2,0.0552319149605936,98.2575767148959,0,FALSE
2019-05-13 19:42:00,0,0.0552319149605936,0,0,FALSE
2019-05-13 19:43:00,1,0.0550720541358166,31.9968634529094,0,FALSE
2019-05-13 19:44:00,0,0.0550720541358166,0,0,FALSE
2019-05-13 19:45:00,1,0.0550720541358166,34.4751058890212,0,FALSE
2019-05-13 19:46:00,0,0.0550720541358166,0,0,FALSE
2019-05-13 19:47:00,0,0.0550720541358166,0,0,FALSE
2019-05-13 19:48:00,0,0.0550720541358166,0,0,FALSE
2019-05-13 19:49:00,0,0.0550720541358166,0,0,FALSE
2019-05-13 19:50:00,1,0.0549121933110392,148.537482906361,0,FALSE
2019-05-13 19:51:00,0,0.0549121933110392,0,0,FALSE
2019-05-13 19:52:00,0,0.0549121933110392,0,0,FALSE
2019-05-13 19:53:00,2,0.0548322628986505,42.988494112542,0,FALSE
2019-05-13 19:54:00,1,0.0548322628986505,351.529637443248,0,FALSE
2019-05-13 19:55:00,2,0.0549121933110392,74.241285356525,0,FALSE
2019-05-13 19:56:00,1,0.0549121933110392,125.035064169236,0,FALSE
2019-05-13 19:57:00,0,0.0549121933110392,0,0,FALSE
2019-05-13 19:58:00,5,0.0550880402182943,453.479679488853,4,FALSE
2019-05-13 19:59:00,0,0.0550880402182943,0,0,FALSE
2019-05-13 20:00:00,0,0.0550880402182943,0,0,FALSE
2019-05-13 20:01:00,0,0.0550880402182943,0,0,FALSE
2019-05-13 20:02:00,0,0.0550880402182943,0,0,FALSE
2019-05-13 20:03:00,1,0.0548322628986505,60.6993150288061,0,FALSE
2019-05-13 20:04:00,2,0.0550720541358166,56.3387113809404,0,FALSE
2019-05-13 20:05:00,0,0.0550720541358166,0,0,FALSE
2019-05-13 20:06:00,2,0.0551919497543996,566.959523660704,0,FALSE
2019-05-13 20:07:00,1,0.055231914960594,8.2295553291285,0,FALSE
2019-05-13 20:08:00,1,0.0554717061977601,55.3052910791668,0,FALSE
2019-05-13 20:09:00,0,0.0554717061977601,0,0,FALSE
2019-05-13 20:10:00,2,0.055231914960594,209.597364025452,0,FALSE
2019-05-13 20:11:00,3,0.0552852019021864,940.898131799599,2,FALSE
2019-05-13 20:12:00,0,0.0552852019021864,0,0,FALSE
2019-05-13 20:13:00,0,0.0552852019021864,0,0,FALSE
2019-05-13 20:14:00,0,0.0552852019021864,0,0,FALSE
2019-05-13 20:15:00,1,0.0555516366101488,39.6638685396462,0,FALSE
2019-05-13 20:16:00,0,0.0555516366101488,0,0,FALSE
2019-05-13 20:17:00,0,0.0555516366101488,0,0,FALSE
2019-05-13 20:18:00,3,0.0554717061977595,834.250179765847,3,FALSE
2019-05-13 20:19:00,1,0.0555516366101488,55.5516366101488,0,FALSE
2019-05-13 20:20:00,0,0.0555516366101488,0,0,FALSE
2019-05-13 20:21:00,0,0.0555516366101488,0,0,FALSE
2019-05-13 20:22:00,0,0.0555516366101488,0,0,FALSE
2019-05-13 20:23:00,0,0.0555516366101488,0,0,FALSE
2019-05-13 20:24:00,0,0.0555516366101488,0,0,FALSE
2019-05-13 20:25:00,0,0.0555516366101488,0,0,FALSE
2019-05-13 20:26:00,0,0.0555516366101488,0,0,FALSE
2019-05-13 20:27:00,0,0.0555516366101488,0,0,FALSE
2019-05-13 20:28:00,0,0.0555516366101488,0,0,FALSE
2019-05-13 20:29:00,0,0.0555516366101488,0,0,FALSE
2019-05-13 20:30:00,0,0.0555516366101488,0,0,FALSE
2019-05-13 20:31:00,0,0.0555516366101488,0,0,FALSE
2019-05-13 20:32:00,0,0.0555516366101488,0,0,FALSE
2019-05-13 20:33:00,0,0.0555516366101488,0,0,FALSE
2019-05-13 20:34:00,0,0.0555516366101488,0,0,FALSE
2019-05-13 20:35:00,0,0.0555516366101488,0,0,FALSE
2019-05-13 20:36:00,0,0.0555516366101488,0,0,FALSE
2019-05-13 20:37:00,0,0.0555516366101488,0,0,FALSE
2019-05-13 20:38:00,0,0.0555516366101488,0,0,FALSE
2019-05-13 20:39:00,0,0.0555516366101488,0,0,FALSE
2019-05-13 20:40:00,0,0.0555516366101488,0,0,FALSE
2019-05-13 20:41:00,0,0.0555516366101488,0,0,FALSE
2019-05-13 20:42:00,0,0.0555516366101488,0,0,FALSE
2019-05-13 20:43:00,0,0.0555516366101488,0,0,FALSE
2019-05-13 20:44:00,0,0.0555516366101488,0,0,FALSE
2019-05-13 20:45:00,0,0.0555516366101488,0,0,FALSE
2019-05-13 20:46:00,0,0.0555516366101488,0,0,FALSE
2019-05-13 20:47:00,0,0.0555516366101488,0,0,FALSE
2019-05-13 20:48:00,0,0.0555516366101488,0,0,FALSE
2019-05-13 20:49:00,0,0.0555516366101488,0,0,FALSE
2019-05-13 20:50:00,0,0.0555516366101488,0,0,FALSE
2019-05-13 20:51:00,1,0.0548322628986505,18.9719629629331,0,FALSE
2019-05-13 20:52:00,0,0.0548322628986505,0,0,FALSE
2019-05-13 20:53:00,0,0.0548322628986505,0,0,FALSE
2019-05-13 20:54:00,1,0.0547523324862618,55.0260941486931,0,FALSE
2019-05-13 20:55:00,0,0.0547523324862618,0,0,FALSE
2019-05-13 20:56:00,0,0.0547523324862618,0,0,FALSE
2019-05-13 20:57:00,0,0.0547523324862618,0,0,FALSE
2019-05-13 20:58:00,0,0.0547523324862618,0,0,FALSE
2019-05-13 20:59:00,2,0.0547922976924561,115.255897935128,2,FALSE
2019-05-13 21:00:00,0,0.0547922976924561,0,0,FALSE
2019-05-13 21:01:00,3,0.0546191151322802,232.288489076831,0,FALSE
2019-05-13 21:02:00,0,0.0546191151322802,0,0,FALSE
2019-05-13 21:03:00,1,0.0545924716614843,167.653480472418,0,FALSE
2019-05-13 21:04:00,0,0.0545924716614843,0,0,FALSE
2019-05-13 21:05:00,0,0.0545924716614843,0,0,FALSE
2019-05-13 21:06:00,0,0.0545924716614843,0,0,FALSE
2019-05-13 21:07:00,0,0.0545924716614843,0,0,FALSE
2019-05-13 21:08:00,0,0.0545924716614843,0,0,FALSE
2019-05-13 21:09:00,0,0.0545924716614843,0,0,FALSE
2019-05-13 21:10:00,3,0.054699045544669,292.987724175225,2,FALSE
2019-05-13 21:11:00,0,0.054699045544669,0,0,FALSE
2019-05-13 21:12:00,3,0.0544059673659047,113.447632215657,0,FALSE
2019-05-13 21:13:00,9,0.0542372253842012,556.518533612017,2,FALSE
2019-05-13 21:14:00,0,0.0542372253842012,0,0,FALSE
2019-05-13 21:15:00,0,0.0542372253842012,0,0,FALSE
2019-05-13 21:16:00,1,0.0543526804243182,9.07689763086115,0,FALSE
2019-05-13 21:17:00,6,0.0537398805960048,367.538739879757,0,FALSE
2019-05-13 21:18:00,10,0.0536333067128199,729.573871214489,0,FALSE
2019-05-13 21:19:00,11,0.0538876307522383,1349.79598433535,6,FALSE
2019-05-13 21:20:00,4,0.0541128891871517,124.152072903577,0,FALSE
2019-05-13 21:21:00,0,0.0541128891871517,0,0,FALSE
2019-05-13 21:22:00,0,0.0541128891871517,0,0,FALSE
2019-05-13 21:23:00,0,0.0541128891871517,0,0,FALSE
2019-05-13 21:24:00,0,0.0541128891871517,0,0,FALSE
2019-05-13 21:25:00,0,0.0541128891871517,0,0,FALSE
2019-05-13 21:26:00,1,0.0541928195995408,8.12892293993112,0,FALSE
2019-05-13 21:27:00,0,0.0541928195995408,0,0,FALSE
2019-05-13 21:28:00,0,0.0541928195995408,0,0,FALSE
2019-05-13 21:29:00,1,0.0537931675375973,8.55311363847797,0,FALSE
2019-05-13 21:30:00,0,0.0537931675375973,0,0,FALSE
2019-05-13 21:31:00,0,0.0537931675375973,0,0,FALSE
2019-05-13 21:32:00,0,0.0537931675375973,0,0,FALSE
2019-05-13 21:33:00,0,0.0537931675375973,0,0,FALSE
2019-05-13 21:34:00,0,0.0537931675375973,0,0,FALSE
2019-05-13 21:35:00,0,0.0537931675375973,0,0,FALSE
2019-05-13 21:36:00,2,0.0533135850632633,97.9370557612172,0,FALSE
2019-05-13 21:37:00,1,0.0531537242384877,10.3649762265051,0,FALSE
2019-05-13 21:38:00,0,0.0531537242384877,0,0,FALSE
2019-05-13 21:39:00,0,0.0531537242384877,0,0,FALSE
2019-05-13 21:40:00,10,0.0520986427949568,1718.0495418931,2,FALSE
2019-05-13 21:41:00,1,0.0525142809393781,8.71737063593676,0,FALSE
2019-05-13 21:42:00,1,0.0524343505269894,225.467707266054,0,FALSE
2019-05-13 21:43:00,0,0.0524343505269894,0,0,FALSE
2019-05-13 21:44:00,0,0.0524343505269894,0,0,FALSE
2019-05-13 21:45:00,2,0.0524343505269889,188.082015340309,0,FALSE
2019-05-13 21:46:00,2,0.0523144549084063,231.802512169509,0,FALSE
2019-05-13 21:47:00,1,0.0523544201146007,127.692430659511,0,FALSE
2019-05-13 21:48:00,2,0.0526741417641544,43.9302342313049,0,FALSE
2019-05-13 21:49:00,4,0.0525542461455724,268.656427061629,0,FALSE
2019-05-13 21:50:00,0,0.0525542461455724,0,0,FALSE
2019-05-13 21:51:00,2,0.0518309332079144,183.844320088473,0,FALSE
2019-05-13 21:52:00,1,0.0518309332079144,71.8376734261694,0,FALSE
2019-05-13 21:53:00,1,0.0519099437768289,35.5583114871278,0,FALSE
2019-05-13 21:54:00,0,0.0519099437768289,0,0,FALSE
2019-05-13 21:55:00,9,0.0523225545256047,2865.96830163494,4,FALSE
2019-05-13 21:56:00,5,0.0527000494659739,3924.71869526243,4,FALSE
2019-05-13 21:57:00,0,0.0527000494659739,0,0,FALSE
2019-05-13 21:58:00,0,0.0527000494659739,0,0,FALSE
2019-05-13 21:59:00,5,0.0529054769451516,1523.27446607663,2,FALSE
2019-05-13 22:00:00,11,0.0534470584811656,1854.98746094144,8,FALSE
2019-05-13 22:01:00,3,0.0535428288677279,97.9844829759075,2,FALSE
2019-05-13 22:02:00,0,0.0535428288677279,0,0,FALSE
2019-05-13 22:03:00,2,0.0535296604395763,32.0505582695995,2,FALSE
2019-05-13 22:04:00,0,0.0535296604395763,0,0,FALSE
2019-05-13 22:05:00,0,0.0535296604395763,0,0,FALSE
2019-05-13 22:06:00,0,0.0535296604395763,0,0,FALSE
2019-05-13 22:07:00,0,0.0535296604395763,0,0,FALSE
2019-05-13 22:08:00,0,0.0535296604395763,0,0,FALSE
2019-05-13 22:09:00,2,0.0532926287328327,415.993015651929,0,FALSE
2019-05-13 22:10:00,0,0.0532926287328327,0,0,FALSE
2019-05-13 22:11:00,0,0.0532926287328327,0,0,FALSE
2019-05-13 22:12:00,3,0.0527790600348885,151.423123240095,0,FALSE
2019-05-13 22:13:00,0,0.0527790600348885,0,0,FALSE
2019-05-13 22:14:00,0,0.0527790600348885,0,0,FALSE
2019-05-13 22:15:00,0,0.0527790600348885,0,0,FALSE
2019-05-13 22:16:00,0,0.0527790600348885,0,0,FALSE
2019-05-13 22:17:00,0,0.0527790600348885,0,0,FALSE
2019-05-13 22:18:00,3,0.0527790600348885,989.290701293949,2,FALSE
2019-05-13 22:19:00,0,0.0527790600348885,0,0,FALSE
2019-05-13 22:20:00,0,0.0527790600348885,0,0,FALSE
2019-05-13 22:21:00,0,0.0527790600348885,0,0,FALSE
2019-05-13 22:22:00,6,0.0534506498706618,1994.53742895905,6,FALSE
2019-05-13 22:23:00,0,0.0534506498706618,0,0,FALSE
2019-05-13 22:24:00,0,0.0534506498706618,0,0,FALSE
2019-05-13 22:25:00,0,0.0534506498706618,0,0,FALSE
2019-05-13 22:26:00,0,0.0534506498706618,0,0,FALSE
2019-05-13 22:27:00,0,0.0534506498706618,0,0,FALSE
2019-05-13 22:28:00,1,0.053174112879461,65.6168552932549,0,FALSE
2019-05-13 22:29:00,0,0.053174112879461,0,0,FALSE
2019-05-13 22:30:00,1,0.05333213401729,66.1851783154569,0,FALSE
2019-05-13 22:31:00,0,0.05333213401729,0,0,FALSE
2019-05-13 22:32:00,0,0.05333213401729,0,0,FALSE
2019-05-13 22:33:00,0,0.05333213401729,0,0,FALSE
2019-05-13 22:34:00,1,0.0534111445862045,156.334420203821,0,FALSE
2019-05-13 22:35:00,0,0.0534111445862045,0,0,FALSE
2019-05-13 22:36:00,0,0.0534111445862045,0,0,FALSE
2019-05-13 22:37:00,0,0.0534111445862045,0,0,FALSE
2019-05-13 22:38:00,0,0.0534111445862045,0,0,FALSE
2019-05-13 22:39:00,0,0.0534111445862045,0,0,FALSE
2019-05-13 22:40:00,0,0.0534111445862045,0,0,FALSE
2019-05-13 22:41:00,0,0.0534111445862045,0,0,FALSE
2019-05-13 22:42:00,0,0.0534111445862045,0,0,FALSE
2019-05-13 22:43:00,3,0.053174112879461,54.3011986450264,2,FALSE
2019-05-13 22:44:00,2,0.0532531234483755,105.281425057438,0,FALSE
2019-05-13 22:45:00,0,0.0532531234483755,0,0,FALSE
2019-05-13 22:46:00,0,0.0532531234483755,0,0,FALSE
2019-05-13 22:47:00,0,0.0532531234483755,0,0,FALSE
2019-05-13 22:48:00,0,0.0532531234483755,0,0,FALSE
2019-05-13 22:49:00,1,0.053174112879461,23.1307391025655,0,FALSE
2019-05-13 22:50:00,0,0.053174112879461,0,0,FALSE
2019-05-13 22:51:00,0,0.053174112879461,0,0,FALSE
2019-05-13 22:52:00,0,0.053174112879461,0,0,FALSE
2019-05-13 22:53:00,0,0.053174112879461,0,0,FALSE
2019-05-13 22:54:00,1,0.0530951023105465,275.669771196357,0,FALSE
2019-05-13 22:55:00,0,0.0530951023105465,0,0,FALSE
2019-05-13 22:56:00,0,0.0530951023105465,0,0,FALSE
2019-05-13 22:57:00,0,0.0530951023105465,0,0,FALSE
2019-05-13 22:58:00,0,0.0530951023105465,0,0,FALSE
2019-05-13 22:59:00,0,0.0530951023105465,0,0,FALSE
2019-05-13 23:00:00,0,0.0530951023105465,0,0,FALSE
2019-05-13 23:01:00,4,0.0529370811727175,621.534270048876,0,FALSE
2019-05-13 23:02:00,2,0.0529370811727175,2151.20416761572,0,FALSE
2019-05-13 23:03:00,31,0.0530951023105465,9850.49706293724,6,FALSE
2019-05-13 23:04:00,0,0.0530951023105465,0,0,FALSE
2019-05-13 23:05:00,0,0.0530951023105465,0,0,FALSE
2019-05-13 23:06:00,1,0.0534111445862045,923.532101040061,0,FALSE
2019-05-13 23:07:00,0,0.0534111445862045,0,0,FALSE
2019-05-13 23:08:00,0,0.0534111445862045,0,0,FALSE
2019-05-13 23:09:00,1,0.0529370811727175,153.358724157363,0,FALSE
2019-05-13 23:10:00,1,0.053174112879461,9.51816620542352,0,FALSE
2019-05-13 23:11:00,2,0.053174112879461,187.332399674341,0,FALSE
2019-05-13 23:12:00,0,0.053174112879461,0,0,FALSE
2019-05-13 23:13:00,0,0.053174112879461,0,0,FALSE
2019-05-13 23:14:00,0,0.053174112879461,0,0,FALSE
2019-05-13 23:15:00,0,0.053174112879461,0,0,FALSE
2019-05-13 23:16:00,2,0.05333213401729,149.543303784481,2,FALSE
2019-05-13 23:17:00,0,0.05333213401729,0,0,FALSE
2019-05-13 23:18:00,0,0.05333213401729,0,0,FALSE
2019-05-13 23:19:00,0,0.05333213401729,0,0,FALSE
2019-05-13 23:20:00,0,0.05333213401729,0,0,FALSE
2019-05-13 23:21:00,0,0.05333213401729,0,0,FALSE
2019-05-13 23:22:00,0,0.05333213401729,0,0,FALSE
2019-05-13 23:23:00,0,0.05333213401729,0,0,FALSE
2019-05-13 23:24:00,0,0.05333213401729,0,0,FALSE
2019-05-13 23:25:00,0,0.05333213401729,0,0,FALSE
2019-05-13 23:26:00,0,0.05333213401729,0,0,FALSE
2019-05-13 23:27:00,0,0.05333213401729,0,0,FALSE
2019-05-13 23:28:00,0,0.05333213401729,0,0,FALSE
2019-05-13 23:29:00,0,0.05333213401729,0,0,FALSE
2019-05-13 23:30:00,0,0.05333213401729,0,0,FALSE
2019-05-13 23:31:00,2,0.053174112879461,180.738809677288,0,FALSE
2019-05-13 23:32:00,3,0.053174112879461,720.13701072654,0,FALSE
2019-05-13 23:33:00,0,0.053174112879461,0,0,FALSE
2019-05-13 23:34:00,0,0.053174112879461,0,0,FALSE
2019-05-13 23:35:00,0,0.053174112879461,0,0,FALSE
2019-05-13 23:36:00,0,0.053174112879461,0,0,FALSE
2019-05-13 23:37:00,0,0.053174112879461,0,0,FALSE
2019-05-13 23:38:00,4,0.053016091741632,47.0782894665692,0,FALSE
2019-05-13 23:39:00,1,0.053016091741632,186.934739480994,0,FALSE
2019-05-13 23:40:00,1,0.0532531234483755,26.4668023538426,0,FALSE
2019-05-13 23:41:00,0,0.0532531234483755,0,0,FALSE
2019-05-13 23:42:00,1,0.0532531234483755,11.8221934055394,0,FALSE
2019-05-13 23:43:00,1,0.05333213401729,2.93326737095095,0,FALSE
2019-05-13 23:44:00,0,0.05333213401729,0,0,FALSE
2019-05-13 23:45:00,1,0.05333213401729,18.6662469060515,0,FALSE
2019-05-13 23:46:00,4,0.053213618163918,208.427194437117,2,FALSE
2019-05-13 23:47:00,1,0.0532531234483755,105.86720941537,0,FALSE
2019-05-13 23:48:00,0,0.0532531234483755,0,0,FALSE
2019-05-13 23:49:00,5,0.0532689255621578,3656.10717521892,0,FALSE
2019-05-13 23:50:00,0,0.0532689255621578,0,0,FALSE
2019-05-13 23:51:00,0,0.0532689255621578,0,0,FALSE
2019-05-13 23:52:00,0,0.0532689255621578,0,0,FALSE
2019-05-13 23:53:00,0,0.0532689255621578,0,0,FALSE
2019-05-13 23:54:00,0,0.0532689255621578,0,0,FALSE
2019-05-13 23:55:00,2,0.0532136181639182,160.857775274176,0,FALSE
2019-05-13 23:56:00,0,0.0532136181639182,0,0,FALSE
2019-05-13 23:57:00,0,0.0532136181639182,0,0,FALSE
2019-05-13 23:58:00,0,0.0532136181639182,0,0,FALSE
2019-05-13 23:59:00,1,0.0532531234483755,8.36074038139495,0,FALSE
2019-05-14,1,0.053016091741632,8.32352640343622,0,FALSE
2019-05-14 00:01:00,2,0.0529765864571747,55.1233826251507,2,FALSE
2019-05-14 00:02:00,0,0.0529765864571747,0,0,FALSE
2019-05-14 00:03:00,0,0.0529765864571747,0,0,FALSE
2019-05-14 00:04:00,0,0.0529765864571747,0,0,FALSE
2019-05-14 00:05:00,0,0.0529765864571747,0,0,FALSE
2019-05-14 00:06:00,0,0.0529765864571747,0,0,FALSE
2019-05-14 00:07:00,0,0.0529765864571747,0,0,FALSE
2019-05-14 00:08:00,0,0.0529765864571747,0,0,FALSE
2019-05-14 00:09:00,0,0.0529765864571747,0,0,FALSE
2019-05-14 00:10:00,0,0.0529765864571747,0,0,FALSE
2019-05-14 00:11:00,2,0.0532926287328322,63.5307392422044,0,FALSE
2019-05-14 00:12:00,0,0.0532926287328322,0,0,FALSE
2019-05-14 00:13:00,0,0.0532926287328322,0,0,FALSE
2019-05-14 00:14:00,0,0.0532926287328322,0,0,FALSE
2019-05-14 00:15:00,0,0.0532926287328322,0,0,FALSE
2019-05-14 00:16:00,0,0.0532926287328322,0,0,FALSE
2019-05-14 00:17:00,0,0.0532926287328322,0,0,FALSE
2019-05-14 00:18:00,0,0.0532926287328322,0,0,FALSE
2019-05-14 00:19:00,1,0.0530951023105465,68.9705379013999,0,FALSE
2019-05-14 00:20:00,0,0.0530951023105465,0,0,FALSE
2019-05-14 00:21:00,0,0.0530951023105465,0,0,FALSE
2019-05-14 00:22:00,0,0.0530951023105465,0,0,FALSE
2019-05-14 00:23:00,0,0.0530951023105465,0,0,FALSE
2019-05-14 00:24:00,0,0.0530951023105465,0,0,FALSE
2019-05-14 00:25:00,0,0.0530951023105465,0,0,FALSE
2019-05-14 00:26:00,0,0.0530951023105465,0,0,FALSE
2019-05-14 00:27:00,0,0.0530951023105465,0,0,FALSE
2019-05-14 00:28:00,0,0.0530951023105465,0,0,FALSE
2019-05-14 00:29:00,0,0.0530951023105465,0,0,FALSE
2019-05-14 00:30:00,0,0.0530951023105465,0,0,FALSE
2019-05-14 00:31:00,1,0.052858070603803,9.72588499109975,0,FALSE
2019-05-14 00:32:00,0,0.052858070603803,0,0,FALSE
2019-05-14 00:33:00,1,0.0527790600348885,40.6398762268641,0,FALSE
2019-05-14 00:34:00,1,0.0527790600348885,26.3895300174442,0,FALSE
2019-05-14 00:35:00,1,0.0527790600348885,16.1503923706759,0,FALSE
2019-05-14 00:36:00,0,0.0527790600348885,0,0,FALSE
2019-05-14 00:37:00,0,0.0527790600348885,0,0,FALSE
2019-05-14 00:38:00,0,0.0527790600348885,0,0,FALSE
2019-05-14 00:39:00,0,0.0527790600348885,0,0,FALSE
2019-05-14 00:40:00,0,0.0527790600348885,0,0,FALSE
2019-05-14 00:41:00,0,0.0527790600348885,0,0,FALSE
2019-05-14 00:42:00,0,0.0527790600348885,0,0,FALSE
2019-05-14 00:43:00,0,0.0527790600348885,0,0,FALSE
2019-05-14 00:44:00,0,0.0527790600348885,0,0,FALSE
2019-05-14 00:45:00,0,0.0527790600348885,0,0,FALSE
2019-05-14 00:46:00,0,0.0527790600348885,0,0,FALSE
2019-05-14 00:47:00,0,0.0527790600348885,0,0,FALSE
2019-05-14 00:48:00,0,0.0527790600348885,0,0,FALSE
2019-05-14 00:49:00,0,0.0527790600348885,0,0,FALSE
2019-05-14 00:50:00,0,0.0527790600348885,0,0,FALSE
2019-05-14 00:51:00,0,0.0527790600348885,0,0,FALSE
2019-05-14 00:52:00,0,0.0527790600348885,0,0,FALSE
2019-05-14 00:53:00,0,0.0527790600348885,0,0,FALSE
2019-05-14 00:54:00,1,0.052542028328145,2.94235358637612,0,FALSE
2019-05-14 00:55:00,2,0.0525025230436877,26.469251681479,0,FALSE
2019-05-14 00:56:00,0,0.0525025230436877,0,0,FALSE
2019-05-14 00:57:00,0,0.0525025230436877,0,0,FALSE
2019-05-14 00:58:00,0,0.0525025230436877,0,0,FALSE
2019-05-14 00:59:00,0,0.0525025230436877,0,0,FALSE
2019-05-14 01:00:00,0,0.0525025230436877,0,0,FALSE
2019-05-14 01:01:00,0,0.0525025230436877,0,0,FALSE
2019-05-14 01:02:00,1,0.052542028328145,30.1065822320271,0,FALSE
2019-05-14 01:03:00,6,0.0524761861873829,194.935981773828,2,FALSE
2019-05-14 01:04:00,1,0.0524630177592305,41.9704142073844,0,FALSE
2019-05-14 01:05:00,0,0.0524630177592305,0,0,FALSE
2019-05-14 01:06:00,0,0.0524630177592305,0,0,FALSE
2019-05-14 01:07:00,0,0.0524630177592305,0,0,FALSE
2019-05-14 01:08:00,1,0.0523049966214015,55.3386864254427,0,FALSE
2019-05-14 01:09:00,0,0.0523049966214015,0,0,FALSE
2019-05-14 01:10:00,0,0.0523049966214015,0,0,FALSE
2019-05-14 01:11:00,0,0.0523049966214015,0,0,FALSE
2019-05-14 01:12:00,0,0.0523049966214015,0,0,FALSE
2019-05-14 01:13:00,0,0.0523049966214015,0,0,FALSE
2019-05-14 01:14:00,0,0.0523049966214015,0,0,FALSE
2019-05-14 01:15:00,0,0.0523049966214015,0,0,FALSE
2019-05-14 01:16:00,0,0.0523049966214015,0,0,FALSE
2019-05-14 01:17:00,1,0.0522259860524869,23.6583716817766,0,FALSE
2019-05-14 01:18:00,0,0.0522259860524869,0,0,FALSE
2019-05-14 01:19:00,0,0.0522259860524869,0,0,FALSE
2019-05-14 01:20:00,1,0.0522259860524869,60.9999517093048,0,FALSE
2019-05-14 01:21:00,1,0.052225986052487,53.2705057735367,0,FALSE
2019-05-14 01:22:00,0,0.052225986052487,0,0,FALSE
2019-05-14 01:23:00,0,0.052225986052487,0,0,FALSE
2019-05-14 01:24:00,51,0.0524056963660963,14900.2726113659,28,FALSE
2019-05-14 01:25:00,7,0.0512327103289903,715.18091477024,0,FALSE
2019-05-14 01:26:00,0,0.0512327103289903,0,0,FALSE
2019-05-14 01:27:00,1,0.0514358803633419,257.745196500706,0,FALSE
2019-05-14 01:28:00,4,0.0514556330055705,1096.18923566536,0,FALSE
2019-05-14 01:29:00,4,0.0513568697944274,581.205695463535,0,FALSE
2019-05-14 01:30:00,0,0.0513568697944274,0,0,FALSE
2019-05-14 01:31:00,4,0.0515939015011709,1808.50601731245,2,FALSE
2019-05-14 01:32:00,2,0.0515148909322564,42.6028148009761,0,FALSE
2019-05-14 01:33:00,0,0.0515148909322564,0,0,FALSE
2019-05-14 01:34:00,0,0.0515148909322564,0,0,FALSE
2019-05-14 01:35:00,0,0.0515148909322564,0,0,FALSE
2019-05-14 01:36:00,0,0.0515148909322564,0,0,FALSE
2019-05-14 01:37:00,1,0.0508037958120259,19.55946138763,0,FALSE
2019-05-14 01:38:00,0,0.0508037958120259,0,0,FALSE
2019-05-14 01:39:00,0,0.0508037958120259,0,0,FALSE
2019-05-14 01:40:00,0,0.0508037958120259,0,0,FALSE
2019-05-14 01:41:00,5,0.0505825662190653,1123.23589658447,0,FALSE
2019-05-14 01:42:00,1,0.0507247852431114,2.6884136178849,0,FALSE
2019-05-14 01:43:00,1,0.0507247852431114,2.94203754410046,0,FALSE
2019-05-14 01:44:00,1,0.0507247852431114,41.3406999731358,0,FALSE
2019-05-14 01:45:00,1,0.0508037958120259,587.749113749327,0,FALSE
2019-05-14 01:46:00,1,0.0508037958120259,11.0244236912096,0,FALSE
2019-05-14 01:47:00,1,0.0508037958120259,13.0565755236907,0,FALSE
2019-05-14 01:48:00,0,0.0508037958120259,0,0,FALSE
2019-05-14 01:49:00,4,0.0508037958120259,654.810124221202,0,FALSE
2019-05-14 01:50:00,0,0.0508037958120259,0,0,FALSE
2019-05-14 01:51:00,0,0.0508037958120259,0,0,FALSE
2019-05-14 01:52:00,0,0.0508037958120259,0,0,FALSE
2019-05-14 01:53:00,9,0.0513480908423239,1454.47143058133,5,FALSE
2019-05-14 01:54:00,0,0.0513480908423239,0,0,FALSE
2019-05-14 01:55:00,6,0.051409543507036,174.020303970779,2,FALSE
2019-05-14 01:56:00,2,0.0513963750788847,380.551007722244,2,FALSE
2019-05-14 01:57:00,1,0.0513568697944274,192.331477380131,0,FALSE
2019-05-14 01:58:00,0,0.0513568697944274,0,0,FALSE
2019-05-14 01:59:00,0,0.0513568697944274,0,0,FALSE
2019-05-14 02:00:00,1,0.0515148909322564,2.73028921940959,0,FALSE
2019-05-14 02:01:00,0,0.0515148909322564,0,0,FALSE
2019-05-14 02:02:00,1,0.0514358803633419,115.524987296066,0,FALSE
2019-05-14 02:03:00,0,0.0514358803633419,0,0,FALSE
2019-05-14 02:04:00,0,0.0514358803633419,0,0,FALSE
2019-05-14 02:05:00,3,0.0516465752137806,179.251909780886,3,FALSE
2019-05-14 02:06:00,0,0.0516465752137806,0,0,FALSE
2019-05-14 02:07:00,1,0.0518309332079144,2.43605386077198,0,FALSE
2019-05-14 02:08:00,1,0.0517519226389999,67.0704917401439,0,FALSE
2019-05-14 02:09:00,2,0.0517519226389999,18.837699840596,2,FALSE
2019-05-14 02:10:00,0,0.0517519226389999,0,0,FALSE
2019-05-14 02:11:00,0,0.0517519226389999,0,0,FALSE
2019-05-14 02:12:00,3,0.0516729120700854,275.385175127127,2,FALSE
2019-05-14 02:13:00,2,0.0515148909322564,25.8089603570605,0,FALSE
2019-05-14 02:14:00,0,0.0515148909322564,0,0,FALSE
2019-05-14 02:15:00,0,0.0515148909322564,0,0,FALSE
2019-05-14 02:16:00,5,0.0519257458906118,834.637230943783,4,FALSE
2019-05-14 02:17:00,5,0.0519889543457434,1969.28170060552,4,FALSE
2019-05-14 02:18:00,1,0.0521469754835724,2.4509078477279,0,FALSE
2019-05-14 02:19:00,3,0.0522523229087918,266.127901820259,3,FALSE
2019-05-14 02:20:00,2,0.0523445019058587,1489.44474781621,2,FALSE
2019-05-14 02:21:00,1,0.0522259860524869,9.55735544760511,0,FALSE
2019-05-14 02:22:00,3,0.0523049966214015,102.632911776855,3,FALSE
2019-05-14 02:23:00,2,0.052384007190316,2129.93373235825,0,FALSE
2019-05-14 02:24:00,0,0.052384007190316,0,0,FALSE
2019-05-14 02:25:00,5,0.0520679649146577,1029.69607415227,0,FALSE
2019-05-14 02:26:00,0,0.0520679649146577,0,0,FALSE
2019-05-14 02:27:00,0,0.0520679649146577,0,0,FALSE
2019-05-14 02:28:00,0,0.0520679649146577,0,0,FALSE
2019-05-14 02:29:00,0,0.0520679649146577,0,0,FALSE
2019-05-14 02:30:00,1,0.0529218339069772,2.32856069190699,0,FALSE
2019-05-14 02:31:00,0,0.0529218339069772,0,0,FALSE
2019-05-14 02:32:00,0,0.0529218339069772,0,0,FALSE
2019-05-14 02:33:00,0,0.0529218339069772,0,0,FALSE
2019-05-14 02:34:00,1,0.0529218339069772,2.80485719706979,0,FALSE
2019-05-14 02:35:00,0,0.0529218339069772,0,0,FALSE
2019-05-14 02:36:00,0,0.0529218339069772,0,0,FALSE
2019-05-14 02:37:00,0,0.0529218339069772,0,0,FALSE
2019-05-14 02:38:00,0,0.0529218339069772,0,0,FALSE
2019-05-14 02:39:00,0,0.0529218339069772,0,0,FALSE
2019-05-14 02:40:00,0,0.0529218339069772,0,0,FALSE
2019-05-14 02:41:00,0,0.0529218339069772,0,0,FALSE
2019-05-14 02:42:00,0,0.0529218339069772,0,0,FALSE
2019-05-14 02:43:00,0,0.0529218339069772,0,0,FALSE
2019-05-14 02:44:00,0,0.0529218339069772,0,0,FALSE
2019-05-14 02:45:00,0,0.0529218339069772,0,0,FALSE
2019-05-14 02:46:00,1,0.0529218339069772,22.3330139087444,0,FALSE
2019-05-14 02:47:00,6,0.0528154048795121,621.062705112574,3,FALSE
2019-05-14 02:48:00,1,0.0529218339069772,287.683089118328,0,FALSE
2019-05-14 02:49:00,0,0.0529218339069772,0,0,FALSE
2019-05-14 02:50:00,1,0.0530016556775759,70.863213640919,0,FALSE
2019-05-14 02:51:00,0,0.0530016556775759,0,0,FALSE
2019-05-14 02:52:00,5,0.0531612992187734,1808.4789123435,5,FALSE
2019-05-14 02:53:00,1,0.0530016556775759,240.097500219419,0,FALSE
2019-05-14 02:54:00,0,0.0530016556775759,0,0,FALSE
2019-05-14 02:55:00,0,0.0530016556775759,0,0,FALSE
2019-05-14 02:56:00,0,0.0530016556775759,0,0,FALSE
2019-05-14 02:57:00,1,0.0529218339069772,22.4388575765583,0,FALSE
2019-05-14 02:58:00,2,0.0529617447922765,728.754486381202,2,FALSE
2019-05-14 02:59:00,1,0.0530016556775759,170.453324659084,0,FALSE
2019-05-14 03:00:00,0,0.0530016556775759,0,0,FALSE
2019-05-14 03:01:00,9,0.0532499900749943,770.220379593615,6,FALSE
2019-05-14 03:02:00,1,0.0533209427599709,141.887028684283,0,FALSE
2019-05-14 03:03:00,0,0.0533209427599709,0,0,FALSE
2019-05-14 03:04:00,0,0.0533209427599709,0,0,FALSE
2019-05-14 03:05:00,0,0.0533209427599709,0,0,FALSE
2019-05-14 03:06:00,2,0.0534805863011685,57.8659943778643,2,FALSE
2019-05-14 03:07:00,0,0.0534805863011685,0,0,FALSE
2019-05-14 03:08:00,0,0.0534805863011685,0,0,FALSE
2019-05-14 03:09:00,1,0.0534007645305697,22.1613172801864,0,FALSE
2019-05-14 03:10:00,3,0.0534007645305697,171.256251849537,0,FALSE
2019-05-14 03:11:00,0,0.0534007645305697,0,0,FALSE
2019-05-14 03:12:00,0,0.0534007645305697,0,0,FALSE
2019-05-14 03:13:00,0,0.0534007645305697,0,0,FALSE
2019-05-14 03:14:00,1,0.0534007645305697,557.130176347434,0,FALSE
2019-05-14 03:15:00,0,0.0534007645305697,0,0,FALSE
2019-05-14 03:16:00,1,0.0534805863011685,2.35314579725141,0,FALSE
2019-05-14 03:17:00,0,0.0534805863011685,0,0,FALSE
2019-05-14 03:18:00,1,0.0534805863011685,24.9754338026457,0,FALSE
2019-05-14 03:19:00,1,0.0534805863011685,2.8879516602631,0,FALSE
2019-05-14 03:20:00,0,0.0534805863011685,0,0,FALSE
2019-05-14 03:21:00,0,0.0534805863011685,0,0,FALSE
2019-05-14 03:22:00,0,0.0534805863011685,0,0,FALSE
2019-05-14 03:23:00,0,0.0534805863011685,0,0,FALSE
2019-05-14 03:24:00,1,0.0531612992187734,44.336523548457,0,FALSE
2019-05-14 03:25:00,0,0.0531612992187734,0,0,FALSE
2019-05-14 03:26:00,1,0.0531612992187734,16.0015510648508,0,FALSE
2019-05-14 03:27:00,0,0.0531612992187734,0,0,FALSE
2019-05-14 03:28:00,0,0.0531612992187734,0,0,FALSE
2019-05-14 03:29:00,2,0.0532012101040677,79.8013362254848,2,FALSE
2019-05-14 03:30:00,0,0.0532012101040677,0,0,FALSE
2019-05-14 03:31:00,0,0.0532012101040677,0,0,FALSE
2019-05-14 03:32:00,0,0.0532012101040677,0,0,FALSE
2019-05-14 03:33:00,0,0.0532012101040677,0,0,FALSE
2019-05-14 03:34:00,0,0.0532012101040677,0,0,FALSE
2019-05-14 03:35:00,1,0.0530016556775759,46.5884553405892,0,FALSE
2019-05-14 03:36:00,0,0.0530016556775759,0,0,FALSE
2019-05-14 03:37:00,0,0.0530016556775759,0,0,FALSE
2019-05-14 03:38:00,12,0.0524295996549514,3106.16067401423,2,FALSE
2019-05-14 03:39:00,0,0.0524295996549514,0,0,FALSE
2019-05-14 03:40:00,0,0.0524295996549514,0,0,FALSE
2019-05-14 03:41:00,0,0.0524295996549514,0,0,FALSE
2019-05-14 03:42:00,0,0.0524295996549514,0,0,FALSE
2019-05-14 03:43:00,0,0.0524295996549514,0,0,FALSE
2019-05-14 03:44:00,1,0.0527621903657796,2.21601199536274,0,FALSE
2019-05-14 03:45:00,2,0.0526025468245817,528.760800680698,0,FALSE
2019-05-14 03:46:00,2,0.0527222794804803,244.688768642489,2,FALSE
2019-05-14 03:47:00,0,0.0527222794804803,0,0,FALSE
2019-05-14 03:48:00,0,0.0527222794804803,0,0,FALSE
2019-05-14 03:49:00,5,0.0526504398869414,483.901125247738,0,FALSE
2019-05-14 03:50:00,0,0.0526504398869414,0,0,FALSE
2019-05-14 03:51:00,0,0.0526504398869414,0,0,FALSE
2019-05-14 03:52:00,2,0.0528819230216778,79.8841114015965,2,FALSE
2019-05-14 03:53:00,0,0.0528819230216778,0,0,FALSE
2019-05-14 03:54:00,0,0.0528819230216778,0,0,FALSE
2019-05-14 03:55:00,1,0.0529218339069772,94.2008643544193,0,FALSE
2019-05-14 03:56:00,1,0.0529218339069772,108.383915841489,0,FALSE
2019-05-14 03:57:00,2,0.0529617447922765,452.299526624148,0,FALSE
2019-05-14 03:58:00,0,0.0529617447922765,0,0,FALSE
2019-05-14 03:59:00,2,0.0530814774481747,445.088188402945,0,FALSE
2019-05-14 04:00:00,0,0.0530814774481747,0,0,FALSE
2019-05-14 04:01:00,0,0.0530814774481747,0,0,FALSE
2019-05-14 04:02:00,0,0.0530814774481747,0,0,FALSE
2019-05-14 04:03:00,0,0.0530814774481747,0,0,FALSE
2019-05-14 04:04:00,0,0.0530814774481747,0,0,FALSE
2019-05-14 04:05:00,2,0.053121388333474,1737.30822524223,2,FALSE
2019-05-14 04:06:00,1,0.0530016556775759,69.8031805273675,0,FALSE
2019-05-14 04:07:00,1,0.0530814774481747,1725.8380762725,0,FALSE
2019-05-14 04:08:00,1,0.0532411209893722,90.0839767140177,0,FALSE
2019-05-14 04:09:00,0,0.0532411209893722,0,0,FALSE
2019-05-14 04:10:00,1,0.0532411209893722,97.2182869265936,0,FALSE
2019-05-14 04:11:00,0,0.0532411209893722,0,0,FALSE
2019-05-14 04:12:00,1,0.0532411209893722,18.8473568302378,0,FALSE
2019-05-14 04:13:00,0,0.0532411209893722,0,0,FALSE
2019-05-14 04:14:00,0,0.0532411209893722,0,0,FALSE
2019-05-14 04:15:00,0,0.0532411209893722,0,0,FALSE
2019-05-14 04:16:00,1,0.0532411209893722,28.1645530033779,0,FALSE
2019-05-14 04:17:00,0,0.0532411209893722,0,0,FALSE
2019-05-14 04:18:00,0,0.0532411209893722,0,0,FALSE
2019-05-14 04:19:00,0,0.0532411209893722,0,0,FALSE
2019-05-14 04:20:00,0,0.0532411209893722,0,0,FALSE
2019-05-14 04:21:00,1,0.0530814774481747,8.70536230150065,0,FALSE
2019-05-14 04:22:00,0,0.0530814774481747,0,0,FALSE
2019-05-14 04:23:00,5,0.0532570853434918,468.612462416104,5,FALSE
2019-05-14 04:24:00,0,0.0532570853434918,0,0,FALSE
2019-05-14 04:25:00,0,0.0532570853434918,0,0,FALSE
2019-05-14 04:26:00,0,0.0532570853434918,0,0,FALSE
2019-05-14 04:27:00,0,0.0532570853434918,0,0,FALSE
2019-05-14 04:28:00,0,0.0532570853434918,0,0,FALSE
2019-05-14 04:29:00,0,0.0532570853434918,0,0,FALSE
2019-05-14 04:30:00,0,0.0532570853434918,0,0,FALSE
2019-05-14 04:31:00,0,0.0532570853434918,0,0,FALSE
2019-05-14 04:32:00,0,0.0532570853434918,0,0,FALSE
2019-05-14 04:33:00,0,0.0532570853434918,0,0,FALSE
2019-05-14 04:34:00,1,0.0530814774481747,2.44174796261603,0,FALSE
2019-05-14 04:35:00,0,0.0530814774481747,0,0,FALSE
2019-05-14 04:36:00,4,0.0531213883334719,60.1880895063512,2,FALSE
2019-05-14 04:37:00,0,0.0531213883334719,0,0,FALSE
2019-05-14 04:38:00,0,0.0531213883334719,0,0,FALSE
2019-05-14 04:39:00,0,0.0531213883334719,0,0,FALSE
2019-05-14 04:40:00,0,0.0531213883334719,0,0,FALSE
2019-05-14 04:41:00,0,0.0531213883334719,0,0,FALSE
2019-05-14 04:42:00,2,0.053121388333474,302.470471230601,2,FALSE
2019-05-14 04:43:00,1,0.0531612992187734,67.3022048109672,0,FALSE
2019-05-14 04:44:00,0,0.0531612992187734,0,0,FALSE
2019-05-14 04:45:00,0,0.0531612992187734,0,0,FALSE
2019-05-14 04:46:00,0,0.0531612992187734,0,0,FALSE
2019-05-14 04:47:00,0,0.0531612992187734,0,0,FALSE
2019-05-14 04:48:00,2,0.0531213883334741,18.8979638327974,2,FALSE
2019-05-14 04:49:00,0,0.0531213883334741,0,0,FALSE
2019-05-14 04:50:00,0,0.0531213883334741,0,0,FALSE
2019-05-14 04:51:00,0,0.0531213883334741,0,0,FALSE
2019-05-14 04:52:00,0,0.0531213883334741,0,0,FALSE
2019-05-14 04:53:00,0,0.0531213883334741,0,0,FALSE
2019-05-14 04:54:00,0,0.0531213883334741,0,0,FALSE
2019-05-14 04:55:00,0,0.0531213883334741,0,0,FALSE
2019-05-14 04:56:00,0,0.0531213883334741,0,0,FALSE
2019-05-14 04:57:00,0,0.0531213883334741,0,0,FALSE
2019-05-14 04:58:00,0,0.0531213883334741,0,0,FALSE
2019-05-14 04:59:00,0,0.0531213883334741,0,0,FALSE
2019-05-14 05:00:00,0,0.0531213883334741,0,0,FALSE
2019-05-14 05:01:00,2,0.0530415665628753,438.293759289578,2,FALSE
2019-05-14 05:02:00,0,0.0530415665628753,0,0,FALSE
2019-05-14 05:03:00,1,0.0529218339069771,63.8237316918144,0,FALSE
2019-05-14 05:04:00,1,0.0527621903657796,11.2911087382768,0,FALSE
2019-05-14 05:05:00,0,0.0527621903657796,0,0,FALSE
2019-05-14 05:06:00,2,0.0529218339069772,97.376174388838,2,FALSE
2019-05-14 05:07:00,1,0.0529218339069772,9.52593010325589,0,FALSE
2019-05-14 05:08:00,4,0.0528619675790281,627.733410481513,0,FALSE
2019-05-14 05:09:00,1,0.0529218339069771,526.678091042237,0,FALSE
2019-05-14 05:10:00,0,0.0529218339069771,0,0,FALSE
2019-05-14 05:11:00,1,0.0528420121363784,19.1816504055054,0,FALSE
2019-05-14 05:12:00,0,0.0528420121363784,0,0,FALSE
2019-05-14 05:13:00,1,0.0530016556775759,15.0524702124316,0,FALSE
2019-05-14 05:14:00,0,0.0530016556775759,0,0,FALSE
2019-05-14 05:15:00,0,0.0530016556775759,0,0,FALSE
2019-05-14 05:16:00,0,0.0530016556775759,0,0,FALSE
2019-05-14 05:17:00,0,0.0530016556775759,0,0,FALSE
2019-05-14 05:18:00,0,0.0530016556775759,0,0,FALSE
2019-05-14 05:19:00,0,0.0530016556775759,0,0,FALSE
2019-05-14 05:20:00,0,0.0530016556775759,0,0,FALSE
2019-05-14 05:21:00,0,0.0530016556775759,0,0,FALSE
2019-05-14 05:22:00,0,0.0530016556775759,0,0,FALSE
2019-05-14 05:23:00,0,0.0530016556775759,0,0,FALSE
2019-05-14 05:24:00,0,0.0530016556775759,0,0,FALSE
2019-05-14 05:25:00,0,0.0530016556775759,0,0,FALSE
2019-05-14 05:26:00,1,0.0530016556775759,33.0200314871298,0,FALSE
2019-05-14 05:27:00,3,0.0526823685951809,155.044210775617,0,FALSE
2019-05-14 05:28:00,0,0.0526823685951809,0,0,FALSE
2019-05-14 05:29:00,0,0.0526823685951809,0,0,FALSE
2019-05-14 05:30:00,0,0.0526823685951809,0,0,FALSE
2019-05-14 05:31:00,2,0.0528819230216778,632.392687053133,0,FALSE
2019-05-14 05:32:00,1,0.0529218339069771,7.56782224869773,0,FALSE
2019-05-14 05:33:00,0,0.0529218339069771,0,0,FALSE
2019-05-14 05:34:00,0,0.0529218339069771,0,0,FALSE
2019-05-14 05:35:00,0,0.0529218339069771,0,0,FALSE
2019-05-14 05:36:00,0,0.0529218339069771,0,0,FALSE
2019-05-14 05:37:00,0,0.0529218339069771,0,0,FALSE
2019-05-14 05:38:00,5,0.0532251566352524,812.58618344776,4,FALSE
2019-05-14 05:39:00,1,0.053320942759971,184.27717817846,0,FALSE
2019-05-14 05:40:00,0,0.053320942759971,0,0,FALSE
2019-05-14 05:41:00,0,0.053320942759971,0,0,FALSE
2019-05-14 05:42:00,0,0.053320942759971,0,0,FALSE
2019-05-14 05:43:00,0,0.053320942759971,0,0,FALSE
2019-05-14 05:44:00,0,0.053320942759971,0,0,FALSE
2019-05-14 05:45:00,0,0.053320942759971,0,0,FALSE
2019-05-14 05:46:00,0,0.053320942759971,0,0,FALSE
2019-05-14 05:47:00,0,0.053320942759971,0,0,FALSE
2019-05-14 05:48:00,3,0.053427371787436,134.133620818943,2,FALSE
2019-05-14 05:49:00,1,0.0534007645305697,8.33051926676887,0,FALSE
2019-05-14 05:50:00,0,0.0534007645305697,0,0,FALSE
2019-05-14 05:51:00,0,0.0534007645305697,0,0,FALSE
2019-05-14 05:52:00,1,0.0534007645305697,83.6789980194027,0,FALSE
2019-05-14 05:53:00,1,0.0534805863011685,132.845776372102,0,FALSE
2019-05-14 05:54:00,0,0.0534805863011685,0,0,FALSE
2019-05-14 05:55:00,0,0.0534805863011685,0,0,FALSE
2019-05-14 05:56:00,0,0.0534805863011685,0,0,FALSE
2019-05-14 05:57:00,0,0.0534805863011685,0,0,FALSE
2019-05-14 05:58:00,0,0.0534805863011685,0,0,FALSE
2019-05-14 05:59:00,0,0.0534805863011685,0,0,FALSE
2019-05-14 06:00:00,0,0.0534805863011685,0,0,FALSE
2019-05-14 06:01:00,1,0.0534805863011685,110.597852470816,0,FALSE
2019-05-14 06:02:00,1,0.0534805863011685,2.8879516602631,0,FALSE
2019-05-14 06:03:00,0,0.0534805863011685,0,0,FALSE
2019-05-14 06:04:00,0,0.0534805863011685,0,0,FALSE
2019-05-14 06:05:00,0,0.0534805863011685,0,0,FALSE
2019-05-14 06:06:00,4,0.0535204971864678,802.46917313322,4,FALSE
2019-05-14 06:07:00,0,0.0535204971864678,0,0,FALSE
2019-05-14 06:08:00,0,0.0535204971864678,0,0,FALSE
2019-05-14 06:09:00,0,0.0535204971864678,0,0,FALSE
2019-05-14 06:10:00,0,0.0535204971864678,0,0,FALSE
2019-05-14 06:11:00,0,0.0535204971864678,0,0,FALSE
2019-05-14 06:12:00,0,0.0535204971864678,0,0,FALSE
2019-05-14 06:13:00,0,0.0535204971864678,0,0,FALSE
2019-05-14 06:14:00,0,0.0535204971864678,0,0,FALSE
2019-05-14 06:15:00,0,0.0535204971864678,0,0,FALSE
2019-05-14 06:16:00,0,0.0535204971864678,0,0,FALSE
2019-05-14 06:17:00,0,0.0535204971864678,0,0,FALSE
2019-05-14 06:18:00,0,0.0535204971864678,0,0,FALSE
2019-05-14 06:19:00,0,0.0535204971864678,0,0,FALSE
2019-05-14 06:20:00,0,0.0535204971864678,0,0,FALSE
2019-05-14 06:21:00,0,0.0535204971864678,0,0,FALSE
2019-05-14 06:22:00,0,0.0535204971864678,0,0,FALSE
2019-05-14 06:23:00,0,0.0535204971864678,0,0,FALSE
2019-05-14 06:24:00,1,0.053640229842366,2.25288965337937,0,FALSE
2019-05-14 06:25:00,2,0.0531612992187725,40.2962648078295,0,FALSE
2019-05-14 06:26:00,0,0.0531612992187725,0,0,FALSE
2019-05-14 06:27:00,2,0.0533608536452703,437.418832862045,2,FALSE
2019-05-14 06:28:00,0,0.0533608536452703,0,0,FALSE
2019-05-14 06:29:00,0,0.0533608536452703,0,0,FALSE
2019-05-14 06:30:00,1,0.0534007645305697,3.47104969448703,0,FALSE
2019-05-14 06:31:00,1,0.0535604080717672,8.73034651569806,0,FALSE
2019-05-14 06:32:00,15,0.0540340172439865,5715.52804896779,11,FALSE
2019-05-14 06:33:00,1,0.0545980910895511,39.9658026775514,0,FALSE
2019-05-14 06:34:00,2,0.0541590713512579,334.689331606231,2,FALSE
2019-05-14 06:35:00,1,0.0545980910895511,2.3477179168507,0,FALSE
2019-05-14 06:36:00,8,0.0539495392034362,1468.85531816593,6,FALSE
2019-05-14 06:37:00,0,0.0539495392034362,0,0,FALSE
2019-05-14 06:38:00,0,0.0539495392034362,0,0,FALSE
2019-05-14 06:39:00,0,0.0539495392034362,0,0,FALSE
2019-05-14 06:40:00,0,0.0539495392034362,0,0,FALSE
2019-05-14 06:41:00,0,0.0539495392034362,0,0,FALSE
2019-05-14 06:42:00,1,0.053959516924761,2.48213777853901,0,FALSE
2019-05-14 06:43:00,1,0.053959516924761,9.44291546183318,0,FALSE
2019-05-14 06:44:00,0,0.053959516924761,0,0,FALSE
2019-05-14 06:45:00,0,0.053959516924761,0,0,FALSE
2019-05-14 06:46:00,0,0.053959516924761,0,0,FALSE
2019-05-14 06:47:00,0,0.053959516924761,0,0,FALSE
2019-05-14 06:48:00,0,0.053959516924761,0,0,FALSE
2019-05-14 06:49:00,1,0.053959516924761,2.48213777853901,0,FALSE
2019-05-14 06:50:00,1,0.0539595169247593,25.3070134377121,0,FALSE
2019-05-14 06:51:00,3,0.054172374979691,422.474122039922,3,FALSE
2019-05-14 06:52:00,0,0.054172374979691,0,0,FALSE
2019-05-14 06:53:00,0,0.054172374979691,0,0,FALSE
2019-05-14 06:54:00,0,0.054172374979691,0,0,FALSE
2019-05-14 06:55:00,0,0.054172374979691,0,0,FALSE
2019-05-14 06:56:00,0,0.054172374979691,0,0,FALSE
2019-05-14 06:57:00,0,0.054172374979691,0,0,FALSE
2019-05-14 06:58:00,0,0.054172374979691,0,0,FALSE
2019-05-14 06:59:00,0,0.054172374979691,0,0,FALSE
2019-05-14 07:00:00,0,0.054172374979691,0,0,FALSE
2019-05-14 07:01:00,0,0.054172374979691,0,0,FALSE
2019-05-14 07:02:00,0,0.054172374979691,0,0,FALSE
2019-05-14 07:03:00,2,0.0545822584771685,54.3093471847826,0,FALSE
2019-05-14 07:04:00,0,0.0545822584771685,0,0,FALSE
2019-05-14 07:05:00,0,0.0545822584771685,0,0,FALSE
2019-05-14 07:06:00,0,0.0545822584771685,0,0,FALSE
2019-05-14 07:07:00,1,0.0544205332668665,27.319107699967,0,FALSE
2019-05-14 07:08:00,1,0.0541779454514124,29.9062258891797,0,FALSE
2019-05-14 07:09:00,0,0.0541779454514124,0,0,FALSE
2019-05-14 07:10:00,5,0.0537898049466856,1010.42385787557,2,FALSE
2019-05-14 07:11:00,1,0.0539353576359583,41.36841930678,0,FALSE
2019-05-14 07:12:00,8,0.053187378538308,465.377392388119,3,FALSE
2019-05-14 07:13:00,0,0.053187378538308,0,0,FALSE
2019-05-14 07:14:00,0,0.053187378538308,0,0,FALSE
2019-05-14 07:15:00,2,0.0528841437689906,477.332281658909,0,FALSE
2019-05-14 07:16:00,0,0.0528841437689906,0,0,FALSE
2019-05-14 07:17:00,0,0.0528841437689906,0,0,FALSE
2019-05-14 07:18:00,4,0.0530863002818669,208.004011307319,2,FALSE
2019-05-14 07:19:00,9,0.0536119072153529,1355.83316581071,8,FALSE
2019-05-14 07:20:00,8,0.0539252498103144,3348.48643616112,7,FALSE
2019-05-14 07:21:00,0,0.0539252498103144,0,0,FALSE
2019-05-14 07:22:00,0,0.0539252498103144,0,0,FALSE
2019-05-14 07:23:00,0,0.0539252498103144,0,0,FALSE
2019-05-14 07:24:00,0,0.0539252498103144,0,0,FALSE
2019-05-14 07:25:00,1,0.054097082846261,35.9745600927636,0,FALSE
2019-05-14 07:26:00,5,0.0542911530986243,2941.86599596632,4,FALSE
2019-05-14 07:27:00,4,0.0542183767539881,2317.86908335152,4,FALSE
2019-05-14 07:28:00,0,0.0542183767539881,0,0,FALSE
2019-05-14 07:29:00,0,0.0542183767539881,0,0,FALSE
2019-05-14 07:30:00,0,0.0542183767539881,0,0,FALSE
2019-05-14 07:31:00,0,0.0542183767539881,0,0,FALSE
2019-05-14 07:32:00,1,0.0542588080565638,8.13882120848457,0,FALSE
2019-05-14 07:33:00,0,0.0542588080565638,0,0,FALSE
2019-05-14 07:34:00,0,0.0542588080565638,0,0,FALSE
2019-05-14 07:35:00,0,0.0542588080565638,0,0,FALSE
2019-05-14 07:36:00,0,0.0542588080565638,0,0,FALSE
2019-05-14 07:37:00,3,0.0536927698205042,1410.27545111836,3,FALSE
2019-05-14 07:38:00,1,0.0539353576359583,18.9313105302214,0,FALSE
2019-05-14 07:39:00,1,0.053854495030807,2.36959778135551,0,FALSE
2019-05-14 07:40:00,1,0.0533693193998988,14.783301473772,0,FALSE
2019-05-14 07:41:00,0,0.0533693193998988,0,0,FALSE
2019-05-14 07:42:00,3,0.053423227803333,104.368394117601,2,FALSE
2019-05-14 07:43:00,4,0.0538949263333824,576.24180302795,2,FALSE
2019-05-14 07:44:00,0,0.0538949263333824,0,0,FALSE
2019-05-14 07:45:00,1,0.0536927698205042,37.2627822554299,0,FALSE
2019-05-14 07:46:00,0,0.0536927698205042,0,0,FALSE
2019-05-14 07:47:00,0,0.0536927698205042,0,0,FALSE
2019-05-14 07:48:00,0,0.0536927698205042,0,0,FALSE
2019-05-14 07:49:00,12,0.0541846840018417,3632.12779193753,12,FALSE
2019-05-14 07:50:00,0,0.0541846840018417,0,0,FALSE
2019-05-14 07:51:00,0,0.0541846840018417,0,0,FALSE
2019-05-14 07:52:00,2,0.0536119072153529,54.2016381947218,0,FALSE
2019-05-14 07:53:00,2,0.0532075941895956,49.6958929730819,0,FALSE
2019-05-14 07:54:00,0,0.0532075941895956,0,0,FALSE
2019-05-14 07:55:00,0,0.0532075941895956,0,0,FALSE
2019-05-14 07:56:00,0,0.0532075941895956,0,0,FALSE
2019-05-14 07:57:00,0,0.0532075941895956,0,0,FALSE
2019-05-14 07:58:00,0,0.0532075941895956,0,0,FALSE
2019-05-14 07:59:00,0,0.0532075941895956,0,0,FALSE
2019-05-14 08:00:00,0,0.0532075941895956,0,0,FALSE
2019-05-14 08:01:00,0,0.0532075941895956,0,0,FALSE
2019-05-14 08:02:00,1,0.0528032811638393,15.7881810679879,0,FALSE
2019-05-14 08:03:00,0,0.0528032811638393,0,0,FALSE
2019-05-14 08:04:00,0,0.0528032811638393,0,0,FALSE
2019-05-14 08:05:00,2,0.0530054376767177,159.717068366395,2,FALSE
2019-05-14 08:06:00,0,0.0530054376767177,0,0,FALSE
2019-05-14 08:07:00,0,0.0530054376767177,0,0,FALSE
2019-05-14 08:08:00,7,0.0535657000124092,3445.88884029535,7,FALSE
2019-05-14 08:09:00,7,0.0534270784035783,4266.81595389241,5,FALSE
2019-05-14 08:10:00,0,0.0534270784035783,0,0,FALSE
2019-05-14 08:11:00,0,0.0534270784035783,0,0,FALSE
2019-05-14 08:12:00,0,0.0534270784035783,0,0,FALSE
2019-05-14 08:13:00,0,0.0534270784035783,0,0,FALSE
2019-05-14 08:14:00,1,0.0533693193998988,152.84973076131,0,FALSE
2019-05-14 08:15:00,0,0.0533693193998988,0,0,FALSE
2019-05-14 08:16:00,0,0.0533693193998988,0,0,FALSE
2019-05-14 08:17:00,0,0.0533693193998988,0,0,FALSE
2019-05-14 08:18:00,0,0.0533693193998988,0,0,FALSE
2019-05-14 08:19:00,0,0.0533693193998988,0,0,FALSE
2019-05-14 08:20:00,0,0.0533693193998988,0,0,FALSE
2019-05-14 08:21:00,0,0.0533693193998988,0,0,FALSE
2019-05-14 08:22:00,0,0.0533693193998988,0,0,FALSE
2019-05-14 08:23:00,0,0.0533693193998988,0,0,FALSE
2019-05-14 08:24:00,0,0.0533693193998988,0,0,FALSE
2019-05-14 08:25:00,0,0.0533693193998988,0,0,FALSE
2019-05-14 08:26:00,0,0.0533693193998988,0,0,FALSE
2019-05-14 08:27:00,0,0.0533693193998988,0,0,FALSE
2019-05-14 08:28:00,1,0.0531267315844394,8.12838993241923,0,FALSE
2019-05-14 08:29:00,0,0.0531267315844394,0,0,FALSE
2019-05-14 08:30:00,0,0.0531267315844394,0,0,FALSE
2019-05-14 08:31:00,0,0.0531267315844394,0,0,FALSE
2019-05-14 08:32:00,0,0.0531267315844394,0,0,FALSE
2019-05-14 08:33:00,0,0.0531267315844394,0,0,FALSE
2019-05-14 08:34:00,0,0.0531267315844394,0,0,FALSE
2019-05-14 08:35:00,7,0.0534732856065219,11996.622299581,7,FALSE
2019-05-14 08:36:00,3,0.0541240370479782,1341.15708815137,0,FALSE
2019-05-14 08:37:00,2,0.0540970828462611,1976.54487336602,2,FALSE
2019-05-14 08:38:00,1,0.0541779454514124,320.950148854167,0,FALSE
2019-05-14 08:39:00,0,0.0541779454514124,0,0,FALSE
2019-05-14 08:40:00,0,0.0541779454514124,0,0,FALSE
2019-05-14 08:41:00,0,0.0541779454514124,0,0,FALSE
2019-05-14 08:42:00,0,0.0541779454514124,0,0,FALSE
2019-05-14 08:43:00,0,0.0541779454514124,0,0,FALSE
2019-05-14 08:44:00,0,0.0541779454514124,0,0,FALSE
2019-05-14 08:45:00,0,0.0541779454514124,0,0,FALSE
2019-05-14 08:46:00,1,0.0540970828462611,7.51949451563029,0,FALSE
2019-05-14 08:47:00,1,0.054097082846261,21.8552214698895,0,FALSE
2019-05-14 08:48:00,2,0.054097082846261,64.6460140012819,0,FALSE
2019-05-14 08:49:00,0,0.054097082846261,0,0,FALSE
2019-05-14 08:50:00,0,0.054097082846261,0,0,FALSE
2019-05-14 08:51:00,0,0.054097082846261,0,0,FALSE
2019-05-14 08:52:00,0,0.054097082846261,0,0,FALSE
2019-05-14 08:53:00,0,0.054097082846261,0,0,FALSE
2019-05-14 08:54:00,0,0.054097082846261,0,0,FALSE
2019-05-14 08:55:00,0,0.054097082846261,0,0,FALSE
2019-05-14 08:56:00,1,0.054097082846261,26.8862501745917,0,FALSE
2019-05-14 08:57:00,0,0.054097082846261,0,0,FALSE
2019-05-14 08:58:00,0,0.054097082846261,0,0,FALSE
2019-05-14 08:59:00,0,0.054097082846261,0,0,FALSE
2019-05-14 09:00:00,0,0.054097082846261,0,0,FALSE
2019-05-14 09:01:00,0,0.054097082846261,0,0,FALSE
2019-05-14 09:02:00,0,0.054097082846261,0,0,FALSE
2019-05-14 09:03:00,1,0.0545013958720154,17.712953658405,0,FALSE
2019-05-14 09:04:00,1,0.0545013958720179,138.978559473646,0,FALSE
2019-05-14 09:05:00,0,0.0545013958720179,0,0,FALSE
2019-05-14 09:06:00,0,0.0545013958720179,0,0,FALSE
2019-05-14 09:07:00,0,0.0545013958720179,0,0,FALSE
2019-05-14 09:08:00,0,0.0545013958720179,0,0,FALSE
2019-05-14 09:09:00,0,0.0545013958720179,0,0,FALSE
2019-05-14 09:10:00,0,0.0545013958720179,0,0,FALSE
2019-05-14 09:11:00,0,0.0545013958720179,0,0,FALSE
2019-05-14 09:12:00,0,0.0545013958720179,0,0,FALSE
2019-05-14 09:13:00,0,0.0545013958720179,0,0,FALSE
2019-05-14 09:14:00,0,0.0545013958720179,0,0,FALSE
2019-05-14 09:15:00,0,0.0545013958720179,0,0,FALSE
2019-05-14 09:16:00,0,0.0545013958720179,0,0,FALSE
2019-05-14 09:17:00,0,0.0545013958720179,0,0,FALSE
2019-05-14 09:18:00,0,0.0545013958720179,0,0,FALSE
2019-05-14 09:19:00,0,0.0545013958720179,0,0,FALSE
2019-05-14 09:20:00,0,0.0545013958720179,0,0,FALSE
2019-05-14 09:21:00,4,0.0544003176155787,196.928745455369,2,FALSE
2019-05-14 09:22:00,0,0.0544003176155787,0,0,FALSE
2019-05-14 09:23:00,0,0.0544003176155787,0,0,FALSE
2019-05-14 09:24:00,0,0.0544003176155787,0,0,FALSE
2019-05-14 09:25:00,0,0.0544003176155787,0,0,FALSE
2019-05-14 09:26:00,0,0.0544003176155787,0,0,FALSE
2019-05-14 09:27:00,0,0.0544003176155787,0,0,FALSE
2019-05-14 09:28:00,0,0.0544003176155787,0,0,FALSE
2019-05-14 09:29:00,0,0.0544003176155787,0,0,FALSE
2019-05-14 09:30:00,0,0.0544003176155787,0,0,FALSE
2019-05-14 09:31:00,0,0.0544003176155787,0,0,FALSE
2019-05-14 09:32:00,0,0.0544003176155787,0,0,FALSE
2019-05-14 09:33:00,1,0.0544205332668665,12.8976663842474,0,FALSE
2019-05-14 09:34:00,0,0.0544205332668665,0,0,FALSE
2019-05-14 09:35:00,0,0.0544205332668665,0,0,FALSE
2019-05-14 09:36:00,0,0.0544205332668665,0,0,FALSE
2019-05-14 09:37:00,2,0.0544205332668665,30.2578164963778,0,FALSE
2019-05-14 09:38:00,0,0.0544205332668665,0,0,FALSE
2019-05-14 09:39:00,0,0.0544205332668665,0,0,FALSE
2019-05-14 09:40:00,1,0.0544205332668665,8.16307999002997,0,FALSE
2019-05-14 09:41:00,1,0.0544205332668665,30.4210780961784,0,FALSE
2019-05-14 09:42:00,0,0.0544205332668665,0,0,FALSE
2019-05-14 09:43:00,0,0.0544205332668665,0,0,FALSE
2019-05-14 09:44:00,0,0.0544205332668665,0,0,FALSE
2019-05-14 09:45:00,0,0.0544205332668665,0,0,FALSE
2019-05-14 09:46:00,0,0.0544205332668665,0,0,FALSE
2019-05-14 09:47:00,0,0.0544205332668665,0,0,FALSE
2019-05-14 09:48:00,0,0.0544205332668665,0,0,FALSE
2019-05-14 09:49:00,0,0.0544205332668665,0,0,FALSE
2019-05-14 09:50:00,0,0.0544205332668665,0,0,FALSE
2019-05-14 09:51:00,2,0.0544609645694422,639.721778262951,2,FALSE
2019-05-14 09:52:00,3,0.0545553042754521,426.860431126794,2,FALSE
2019-05-14 09:53:00,7,0.0548248462926233,1204.38098345423,5,FALSE
2019-05-14 09:54:00,0,0.0548248462926233,0,0,FALSE
2019-05-14 09:55:00,0,0.0548248462926233,0,0,FALSE
2019-05-14 09:56:00,0,0.0548248462926233,0,0,FALSE
2019-05-14 09:57:00,0,0.0548248462926233,0,0,FALSE
2019-05-14 09:58:00,3,0.0548518004943403,1091.15902356121,3,FALSE
2019-05-14 09:59:00,0,0.0548518004943403,0,0,FALSE
2019-05-14 10:00:00,0,0.0548518004943403,0,0,FALSE
2019-05-14 10:01:00,0,0.0548518004943403,0,0,FALSE
2019-05-14 10:02:00,0,0.0548518004943403,0,0,FALSE
2019-05-14 10:03:00,1,0.054986571502926,23.9741451752757,0,FALSE
2019-05-14 10:04:00,0,0.054986571502926,0,0,FALSE
2019-05-14 10:05:00,3,0.0546092126788842,63.1617808837279,2,FALSE
2019-05-14 10:06:00,1,0.0544205332668665,20.2444383752743,0,FALSE
2019-05-14 10:07:00,0,0.0544205332668665,0,0,FALSE
2019-05-14 10:08:00,0,0.0544205332668665,0,0,FALSE
2019-05-14 10:09:00,2,0.0547439836874719,80.4056505696515,2,FALSE
2019-05-14 10:10:00,0,0.0547439836874719,0,0,FALSE
2019-05-14 10:11:00,0,0.0547439836874719,0,0,FALSE
2019-05-14 10:12:00,1,0.054986571502926,2.7493285751463,0,FALSE
2019-05-14 10:13:00,0,0.054986571502926,0,0,FALSE
2019-05-14 10:14:00,0,0.054986571502926,0,0,FALSE
2019-05-14 10:15:00,0,0.054986571502926,0,0,FALSE
2019-05-14 10:16:00,0,0.054986571502926,0,0,FALSE
2019-05-14 10:17:00,0,0.054986571502926,0,0,FALSE
2019-05-14 10:18:00,0,0.054986571502926,0,0,FALSE
2019-05-14 10:19:00,0,0.054986571502926,0,0,FALSE
2019-05-14 10:20:00,0,0.054986571502926,0,0,FALSE
2019-05-14 10:21:00,0,0.054986571502926,0,0,FALSE
2019-05-14 10:22:00,0,0.054986571502926,0,0,FALSE
2019-05-14 10:23:00,0,0.054986571502926,0,0,FALSE
2019-05-14 10:24:00,0,0.054986571502926,0,0,FALSE
2019-05-14 10:25:00,0,0.054986571502926,0,0,FALSE
2019-05-14 10:26:00,0,0.054986571502926,0,0,FALSE
2019-05-14 10:27:00,0,0.054986571502926,0,0,FALSE
2019-05-14 10:28:00,0,0.054986571502926,0,0,FALSE
2019-05-14 10:29:00,1,0.0545822584771685,59.2217504477278,0,FALSE
2019-05-14 10:30:00,0,0.0545822584771685,0,0,FALSE
2019-05-14 10:31:00,0,0.0545822584771685,0,0,FALSE
2019-05-14 10:32:00,0,0.0545822584771685,0,0,FALSE
2019-05-14 10:33:00,0,0.0545822584771685,0,0,FALSE
2019-05-14 10:34:00,0,0.0545822584771685,0,0,FALSE
2019-05-14 10:35:00,0,0.0545822584771685,0,0,FALSE
2019-05-14 10:36:00,0,0.0545822584771685,0,0,FALSE
2019-05-14 10:37:00,0,0.0545822584771685,0,0,FALSE
2019-05-14 10:38:00,0,0.0545822584771685,0,0,FALSE
2019-05-14 10:39:00,0,0.0545822584771685,0,0,FALSE
2019-05-14 10:40:00,0,0.0545822584771685,0,0,FALSE
2019-05-14 10:41:00,0,0.0545822584771685,0,0,FALSE
2019-05-14 10:42:00,0,0.0545822584771685,0,0,FALSE
2019-05-14 10:43:00,0,0.0545822584771685,0,0,FALSE
2019-05-14 10:44:00,0,0.0545822584771685,0,0,FALSE
2019-05-14 10:45:00,0,0.0545822584771685,0,0,FALSE
2019-05-14 10:46:00,0,0.0545822584771685,0,0,FALSE
2019-05-14 10:47:00,0,0.0545822584771685,0,0,FALSE
2019-05-14 10:48:00,0,0.0545822584771685,0,0,FALSE
2019-05-14 10:49:00,0,0.0545822584771685,0,0,FALSE
2019-05-14 10:50:00,0,0.0545822584771685,0,0,FALSE
2019-05-14 10:51:00,0,0.0545822584771685,0,0,FALSE
2019-05-14 10:52:00,0,0.0545822584771685,0,0,FALSE
2019-05-14 10:53:00,0,0.0545822584771685,0,0,FALSE
2019-05-14 10:54:00,0,0.0545822584771685,0,0,FALSE
2019-05-14 10:55:00,1,0.0549057088977747,29.3745542603094,0,FALSE
2019-05-14 10:56:00,0,0.0549057088977747,0,0,FALSE
2019-05-14 10:57:00,0,0.0549057088977747,0,0,FALSE
2019-05-14 10:58:00,0,0.0549057088977747,0,0,FALSE
2019-05-14 10:59:00,0,0.0549057088977747,0,0,FALSE
2019-05-14 11:00:00,0,0.0549057088977747,0,0,FALSE
2019-05-14 11:01:00,0,0.0549057088977747,0,0,FALSE
2019-05-14 11:02:00,1,0.054743983687472,40.2915719939794,0,FALSE
2019-05-14 11:03:00,0,0.054743983687472,0,0,FALSE
2019-05-14 11:04:00,0,0.054743983687472,0,0,FALSE
2019-05-14 11:05:00,0,0.054743983687472,0,0,FALSE
2019-05-14 11:06:00,0,0.054743983687472,0,0,FALSE
2019-05-14 11:07:00,0,0.054743983687472,0,0,FALSE
2019-05-14 11:08:00,0,0.054743983687472,0,0,FALSE
2019-05-14 11:09:00,0,0.054743983687472,0,0,FALSE
2019-05-14 11:10:00,0,0.054743983687472,0,0,FALSE
2019-05-14 11:11:00,0,0.054743983687472,0,0,FALSE
2019-05-14 11:12:00,0,0.054743983687472,0,0,FALSE
2019-05-14 11:13:00,0,0.054743983687472,0,0,FALSE
2019-05-14 11:14:00,0,0.054743983687472,0,0,FALSE
2019-05-14 11:15:00,0,0.054743983687472,0,0,FALSE
2019-05-14 11:16:00,0,0.054743983687472,0,0,FALSE
2019-05-14 11:17:00,0,0.054743983687472,0,0,FALSE
2019-05-14 11:18:00,0,0.054743983687472,0,0,FALSE
2019-05-14 11:19:00,0,0.054743983687472,0,0,FALSE
2019-05-14 11:20:00,0,0.054743983687472,0,0,FALSE
2019-05-14 11:21:00,0,0.054743983687472,0,0,FALSE
2019-05-14 11:22:00,0,0.054743983687472,0,0,FALSE
2019-05-14 11:23:00,0,0.054743983687472,0,0,FALSE
2019-05-14 11:24:00,0,0.054743983687472,0,0,FALSE
2019-05-14 11:25:00,0,0.054743983687472,0,0,FALSE
2019-05-14 11:26:00,0,0.054743983687472,0,0,FALSE
2019-05-14 11:27:00,0,0.054743983687472,0,0,FALSE
2019-05-14 11:28:00,0,0.054743983687472,0,0,FALSE
2019-05-14 11:29:00,0,0.054743983687472,0,0,FALSE
2019-05-14 11:30:00,0,0.054743983687472,0,0,FALSE
2019-05-14 11:31:00,0,0.054743983687472,0,0,FALSE
2019-05-14 11:32:00,0,0.054743983687472,0,0,FALSE
2019-05-14 11:33:00,0,0.054743983687472,0,0,FALSE
2019-05-14 11:34:00,0,0.054743983687472,0,0,FALSE
2019-05-14 11:35:00,0,0.054743983687472,0,0,FALSE
2019-05-14 11:36:00,0,0.054743983687472,0,0,FALSE
2019-05-14 11:37:00,0,0.054743983687472,0,0,FALSE
2019-05-14 11:38:00,0,0.054743983687472,0,0,FALSE
2019-05-14 11:39:00,0,0.054743983687472,0,0,FALSE
2019-05-14 11:40:00,0,0.054743983687472,0,0,FALSE
2019-05-14 11:41:00,0,0.054743983687472,0,0,FALSE
2019-05-14 11:42:00,0,0.054743983687472,0,0,FALSE
2019-05-14 11:43:00,0,0.054743983687472,0,0,FALSE
2019-05-14 11:44:00,1,0.052987078684736,105.497273661309,0,FALSE
2019-05-14 11:45:00,0,0.052987078684736,0,0,FALSE
2019-05-14 11:46:00,0,0.052987078684736,0,0,FALSE
2019-05-14 11:47:00,2,0.0530264450136249,376.054808711615,2,FALSE
2019-05-14 11:48:00,0,0.0530264450136249,0,0,FALSE
2019-05-14 11:49:00,0,0.0530264450136249,0,0,FALSE
2019-05-14 11:50:00,0,0.0530264450136249,0,0,FALSE
2019-05-14 11:51:00,0,0.0530264450136249,0,0,FALSE
2019-05-14 11:52:00,0,0.0530264450136249,0,0,FALSE
2019-05-14 11:53:00,0,0.0530264450136249,0,0,FALSE
2019-05-14 11:54:00,1,0.0530658113425142,19.9527450647853,0,FALSE
2019-05-14 11:55:00,0,0.0530658113425142,0,0,FALSE
2019-05-14 11:56:00,0,0.0530658113425142,0,0,FALSE
2019-05-14 11:57:00,0,0.0530658113425142,0,0,FALSE
2019-05-14 11:58:00,0,0.0530658113425142,0,0,FALSE
2019-05-14 11:59:00,0,0.0530658113425142,0,0,FALSE
2019-05-14 12:00:00,0,0.0530658113425142,0,0,FALSE
2019-05-14 12:01:00,0,0.0530658113425142,0,0,FALSE
2019-05-14 12:02:00,2,0.0528296133691796,106.081863645313,0,FALSE
2019-05-14 12:03:00,1,0.0528296133691796,19.6526161733348,0,FALSE
2019-05-14 12:04:00,0,0.0528296133691796,0,0,FALSE
2019-05-14 12:05:00,0,0.0528296133691796,0,0,FALSE
2019-05-14 12:06:00,0,0.0528296133691796,0,0,FALSE
2019-05-14 12:07:00,0,0.0528296133691796,0,0,FALSE
2019-05-14 12:08:00,0,0.0528296133691796,0,0,FALSE
2019-05-14 12:09:00,0,0.0528296133691796,0,0,FALSE
2019-05-14 12:10:00,0,0.0528296133691796,0,0,FALSE
2019-05-14 12:11:00,0,0.0528296133691796,0,0,FALSE
2019-05-14 12:12:00,0,0.0528296133691796,0,0,FALSE
2019-05-14 12:13:00,0,0.0528296133691796,0,0,FALSE
2019-05-14 12:14:00,0,0.0528296133691796,0,0,FALSE
2019-05-14 12:15:00,0,0.0528296133691796,0,0,FALSE
2019-05-14 12:16:00,0,0.0528296133691796,0,0,FALSE
2019-05-14 12:17:00,0,0.0528296133691796,0,0,FALSE
2019-05-14 12:18:00,0,0.0528296133691796,0,0,FALSE
2019-05-14 12:19:00,0,0.0528296133691796,0,0,FALSE
2019-05-14 12:20:00,0,0.0528296133691796,0,0,FALSE
2019-05-14 12:21:00,0,0.0528296133691796,0,0,FALSE
2019-05-14 12:22:00,0,0.0528296133691796,0,0,FALSE
2019-05-14 12:23:00,0,0.0528296133691796,0,0,FALSE
2019-05-14 12:24:00,0,0.0528296133691796,0,0,FALSE
2019-05-14 12:25:00,0,0.0528296133691796,0,0,FALSE
2019-05-14 12:26:00,0,0.0528296133691796,0,0,FALSE
2019-05-14 12:27:00,0,0.0528296133691796,0,0,FALSE
2019-05-14 12:28:00,0,0.0528296133691796,0,0,FALSE
2019-05-14 12:29:00,0,0.0528296133691796,0,0,FALSE
2019-05-14 12:30:00,0,0.0528296133691796,0,0,FALSE
2019-05-14 12:31:00,0,0.0528296133691796,0,0,FALSE
2019-05-14 12:32:00,0,0.0528296133691796,0,0,FALSE
2019-05-14 12:33:00,0,0.0528296133691796,0,0,FALSE
2019-05-14 12:34:00,0,0.0528296133691796,0,0,FALSE
2019-05-14 12:35:00,0,0.0528296133691796,0,0,FALSE
2019-05-14 12:36:00,0,0.0528296133691796,0,0,FALSE
2019-05-14 12:37:00,0,0.0528296133691796,0,0,FALSE
2019-05-14 12:38:00,0,0.0528296133691796,0,0,FALSE
2019-05-14 12:39:00,0,0.0528296133691796,0,0,FALSE
2019-05-14 12:40:00,1,0.0525146827380666,301.696852330193,0,FALSE
2019-05-14 12:41:00,0,0.0525146827380666,0,0,FALSE
2019-05-14 12:42:00,0,0.0525146827380666,0,0,FALSE
2019-05-14 12:43:00,0,0.0525146827380666,0,0,FALSE
2019-05-14 12:44:00,0,0.0525146827380666,0,0,FALSE
2019-05-14 12:45:00,0,0.0525146827380666,0,0,FALSE
2019-05-14 12:46:00,1,0.0526721480536232,80.3776979298289,0,FALSE
2019-05-14 12:47:00,0,0.0526721480536232,0,0,FALSE
2019-05-14 12:48:00,0,0.0526721480536232,0,0,FALSE
2019-05-14 12:49:00,0,0.0526721480536232,0,0,FALSE
2019-05-14 12:50:00,0,0.0526721480536232,0,0,FALSE
2019-05-14 12:51:00,3,0.0526721480536232,454.553551763568,3,FALSE
2019-05-14 12:52:00,0,0.0526721480536232,0,0,FALSE
2019-05-14 12:53:00,0,0.0526721480536232,0,0,FALSE
2019-05-14 12:54:00,1,0.0526721480536232,8.42754368857971,0,FALSE
2019-05-14 12:55:00,0,0.0526721480536232,0,0,FALSE
2019-05-14 12:56:00,0,0.0526721480536232,0,0,FALSE
2019-05-14 12:57:00,0,0.0526721480536232,0,0,FALSE
2019-05-14 12:58:00,0,0.0526721480536232,0,0,FALSE
2019-05-14 12:59:00,0,0.0526721480536232,0,0,FALSE
2019-05-14 13:00:00,0,0.0526721480536232,0,0,FALSE
2019-05-14 13:01:00,0,0.0526721480536232,0,0,FALSE
2019-05-14 13:02:00,0,0.0526721480536232,0,0,FALSE
2019-05-14 13:03:00,0,0.0526721480536232,0,0,FALSE
2019-05-14 13:04:00,0,0.0526721480536232,0,0,FALSE
2019-05-14 13:05:00,0,0.0526721480536232,0,0,FALSE
2019-05-14 13:06:00,0,0.0526721480536232,0,0,FALSE
2019-05-14 13:07:00,0,0.0526721480536232,0,0,FALSE
2019-05-14 13:08:00,0,0.0526721480536232,0,0,FALSE
2019-05-14 13:09:00,1,0.0524359500802884,262.179750401442,0,FALSE
2019-05-14 13:10:00,0,0.0524359500802884,0,0,FALSE
2019-05-14 13:11:00,0,0.0524359500802884,0,0,FALSE
2019-05-14 13:12:00,0,0.0524359500802884,0,0,FALSE
2019-05-14 13:13:00,0,0.0524359500802884,0,0,FALSE
2019-05-14 13:14:00,0,0.0524359500802884,0,0,FALSE
2019-05-14 13:15:00,0,0.0524359500802884,0,0,FALSE
2019-05-14 13:16:00,0,0.0524359500802884,0,0,FALSE
2019-05-14 13:17:00,0,0.0524359500802884,0,0,FALSE
2019-05-14 13:18:00,2,0.0523572174225103,31.9379026277313,0,FALSE
2019-05-14 13:19:00,0,0.0523572174225103,0,0,FALSE
2019-05-14 13:20:00,0,0.0523572174225103,0,0,FALSE
2019-05-14 13:21:00,0,0.0523572174225103,0,0,FALSE
2019-05-14 13:22:00,0,0.0523572174225103,0,0,FALSE
2019-05-14 13:23:00,0,0.0523572174225103,0,0,FALSE
2019-05-14 13:24:00,0,0.0523572174225103,0,0,FALSE
2019-05-14 13:25:00,0,0.0523572174225103,0,0,FALSE
2019-05-14 13:26:00,0,0.0523572174225103,0,0,FALSE
2019-05-14 13:27:00,0,0.0523572174225103,0,0,FALSE
2019-05-14 13:28:00,1,0.0521997521069539,20.6711018343537,0,FALSE
2019-05-14 13:29:00,1,0.0521210194491757,32.7320002140823,0,FALSE
2019-05-14 13:30:00,1,0.0521210194491757,7.9223949562747,0,FALSE
2019-05-14 13:31:00,0,0.0521210194491757,0,0,FALSE
2019-05-14 13:32:00,0,0.0521210194491757,0,0,FALSE
2019-05-14 13:33:00,1,0.0519635541336193,20.5256038827796,0,FALSE
2019-05-14 13:34:00,5,0.0520107937282862,1010.01654648705,0,FALSE
2019-05-14 13:35:00,0,0.0520107937282862,0,0,FALSE
2019-05-14 13:36:00,2,0.0523965837513837,107.438978467435,2,FALSE
2019-05-14 13:37:00,0,0.0523965837513837,0,0,FALSE
2019-05-14 13:38:00,0,0.0523965837513837,0,0,FALSE
2019-05-14 13:39:00,0,0.0523965837513837,0,0,FALSE
2019-05-14 13:40:00,0,0.0523965837513837,0,0,FALSE
2019-05-14 13:41:00,0,0.0523965837513837,0,0,FALSE
2019-05-14 13:42:00,0,0.0523965837513837,0,0,FALSE
2019-05-14 13:43:00,0,0.0523965837513837,0,0,FALSE
2019-05-14 13:44:00,0,0.0523965837513837,0,0,FALSE
2019-05-14 13:45:00,0,0.0523965837513837,0,0,FALSE
2019-05-14 13:46:00,0,0.0523965837513837,0,0,FALSE
2019-05-14 13:47:00,3,0.0525409269573261,35.0774460892952,2,FALSE
2019-05-14 13:48:00,0,0.0525409269573261,0,0,FALSE
2019-05-14 13:49:00,0,0.0525409269573261,0,0,FALSE
2019-05-14 13:50:00,0,0.0525409269573261,0,0,FALSE
2019-05-14 13:51:00,0,0.0525409269573261,0,0,FALSE
2019-05-14 13:52:00,0,0.0525409269573261,0,0,FALSE
2019-05-14 13:53:00,1,0.0520422867913975,26.1252279692815,0,FALSE
2019-05-14 13:54:00,1,0.0519635541336193,26.0857041750769,0,FALSE
2019-05-14 13:55:00,1,0.0521997521069539,28.1356663856481,0,FALSE
2019-05-14 13:56:00,0,0.0521997521069539,0,0,FALSE
2019-05-14 13:57:00,2,0.0522784847647321,54.2127887010272,0,FALSE
2019-05-14 13:58:00,0,0.0522784847647321,0,0,FALSE
2019-05-14 13:59:00,0,0.0522784847647321,0,0,FALSE
2019-05-14 14:00:00,0,0.0522784847647321,0,0,FALSE
2019-05-14 14:01:00,0,0.0522784847647321,0,0,FALSE
2019-05-14 14:02:00,0,0.0522784847647321,0,0,FALSE
2019-05-14 14:03:00,0,0.0522784847647321,0,0,FALSE
2019-05-14 14:04:00,0,0.0522784847647321,0,0,FALSE
2019-05-14 14:05:00,1,0.0522784847647321,7.99860816900401,0,FALSE
2019-05-14 14:06:00,0,0.0522784847647321,0,0,FALSE
2019-05-14 14:07:00,0,0.0522784847647321,0,0,FALSE
2019-05-14 14:08:00,2,0.0519635541336192,36.3225243393999,0,FALSE
2019-05-14 14:09:00,0,0.0519635541336192,0,0,FALSE
2019-05-14 14:10:00,1,0.0518848214758408,139.258860841157,0,FALSE
2019-05-14 14:11:00,0,0.0518848214758408,0,0,FALSE
2019-05-14 14:12:00,2,0.0518060888180609,53.1012410385128,0,FALSE
2019-05-14 14:13:00,0,0.0518060888180609,0,0,FALSE
2019-05-14 14:14:00,0,0.0518060888180609,0,0,FALSE
2019-05-14 14:15:00,0,0.0518060888180609,0,0,FALSE
2019-05-14 14:16:00,1,0.0519635541336193,79.1924564996358,0,FALSE
2019-05-14 14:17:00,0,0.0519635541336193,0,0,FALSE
2019-05-14 14:18:00,0,0.0519635541336193,0,0,FALSE
2019-05-14 14:19:00,0,0.0519635541336193,0,0,FALSE
2019-05-14 14:20:00,5,0.0521210194491757,622.248050416508,5,FALSE
2019-05-14 14:21:00,0,0.0521210194491757,0,0,FALSE
2019-05-14 14:22:00,0,0.0521210194491757,0,0,FALSE
2019-05-14 14:23:00,0,0.0521210194491757,0,0,FALSE
2019-05-14 14:24:00,0,0.0521210194491757,0,0,FALSE
2019-05-14 14:25:00,0,0.0521210194491757,0,0,FALSE
2019-05-14 14:26:00,0,0.0521210194491757,0,0,FALSE
2019-05-14 14:27:00,1,0.0520422867913975,11.0850070865677,0,FALSE
2019-05-14 14:28:00,0,0.0520422867913975,0,0,FALSE
2019-05-14 14:29:00,0,0.0520422867913975,0,0,FALSE
2019-05-14 14:30:00,0,0.0520422867913975,0,0,FALSE
2019-05-14 14:31:00,2,0.0518060888180627,233.749072747099,0,FALSE
2019-05-14 14:32:00,0,0.0518060888180627,0,0,FALSE
2019-05-14 14:33:00,0,0.0518060888180627,0,0,FALSE
2019-05-14 14:34:00,0,0.0518060888180627,0,0,FALSE
2019-05-14 14:35:00,0,0.0518060888180627,0,0,FALSE
2019-05-14 14:36:00,0,0.0518060888180627,0,0,FALSE
2019-05-14 14:37:00,0,0.0518060888180627,0,0,FALSE
2019-05-14 14:38:00,0,0.0518060888180627,0,0,FALSE
2019-05-14 14:39:00,0,0.0518060888180627,0,0,FALSE
2019-05-14 14:40:00,0,0.0518060888180627,0,0,FALSE
2019-05-14 14:41:00,0,0.0518060888180627,0,0,FALSE
2019-05-14 14:42:00,0,0.0518060888180627,0,0,FALSE
2019-05-14 14:43:00,8,0.0526130985602895,838.455329545306,6,FALSE
2019-05-14 14:44:00,0,0.0526130985602895,0,0,FALSE
2019-05-14 14:45:00,0,0.0526130985602895,0,0,FALSE
2019-05-14 14:46:00,0,0.0526130985602895,0,0,FALSE
2019-05-14 14:47:00,0,0.0526130985602895,0,0,FALSE
2019-05-14 14:48:00,1,0.0527508807114014,39.3521570107054,0,FALSE
2019-05-14 14:49:00,0,0.0527508807114014,0,0,FALSE
2019-05-14 14:50:00,0,0.0527508807114014,0,0,FALSE
2019-05-14 14:51:00,0,0.0527508807114014,0,0,FALSE
2019-05-14 14:52:00,1,0.0527508807114014,40.8291816706247,0,FALSE
2019-05-14 14:53:00,0,0.0527508807114014,0,0,FALSE
2019-05-14 14:54:00,0,0.0527508807114014,0,0,FALSE
2019-05-14 14:55:00,0,0.0527508807114014,0,0,FALSE
2019-05-14 14:56:00,7,0.0527283856663219,397.472296141707,3,FALSE
2019-05-14 14:57:00,0,0.0527283856663219,0,0,FALSE
2019-05-14 14:58:00,0,0.0527283856663219,0,0,FALSE
2019-05-14 14:59:00,0,0.0527283856663219,0,0,FALSE
2019-05-14 15:00:00,0,0.0527283856663219,0,0,FALSE
2019-05-14 15:01:00,0,0.0527283856663219,0,0,FALSE
2019-05-14 15:02:00,0,0.0527283856663219,0,0,FALSE
2019-05-14 15:03:00,0,0.0527283856663219,0,0,FALSE
2019-05-14 15:04:00,0,0.0527283856663219,0,0,FALSE
2019-05-14 15:05:00,1,0.0525934153958449,20.6692122505671,0,FALSE
2019-05-14 15:06:00,4,0.0527902470402905,143.899284957947,3,FALSE
2019-05-14 15:07:00,0,0.0527902470402905,0,0,FALSE
2019-05-14 15:08:00,0,0.0527902470402905,0,0,FALSE
2019-05-14 15:09:00,2,0.0528689796980687,97.7666714593824,2,FALSE
2019-05-14 15:10:00,0,0.0528689796980687,0,0,FALSE
2019-05-14 15:11:00,0,0.0528689796980687,0,0,FALSE
2019-05-14 15:12:00,1,0.0525934153958449,21.5107068969006,0,FALSE
2019-05-14 15:13:00,0,0.0525934153958449,0,0,FALSE
2019-05-14 15:14:00,1,0.052593415395845,21.7736739738798,0,FALSE
2019-05-14 15:15:00,0,0.052593415395845,0,0,FALSE
2019-05-14 15:16:00,0,0.052593415395845,0,0,FALSE
2019-05-14 15:17:00,0,0.052593415395845,0,0,FALSE
2019-05-14 15:18:00,1,0.0523572174225103,123.196532595167,0,FALSE
2019-05-14 15:19:00,0,0.0523572174225103,0,0,FALSE
2019-05-14 15:20:00,2,0.0523572174225103,588.285694959326,2,FALSE
2019-05-14 15:21:00,0,0.0523572174225103,0,0,FALSE
2019-05-14 15:22:00,0,0.0523572174225103,0,0,FALSE
2019-05-14 15:23:00,0,0.0523572174225103,0,0,FALSE
2019-05-14 15:24:00,0,0.0523572174225103,0,0,FALSE
2019-05-14 15:25:00,0,0.0523572174225103,0,0,FALSE
2019-05-14 15:26:00,0,0.0523572174225103,0,0,FALSE
2019-05-14 15:27:00,1,0.0523572174225103,31.8331881928863,0,FALSE
2019-05-14 15:28:00,2,0.0523572174225103,108.484154499441,0,FALSE
2019-05-14 15:29:00,0,0.0523572174225103,0,0,FALSE
2019-05-14 15:30:00,0,0.0523572174225103,0,0,FALSE
2019-05-14 15:31:00,2,0.0522784847647321,22.7934193574232,0,FALSE
2019-05-14 15:32:00,3,0.0519635541336193,139.781960619436,0,FALSE
2019-05-14 15:33:00,0,0.0519635541336193,0,0,FALSE
2019-05-14 15:34:00,0,0.0519635541336193,0,0,FALSE
2019-05-14 15:35:00,0,0.0519635541336193,0,0,FALSE
2019-05-14 15:36:00,0,0.0519635541336193,0,0,FALSE
2019-05-14 15:37:00,0,0.0519635541336193,0,0,FALSE
2019-05-14 15:38:00,0,0.0519635541336193,0,0,FALSE
2019-05-14 15:39:00,0,0.0519635541336193,0,0,FALSE
2019-05-14 15:40:00,0,0.0519635541336193,0,0,FALSE
2019-05-14 15:41:00,0,0.0519635541336193,0,0,FALSE
2019-05-14 15:42:00,1,0.0525934153958449,23.4566632665468,0,FALSE
2019-05-14 15:43:00,3,0.052724636492142,529.32186275733,2,FALSE
2019-05-14 15:44:00,0,0.052724636492142,0,0,FALSE
2019-05-14 15:45:00,0,0.052724636492142,0,0,FALSE
2019-05-14 15:46:00,6,0.0529083460269578,343.348711541943,5,FALSE
2019-05-14 15:47:00,0,0.0529083460269578,0,0,FALSE
2019-05-14 15:48:00,0,0.0529083460269578,0,0,FALSE
2019-05-14 15:49:00,0,0.0529083460269578,0,0,FALSE
2019-05-14 15:50:00,0,0.0529083460269578,0,0,FALSE
2019-05-14 15:51:00,0,0.0529083460269578,0,0,FALSE
2019-05-14 15:52:00,0,0.0529083460269578,0,0,FALSE
2019-05-14 15:53:00,1,0.0525146827380667,13.9689056083258,0,FALSE
2019-05-14 15:54:00,2,0.0524753164091776,72.8867579381788,0,FALSE
2019-05-14 15:55:00,0,0.0524753164091776,0,0,FALSE
2019-05-14 15:56:00,0,0.0524753164091776,0,0,FALSE
2019-05-14 15:57:00,2,0.0524753164091755,18.9438647880146,0,FALSE
2019-05-14 15:58:00,0,0.0524753164091755,0,0,FALSE
2019-05-14 15:59:00,0,0.0524753164091755,0,0,FALSE
2019-05-14 16:00:00,0,0.0524753164091755,0,0,FALSE
2019-05-14 16:01:00,0,0.0524753164091755,0,0,FALSE
2019-05-14 16:02:00,0,0.0524753164091755,0,0,FALSE
2019-05-14 16:03:00,0,0.0524753164091755,0,0,FALSE
2019-05-14 16:04:00,0,0.0524753164091755,0,0,FALSE
2019-05-14 16:05:00,0,0.0524753164091755,0,0,FALSE
2019-05-14 16:06:00,0,0.0524753164091755,0,0,FALSE
2019-05-14 16:07:00,0,0.0524753164091755,0,0,FALSE
2019-05-14 16:08:00,0,0.0524753164091755,0,0,FALSE
2019-05-14 16:09:00,1,0.0524359500802885,8.07513631236443,0,FALSE
2019-05-14 16:10:00,6,0.0525278048476964,649.944782235043,0,FALSE
2019-05-14 16:11:00,0,0.0525278048476964,0,0,FALSE
2019-05-14 16:12:00,0,0.0525278048476964,0,0,FALSE
2019-05-14 16:13:00,1,0.0521421038333766,46.7714671385388,0,FALSE
2019-05-14 16:14:00,0,0.0521421038333766,0,0,FALSE
2019-05-14 16:15:00,0,0.0521421038333766,0,0,FALSE
2019-05-14 16:16:00,0,0.0521421038333766,0,0,FALSE
2019-05-14 16:17:00,0,0.0521421038333766,0,0,FALSE
2019-05-14 16:18:00,1,0.0519866877265707,18.3513007674794,0,FALSE
2019-05-14 16:19:00,0,0.0519866877265707,0,0,FALSE
2019-05-14 16:20:00,0,0.0519866877265707,0,0,FALSE
2019-05-14 16:21:00,0,0.0519866877265707,0,0,FALSE
2019-05-14 16:22:00,0,0.0519866877265707,0,0,FALSE
2019-05-14 16:23:00,0,0.0519866877265707,0,0,FALSE
2019-05-14 16:24:00,7,0.051775765867334,841.725241990939,6,FALSE
2019-05-14 16:25:00,0,0.051775765867334,0,0,FALSE
2019-05-14 16:26:00,0,0.051775765867334,0,0,FALSE
2019-05-14 16:27:00,0,0.051775765867334,0,0,FALSE
2019-05-14 16:28:00,0,0.051775765867334,0,0,FALSE
2019-05-14 16:29:00,0,0.051775765867334,0,0,FALSE
2019-05-14 16:30:00,0,0.051775765867334,0,0,FALSE
2019-05-14 16:31:00,0,0.051775765867334,0,0,FALSE
2019-05-14 16:32:00,0,0.051775765867334,0,0,FALSE
2019-05-14 16:33:00,0,0.051775765867334,0,0,FALSE
2019-05-14 16:34:00,0,0.051775765867334,0,0,FALSE
2019-05-14 16:35:00,0,0.051775765867334,0,0,FALSE
2019-05-14 16:36:00,0,0.051775765867334,0,0,FALSE
2019-05-14 16:37:00,0,0.051775765867334,0,0,FALSE
2019-05-14 16:38:00,0,0.051775765867334,0,0,FALSE
2019-05-14 16:39:00,0,0.051775765867334,0,0,FALSE
2019-05-14 16:40:00,0,0.051775765867334,0,0,FALSE
2019-05-14 16:41:00,0,0.051775765867334,0,0,FALSE
2019-05-14 16:42:00,0,0.051775765867334,0,0,FALSE
2019-05-14 16:43:00,0,0.051775765867334,0,0,FALSE
2019-05-14 16:44:00,0,0.051775765867334,0,0,FALSE
2019-05-14 16:45:00,0,0.051775765867334,0,0,FALSE
2019-05-14 16:46:00,1,0.0520643957799736,15.6193187339921,0,FALSE
2019-05-14 16:47:00,0,0.0520643957799736,0,0,FALSE
2019-05-14 16:48:00,0,0.0520643957799736,0,0,FALSE
2019-05-14 16:49:00,0,0.0520643957799736,0,0,FALSE
2019-05-14 16:50:00,0,0.0520643957799736,0,0,FALSE
2019-05-14 16:51:00,0,0.0520643957799736,0,0,FALSE
2019-05-14 16:52:00,0,0.0520643957799736,0,0,FALSE
2019-05-14 16:53:00,0,0.0520643957799736,0,0,FALSE
2019-05-14 16:54:00,0,0.0520643957799736,0,0,FALSE
2019-05-14 16:55:00,1,0.0520643957799736,13.9532580690329,0,FALSE
2019-05-14 16:56:00,0,0.0520643957799736,0,0,FALSE
2019-05-14 16:57:00,0,0.0520643957799736,0,0,FALSE
2019-05-14 16:58:00,0,0.0520643957799736,0,0,FALSE
2019-05-14 16:59:00,0,0.0520643957799736,0,0,FALSE
2019-05-14 17:00:00,0,0.0520643957799736,0,0,FALSE
2019-05-14 17:01:00,0,0.0520643957799736,0,0,FALSE
2019-05-14 17:02:00,0,0.0520643957799736,0,0,FALSE
2019-05-14 17:03:00,0,0.0520643957799736,0,0,FALSE
2019-05-14 17:04:00,0,0.0520643957799736,0,0,FALSE
2019-05-14 17:05:00,0,0.0520643957799736,0,0,FALSE
2019-05-14 17:06:00,0,0.0520643957799736,0,0,FALSE
2019-05-14 17:07:00,1,0.0517535635663618,222.540323335356,0,FALSE
2019-05-14 17:08:00,0,0.0517535635663618,0,0,FALSE
2019-05-14 17:09:00,0,0.0517535635663618,0,0,FALSE
2019-05-14 17:10:00,0,0.0517535635663618,0,0,FALSE
2019-05-14 17:11:00,1,0.0518312716197623,16.1713567453658,0,FALSE
2019-05-14 17:12:00,0,0.0518312716197623,0,0,FALSE
2019-05-14 17:13:00,0,0.0518312716197623,0,0,FALSE
2019-05-14 17:14:00,0,0.0518312716197623,0,0,FALSE
2019-05-14 17:15:00,0,0.0518312716197623,0,0,FALSE
2019-05-14 17:16:00,1,0.0516758555129589,33.8476853609881,0,FALSE
2019-05-14 17:17:00,0,0.0516758555129589,0,0,FALSE
2019-05-14 17:18:00,5,0.0517380219556812,626.759588869089,4,FALSE
2019-05-14 17:19:00,1,0.0518312716197644,96.9763092005791,0,FALSE
2019-05-14 17:20:00,0,0.0518312716197644,0,0,FALSE
2019-05-14 17:21:00,0,0.0518312716197644,0,0,FALSE
2019-05-14 17:22:00,0,0.0518312716197644,0,0,FALSE
2019-05-14 17:23:00,0,0.0518312716197644,0,0,FALSE
2019-05-14 17:24:00,0,0.0518312716197644,0,0,FALSE
2019-05-14 17:25:00,0,0.0518312716197644,0,0,FALSE
2019-05-14 17:26:00,1,0.0518312716197648,4.25016427282071,0,FALSE
2019-05-14 17:27:00,0,0.0518312716197648,0,0,FALSE
2019-05-14 17:28:00,0,0.0518312716197648,0,0,FALSE
2019-05-14 17:29:00,0,0.0518312716197648,0,0,FALSE
2019-05-14 17:30:00,0,0.0518312716197648,0,0,FALSE
2019-05-14 17:31:00,0,0.0518312716197648,0,0,FALSE
2019-05-14 17:32:00,0,0.0518312716197648,0,0,FALSE
2019-05-14 17:33:00,0,0.0518312716197648,0,0,FALSE
2019-05-14 17:34:00,0,0.0518312716197648,0,0,FALSE
2019-05-14 17:35:00,0,0.0518312716197648,0,0,FALSE
2019-05-14 17:36:00,0,0.0518312716197648,0,0,FALSE
2019-05-14 17:37:00,0,0.0518312716197648,0,0,FALSE
2019-05-14 17:38:00,0,0.0518312716197648,0,0,FALSE
2019-05-14 17:39:00,0,0.0518312716197648,0,0,FALSE
2019-05-14 17:40:00,0,0.0518312716197648,0,0,FALSE
2019-05-14 17:41:00,3,0.0520643957799736,1042.89810417403,3,FALSE
2019-05-14 17:42:00,6,0.0520514444377398,1400.88426396321,0,FALSE
2019-05-14 17:43:00,0,0.0520514444377398,0,0,FALSE
2019-05-14 17:44:00,0,0.0520514444377398,0,0,FALSE
2019-05-14 17:45:00,1,0.0520643957799736,837.091355350416,0,FALSE
2019-05-14 17:46:00,23,0.0528752624241782,4416.6201296494,14,FALSE
2019-05-14 17:47:00,10,0.0531445377222745,872.128362468735,2,FALSE
2019-05-14 17:48:00,9,0.0532559192654852,3452.39241541165,3,FALSE
2019-05-14 17:49:00,17,0.0542813608329398,5131.61161817769,0,FALSE
2019-05-14 17:50:00,34,0.0554652658818437,2807.5800024082,19,FALSE
2019-05-14 17:51:00,6,0.05584618771225,342.362877944454,2,FALSE
2019-05-14 17:52:00,16,0.0549250234958691,1235.06802212207,5,FALSE
2019-05-14 17:53:00,12,0.0551662422449745,1682.58116398846,0,FALSE
2019-05-14 17:54:00,12,0.0541301348662686,2652.44830707777,6,FALSE
2019-05-14 17:55:00,9,0.054292026644191,330.57122479693,5,FALSE
2019-05-14 17:56:00,2,0.0546287615422708,206.442089868241,0,FALSE
2019-05-14 17:57:00,7,0.054728671896646,351.143033190401,2,FALSE
2019-05-14 17:58:00,0,0.054728671896646,0,0,FALSE
2019-05-14 17:59:00,0,0.054728671896646,0,0,FALSE
2019-05-14 18:00:00,0,0.054728671896646,0,0,FALSE
2019-05-14 18:01:00,2,0.0547841776490767,277.317507259626,0,FALSE
2019-05-14 18:02:00,2,0.054317929328659,345.977701172653,0,FALSE
2019-05-14 18:03:00,0,0.054317929328659,0,0,FALSE
2019-05-14 18:04:00,0,0.054317929328659,0,0,FALSE
2019-05-14 18:05:00,1,0.0539293890616443,254.007422480345,0,FALSE
2019-05-14 18:06:00,0,0.0539293890616443,0,0,FALSE
2019-05-14 18:07:00,0,0.0539293890616443,0,0,FALSE
2019-05-14 18:08:00,0,0.0539293890616443,0,0,FALSE
2019-05-14 18:09:00,0,0.0539293890616443,0,0,FALSE
2019-05-14 18:10:00,3,0.0534113353722913,151.086214070279,0,FALSE
2019-05-14 18:11:00,3,0.0536444595325002,49.3705684007071,0,FALSE
2019-05-14 18:12:00,1,0.0536185568480325,28.5250722431533,0,FALSE
2019-05-14 18:13:00,2,0.0532688706077193,32.0600115924533,0,FALSE
2019-05-14 18:14:00,5,0.0532455581916976,214.42628152318,0,FALSE
2019-05-14 18:15:00,0,0.0532455581916976,0,0,FALSE
2019-05-14 18:16:00,0,0.0532455581916976,0,0,FALSE
2019-05-14 18:17:00,0,0.0532455581916976,0,0,FALSE
2019-05-14 18:18:00,0,0.0532455581916976,0,0,FALSE
2019-05-14 18:19:00,0,0.0532455581916976,0,0,FALSE
2019-05-14 18:20:00,0,0.0532455581916976,0,0,FALSE
2019-05-14 18:21:00,4,0.0535214217812788,282.10346856066,2,FALSE
2019-05-14 18:22:00,0,0.0535214217812788,0,0,FALSE
2019-05-14 18:23:00,3,0.0537221675859031,268.479848054163,0,FALSE
2019-05-14 18:24:00,2,0.0538128269815399,366.475764623443,0,FALSE
2019-05-14 18:25:00,3,0.0538516810082414,1070.40986340081,0,FALSE
2019-05-14 18:26:00,0,0.0538516810082414,0,0,FALSE
2019-05-14 18:27:00,1,0.053773972954837,30.1671988276636,0,FALSE
2019-05-14 18:28:00,0,0.053773972954837,0,0,FALSE
2019-05-14 18:29:00,0,0.053773972954837,0,0,FALSE
2019-05-14 18:30:00,0,0.053773972954837,0,0,FALSE
2019-05-14 18:31:00,1,0.0537739729548331,7.85100005140563,0,FALSE
2019-05-14 18:32:00,0,0.0537739729548331,0,0,FALSE
2019-05-14 18:33:00,0,0.0537739729548331,0,0,FALSE
2019-05-14 18:34:00,3,0.053877583692709,195.710374569134,3,FALSE
2019-05-14 18:35:00,0,0.053877583692709,0,0,FALSE
2019-05-14 18:36:00,2,0.0538128269815399,175.63488751275,2,FALSE
2019-05-14 18:37:00,0,0.0538128269815399,0,0,FALSE
2019-05-14 18:38:00,0,0.0538128269815399,0,0,FALSE
2019-05-14 18:39:00,1,0.0539293890616443,75.5550740753637,0,FALSE
2019-05-14 18:40:00,8,0.0540945186751255,596.32328705249,4,FALSE
2019-05-14 18:41:00,1,0.0542402212752561,56.7352714539179,0,FALSE
2019-05-14 18:42:00,0,0.0542402212752561,0,0,FALSE
2019-05-14 18:43:00,4,0.0543567833553605,178.23562064404,0,FALSE
2019-05-14 18:44:00,0,0.0543567833553605,0,0,FALSE
2019-05-14 18:45:00,4,0.0546676155689722,259.462760953391,4,FALSE
2019-05-14 18:46:00,1,0.054395637382062,18.6577036220473,0,FALSE
2019-05-14 18:47:00,1,0.054395637382062,118.256115668603,0,FALSE
2019-05-14 18:48:00,0,0.054395637382062,0,0,FALSE
2019-05-14 18:49:00,6,0.0546546642267385,615.767007634709,0,FALSE
2019-05-14 18:50:00,2,0.0548230316757782,217.27979895219,0,FALSE
2019-05-14 18:51:00,1,0.0549395937558826,334.362367598302,0,FALSE
2019-05-14 18:52:00,9,0.055250425969494,1820.57901062408,5,FALSE
2019-05-14 18:53:00,0,0.055250425969494,0,0,FALSE
2019-05-14 18:54:00,1,0.0552504259694944,66.9082658490577,0,FALSE
2019-05-14 18:55:00,1,0.0555612581831062,94.176332620365,0,FALSE
2019-05-14 18:56:00,0,0.0555612581831062,0,0,FALSE
2019-05-14 18:57:00,0,0.0555612581831062,0,0,FALSE
2019-05-14 18:58:00,0,0.0555612581831062,0,0,FALSE
2019-05-14 18:59:00,0,0.0555612581831062,0,0,FALSE
2019-05-14 19:00:00,9,0.0545251508044001,544.77254150551,4,FALSE
2019-05-14 19:01:00,2,0.0547064695956738,760.032941273919,2,FALSE
2019-05-14 19:02:00,0,0.0547064695956738,0,0,FALSE
2019-05-14 19:03:00,0,0.0547064695956738,0,0,FALSE
2019-05-14 19:04:00,0,0.0547064695956738,0,0,FALSE
2019-05-14 19:05:00,0,0.0547064695956738,0,0,FALSE
2019-05-14 19:06:00,0,0.0547064695956738,0,0,FALSE
2019-05-14 19:07:00,0,0.0547064695956738,0,0,FALSE
2019-05-14 19:08:00,0,0.0547064695956738,0,0,FALSE
2019-05-14 19:09:00,0,0.0547064695956738,0,0,FALSE
2019-05-14 19:10:00,1,0.0548618857024797,2.74309428512398,0,FALSE
2019-05-14 19:11:00,6,0.0548618857024797,396.651433628928,0,FALSE
2019-05-14 19:12:00,10,0.0548618857024797,1060.37052685753,0,FALSE
2019-05-14 19:13:00,2,0.055056155835987,21.5282391147521,0,FALSE
2019-05-14 19:14:00,0,0.055056155835987,0,0,FALSE
2019-05-14 19:15:00,1,0.0550950098626885,11.6250470810273,0,FALSE
2019-05-14 19:16:00,0,0.0550950098626885,0,0,FALSE
2019-05-14 19:17:00,3,0.0550950098626885,78.2349140050177,2,FALSE
2019-05-14 19:18:00,2,0.0550950098626881,78.400199034605,0,FALSE
2019-05-14 19:19:00,2,0.0548618857024797,38.4033199917358,0,FALSE
2019-05-14 19:20:00,0,0.0548618857024797,0,0,FALSE
2019-05-14 19:21:00,0,0.0548618857024797,0,0,FALSE
2019-05-14 19:22:00,0,0.0548618857024797,0,0,FALSE
2019-05-14 19:23:00,0,0.0548618857024797,0,0,FALSE
2019-05-14 19:24:00,1,0.0548618857024797,2.90767994223142,0,FALSE
2019-05-14 19:25:00,0,0.0548618857024797,0,0,FALSE
2019-05-14 19:26:00,0,0.0548618857024797,0,0,FALSE
2019-05-14 19:27:00,1,0.0547841776490767,92.6400444045887,0,FALSE
2019-05-14 19:28:00,0,0.0547841776490767,0,0,FALSE
2019-05-14 19:29:00,0,0.0547841776490767,0,0,FALSE
2019-05-14 19:30:00,0,0.0547841776490767,0,0,FALSE
2019-05-14 19:31:00,0,0.0547841776490767,0,0,FALSE
2019-05-14 19:32:00,0,0.0547841776490767,0,0,FALSE
2019-05-14 19:33:00,0,0.0547841776490767,0,0,FALSE
2019-05-14 19:34:00,0,0.0547841776490767,0,0,FALSE
2019-05-14 19:35:00,0,0.0547841776490767,0,0,FALSE
2019-05-14 19:36:00,0,0.0547841776490767,0,0,FALSE
2019-05-14 19:37:00,0,0.0547841776490767,0,0,FALSE
2019-05-14 19:38:00,0,0.0547841776490767,0,0,FALSE
2019-05-14 19:39:00,0,0.0547841776490767,0,0,FALSE
2019-05-14 19:40:00,0,0.0547841776490767,0,0,FALSE
2019-05-14 19:41:00,0,0.0547841776490767,0,0,FALSE
2019-05-14 19:42:00,0,0.0547841776490767,0,0,FALSE
2019-05-14 19:43:00,0,0.0547841776490767,0,0,FALSE
2019-05-14 19:44:00,0,0.0547841776490767,0,0,FALSE
2019-05-14 19:45:00,0,0.0547841776490767,0,0,FALSE
2019-05-14 19:46:00,0,0.0547841776490767,0,0,FALSE
2019-05-14 19:47:00,0,0.0547841776490767,0,0,FALSE
2019-05-14 19:48:00,3,0.0543956373820619,826.052149283993,0,FALSE
2019-05-14 19:49:00,0,0.0543956373820619,0,0,FALSE
2019-05-14 19:50:00,2,0.054395637382062,208.172104261151,0,FALSE
2019-05-14 19:51:00,0,0.054395637382062,0,0,FALSE
2019-05-14 19:52:00,0,0.054395637382062,0,0,FALSE
2019-05-14 19:53:00,0,0.054395637382062,0,0,FALSE
2019-05-14 19:54:00,0,0.054395637382062,0,0,FALSE
2019-05-14 19:55:00,0,0.054395637382062,0,0,FALSE
2019-05-14 19:56:00,0,0.054395637382062,0,0,FALSE
2019-05-14 19:57:00,0,0.054395637382062,0,0,FALSE
2019-05-14 19:58:00,0,0.054395637382062,0,0,FALSE
2019-05-14 19:59:00,1,0.0545510534888679,13.6923144257058,0,FALSE
2019-05-14 20:00:00,0,0.0545510534888679,0,0,FALSE
2019-05-14 20:01:00,0,0.0545510534888679,0,0,FALSE
2019-05-14 20:02:00,0,0.0545510534888679,0,0,FALSE
2019-05-14 20:03:00,0,0.0545510534888679,0,0,FALSE
2019-05-14 20:04:00,0,0.0545510534888679,0,0,FALSE
2019-05-14 20:05:00,1,0.0546287615422687,19.6663541552167,0,FALSE
2019-05-14 20:06:00,4,0.0544539184221142,416.61999440383,2,FALSE
2019-05-14 20:07:00,0,0.0544539184221142,0,0,FALSE
2019-05-14 20:08:00,0,0.0544539184221142,0,0,FALSE
2019-05-14 20:09:00,0,0.0544539184221142,0,0,FALSE
2019-05-14 20:10:00,0,0.0544539184221142,0,0,FALSE
2019-05-14 20:11:00,0,0.0544539184221142,0,0,FALSE
2019-05-14 20:12:00,3,0.0546287615422708,53.4269287883409,2,FALSE
2019-05-14 20:13:00,0,0.0546287615422708,0,0,FALSE
2019-05-14 20:14:00,0,0.0546287615422708,0,0,FALSE
2019-05-14 20:15:00,0,0.0546287615422708,0,0,FALSE
2019-05-14 20:16:00,0,0.0546287615422708,0,0,FALSE
2019-05-14 20:17:00,0,0.0546287615422708,0,0,FALSE
2019-05-14 20:18:00,0,0.0546287615422708,0,0,FALSE
2019-05-14 20:19:00,0,0.0546287615422708,0,0,FALSE
2019-05-14 20:20:00,0,0.0546287615422708,0,0,FALSE
2019-05-14 20:21:00,0,0.0546287615422708,0,0,FALSE
2019-05-14 20:22:00,0,0.0546287615422708,0,0,FALSE
2019-05-14 20:23:00,0,0.0546287615422708,0,0,FALSE
2019-05-14 20:24:00,4,0.054395637382062,217.473758253484,0,FALSE
2019-05-14 20:25:00,0,0.054395637382062,0,0,FALSE
2019-05-14 20:26:00,1,0.0547064695956738,39.0604192913111,0,FALSE
2019-05-14 20:27:00,0,0.0547064695956738,0,0,FALSE
2019-05-14 20:28:00,0,0.0547064695956738,0,0,FALSE
2019-05-14 20:29:00,0,0.0547064695956738,0,0,FALSE
2019-05-14 20:30:00,0,0.0547064695956738,0,0,FALSE
2019-05-14 20:31:00,0,0.0547064695956738,0,0,FALSE
2019-05-14 20:32:00,1,0.0544733454354649,8.60678857880346,0,FALSE
2019-05-14 20:33:00,0,0.0544733454354649,0,0,FALSE
2019-05-14 20:34:00,0,0.0544733454354649,0,0,FALSE
2019-05-14 20:35:00,0,0.0544733454354649,0,0,FALSE
2019-05-14 20:36:00,2,0.0547453236223752,155.290297467432,0,FALSE
2019-05-14 20:37:00,0,0.0547453236223752,0,0,FALSE
2019-05-14 20:38:00,0,0.0547453236223752,0,0,FALSE
2019-05-14 20:39:00,0,0.0547453236223752,0,0,FALSE
2019-05-14 20:40:00,0,0.0547453236223752,0,0,FALSE
2019-05-14 20:41:00,0,0.0547453236223752,0,0,FALSE
2019-05-14 20:42:00,0,0.0547453236223752,0,0,FALSE
2019-05-14 20:43:00,0,0.0547453236223752,0,0,FALSE
2019-05-14 20:44:00,0,0.0547453236223752,0,0,FALSE
2019-05-14 20:45:00,0,0.0547453236223752,0,0,FALSE
2019-05-14 20:46:00,1,0.0564994521820527,319.108905924234,0,FALSE
2019-05-14 20:47:00,0,0.0564994521820527,0,0,FALSE
2019-05-14 20:48:00,0,0.0564994521820527,0,0,FALSE
2019-05-14 20:49:00,0,0.0564994521820527,0,0,FALSE
2019-05-14 20:50:00,0,0.0564994521820527,0,0,FALSE
2019-05-14 20:51:00,0,0.0564994521820527,0,0,FALSE
2019-05-14 20:52:00,1,0.0564994521820527,111.416919703008,0,FALSE
2019-05-14 20:53:00,0,0.0564994521820527,0,0,FALSE
2019-05-14 20:54:00,0,0.0564994521820527,0,0,FALSE
2019-05-14 20:55:00,0,0.0564994521820527,0,0,FALSE
2019-05-14 20:56:00,1,0.0563396234630087,34.5361891828244,0,FALSE
2019-05-14 20:57:00,0,0.0563396234630087,0,0,FALSE
2019-05-14 20:58:00,0,0.0563396234630087,0,0,FALSE
2019-05-14 20:59:00,0,0.0563396234630087,0,0,FALSE
2019-05-14 21:00:00,0,0.0563396234630087,0,0,FALSE
2019-05-14 21:01:00,0,0.0563396234630087,0,0,FALSE
2019-05-14 21:02:00,0,0.0563396234630087,0,0,FALSE
2019-05-14 21:03:00,0,0.0563396234630087,0,0,FALSE
2019-05-14 21:04:00,0,0.0563396234630087,0,0,FALSE
2019-05-14 21:05:00,0,0.0563396234630087,0,0,FALSE
2019-05-14 21:06:00,0,0.0563396234630087,0,0,FALSE
2019-05-14 21:07:00,0,0.0563396234630087,0,0,FALSE
2019-05-14 21:08:00,0,0.0563396234630087,0,0,FALSE
2019-05-14 21:09:00,0,0.0563396234630087,0,0,FALSE
2019-05-14 21:10:00,0,0.0563396234630087,0,0,FALSE
2019-05-14 21:11:00,0,0.0563396234630087,0,0,FALSE
2019-05-14 21:12:00,2,0.0563396234630087,64.0018122539779,2,FALSE
2019-05-14 21:13:00,0,0.0563396234630087,0,0,FALSE
2019-05-14 21:14:00,0,0.0563396234630087,0,0,FALSE
2019-05-14 21:15:00,0,0.0563396234630087,0,0,FALSE
2019-05-14 21:16:00,0,0.0563396234630087,0,0,FALSE
2019-05-14 21:17:00,0,0.0563396234630087,0,0,FALSE
2019-05-14 21:18:00,0,0.0563396234630087,0,0,FALSE
2019-05-14 21:19:00,0,0.0563396234630087,0,0,FALSE
2019-05-14 21:20:00,0,0.0563396234630087,0,0,FALSE
2019-05-14 21:21:00,1,0.0563396234630087,160.004530634945,0,FALSE
2019-05-14 21:22:00,0,0.0563396234630087,0,0,FALSE
2019-05-14 21:23:00,0,0.0563396234630087,0,0,FALSE
2019-05-14 21:24:00,0,0.0563396234630087,0,0,FALSE
2019-05-14 21:25:00,0,0.0563396234630087,0,0,FALSE
2019-05-14 21:26:00,0,0.0563396234630087,0,0,FALSE
2019-05-14 21:27:00,0,0.0563396234630087,0,0,FALSE
2019-05-14 21:28:00,0,0.0563396234630087,0,0,FALSE
2019-05-14 21:29:00,0,0.0563396234630087,0,0,FALSE
2019-05-14 21:30:00,0,0.0563396234630087,0,0,FALSE
2019-05-14 21:31:00,1,0.0564994521820527,134.468696193285,0,FALSE
2019-05-14 21:32:00,1,0.0564994521820527,1.073489591459,0,FALSE
2019-05-14 21:33:00,0,0.0564994521820527,0,0,FALSE
2019-05-14 21:34:00,0,0.0564994521820527,0,0,FALSE
2019-05-14 21:35:00,1,0.0565793665415747,8.09084941544519,0,FALSE
2019-05-14 21:36:00,0,0.0565793665415747,0,0,FALSE
2019-05-14 21:37:00,0,0.0565793665415747,0,0,FALSE
2019-05-14 21:38:00,0,0.0565793665415747,0,0,FALSE
2019-05-14 21:39:00,0,0.0565793665415747,0,0,FALSE
2019-05-14 21:40:00,1,0.0559400516653987,1.84602170495816,0,FALSE
2019-05-14 21:41:00,0,0.0559400516653987,0,0,FALSE
2019-05-14 21:42:00,0,0.0559400516653987,0,0,FALSE
2019-05-14 21:43:00,0,0.0559400516653987,0,0,FALSE
2019-05-14 21:44:00,0,0.0559400516653987,0,0,FALSE
2019-05-14 21:45:00,1,0.0560998803844427,9.59307954573971,0,FALSE
2019-05-14 21:46:00,0,0.0560998803844427,0,0,FALSE
2019-05-14 21:47:00,0,0.0560998803844427,0,0,FALSE
2019-05-14 21:48:00,0,0.0560998803844427,0,0,FALSE
2019-05-14 21:49:00,0,0.0560998803844427,0,0,FALSE
2019-05-14 21:50:00,0,0.0560998803844427,0,0,FALSE
2019-05-14 21:51:00,3,0.0559400516653987,57.0029126470413,0,FALSE
2019-05-14 21:52:00,0,0.0559400516653987,0,0,FALSE
2019-05-14 21:53:00,0,0.0559400516653987,0,0,FALSE
2019-05-14 21:54:00,0,0.0559400516653987,0,0,FALSE
2019-05-14 21:55:00,0,0.0559400516653987,0,0,FALSE
2019-05-14 21:56:00,0,0.0559400516653987,0,0,FALSE
2019-05-14 21:57:00,0,0.0559400516653987,0,0,FALSE
2019-05-14 21:58:00,0,0.0559400516653987,0,0,FALSE
2019-05-14 21:59:00,0,0.0559400516653987,0,0,FALSE
2019-05-14 22:00:00,1,0.0557802229463547,51.6524864483245,0,FALSE
2019-05-14 22:01:00,2,0.0558201801261157,63.9192607205917,0,FALSE
2019-05-14 22:02:00,0,0.0558201801261157,0,0,FALSE
2019-05-14 22:03:00,0,0.0558201801261157,0,0,FALSE
2019-05-14 22:04:00,0,0.0558201801261157,0,0,FALSE
2019-05-14 22:05:00,0,0.0558201801261157,0,0,FALSE
2019-05-14 22:06:00,0,0.0558201801261157,0,0,FALSE
2019-05-14 22:07:00,0,0.0558201801261157,0,0,FALSE
2019-05-14 22:08:00,0,0.0558201801261157,0,0,FALSE
2019-05-14 22:09:00,2,0.0558601373058767,227.797639933365,0,FALSE
2019-05-14 22:10:00,0,0.0558601373058767,0,0,FALSE
2019-05-14 22:11:00,0,0.0558601373058767,0,0,FALSE
2019-05-14 22:12:00,2,0.0558601373058767,31.6168377151262,2,FALSE
2019-05-14 22:13:00,0,0.0558601373058767,0,0,FALSE
2019-05-14 22:14:00,0,0.0558601373058767,0,0,FALSE
2019-05-14 22:15:00,0,0.0558601373058767,0,0,FALSE
2019-05-14 22:16:00,4,0.0561398375642037,1237.55433095818,4,FALSE
2019-05-14 22:17:00,0,0.0561398375642037,0,0,FALSE
2019-05-14 22:18:00,2,0.0557402657665937,126.40461808828,2,FALSE
2019-05-14 22:19:00,0,0.0557402657665937,0,0,FALSE
2019-05-14 22:20:00,0,0.0557402657665937,0,0,FALSE
2019-05-14 22:21:00,0,0.0557402657665937,0,0,FALSE
2019-05-14 22:22:00,1,0.0559400516653987,45.870842365627,0,FALSE
2019-05-14 22:23:00,0,0.0559400516653987,0,0,FALSE
2019-05-14 22:24:00,0,0.0559400516653987,0,0,FALSE
2019-05-14 22:25:00,0,0.0559400516653987,0,0,FALSE
2019-05-14 22:26:00,0,0.0559400516653987,0,0,FALSE
2019-05-14 22:27:00,1,0.0560199660249207,261.557221370355,0,FALSE
2019-05-14 22:28:00,0,0.0560199660249207,0,0,FALSE
2019-05-14 22:29:00,0,0.0560199660249207,0,0,FALSE
2019-05-14 22:30:00,0,0.0560199660249207,0,0,FALSE
2019-05-14 22:31:00,0,0.0560199660249207,0,0,FALSE
2019-05-14 22:32:00,0,0.0560199660249207,0,0,FALSE
2019-05-14 22:33:00,0,0.0560199660249207,0,0,FALSE
2019-05-14 22:34:00,0,0.0560199660249207,0,0,FALSE
2019-05-14 22:35:00,0,0.0560199660249207,0,0,FALSE
2019-05-14 22:36:00,0,0.0560199660249207,0,0,FALSE
2019-05-14 22:37:00,0,0.0560199660249207,0,0,FALSE
2019-05-14 22:38:00,0,0.0560199660249207,0,0,FALSE
2019-05-14 22:39:00,0,0.0560199660249207,0,0,FALSE
2019-05-14 22:40:00,0,0.0560199660249207,0,0,FALSE
2019-05-14 22:41:00,0,0.0560199660249207,0,0,FALSE
2019-05-14 22:42:00,0,0.0560199660249207,0,0,FALSE
2019-05-14 22:43:00,0,0.0560199660249207,0,0,FALSE
2019-05-14 22:44:00,0,0.0560199660249207,0,0,FALSE
2019-05-14 22:45:00,0,0.0560199660249207,0,0,FALSE
2019-05-14 22:46:00,0,0.0560199660249207,0,0,FALSE
2019-05-14 22:47:00,0,0.0560199660249207,0,0,FALSE
2019-05-14 22:48:00,0,0.0560199660249207,0,0,FALSE
2019-05-14 22:49:00,0,0.0560199660249207,0,0,FALSE
2019-05-14 22:50:00,0,0.0560199660249207,0,0,FALSE
2019-05-14 22:51:00,0,0.0560199660249207,0,0,FALSE
2019-05-14 22:52:00,0,0.0560199660249207,0,0,FALSE
2019-05-14 22:53:00,0,0.0560199660249207,0,0,FALSE
2019-05-14 22:54:00,1,0.0558601373058767,42.621284764384,0,FALSE
2019-05-14 22:55:00,0,0.0558601373058767,0,0,FALSE
2019-05-14 22:56:00,0,0.0558601373058767,0,0,FALSE
2019-05-14 22:57:00,0,0.0558601373058767,0,0,FALSE
2019-05-14 22:58:00,0,0.0558601373058767,0,0,FALSE
2019-05-14 22:59:00,2,0.0558601373058767,36.4766696607375,0,FALSE
2019-05-14 23:00:00,0,0.0558601373058767,0,0,FALSE
2019-05-14 23:01:00,6,0.0559400516653987,124.48539483,5,FALSE
2019-05-14 23:02:00,4,0.0560199660249194,136.40861727068,2,FALSE
2019-05-14 23:03:00,0,0.0560199660249194,0,0,FALSE
2019-05-14 23:04:00,0,0.0560199660249194,0,0,FALSE
2019-05-14 23:05:00,1,0.0560199660249207,13.1646920158564,0,FALSE
2019-05-14 23:06:00,0,0.0560199660249207,0,0,FALSE
2019-05-14 23:07:00,0,0.0560199660249207,0,0,FALSE
2019-05-14 23:08:00,0,0.0560199660249207,0,0,FALSE
2019-05-14 23:09:00,0,0.0560199660249207,0,0,FALSE
2019-05-14 23:10:00,0,0.0560199660249207,0,0,FALSE
2019-05-14 23:11:00,0,0.0560199660249207,0,0,FALSE
2019-05-14 23:12:00,1,0.0557003085868327,18.8824046109363,0,FALSE
2019-05-14 23:13:00,0,0.0557003085868327,0,0,FALSE
2019-05-14 23:14:00,2,0.0554605655082667,472.246715302891,0,FALSE
2019-05-14 23:15:00,0,0.0554605655082667,0,0,FALSE
2019-05-14 23:16:00,0,0.0554605655082667,0,0,FALSE
2019-05-14 23:17:00,0,0.0554605655082667,0,0,FALSE
2019-05-14 23:18:00,0,0.0554605655082667,0,0,FALSE
2019-05-14 23:19:00,1,0.0557802229463547,8.03235210427508,0,FALSE
2019-05-14 23:20:00,0,0.0557802229463547,0,0,FALSE
2019-05-14 23:21:00,4,0.0552208224297008,1033.89682117742,0,FALSE
2019-05-14 23:22:00,0,0.0552208224297008,0,0,FALSE
2019-05-14 23:23:00,3,0.0554605655082658,533.660900595545,3,FALSE
2019-05-14 23:24:00,2,0.0555005226880278,99.5245442051013,0,FALSE
2019-05-14 23:25:00,0,0.0555005226880278,0,0,FALSE
2019-05-14 23:26:00,0,0.0555005226880278,0,0,FALSE
2019-05-14 23:27:00,0,0.0555005226880278,0,0,FALSE
2019-05-14 23:28:00,0,0.0555005226880278,0,0,FALSE
2019-05-14 23:29:00,0,0.0555005226880278,0,0,FALSE
2019-05-14 23:30:00,2,0.0555404798677888,46.4873816493392,0,FALSE
2019-05-14 23:31:00,0,0.0555404798677888,0,0,FALSE
2019-05-14 23:32:00,0,0.0555404798677888,0,0,FALSE
2019-05-14 23:33:00,0,0.0555404798677888,0,0,FALSE
2019-05-14 23:34:00,0,0.0555404798677888,0,0,FALSE
2019-05-14 23:35:00,0,0.0555404798677888,0,0,FALSE
2019-05-14 23:36:00,0,0.0555404798677888,0,0,FALSE
2019-05-14 23:37:00,2,0.0553007367892228,121.219215041976,0,FALSE
2019-05-14 23:38:00,4,0.0553007367892209,55.9643456306918,0,FALSE
2019-05-14 23:39:00,1,0.0553007367892228,409.059550029881,0,FALSE
2019-05-14 23:40:00,0,0.0553007367892228,0,0,FALSE
2019-05-14 23:41:00,0,0.0553007367892228,0,0,FALSE
2019-05-14 23:42:00,0,0.0553007367892228,0,0,FALSE
2019-05-14 23:43:00,0,0.0553007367892228,0,0,FALSE
2019-05-14 23:44:00,1,0.0553007367892228,115.412637679108,0,FALSE
2019-05-14 23:45:00,0,0.0553007367892228,0,0,FALSE
2019-05-14 23:46:00,0,0.0553007367892228,0,0,FALSE
2019-05-14 23:47:00,0,0.0553007367892228,0,0,FALSE
2019-05-14 23:48:00,1,0.0552208224297008,198.187531700196,0,FALSE
2019-05-14 23:49:00,0,0.0552208224297008,0,0,FALSE
2019-05-14 23:50:00,0,0.0552208224297008,0,0,FALSE
2019-05-14 23:51:00,0,0.0552208224297008,0,0,FALSE
2019-05-14 23:52:00,0,0.0552208224297008,0,0,FALSE
2019-05-14 23:53:00,0,0.0552208224297008,0,0,FALSE
2019-05-14 23:54:00,0,0.0552208224297008,0,0,FALSE
2019-05-14 23:55:00,0,0.0552208224297008,0,0,FALSE
2019-05-14 23:56:00,0,0.0552208224297008,0,0,FALSE
2019-05-14 23:57:00,0,0.0552208224297008,0,0,FALSE
2019-05-14 23:58:00,0,0.0552208224297008,0,0,FALSE
2019-05-14 23:59:00,0,0.0552208224297008,0,0,FALSE
2019-05-15,0,0.0552208224297008,0,0,FALSE
2019-05-15 00:01:00,0,0.0552208224297008,0,0,FALSE
2019-05-15 00:02:00,0,0.0552208224297008,0,0,FALSE
2019-05-15 00:03:00,0,0.0552208224297008,0,0,FALSE
2019-05-15 00:04:00,0,0.0552208224297008,0,0,FALSE
2019-05-15 00:05:00,0,0.0552208224297008,0,0,FALSE
2019-05-15 00:06:00,2,0.0552208224297007,127.449658167749,2,FALSE
2019-05-15 00:07:00,0,0.0552208224297007,0,0,FALSE
2019-05-15 00:08:00,0,0.0552208224297007,0,0,FALSE
2019-05-15 00:09:00,0,0.0552208224297007,0,0,FALSE
2019-05-15 00:10:00,0,0.0552208224297007,0,0,FALSE
2019-05-15 00:11:00,0,0.0552208224297007,0,0,FALSE
2019-05-15 00:12:00,1,0.0551409080701788,28.6181312884228,0,FALSE
2019-05-15 00:13:00,0,0.0551409080701788,0,0,FALSE
2019-05-15 00:14:00,0,0.0551409080701788,0,0,FALSE
2019-05-15 00:15:00,0,0.0551409080701788,0,0,FALSE
2019-05-15 00:16:00,0,0.0551409080701788,0,0,FALSE
2019-05-15 00:17:00,0,0.0551409080701788,0,0,FALSE
2019-05-15 00:18:00,0,0.0551409080701788,0,0,FALSE
2019-05-15 00:19:00,0,0.0551409080701788,0,0,FALSE
2019-05-15 00:20:00,0,0.0551409080701788,0,0,FALSE
2019-05-15 00:21:00,17,0.0546990286704689,1239.59638258704,0,FALSE
2019-05-15 00:22:00,0,0.0546990286704689,0,0,FALSE
2019-05-15 00:23:00,0,0.0546990286704689,0,0,FALSE
2019-05-15 00:24:00,0,0.0546990286704689,0,0,FALSE
2019-05-15 00:25:00,1,0.0546614219130468,151.630784386792,0,FALSE
2019-05-15 00:26:00,0,0.0546614219130468,0,0,FALSE
2019-05-15 00:27:00,1,0.0545815075535248,16.1561262358433,0,FALSE
2019-05-15 00:28:00,1,0.0545015931940028,131.784852343099,0,FALSE
2019-05-15 00:29:00,0,0.0545015931940028,0,0,FALSE
2019-05-15 00:30:00,0,0.0545015931940028,0,0,FALSE
2019-05-15 00:31:00,1,0.0545015931940028,16.5684843309768,0,FALSE
2019-05-15 00:32:00,0,0.0545015931940028,0,0,FALSE
2019-05-15 00:33:00,2,0.0545015931940028,52.2125262798547,0,FALSE
2019-05-15 00:34:00,3,0.0545548694336838,107.568803548944,2,FALSE
2019-05-15 00:35:00,0,0.0545548694336838,0,0,FALSE
2019-05-15 00:36:00,2,0.0545815075535248,106.597684252034,0,FALSE
2019-05-15 00:37:00,1,0.0545015931940028,79.8448340292141,0,FALSE
2019-05-15 00:38:00,2,0.0545015931940028,117.287428553494,0,FALSE
2019-05-15 00:39:00,0,0.0545015931940028,0,0,FALSE
2019-05-15 00:40:00,0,0.0545015931940028,0,0,FALSE
2019-05-15 00:41:00,1,0.0545015931940028,37.2245881515039,0,FALSE
2019-05-15 00:42:00,0,0.0545015931940028,0,0,FALSE
2019-05-15 00:43:00,0,0.0545015931940028,0,0,FALSE
2019-05-15 00:44:00,1,0.0545015931940028,31.1204097137756,0,FALSE
2019-05-15 00:45:00,0,0.0545015931940028,0,0,FALSE
2019-05-15 00:46:00,1,0.0545015931940028,26.5422758854794,0,FALSE
2019-05-15 00:47:00,2,0.0545015931940028,47.9069004175284,0,FALSE
2019-05-15 00:48:00,1,0.0545015931940028,19.075557617901,0,FALSE
2019-05-15 00:49:00,1,0.0545015931940028,37.2790897446979,0,FALSE
2019-05-15 00:50:00,0,0.0545015931940028,0,0,FALSE
2019-05-15 00:51:00,1,0.0545015931940028,395.13655065652,0,FALSE
2019-05-15 00:52:00,0,0.0545015931940028,0,0,FALSE
2019-05-15 00:53:00,0,0.0545015931940028,0,0,FALSE
2019-05-15 00:54:00,2,0.0546214647332855,365.012912749061,2,FALSE
2019-05-15 00:55:00,0,0.0546214647332855,0,0,FALSE
2019-05-15 00:56:00,0,0.0546214647332855,0,0,FALSE
2019-05-15 00:57:00,1,0.0547413362725688,71.8753745258828,0,FALSE
2019-05-15 00:58:00,0,0.0547413362725688,0,0,FALSE
2019-05-15 00:59:00,0,0.0547413362725688,0,0,FALSE
2019-05-15 01:00:00,0,0.0547413362725688,0,0,FALSE
2019-05-15 01:01:00,1,0.0546614219130468,275.602889285582,0,FALSE
2019-05-15 01:02:00,1,0.0545015931940028,4.52363223510223,0,FALSE
2019-05-15 01:03:00,0,0.0545015931940028,0,0,FALSE
2019-05-15 01:04:00,0,0.0545015931940028,0,0,FALSE
2019-05-15 01:05:00,1,0.0546614219130451,25.9641754086964,0,FALSE
2019-05-15 01:06:00,0,0.0546614219130451,0,0,FALSE
2019-05-15 01:07:00,0,0.0546614219130451,0,0,FALSE
2019-05-15 01:08:00,0,0.0546614219130451,0,0,FALSE
2019-05-15 01:09:00,0,0.0546614219130451,0,0,FALSE
2019-05-15 01:10:00,0,0.0546614219130451,0,0,FALSE
2019-05-15 01:11:00,0,0.0546614219130451,0,0,FALSE
2019-05-15 01:12:00,1,0.0546614219130468,74.6128409113089,0,FALSE
2019-05-15 01:13:00,1,0.0545015931940028,12.9713791801727,0,FALSE
2019-05-15 01:14:00,0,0.0545015931940028,0,0,FALSE
2019-05-15 01:15:00,0,0.0545015931940028,0,0,FALSE
2019-05-15 01:16:00,6,0.0548745268717721,644.716287736078,5,FALSE
2019-05-15 01:17:00,0,0.0548745268717721,0,0,FALSE
2019-05-15 01:18:00,0,0.0548745268717721,0,0,FALSE
2019-05-15 01:19:00,5,0.0549331307354216,5488.92761323467,5,FALSE
2019-05-15 01:20:00,0,0.0549331307354216,0,0,FALSE
2019-05-15 01:21:00,0,0.0549331307354216,0,0,FALSE
2019-05-15 01:22:00,0,0.0549331307354216,0,0,FALSE
2019-05-15 01:23:00,0,0.0549331307354216,0,0,FALSE
2019-05-15 01:24:00,2,0.0545787399009866,24.0076031383824,0,FALSE
2019-05-15 01:25:00,4,0.0544787055536608,241.605436513219,2,FALSE
2019-05-15 01:26:00,2,0.0546987811177777,158.666238898052,2,FALSE
2019-05-15 01:27:00,0,0.0546987811177777,0,0,FALSE
2019-05-15 01:28:00,0,0.0546987811177777,0,0,FALSE
2019-05-15 01:29:00,0,0.0546987811177777,0,0,FALSE
2019-05-15 01:30:00,0,0.0546987811177777,0,0,FALSE
2019-05-15 01:31:00,1,0.0545787399009866,13.3172125358407,0,FALSE
2019-05-15 01:32:00,0,0.0545787399009866,0,0,FALSE
2019-05-15 01:33:00,0,0.0545787399009866,0,0,FALSE
2019-05-15 01:34:00,0,0.0545787399009866,0,0,FALSE
2019-05-15 01:35:00,0,0.0545787399009866,0,0,FALSE
2019-05-15 01:36:00,1,0.0546587673788473,15.9603600746234,0,FALSE
2019-05-15 01:37:00,1,0.0546587673788473,12.8448103340291,0,FALSE
2019-05-15 01:38:00,2,0.0544586986841956,460.348383068765,0,FALSE
2019-05-15 01:39:00,1,0.0546587673788473,11.3690236148002,0,FALSE
2019-05-15 01:40:00,0,0.0546587673788473,0,0,FALSE
2019-05-15 01:41:00,5,0.0545947453965588,621.120705101676,3,FALSE
2019-05-15 01:42:00,0,0.0545947453965588,0,0,FALSE
2019-05-15 01:43:00,0,0.0545947453965588,0,0,FALSE
2019-05-15 01:44:00,8,0.0550489013334181,2639.84544499119,7,FALSE
2019-05-15 01:45:00,1,0.0551389322460114,106.693833896032,0,FALSE
2019-05-15 01:46:00,0,0.0551389322460114,0,0,FALSE
2019-05-15 01:47:00,1,0.0552189597238721,9.55288003222987,0,FALSE
2019-05-15 01:48:00,0,0.0552189597238721,0,0,FALSE
2019-05-15 01:49:00,1,0.0552189597238721,6.95758892520788,0,FALSE
2019-05-15 01:50:00,0,0.0552189597238721,0,0,FALSE
2019-05-15 01:51:00,0,0.0552189597238721,0,0,FALSE
2019-05-15 01:52:00,0,0.0552189597238721,0,0,FALSE
2019-05-15 01:53:00,0,0.0552189597238721,0,0,FALSE
2019-05-15 01:54:00,0,0.0552189597238721,0,0,FALSE
2019-05-15 01:55:00,0,0.0552189597238721,0,0,FALSE
2019-05-15 01:56:00,0,0.0552189597238721,0,0,FALSE
2019-05-15 01:57:00,1,0.0552189597238721,37.4384546927853,0,FALSE
2019-05-15 01:58:00,0,0.0552189597238721,0,0,FALSE
2019-05-15 01:59:00,1,0.0552189597238721,37.6041115719569,0,FALSE
2019-05-15 02:00:00,0,0.0552189597238721,0,0,FALSE
2019-05-15 02:01:00,0,0.0552189597238721,0,0,FALSE
2019-05-15 02:02:00,0,0.0552189597238721,0,0,FALSE
2019-05-15 02:03:00,0,0.0552189597238721,0,0,FALSE
2019-05-15 02:04:00,0,0.0552189597238721,0,0,FALSE
2019-05-15 02:05:00,0,0.0552189597238721,0,0,FALSE
2019-05-15 02:06:00,2,0.0549788772902901,55.913518204225,0,FALSE
2019-05-15 02:07:00,8,0.0552589734628024,2783.66426594923,8,FALSE
2019-05-15 02:08:00,0,0.0552589734628024,0,0,FALSE
2019-05-15 02:09:00,0,0.0552589734628024,0,0,FALSE
2019-05-15 02:10:00,0,0.0552589734628024,0,0,FALSE
2019-05-15 02:11:00,0,0.0552589734628024,0,0,FALSE
2019-05-15 02:12:00,2,0.0552989872017328,19.6864394438169,0,FALSE
2019-05-15 02:13:00,0,0.0552989872017328,0,0,FALSE
2019-05-15 02:14:00,2,0.0550188910292204,151.551075868936,2,FALSE
2019-05-15 02:15:00,0,0.0550188910292204,0,0,FALSE
2019-05-15 02:16:00,0,0.0550188910292204,0,0,FALSE
2019-05-15 02:17:00,1,0.0550589047681507,9.41507271535377,0,FALSE
2019-05-15 02:18:00,0,0.0550589047681507,0,0,FALSE
2019-05-15 02:19:00,1,0.0553790146795919,28.0217814278735,0,FALSE
2019-05-15 02:20:00,0,0.0553790146795919,0,0,FALSE
2019-05-15 02:21:00,0,0.0553790146795919,0,0,FALSE
2019-05-15 02:22:00,0,0.0553790146795919,0,0,FALSE
2019-05-15 02:23:00,0,0.0553790146795919,0,0,FALSE
2019-05-15 02:24:00,0,0.0553790146795919,0,0,FALSE
2019-05-15 02:25:00,0,0.0553790146795919,0,0,FALSE
2019-05-15 02:26:00,2,0.0552589734628024,73.3326991727708,2,FALSE
2019-05-15 02:27:00,0,0.0552589734628024,0,0,FALSE
2019-05-15 02:28:00,0,0.0552589734628024,0,0,FALSE
2019-05-15 02:29:00,0,0.0552589734628024,0,0,FALSE
2019-05-15 02:30:00,1,0.0552189597238721,51.6849463015443,0,FALSE
2019-05-15 02:31:00,2,0.0552989872017306,32.4605054874163,0,FALSE
2019-05-15 02:32:00,0,0.0552989872017306,0,0,FALSE
2019-05-15 02:33:00,0,0.0552989872017306,0,0,FALSE
2019-05-15 02:34:00,0,0.0552989872017306,0,0,FALSE
2019-05-15 02:35:00,0,0.0552989872017306,0,0,FALSE
2019-05-15 02:36:00,0,0.0552989872017306,0,0,FALSE
2019-05-15 02:37:00,0,0.0552989872017306,0,0,FALSE
2019-05-15 02:38:00,0,0.0552989872017306,0,0,FALSE
2019-05-15 02:39:00,0,0.0552989872017306,0,0,FALSE
2019-05-15 02:40:00,0,0.0552989872017306,0,0,FALSE
2019-05-15 02:41:00,0,0.0552989872017306,0,0,FALSE
2019-05-15 02:42:00,0,0.0552989872017306,0,0,FALSE
2019-05-15 02:43:00,0,0.0552989872017306,0,0,FALSE
2019-05-15 02:44:00,0,0.0552989872017306,0,0,FALSE
2019-05-15 02:45:00,0,0.0552989872017306,0,0,FALSE
2019-05-15 02:46:00,0,0.0552989872017306,0,0,FALSE
2019-05-15 02:47:00,0,0.0552989872017306,0,0,FALSE
2019-05-15 02:48:00,0,0.0552989872017306,0,0,FALSE
2019-05-15 02:49:00,0,0.0552989872017306,0,0,FALSE
2019-05-15 02:50:00,0,0.0552989872017306,0,0,FALSE
2019-05-15 02:51:00,0,0.0552989872017306,0,0,FALSE
2019-05-15 02:52:00,0,0.0552989872017306,0,0,FALSE
2019-05-15 02:53:00,0,0.0552989872017306,0,0,FALSE
2019-05-15 02:54:00,4,0.0552989872017326,156.365849046946,3,FALSE
2019-05-15 02:55:00,0,0.0552989872017326,0,0,FALSE
2019-05-15 02:56:00,0,0.0552989872017326,0,0,FALSE
2019-05-15 02:57:00,0,0.0552989872017326,0,0,FALSE
2019-05-15 02:58:00,0,0.0552989872017326,0,0,FALSE
2019-05-15 02:59:00,0,0.0552989872017326,0,0,FALSE
2019-05-15 03:00:00,0,0.0552989872017326,0,0,FALSE
2019-05-15 03:01:00,0,0.0552989872017326,0,0,FALSE
2019-05-15 03:02:00,0,0.0552989872017326,0,0,FALSE
2019-05-15 03:03:00,0,0.0552989872017326,0,0,FALSE
2019-05-15 03:04:00,0,0.0552989872017326,0,0,FALSE
2019-05-15 03:05:00,0,0.0552989872017326,0,0,FALSE
2019-05-15 03:06:00,0,0.0552989872017326,0,0,FALSE
2019-05-15 03:07:00,0,0.0552989872017326,0,0,FALSE
2019-05-15 03:08:00,0,0.0552989872017326,0,0,FALSE
2019-05-15 03:09:00,0,0.0552989872017326,0,0,FALSE
2019-05-15 03:10:00,0,0.0552989872017326,0,0,FALSE
2019-05-15 03:11:00,0,0.0552989872017326,0,0,FALSE
2019-05-15 03:12:00,0,0.0552989872017326,0,0,FALSE
2019-05-15 03:13:00,0,0.0552989872017326,0,0,FALSE
2019-05-15 03:14:00,0,0.0552989872017326,0,0,FALSE
2019-05-15 03:15:00,0,0.0552989872017326,0,0,FALSE
2019-05-15 03:16:00,0,0.0552989872017326,0,0,FALSE
2019-05-15 03:17:00,0,0.0552989872017326,0,0,FALSE
2019-05-15 03:18:00,0,0.0552989872017326,0,0,FALSE
2019-05-15 03:19:00,0,0.0552989872017326,0,0,FALSE
2019-05-15 03:20:00,0,0.0552989872017326,0,0,FALSE
2019-05-15 03:21:00,0,0.0552989872017326,0,0,FALSE
2019-05-15 03:22:00,0,0.0552989872017326,0,0,FALSE
2019-05-15 03:23:00,0,0.0552989872017326,0,0,FALSE
2019-05-15 03:24:00,0,0.0552989872017326,0,0,FALSE
2019-05-15 03:25:00,0,0.0552989872017326,0,0,FALSE
2019-05-15 03:26:00,0,0.0552989872017326,0,0,FALSE
2019-05-15 03:27:00,0,0.0552989872017326,0,0,FALSE
2019-05-15 03:28:00,0,0.0552989872017326,0,0,FALSE
2019-05-15 03:29:00,0,0.0552989872017326,0,0,FALSE
2019-05-15 03:30:00,0,0.0552989872017326,0,0,FALSE
2019-05-15 03:31:00,0,0.0552989872017326,0,0,FALSE
2019-05-15 03:32:00,0,0.0552989872017326,0,0,FALSE
2019-05-15 03:33:00,0,0.0552989872017326,0,0,FALSE
2019-05-15 03:34:00,0,0.0552989872017326,0,0,FALSE
2019-05-15 03:35:00,0,0.0552989872017326,0,0,FALSE
2019-05-15 03:36:00,0,0.0552989872017326,0,0,FALSE
2019-05-15 03:37:00,0,0.0552989872017326,0,0,FALSE
2019-05-15 03:38:00,0,0.0552989872017326,0,0,FALSE
2019-05-15 03:39:00,0,0.0552989872017326,0,0,FALSE
2019-05-15 03:40:00,0,0.0552989872017326,0,0,FALSE
2019-05-15 03:41:00,0,0.0552989872017326,0,0,FALSE
2019-05-15 03:42:00,0,0.0552989872017326,0,0,FALSE
2019-05-15 03:43:00,0,0.0552989872017326,0,0,FALSE
2019-05-15 03:44:00,0,0.0552989872017326,0,0,FALSE
2019-05-15 03:45:00,0,0.0552989872017326,0,0,FALSE
2019-05-15 03:46:00,0,0.0552989872017326,0,0,FALSE
2019-05-15 03:47:00,0,0.0552989872017326,0,0,FALSE
2019-05-15 03:48:00,0,0.0552989872017326,0,0,FALSE
2019-05-15 03:49:00,0,0.0552989872017326,0,0,FALSE
2019-05-15 03:50:00,0,0.0552989872017326,0,0,FALSE
2019-05-15 03:51:00,0,0.0552989872017326,0,0,FALSE
2019-05-15 03:52:00,0,0.0552989872017326,0,0,FALSE
2019-05-15 03:53:00,0,0.0552989872017326,0,0,FALSE
2019-05-15 03:54:00,0,0.0552989872017326,0,0,FALSE
2019-05-15 03:55:00,0,0.0552989872017326,0,0,FALSE
2019-05-15 03:56:00,0,0.0552989872017326,0,0,FALSE
2019-05-15 03:57:00,0,0.0552989872017326,0,0,FALSE
2019-05-15 03:58:00,0,0.0552989872017326,0,0,FALSE
2019-05-15 03:59:00,0,0.0552989872017326,0,0,FALSE
2019-05-15 04:00:00,0,0.0552989872017326,0,0,FALSE
2019-05-15 04:01:00,0,0.0552989872017326,0,0,FALSE
2019-05-15 04:02:00,0,0.0552989872017326,0,0,FALSE
2019-05-15 04:03:00,0,0.0552989872017326,0,0,FALSE
2019-05-15 04:04:00,0,0.0552989872017326,0,0,FALSE
2019-05-15 04:05:00,0,0.0552989872017326,0,0,FALSE
2019-05-15 04:06:00,0,0.0552989872017326,0,0,FALSE
2019-05-15 04:07:00,0,0.0552989872017326,0,0,FALSE
2019-05-15 04:08:00,0,0.0552989872017326,0,0,FALSE
2019-05-15 04:09:00,0,0.0552989872017326,0,0,FALSE
2019-05-15 04:10:00,0,0.0552989872017326,0,0,FALSE
2019-05-15 04:11:00,0,0.0552989872017326,0,0,FALSE
2019-05-15 04:12:00,0,0.0552989872017326,0,0,FALSE
2019-05-15 04:13:00,0,0.0552989872017326,0,0,FALSE
2019-05-15 04:14:00,0,0.0552989872017326,0,0,FALSE
2019-05-15 04:15:00,0,0.0552989872017326,0,0,FALSE
2019-05-15 04:16:00,0,0.0552989872017326,0,0,FALSE
2019-05-15 04:17:00,0,0.0552989872017326,0,0,FALSE
2019-05-15 04:18:00,0,0.0552989872017326,0,0,FALSE
2019-05-15 04:19:00,0,0.0552989872017326,0,0,FALSE
2019-05-15 04:20:00,0,0.0552989872017326,0,0,FALSE
2019-05-15 04:21:00,0,0.0552989872017326,0,0,FALSE
2019-05-15 04:22:00,0,0.0552989872017326,0,0,FALSE
2019-05-15 04:23:00,0,0.0552989872017326,0,0,FALSE
2019-05-15 04:24:00,0,0.0552989872017326,0,0,FALSE
2019-05-15 04:25:00,0,0.0552989872017326,0,0,FALSE
2019-05-15 04:26:00,0,0.0552989872017326,0,0,FALSE
2019-05-15 04:27:00,0,0.0552989872017326,0,0,FALSE
2019-05-15 04:28:00,0,0.0552989872017326,0,0,FALSE
2019-05-15 04:29:00,0,0.0552989872017326,0,0,FALSE
2019-05-15 04:30:00,0,0.0552989872017326,0,0,FALSE
2019-05-15 04:31:00,0,0.0552989872017326,0,0,FALSE
2019-05-15 04:32:00,0,0.0552989872017326,0,0,FALSE
2019-05-15 04:33:00,0,0.0552989872017326,0,0,FALSE
2019-05-15 04:34:00,0,0.0552989872017326,0,0,FALSE
2019-05-15 04:35:00,0,0.0552989872017326,0,0,FALSE
2019-05-15 04:36:00,0,0.0552989872017326,0,0,FALSE
2019-05-15 04:37:00,0,0.0552989872017326,0,0,FALSE
2019-05-15 04:38:00,0,0.0552989872017326,0,0,FALSE
2019-05-15 04:39:00,0,0.0552989872017326,0,0,FALSE
2019-05-15 04:40:00,0,0.0552989872017326,0,0,FALSE
2019-05-15 04:41:00,0,0.0552989872017326,0,0,FALSE
2019-05-15 04:42:00,0,0.0552989872017326,0,0,FALSE
2019-05-15 04:43:00,0,0.0552989872017326,0,0,FALSE
2019-05-15 04:44:00,0,0.0552989872017326,0,0,FALSE
2019-05-15 04:45:00,0,0.0552989872017326,0,0,FALSE
2019-05-15 04:46:00,0,0.0552989872017326,0,0,FALSE
2019-05-15 04:47:00,0,0.0552989872017326,0,0,FALSE
2019-05-15 04:48:00,0,0.0552989872017326,0,0,FALSE
2019-05-15 04:49:00,0,0.0552989872017326,0,0,FALSE
2019-05-15 04:50:00,0,0.0552989872017326,0,0,FALSE
2019-05-15 04:51:00,0,0.0552989872017326,0,0,FALSE
2019-05-15 04:52:00,0,0.0552989872017326,0,0,FALSE
2019-05-15 04:53:00,0,0.0552989872017326,0,0,FALSE
2019-05-15 04:54:00,0,0.0552989872017326,0,0,FALSE
2019-05-15 04:55:00,0,0.0552989872017326,0,0,FALSE
2019-05-15 04:56:00,0,0.0552989872017326,0,0,FALSE
2019-05-15 04:57:00,0,0.0552989872017326,0,0,FALSE
2019-05-15 04:58:00,0,0.0552989872017326,0,0,FALSE
2019-05-15 04:59:00,0,0.0552989872017326,0,0,FALSE
2019-05-15 05:00:00,0,0.0552989872017326,0,0,FALSE
2019-05-15 05:01:00,0,0.0552989872017326,0,0,FALSE
2019-05-15 05:02:00,0,0.0552989872017326,0,0,FALSE
2019-05-15 05:03:00,0,0.0552989872017326,0,0,FALSE
2019-05-15 05:04:00,0,0.0552989872017326,0,0,FALSE
2019-05-15 05:05:00,0,0.0552989872017326,0,0,FALSE
2019-05-15 05:06:00,0,0.0552989872017326,0,0,FALSE
2019-05-15 05:07:00,0,0.0552989872017326,0,0,FALSE
2019-05-15 05:08:00,0,0.0552989872017326,0,0,FALSE
2019-05-15 05:09:00,0,0.0552989872017326,0,0,FALSE
2019-05-15 05:10:00,0,0.0552989872017326,0,0,FALSE
2019-05-15 05:11:00,0,0.0552989872017326,0,0,FALSE
2019-05-15 05:12:00,0,0.0552989872017326,0,0,FALSE
2019-05-15 05:13:00,0,0.0552989872017326,0,0,FALSE
2019-05-15 05:14:00,0,0.0552989872017326,0,0,FALSE
2019-05-15 05:15:00,0,0.0552989872017326,0,0,FALSE
2019-05-15 05:16:00,0,0.0552989872017326,0,0,FALSE
2019-05-15 05:17:00,0,0.0552989872017326,0,0,FALSE
2019-05-15 05:18:00,0,0.0552989872017326,0,0,FALSE
2019-05-15 05:19:00,0,0.0552989872017326,0,0,FALSE
2019-05-15 05:20:00,0,0.0552989872017326,0,0,FALSE
2019-05-15 05:21:00,0,0.0552989872017326,0,0,FALSE
2019-05-15 05:22:00,0,0.0552989872017326,0,0,FALSE
2019-05-15 05:23:00,0,0.0552989872017326,0,0,FALSE
2019-05-15 05:24:00,0,0.0552989872017326,0,0,FALSE
2019-05-15 05:25:00,0,0.0552989872017326,0,0,FALSE
2019-05-15 05:26:00,0,0.0552989872017326,0,0,FALSE
2019-05-15 05:27:00,0,0.0552989872017326,0,0,FALSE
2019-05-15 05:28:00,0,0.0552989872017326,0,0,FALSE
2019-05-15 05:29:00,0,0.0552989872017326,0,0,FALSE
2019-05-15 05:30:00,0,0.0552989872017326,0,0,FALSE
2019-05-15 05:31:00,0,0.0552989872017326,0,0,FALSE
2019-05-15 05:32:00,0,0.0552989872017326,0,0,FALSE
2019-05-15 05:33:00,0,0.0552989872017326,0,0,FALSE
2019-05-15 05:34:00,0,0.0552989872017326,0,0,FALSE
2019-05-15 05:35:00,0,0.0552989872017326,0,0,FALSE
2019-05-15 05:36:00,0,0.0552989872017326,0,0,FALSE
2019-05-15 05:37:00,0,0.0552989872017326,0,0,FALSE
2019-05-15 05:38:00,0,0.0552989872017326,0,0,FALSE
2019-05-15 05:39:00,0,0.0552989872017326,0,0,FALSE
2019-05-15 05:40:00,0,0.0552989872017326,0,0,FALSE
2019-05-15 05:41:00,0,0.0552989872017326,0,0,FALSE
2019-05-15 05:42:00,0,0.0552989872017326,0,0,FALSE
2019-05-15 05:43:00,0,0.0552989872017326,0,0,FALSE
2019-05-15 05:44:00,0,0.0552989872017326,0,0,FALSE
2019-05-15 05:45:00,0,0.0552989872017326,0,0,FALSE
2019-05-15 05:46:00,0,0.0552989872017326,0,0,FALSE
2019-05-15 05:47:00,0,0.0552989872017326,0,0,FALSE
2019-05-15 05:48:00,0,0.0552989872017326,0,0,FALSE
2019-05-15 05:49:00,0,0.0552989872017326,0,0,FALSE
2019-05-15 05:50:00,0,0.0552989872017326,0,0,FALSE
2019-05-15 05:51:00,0,0.0552989872017326,0,0,FALSE
2019-05-15 05:52:00,0,0.0552989872017326,0,0,FALSE
2019-05-15 05:53:00,0,0.0552989872017326,0,0,FALSE
2019-05-15 05:54:00,0,0.0552989872017326,0,0,FALSE
2019-05-15 05:55:00,0,0.0552989872017326,0,0,FALSE
2019-05-15 05:56:00,0,0.0552989872017326,0,0,FALSE
2019-05-15 05:57:00,0,0.0552989872017326,0,0,FALSE
2019-05-15 05:58:00,0,0.0552989872017326,0,0,FALSE
2019-05-15 05:59:00,0,0.0552989872017326,0,0,FALSE
2019-05-15 06:00:00,0,0.0552989872017326,0,0,FALSE
2019-05-15 06:01:00,0,0.0552989872017326,0,0,FALSE
2019-05-15 06:02:00,0,0.0552989872017326,0,0,FALSE
2019-05-15 06:03:00,0,0.0552989872017326,0,0,FALSE
2019-05-15 06:04:00,0,0.0552989872017326,0,0,FALSE
2019-05-15 06:05:00,0,0.0552989872017326,0,0,FALSE
2019-05-15 06:06:00,0,0.0552989872017326,0,0,FALSE
2019-05-15 06:07:00,0,0.0552989872017326,0,0,FALSE
2019-05-15 06:08:00,0,0.0552989872017326,0,0,FALSE
2019-05-15 06:09:00,0,0.0552989872017326,0,0,FALSE
2019-05-15 06:10:00,0,0.0552989872017326,0,0,FALSE
2019-05-15 06:11:00,0,0.0552989872017326,0,0,FALSE
2019-05-15 06:12:00,0,0.0552989872017326,0,0,FALSE
2019-05-15 06:13:00,0,0.0552989872017326,0,0,FALSE
2019-05-15 06:14:00,0,0.0552989872017326,0,0,FALSE
2019-05-15 06:15:00,0,0.0552989872017326,0,0,FALSE
2019-05-15 06:16:00,0,0.0552989872017326,0,0,FALSE
2019-05-15 06:17:00,0,0.0552989872017326,0,0,FALSE
2019-05-15 06:18:00,0,0.0552989872017326,0,0,FALSE
2019-05-15 06:19:00,0,0.0552989872017326,0,0,FALSE
2019-05-15 06:20:00,0,0.0552989872017326,0,0,FALSE
2019-05-15 06:21:00,0,0.0552989872017326,0,0,FALSE
2019-05-15 06:22:00,0,0.0552989872017326,0,0,FALSE
2019-05-15 06:23:00,0,0.0552989872017326,0,0,FALSE
2019-05-15 06:24:00,0,0.0552989872017326,0,0,FALSE
2019-05-15 06:25:00,0,0.0552989872017326,0,0,FALSE
2019-05-15 06:26:00,0,0.0552989872017326,0,0,FALSE
2019-05-15 06:27:00,0,0.0552989872017326,0,0,FALSE
2019-05-15 06:28:00,0,0.0552989872017326,0,0,FALSE
2019-05-15 06:29:00,0,0.0552989872017326,0,0,FALSE
2019-05-15 06:30:00,0,0.0552989872017326,0,0,FALSE
2019-05-15 06:31:00,0,0.0552989872017326,0,0,FALSE
2019-05-15 06:32:00,0,0.0552989872017326,0,0,FALSE
2019-05-15 06:33:00,0,0.0552989872017326,0,0,FALSE
2019-05-15 06:34:00,0,0.0552989872017326,0,0,FALSE
2019-05-15 06:35:00,0,0.0552989872017326,0,0,FALSE
2019-05-15 06:36:00,0,0.0552989872017326,0,0,FALSE
2019-05-15 06:37:00,0,0.0552989872017326,0,0,FALSE
2019-05-15 06:38:00,0,0.0552989872017326,0,0,FALSE
2019-05-15 06:39:00,0,0.0552989872017326,0,0,FALSE
2019-05-15 06:40:00,0,0.0552989872017326,0,0,FALSE
2019-05-15 06:41:00,0,0.0552989872017326,0,0,FALSE
2019-05-15 06:42:00,0,0.0552989872017326,0,0,FALSE
2019-05-15 06:43:00,0,0.0552989872017326,0,0,FALSE
2019-05-15 06:44:00,0,0.0552989872017326,0,0,FALSE
2019-05-15 06:45:00,0,0.0552989872017326,0,0,FALSE
2019-05-15 06:46:00,0,0.0552989872017326,0,0,FALSE
2019-05-15 06:47:00,0,0.0552989872017326,0,0,FALSE
2019-05-15 06:48:00,0,0.0552989872017326,0,0,FALSE
2019-05-15 06:49:00,0,0.0552989872017326,0,0,FALSE
2019-05-15 06:50:00,0,0.0552989872017326,0,0,FALSE
2019-05-15 06:51:00,0,0.0552989872017326,0,0,FALSE
2019-05-15 06:52:00,0,0.0552989872017326,0,0,FALSE
2019-05-15 06:53:00,0,0.0552989872017326,0,0,FALSE
2019-05-15 06:54:00,0,0.0552989872017326,0,0,FALSE
2019-05-15 06:55:00,0,0.0552989872017326,0,0,FALSE
2019-05-15 06:56:00,0,0.0552989872017326,0,0,FALSE
2019-05-15 06:57:00,0,0.0552989872017326,0,0,FALSE
2019-05-15 06:58:00,0,0.0552989872017326,0,0,FALSE
2019-05-15 06:59:00,0,0.0552989872017326,0,0,FALSE
2019-05-15 07:00:00,0,0.0552989872017326,0,0,FALSE
2019-05-15 07:01:00,0,0.0552989872017326,0,0,FALSE
2019-05-15 07:02:00,0,0.0552989872017326,0,0,FALSE
2019-05-15 07:03:00,0,0.0552989872017326,0,0,FALSE
2019-05-15 07:04:00,0,0.0552989872017326,0,0,FALSE
2019-05-15 07:05:00,0,0.0552989872017326,0,0,FALSE
2019-05-15 07:06:00,0,0.0552989872017326,0,0,FALSE
2019-05-15 07:07:00,0,0.0552989872017326,0,0,FALSE
2019-05-15 07:08:00,0,0.0552989872017326,0,0,FALSE
2019-05-15 07:09:00,0,0.0552989872017326,0,0,FALSE
2019-05-15 07:10:00,0,0.0552989872017326,0,0,FALSE
2019-05-15 07:11:00,0,0.0552989872017326,0,0,FALSE
2019-05-15 07:12:00,0,0.0552989872017326,0,0,FALSE
2019-05-15 07:13:00,0,0.0552989872017326,0,0,FALSE
2019-05-15 07:14:00,0,0.0552989872017326,0,0,FALSE
2019-05-15 07:15:00,0,0.0552989872017326,0,0,FALSE
2019-05-15 07:16:00,0,0.0552989872017326,0,0,FALSE
2019-05-15 07:17:00,0,0.0552989872017326,0,0,FALSE
2019-05-15 07:18:00,0,0.0552989872017326,0,0,FALSE
2019-05-15 07:19:00,0,0.0552989872017326,0,0,FALSE
2019-05-15 07:20:00,0,0.0552989872017326,0,0,FALSE
2019-05-15 07:21:00,0,0.0552989872017326,0,0,FALSE
2019-05-15 07:22:00,0,0.0552989872017326,0,0,FALSE
2019-05-15 07:23:00,0,0.0552989872017326,0,0,FALSE
2019-05-15 07:24:00,0,0.0552989872017326,0,0,FALSE
2019-05-15 07:25:00,0,0.0552989872017326,0,0,FALSE
2019-05-15 07:26:00,0,0.0552989872017326,0,0,FALSE
2019-05-15 07:27:00,0,0.0552989872017326,0,0,FALSE
2019-05-15 07:28:00,0,0.0552989872017326,0,0,FALSE
2019-05-15 07:29:00,0,0.0552989872017326,0,0,FALSE
2019-05-15 07:30:00,0,0.0552989872017326,0,0,FALSE
2019-05-15 07:31:00,0,0.0552989872017326,0,0,FALSE
2019-05-15 07:32:00,0,0.0552989872017326,0,0,FALSE
2019-05-15 07:33:00,0,0.0552989872017326,0,0,FALSE
2019-05-15 07:34:00,0,0.0552989872017326,0,0,FALSE
2019-05-15 07:35:00,0,0.0552989872017326,0,0,FALSE
2019-05-15 07:36:00,0,0.0552989872017326,0,0,FALSE
2019-05-15 07:37:00,0,0.0552989872017326,0,0,FALSE
2019-05-15 07:38:00,0,0.0552989872017326,0,0,FALSE
2019-05-15 07:39:00,0,0.0552989872017326,0,0,FALSE
2019-05-15 07:40:00,0,0.0552989872017326,0,0,FALSE
2019-05-15 07:41:00,0,0.0552989872017326,0,0,FALSE
2019-05-15 07:42:00,0,0.0552989872017326,0,0,FALSE
2019-05-15 07:43:00,0,0.0552989872017326,0,0,FALSE
2019-05-15 07:44:00,0,0.0552989872017326,0,0,FALSE
2019-05-15 07:45:00,0,0.0552989872017326,0,0,FALSE
2019-05-15 07:46:00,0,0.0552989872017326,0,0,FALSE
2019-05-15 07:47:00,0,0.0552989872017326,0,0,FALSE
2019-05-15 07:48:00,0,0.0552989872017326,0,0,FALSE
2019-05-15 07:49:00,0,0.0552989872017326,0,0,FALSE
2019-05-15 07:50:00,0,0.0552989872017326,0,0,FALSE
2019-05-15 07:51:00,0,0.0552989872017326,0,0,FALSE
2019-05-15 07:52:00,0,0.0552989872017326,0,0,FALSE
2019-05-15 07:53:00,0,0.0552989872017326,0,0,FALSE
2019-05-15 07:54:00,0,0.0552989872017326,0,0,FALSE
2019-05-15 07:55:00,0,0.0552989872017326,0,0,FALSE
2019-05-15 07:56:00,0,0.0552989872017326,0,0,FALSE
2019-05-15 07:57:00,0,0.0552989872017326,0,0,FALSE
2019-05-15 07:58:00,0,0.0552989872017326,0,0,FALSE
2019-05-15 07:59:00,0,0.0552989872017326,0,0,FALSE
2019-05-15 08:00:00,0,0.0552989872017326,0,0,FALSE
2019-05-15 08:01:00,0,0.0552989872017326,0,0,FALSE
2019-05-15 08:02:00,0,0.0552989872017326,0,0,FALSE
2019-05-15 08:03:00,0,0.0552989872017326,0,0,FALSE
2019-05-15 08:04:00,0,0.0552989872017326,0,0,FALSE
2019-05-15 08:05:00,0,0.0552989872017326,0,0,FALSE
2019-05-15 08:06:00,0,0.0552989872017326,0,0,FALSE
2019-05-15 08:07:00,0,0.0552989872017326,0,0,FALSE
2019-05-15 08:08:00,0,0.0552989872017326,0,0,FALSE
2019-05-15 08:09:00,0,0.0552989872017326,0,0,FALSE
2019-05-15 08:10:00,0,0.0552989872017326,0,0,FALSE
2019-05-15 08:11:00,0,0.0552989872017326,0,0,FALSE
2019-05-15 08:12:00,0,0.0552989872017326,0,0,FALSE
2019-05-15 08:13:00,0,0.0552989872017326,0,0,FALSE
2019-05-15 08:14:00,0,0.0552989872017326,0,0,FALSE
2019-05-15 08:15:00,0,0.0552989872017326,0,0,FALSE
2019-05-15 08:16:00,0,0.0552989872017326,0,0,FALSE
2019-05-15 08:17:00,0,0.0552989872017326,0,0,FALSE
2019-05-15 08:18:00,0,0.0552989872017326,0,0,FALSE
2019-05-15 08:19:00,0,0.0552989872017326,0,0,FALSE
2019-05-15 08:20:00,0,0.0552989872017326,0,0,FALSE
2019-05-15 08:21:00,0,0.0552989872017326,0,0,FALSE
2019-05-15 08:22:00,0,0.0552989872017326,0,0,FALSE
2019-05-15 08:23:00,0,0.0552989872017326,0,0,FALSE
2019-05-15 08:24:00,0,0.0552989872017326,0,0,FALSE
2019-05-15 08:25:00,0,0.0552989872017326,0,0,FALSE
2019-05-15 08:26:00,0,0.0552989872017326,0,0,FALSE
2019-05-15 08:27:00,0,0.0552989872017326,0,0,FALSE
2019-05-15 08:28:00,0,0.0552989872017326,0,0,FALSE
2019-05-15 08:29:00,0,0.0552989872017326,0,0,FALSE
2019-05-15 08:30:00,0,0.0552989872017326,0,0,FALSE
2019-05-15 08:31:00,0,0.0552989872017326,0,0,FALSE
2019-05-15 08:32:00,0,0.0552989872017326,0,0,FALSE
2019-05-15 08:33:00,0,0.0552989872017326,0,0,FALSE
2019-05-15 08:34:00,0,0.0552989872017326,0,0,FALSE
2019-05-15 08:35:00,0,0.0552989872017326,0,0,FALSE
2019-05-15 08:36:00,0,0.0552989872017326,0,0,FALSE
2019-05-15 08:37:00,0,0.0552989872017326,0,0,FALSE
2019-05-15 08:38:00,0,0.0552989872017326,0,0,FALSE
2019-05-15 08:39:00,0,0.0552989872017326,0,0,FALSE
2019-05-15 08:40:00,0,0.0552989872017326,0,0,FALSE
2019-05-15 08:41:00,0,0.0552989872017326,0,0,FALSE
2019-05-15 08:42:00,0,0.0552989872017326,0,0,FALSE
2019-05-15 08:43:00,0,0.0552989872017326,0,0,FALSE
2019-05-15 08:44:00,0,0.0552989872017326,0,0,FALSE
2019-05-15 08:45:00,0,0.0552989872017326,0,0,FALSE
2019-05-15 08:46:00,0,0.0552989872017326,0,0,FALSE
2019-05-15 08:47:00,0,0.0552989872017326,0,0,FALSE
2019-05-15 08:48:00,0,0.0552989872017326,0,0,FALSE
2019-05-15 08:49:00,0,0.0552989872017326,0,0,FALSE
2019-05-15 08:50:00,0,0.0552989872017326,0,0,FALSE
2019-05-15 08:51:00,0,0.0552989872017326,0,0,FALSE
2019-05-15 08:52:00,0,0.0552989872017326,0,0,FALSE
2019-05-15 08:53:00,0,0.0552989872017326,0,0,FALSE
2019-05-15 08:54:00,0,0.0552989872017326,0,0,FALSE
2019-05-15 08:55:00,0,0.0552989872017326,0,0,FALSE
2019-05-15 08:56:00,0,0.0552989872017326,0,0,FALSE
2019-05-15 08:57:00,0,0.0552989872017326,0,0,FALSE
2019-05-15 08:58:00,0,0.0552989872017326,0,0,FALSE
2019-05-15 08:59:00,0,0.0552989872017326,0,0,FALSE
2019-05-15 09:00:00,0,0.0552989872017326,0,0,FALSE
2019-05-15 09:01:00,0,0.0552989872017326,0,0,FALSE
2019-05-15 09:02:00,0,0.0552989872017326,0,0,FALSE
2019-05-15 09:03:00,0,0.0552989872017326,0,0,FALSE
2019-05-15 09:04:00,0,0.0552989872017326,0,0,FALSE
2019-05-15 09:05:00,0,0.0552989872017326,0,0,FALSE
2019-05-15 09:06:00,0,0.0552989872017326,0,0,FALSE
2019-05-15 09:07:00,0,0.0552989872017326,0,0,FALSE
2019-05-15 09:08:00,0,0.0552989872017326,0,0,FALSE
2019-05-15 09:09:00,0,0.0552989872017326,0,0,FALSE
2019-05-15 09:10:00,0,0.0552989872017326,0,0,FALSE
2019-05-15 09:11:00,0,0.0552989872017326,0,0,FALSE
2019-05-15 09:12:00,0,0.0552989872017326,0,0,FALSE
2019-05-15 09:13:00,0,0.0552989872017326,0,0,FALSE
2019-05-15 09:14:00,0,0.0552989872017326,0,0,FALSE
2019-05-15 09:15:00,0,0.0552989872017326,0,0,FALSE
2019-05-15 09:16:00,0,0.0552989872017326,0,0,FALSE
2019-05-15 09:17:00,0,0.0552989872017326,0,0,FALSE
2019-05-15 09:18:00,0,0.0552989872017326,0,0,FALSE
2019-05-15 09:19:00,0,0.0552989872017326,0,0,FALSE
2019-05-15 09:20:00,0,0.0552989872017326,0,0,FALSE
2019-05-15 09:21:00,0,0.0552989872017326,0,0,FALSE
2019-05-15 09:22:00,0,0.0552989872017326,0,0,FALSE
2019-05-15 09:23:00,0,0.0552989872017326,0,0,FALSE
2019-05-15 09:24:00,0,0.0552989872017326,0,0,FALSE
2019-05-15 09:25:00,0,0.0552989872017326,0,0,FALSE
2019-05-15 09:26:00,0,0.0552989872017326,0,0,FALSE
2019-05-15 09:27:00,0,0.0552989872017326,0,0,FALSE
2019-05-15 09:28:00,0,0.0552989872017326,0,0,FALSE
2019-05-15 09:29:00,0,0.0552989872017326,0,0,FALSE
2019-05-15 09:30:00,0,0.0552989872017326,0,0,FALSE
2019-05-15 09:31:00,0,0.0552989872017326,0,0,FALSE
2019-05-15 09:32:00,0,0.0552989872017326,0,0,FALSE
2019-05-15 09:33:00,0,0.0552989872017326,0,0,FALSE
2019-05-15 09:34:00,0,0.0552989872017326,0,0,FALSE
2019-05-15 09:35:00,0,0.0552989872017326,0,0,FALSE
2019-05-15 09:36:00,0,0.0552989872017326,0,0,FALSE
2019-05-15 09:37:00,0,0.0552989872017326,0,0,FALSE
2019-05-15 09:38:00,0,0.0552989872017326,0,0,FALSE
2019-05-15 09:39:00,0,0.0552989872017326,0,0,FALSE
2019-05-15 09:40:00,0,0.0552989872017326,0,0,FALSE
2019-05-15 09:41:00,0,0.0552989872017326,0,0,FALSE
2019-05-15 09:42:00,0,0.0552989872017326,0,0,FALSE
2019-05-15 09:43:00,0,0.0552989872017326,0,0,FALSE
2019-05-15 09:44:00,0,0.0552989872017326,0,0,FALSE
2019-05-15 09:45:00,0,0.0552989872017326,0,0,FALSE
2019-05-15 09:46:00,0,0.0552989872017326,0,0,FALSE
2019-05-15 09:47:00,0,0.0552989872017326,0,0,FALSE
2019-05-15 09:48:00,0,0.0552989872017326,0,0,FALSE
2019-05-15 09:49:00,0,0.0552989872017326,0,0,FALSE
2019-05-15 09:50:00,0,0.0552989872017326,0,0,FALSE
2019-05-15 09:51:00,0,0.0552989872017326,0,0,FALSE
2019-05-15 09:52:00,0,0.0552989872017326,0,0,FALSE
2019-05-15 09:53:00,0,0.0552989872017326,0,0,FALSE
2019-05-15 09:54:00,0,0.0552989872017326,0,0,FALSE
2019-05-15 09:55:00,0,0.0552989872017326,0,0,FALSE
2019-05-15 09:56:00,0,0.0552989872017326,0,0,FALSE
2019-05-15 09:57:00,0,0.0552989872017326,0,0,FALSE
2019-05-15 09:58:00,0,0.0552989872017326,0,0,FALSE
2019-05-15 09:59:00,0,0.0552989872017326,0,0,FALSE
2019-05-15 10:00:00,0,0.0552989872017326,0,0,FALSE
2019-05-15 10:01:00,0,0.0552989872017326,0,0,FALSE
2019-05-15 10:02:00,0,0.0552989872017326,0,0,FALSE
2019-05-15 10:03:00,0,0.0552989872017326,0,0,FALSE
2019-05-15 10:04:00,0,0.0552989872017326,0,0,FALSE
2019-05-15 10:05:00,0,0.0552989872017326,0,0,FALSE
2019-05-15 10:06:00,0,0.0552989872017326,0,0,FALSE
2019-05-15 10:07:00,0,0.0552989872017326,0,0,FALSE
2019-05-15 10:08:00,0,0.0552989872017326,0,0,FALSE
2019-05-15 10:09:00,0,0.0552989872017326,0,0,FALSE
2019-05-15 10:10:00,0,0.0552989872017326,0,0,FALSE
2019-05-15 10:11:00,0,0.0552989872017326,0,0,FALSE
2019-05-15 10:12:00,0,0.0552989872017326,0,0,FALSE
2019-05-15 10:13:00,0,0.0552989872017326,0,0,FALSE
2019-05-15 10:14:00,0,0.0552989872017326,0,0,FALSE
2019-05-15 10:15:00,0,0.0552989872017326,0,0,FALSE
2019-05-15 10:16:00,0,0.0552989872017326,0,0,FALSE
2019-05-15 10:17:00,0,0.0552989872017326,0,0,FALSE
2019-05-15 10:18:00,0,0.0552989872017326,0,0,FALSE
2019-05-15 10:19:00,0,0.0552989872017326,0,0,FALSE
2019-05-15 10:20:00,0,0.0552989872017326,0,0,FALSE
2019-05-15 10:21:00,0,0.0552989872017326,0,0,FALSE
2019-05-15 10:22:00,0,0.0552989872017326,0,0,FALSE
2019-05-15 10:23:00,0,0.0552989872017326,0,0,FALSE
2019-05-15 10:24:00,0,0.0552989872017326,0,0,FALSE
2019-05-15 10:25:00,0,0.0552989872017326,0,0,FALSE
2019-05-15 10:26:00,0,0.0552989872017326,0,0,FALSE
2019-05-15 10:27:00,0,0.0552989872017326,0,0,FALSE
2019-05-15 10:28:00,0,0.0552989872017326,0,0,FALSE
2019-05-15 10:29:00,0,0.0552989872017326,0,0,FALSE
2019-05-15 10:30:00,0,0.0552989872017326,0,0,FALSE
2019-05-15 10:31:00,0,0.0552989872017326,0,0,FALSE
2019-05-15 10:32:00,0,0.0552989872017326,0,0,FALSE
2019-05-15 10:33:00,0,0.0552989872017326,0,0,FALSE
2019-05-15 10:34:00,0,0.0552989872017326,0,0,FALSE
2019-05-15 10:35:00,0,0.0552989872017326,0,0,FALSE
2019-05-15 10:36:00,0,0.0552989872017326,0,0,FALSE
2019-05-15 10:37:00,0,0.0552989872017326,0,0,FALSE
2019-05-15 10:38:00,0,0.0552989872017326,0,0,FALSE
2019-05-15 10:39:00,0,0.0552989872017326,0,0,FALSE
2019-05-15 10:40:00,0,0.0552989872017326,0,0,FALSE
2019-05-15 10:41:00,0,0.0552989872017326,0,0,FALSE
2019-05-15 10:42:00,0,0.0552989872017326,0,0,FALSE
2019-05-15 10:43:00,0,0.0552989872017326,0,0,FALSE
2019-05-15 10:44:00,0,0.0552989872017326,0,0,FALSE
2019-05-15 10:45:00,0,0.0552989872017326,0,0,FALSE
2019-05-15 10:46:00,0,0.0552989872017326,0,0,FALSE
2019-05-15 10:47:00,0,0.0552989872017326,0,0,FALSE
2019-05-15 10:48:00,0,0.0552989872017326,0,0,FALSE
2019-05-15 10:49:00,0,0.0552989872017326,0,0,FALSE
2019-05-15 10:50:00,0,0.0552989872017326,0,0,FALSE
2019-05-15 10:51:00,0,0.0552989872017326,0,0,FALSE
2019-05-15 10:52:00,0,0.0552989872017326,0,0,FALSE
2019-05-15 10:53:00,0,0.0552989872017326,0,0,FALSE
2019-05-15 10:54:00,0,0.0552989872017326,0,0,FALSE
2019-05-15 10:55:00,0,0.0552989872017326,0,0,FALSE
2019-05-15 10:56:00,0,0.0552989872017326,0,0,FALSE
2019-05-15 10:57:00,0,0.0552989872017326,0,0,FALSE
2019-05-15 10:58:00,0,0.0552989872017326,0,0,FALSE
2019-05-15 10:59:00,0,0.0552989872017326,0,0,FALSE
2019-05-15 11:00:00,0,0.0552989872017326,0,0,FALSE
2019-05-15 11:01:00,0,0.0552989872017326,0,0,FALSE
2019-05-15 11:02:00,0,0.0552989872017326,0,0,FALSE
2019-05-15 11:03:00,0,0.0552989872017326,0,0,FALSE
2019-05-15 11:04:00,0,0.0552989872017326,0,0,FALSE
2019-05-15 11:05:00,0,0.0552989872017326,0,0,FALSE
2019-05-15 11:06:00,0,0.0552989872017326,0,0,FALSE
2019-05-15 11:07:00,0,0.0552989872017326,0,0,FALSE
2019-05-15 11:08:00,0,0.0552989872017326,0,0,FALSE
2019-05-15 11:09:00,0,0.0552989872017326,0,0,FALSE
2019-05-15 11:10:00,0,0.0552989872017326,0,0,FALSE
2019-05-15 11:11:00,0,0.0552989872017326,0,0,FALSE
2019-05-15 11:12:00,0,0.0552989872017326,0,0,FALSE
2019-05-15 11:13:00,0,0.0552989872017326,0,0,FALSE
2019-05-15 11:14:00,0,0.0552989872017326,0,0,FALSE
2019-05-15 11:15:00,0,0.0552989872017326,0,0,FALSE
2019-05-15 11:16:00,0,0.0552989872017326,0,0,FALSE
2019-05-15 11:17:00,0,0.0552989872017326,0,0,FALSE
2019-05-15 11:18:00,0,0.0552989872017326,0,0,FALSE
2019-05-15 11:19:00,0,0.0552989872017326,0,0,FALSE
2019-05-15 11:20:00,0,0.0552989872017326,0,0,FALSE
2019-05-15 11:21:00,0,0.0552989872017326,0,0,FALSE
2019-05-15 11:22:00,0,0.0552989872017326,0,0,FALSE
2019-05-15 11:23:00,0,0.0552989872017326,0,0,FALSE
2019-05-15 11:24:00,0,0.0552989872017326,0,0,FALSE
2019-05-15 11:25:00,0,0.0552989872017326,0,0,FALSE
2019-05-15 11:26:00,0,0.0552989872017326,0,0,FALSE
2019-05-15 11:27:00,0,0.0552989872017326,0,0,FALSE
2019-05-15 11:28:00,0,0.0552989872017326,0,0,FALSE
2019-05-15 11:29:00,0,0.0552989872017326,0,0,FALSE
2019-05-15 11:30:00,0,0.0552989872017326,0,0,FALSE
2019-05-15 11:31:00,0,0.0552989872017326,0,0,FALSE
2019-05-15 11:32:00,0,0.0552989872017326,0,0,FALSE
2019-05-15 11:33:00,0,0.0552989872017326,0,0,FALSE
2019-05-15 11:34:00,0,0.0552989872017326,0,0,FALSE
2019-05-15 11:35:00,0,0.0552989872017326,0,0,FALSE
2019-05-15 11:36:00,0,0.0552989872017326,0,0,FALSE
2019-05-15 11:37:00,0,0.0552989872017326,0,0,FALSE
2019-05-15 11:38:00,0,0.0552989872017326,0,0,FALSE
2019-05-15 11:39:00,0,0.0552989872017326,0,0,FALSE
2019-05-15 11:40:00,0,0.0552989872017326,0,0,FALSE
2019-05-15 11:41:00,0,0.0552989872017326,0,0,FALSE
2019-05-15 11:42:00,0,0.0552989872017326,0,0,FALSE
2019-05-15 11:43:00,0,0.0552989872017326,0,0,FALSE
2019-05-15 11:44:00,0,0.0552989872017326,0,0,FALSE
2019-05-15 11:45:00,0,0.0552989872017326,0,0,FALSE
2019-05-15 11:46:00,0,0.0552989872017326,0,0,FALSE
2019-05-15 11:47:00,0,0.0552989872017326,0,0,FALSE
2019-05-15 11:48:00,0,0.0552989872017326,0,0,FALSE
2019-05-15 11:49:00,0,0.0552989872017326,0,0,FALSE
2019-05-15 11:50:00,0,0.0552989872017326,0,0,FALSE
2019-05-15 11:51:00,0,0.0552989872017326,0,0,FALSE
2019-05-15 11:52:00,0,0.0552989872017326,0,0,FALSE
2019-05-15 11:53:00,0,0.0552989872017326,0,0,FALSE
2019-05-15 11:54:00,0,0.0552989872017326,0,0,FALSE
2019-05-15 11:55:00,0,0.0552989872017326,0,0,FALSE
2019-05-15 11:56:00,0,0.0552989872017326,0,0,FALSE
2019-05-15 11:57:00,0,0.0552989872017326,0,0,FALSE
2019-05-15 11:58:00,0,0.0552989872017326,0,0,FALSE
2019-05-15 11:59:00,0,0.0552989872017326,0,0,FALSE
2019-05-15 12:00:00,0,0.0552989872017326,0,0,FALSE
2019-05-15 12:01:00,0,0.0552989872017326,0,0,FALSE
2019-05-15 12:02:00,0,0.0552989872017326,0,0,FALSE
2019-05-15 12:03:00,0,0.0552989872017326,0,0,FALSE
2019-05-15 12:04:00,0,0.0552989872017326,0,0,FALSE
2019-05-15 12:05:00,0,0.0552989872017326,0,0,FALSE
2019-05-15 12:06:00,0,0.0552989872017326,0,0,FALSE
2019-05-15 12:07:00,0,0.0552989872017326,0,0,FALSE
2019-05-15 12:08:00,0,0.0552989872017326,0,0,FALSE
2019-05-15 12:09:00,0,0.0552989872017326,0,0,FALSE
2019-05-15 12:10:00,0,0.0552989872017326,0,0,FALSE
2019-05-15 12:11:00,0,0.0552989872017326,0,0,FALSE
2019-05-15 12:12:00,0,0.0552989872017326,0,0,FALSE
2019-05-15 12:13:00,0,0.0552989872017326,0,0,FALSE
2019-05-15 12:14:00,0,0.0552989872017326,0,0,FALSE
2019-05-15 12:15:00,0,0.0552989872017326,0,0,FALSE
2019-05-15 12:16:00,0,0.0552989872017326,0,0,FALSE
2019-05-15 12:17:00,0,0.0552989872017326,0,0,FALSE
2019-05-15 12:18:00,0,0.0552989872017326,0,0,FALSE
2019-05-15 12:19:00,0,0.0552989872017326,0,0,FALSE
2019-05-15 12:20:00,0,0.0552989872017326,0,0,FALSE
2019-05-15 12:21:00,0,0.0552989872017326,0,0,FALSE
2019-05-15 12:22:00,0,0.0552989872017326,0,0,FALSE
2019-05-15 12:23:00,0,0.0552989872017326,0,0,FALSE
2019-05-15 12:24:00,0,0.0552989872017326,0,0,FALSE
2019-05-15 12:25:00,0,0.0552989872017326,0,0,FALSE
2019-05-15 12:26:00,0,0.0552989872017326,0,0,FALSE
2019-05-15 12:27:00,0,0.0552989872017326,0,0,FALSE
2019-05-15 12:28:00,0,0.0552989872017326,0,0,FALSE
2019-05-15 12:29:00,0,0.0552989872017326,0,0,FALSE
2019-05-15 12:30:00,0,0.0552989872017326,0,0,FALSE
2019-05-15 12:31:00,0,0.0552989872017326,0,0,FALSE
2019-05-15 12:32:00,0,0.0552989872017326,0,0,FALSE
2019-05-15 12:33:00,0,0.0552989872017326,0,0,FALSE
2019-05-15 12:34:00,0,0.0552989872017326,0,0,FALSE
2019-05-15 12:35:00,0,0.0552989872017326,0,0,FALSE
2019-05-15 12:36:00,0,0.0552989872017326,0,0,FALSE
2019-05-15 12:37:00,0,0.0552989872017326,0,0,FALSE
2019-05-15 12:38:00,0,0.0552989872017326,0,0,FALSE
2019-05-15 12:39:00,0,0.0552989872017326,0,0,FALSE
2019-05-15 12:40:00,0,0.0552989872017326,0,0,FALSE
2019-05-15 12:41:00,0,0.0552989872017326,0,0,FALSE
2019-05-15 12:42:00,0,0.0552989872017326,0,0,FALSE
2019-05-15 12:43:00,0,0.0552989872017326,0,0,FALSE
2019-05-15 12:44:00,0,0.0552989872017326,0,0,FALSE
2019-05-15 12:45:00,0,0.0552989872017326,0,0,FALSE
2019-05-15 12:46:00,0,0.0552989872017326,0,0,FALSE
2019-05-15 12:47:00,0,0.0552989872017326,0,0,FALSE
2019-05-15 12:48:00,0,0.0552989872017326,0,0,FALSE
2019-05-15 12:49:00,0,0.0552989872017326,0,0,FALSE
2019-05-15 12:50:00,0,0.0552989872017326,0,0,FALSE
2019-05-15 12:51:00,0,0.0552989872017326,0,0,FALSE
2019-05-15 12:52:00,0,0.0552989872017326,0,0,FALSE
2019-05-15 12:53:00,0,0.0552989872017326,0,0,FALSE
2019-05-15 12:54:00,0,0.0552989872017326,0,0,FALSE
2019-05-15 12:55:00,0,0.0552989872017326,0,0,FALSE
2019-05-15 12:56:00,0,0.0552989872017326,0,0,FALSE
2019-05-15 12:57:00,0,0.0552989872017326,0,0,FALSE
2019-05-15 12:58:00,0,0.0552989872017326,0,0,FALSE
2019-05-15 12:59:00,0,0.0552989872017326,0,0,FALSE
2019-05-15 13:00:00,0,0.0552989872017326,0,0,FALSE
2019-05-15 13:01:00,11,0.0545964428959185,902.921326195444,6,FALSE
2019-05-15 13:02:00,1,0.0550004868766468,14.9601324304479,0,FALSE
2019-05-15 13:03:00,1,0.0550798526585741,29.9634398462643,0,FALSE
2019-05-15 13:04:00,0,0.0550798526585741,0,0,FALSE
2019-05-15 13:05:00,0,0.0550798526585741,0,0,FALSE
2019-05-15 13:06:00,2,0.0550798526585756,87.8523649904281,0,FALSE
2019-05-15 13:07:00,0,0.0550798526585756,0,0,FALSE
2019-05-15 13:08:00,4,0.054921121094718,105.009183533101,2,FALSE
2019-05-15 13:09:00,0,0.054921121094718,0,0,FALSE
2019-05-15 13:10:00,0,0.054921121094718,0,0,FALSE
2019-05-15 13:11:00,1,0.0547623895308605,196.816027973913,0,FALSE
2019-05-15 13:12:00,5,0.0548735016255608,671.409276798853,2,FALSE
2019-05-15 13:13:00,1,0.0551592184405044,23.7736231478574,0,FALSE
2019-05-15 13:14:00,1,0.0550798526585756,146.622567777128,0,FALSE
2019-05-15 13:15:00,1,0.0550798526585756,15.6426781550355,0,FALSE
2019-05-15 13:16:00,0,0.0550798526585756,0,0,FALSE
2019-05-15 13:17:00,0,0.0550798526585756,0,0,FALSE
2019-05-15 13:18:00,1,0.0550798526585754,201.206701761776,0,FALSE
2019-05-15 13:19:00,3,0.0550533973979326,320.240771351076,0,FALSE
2019-05-15 13:20:00,1,0.0550798526585756,113.354336771349,0,FALSE
2019-05-15 13:21:00,4,0.0551790598859865,1678.13183932644,2,FALSE
2019-05-15 13:22:00,6,0.0554634539378981,558.236528936558,3,FALSE
2019-05-15 13:23:00,11,0.0557436391983435,1142.01677605533,8,FALSE
2019-05-15 13:24:00,8,0.0558735104778634,703.550275603899,4,FALSE
2019-05-15 13:25:00,8,0.0559429555370511,1515.57651146133,3,FALSE
2019-05-15 13:26:00,13,0.0561848685454302,4188.652713814,9,FALSE
2019-05-15 13:27:00,18,0.0564775722625434,4196.51952948456,10,FALSE
2019-05-15 13:28:00,37,0.0574822763277711,11834.1410283121,28,FALSE
2019-05-15 13:29:00,31,0.0579959050978298,3769.0722535619,24,FALSE
2019-05-15 13:30:00,7,0.0587533545649936,1481.50986068935,0,FALSE
2019-05-15 13:31:00,7,0.0592295492565654,1433.48729272566,5,FALSE
2019-05-15 13:32:00,7,0.0584245534684315,516.93544904442,0,FALSE
2019-05-15 13:33:00,20,0.0582901985375949,1202.08683161846,2,FALSE
2019-05-15 13:34:00,6,0.0584793536511917,702.529552282511,2,FALSE
2019-05-15 13:35:00,2,0.0588100444092284,56.1047823664039,0,FALSE
2019-05-15 13:36:00,2,0.0582941668266913,47.468991634733,0,FALSE
2019-05-15 13:37:00,3,0.0580957523718694,123.511569542594,0,FALSE
2019-05-15 13:38:00,2,0.0582544839357269,164.627171602364,2,FALSE
2019-05-15 13:39:00,1,0.0582544839357269,69.6141083031937,0,FALSE
2019-05-15 13:40:00,0,0.0582544839357269,0,0,FALSE
2019-05-15 13:41:00,0,0.0582544839357269,0,0,FALSE
2019-05-15 13:42:00,4,0.0581949595992804,1321.25677542642,2,FALSE
2019-05-15 13:43:00,1,0.0580957523718694,8.77245860815228,0,FALSE
2019-05-15 13:44:00,0,0.0580957523718694,0,0,FALSE
2019-05-15 13:45:00,0,0.0580957523718694,0,0,FALSE
2019-05-15 13:46:00,1,0.0579370208080118,36.9638192755115,0,FALSE
2019-05-15 13:47:00,0,0.0579370208080118,0,0,FALSE
2019-05-15 13:48:00,2,0.0576989234622255,226.525973512697,0,FALSE
2019-05-15 13:49:00,0,0.0576989234622255,0,0,FALSE
2019-05-15 13:50:00,0,0.0576989234622255,0,0,FALSE
2019-05-15 13:51:00,6,0.0567862169700444,1024.26676545186,2,FALSE
2019-05-15 13:52:00,13,0.0565878025152224,2748.92981033376,4,FALSE
2019-05-15 13:53:00,4,0.0568854241974554,1087.8357408771,2,FALSE
2019-05-15 13:54:00,2,0.0570639972067951,238.226870742457,0,FALSE
2019-05-15 13:55:00,4,0.0573020945525814,360.750177568474,0,FALSE
2019-05-15 13:56:00,6,0.0573020945525815,122.110763491551,0,FALSE
2019-05-15 13:57:00,2,0.0573417774435459,208.114143860385,0,FALSE
2019-05-15 13:58:00,0,0.0573417774435459,0,0,FALSE
2019-05-15 13:59:00,1,0.0574608261164391,57.4033652903227,0,FALSE
2019-05-15 14:00:00,2,0.0574608261164391,50.0483795474185,2,FALSE
2019-05-15 14:01:00,2,0.0574608261164391,737.797007335078,0,FALSE
2019-05-15 14:02:00,0,0.0574608261164391,0,0,FALSE
2019-05-15 14:03:00,0,0.0574608261164391,0,0,FALSE
2019-05-15 14:04:00,1,0.0573020945525815,792.545269756755,0,FALSE
2019-05-15 14:05:00,2,0.0573020945525815,1154.40799685631,0,FALSE
2019-05-15 14:06:00,1,0.0574608261164391,110.38224696968,0,FALSE
2019-05-15 14:07:00,0,0.0574608261164391,0,0,FALSE
2019-05-15 14:08:00,0,0.0574608261164391,0,0,FALSE
2019-05-15 14:09:00,0,0.0574608261164391,0,0,FALSE
2019-05-15 14:10:00,0,0.0574608261164391,0,0,FALSE
2019-05-15 14:11:00,1,0.0573020945525815,17.5917430276425,0,FALSE
2019-05-15 14:12:00,2,0.0572624116616167,63.882549629642,0,FALSE
2019-05-15 14:13:00,0,0.0572624116616167,0,0,FALSE
2019-05-15 14:14:00,11,0.0575041165429457,2264.79798500771,3,FALSE
2019-05-15 14:15:00,0,0.0575041165429457,0,0,FALSE
2019-05-15 14:16:00,14,0.0581127593251396,1725.65337110881,11,FALSE
2019-05-15 14:17:00,11,0.057980311234518,821.782274601026,7,FALSE
2019-05-15 14:18:00,2,0.0578973379170474,43.8412611085503,0,FALSE
2019-05-15 14:19:00,9,0.0581751181537982,943.598908504749,7,FALSE
2019-05-15 14:20:00,1,0.0582544839357269,386.926282301098,0,FALSE
2019-05-15 14:21:00,2,0.0584925812815133,215.206508230886,2,FALSE
2019-05-15 14:22:00,1,0.0584132154995845,29.2066077497923,0,FALSE
2019-05-15 14:23:00,0,0.0584132154995845,0,0,FALSE
2019-05-15 14:24:00,0,0.0584132154995845,0,0,FALSE
2019-05-15 14:25:00,0,0.0584132154995845,0,0,FALSE
2019-05-15 14:26:00,0,0.0584132154995845,0,0,FALSE
2019-05-15 14:27:00,3,0.0579899313292977,261.506997458282,3,FALSE
2019-05-15 14:28:00,0,0.0579899313292977,0,0,FALSE
2019-05-15 14:29:00,0,0.0579899313292977,0,0,FALSE
2019-05-15 14:30:00,0,0.0579899313292977,0,0,FALSE
2019-05-15 14:31:00,0,0.0579899313292977,0,0,FALSE
2019-05-15 14:32:00,9,0.0585719470634421,2066.61488144007,9,FALSE
2019-05-15 14:33:00,2,0.058294166826691,84.9066246283586,0,FALSE
2019-05-15 14:34:00,1,0.0584132154995822,19.9189064853575,0,FALSE
2019-05-15 14:35:00,1,0.0584132154995845,28.8561284567947,0,FALSE
2019-05-15 14:36:00,0,0.0584132154995845,0,0,FALSE
2019-05-15 14:37:00,0,0.0584132154995845,0,0,FALSE
2019-05-15 14:38:00,0,0.0584132154995845,0,0,FALSE
2019-05-15 14:39:00,6,0.057685695831904,394.067853456396,0,FALSE
2019-05-15 14:40:00,0,0.057685695831904,0,0,FALSE
2019-05-15 14:41:00,0,0.057685695831904,0,0,FALSE
2019-05-15 14:42:00,0,0.057685695831904,0,0,FALSE
2019-05-15 14:43:00,3,0.0576460129409396,434.358051384107,0,FALSE
2019-05-15 14:44:00,2,0.0576989234622255,246.259005336778,0,FALSE
2019-05-15 14:45:00,0,0.0576989234622255,0,0,FALSE
2019-05-15 14:46:00,0,0.0576989234622255,0,0,FALSE
2019-05-15 14:47:00,0,0.0576989234622255,0,0,FALSE
2019-05-15 14:48:00,0,0.0576989234622255,0,0,FALSE
2019-05-15 14:49:00,6,0.0582809391963699,1135.41917796937,6,FALSE
2019-05-15 14:50:00,0,0.0582809391963699,0,0,FALSE
2019-05-15 14:51:00,2,0.0582544839357269,217.17271611239,2,FALSE
2019-05-15 14:52:00,0,0.0582544839357269,0,0,FALSE
2019-05-15 14:53:00,0,0.0582544839357269,0,0,FALSE
2019-05-15 14:54:00,3,0.0577782892441542,715.006329396409,0,FALSE
2019-05-15 14:55:00,2,0.0577782892441542,188.530557803675,0,FALSE
2019-05-15 14:56:00,1,0.0577782892441542,9.53341772528545,0,FALSE
2019-05-15 14:57:00,2,0.0576989234622236,71.3765048567027,0,FALSE
2019-05-15 14:58:00,1,0.0577782892441542,436.514975239585,0,FALSE
2019-05-15 14:59:00,2,0.0577782892441542,588.87632397642,0,FALSE
2019-05-15 15:00:00,3,0.0580428418505835,79.7018166494698,3,FALSE
2019-05-15 15:01:00,4,0.0578774964715652,470.897739920991,2,FALSE
2019-05-15 15:02:00,0,0.0578774964715652,0,0,FALSE
2019-05-15 15:03:00,0,0.0578774964715652,0,0,FALSE
2019-05-15 15:04:00,1,0.057857655026082,43.5089565796136,0,FALSE
2019-05-15 15:05:00,2,0.0581354352628338,114.790222498004,2,FALSE
2019-05-15 15:06:00,0,0.0581354352628338,0,0,FALSE
2019-05-15 15:07:00,0,0.0581354352628338,0,0,FALSE
2019-05-15 15:08:00,8,0.0595442708400286,816.121931771209,7,FALSE
2019-05-15 15:09:00,2,0.0592399559975753,144.782452458074,0,FALSE
2019-05-15 15:10:00,0,0.0592399559975753,0,0,FALSE
2019-05-15 15:11:00,2,0.0592805313099024,157.5725212592,0,FALSE
2019-05-15 15:12:00,1,0.0593211066222295,55.8211613315179,0,FALSE
2019-05-15 15:13:00,0,0.0593211066222295,0,0,FALSE
2019-05-15 15:14:00,0,0.0593211066222295,0,0,FALSE
2019-05-15 15:15:00,1,0.0592399559975753,300.050377127719,0,FALSE
2019-05-15 15:16:00,1,0.0593211066222295,8.2456338204899,0,FALSE
2019-05-15 15:17:00,2,0.0591588053729211,21.1788523235057,0,FALSE
2019-05-15 15:18:00,0,0.0591588053729211,0,0,FALSE
2019-05-15 15:19:00,1,0.0593211066222295,20.3471395714247,0,FALSE
2019-05-15 15:20:00,0,0.0593211066222295,0,0,FALSE
2019-05-15 15:21:00,1,0.0594022572468837,81.20288565649,0,FALSE
2019-05-15 15:22:00,1,0.0594022572468837,89.1033858703255,0,FALSE
2019-05-15 15:23:00,0,0.0594022572468837,0,0,FALSE
2019-05-15 15:24:00,2,0.0592399559975753,236.130464606335,0,FALSE
2019-05-15 15:25:00,2,0.0594022572468837,305.862222564204,2,FALSE
2019-05-15 15:26:00,2,0.059523983183865,553.105210258813,0,FALSE
2019-05-15 15:27:00,0,0.059523983183865,0,0,FALSE
2019-05-15 15:28:00,0,0.059523983183865,0,0,FALSE
2019-05-15 15:29:00,2,0.0591588053729211,40.3463052643322,0,FALSE
2019-05-15 15:30:00,0,0.0591588053729211,0,0,FALSE
2019-05-15 15:31:00,1,0.0591588053729206,106.899961308868,0,FALSE
2019-05-15 15:32:00,1,0.0590776547482668,233.770279838892,0,FALSE
2019-05-15 15:33:00,0,0.0590776547482668,0,0,FALSE
2019-05-15 15:34:00,1,0.0591588053729211,40.5237816804509,0,FALSE
2019-05-15 15:35:00,0,0.0591588053729211,0,0,FALSE
2019-05-15 15:36:00,0,0.0591588053729211,0,0,FALSE
2019-05-15 15:37:00,1,0.0589965041236126,81.1201931699674,0,FALSE
2019-05-15 15:38:00,0,0.0589965041236126,0,0,FALSE
2019-05-15 15:39:00,0,0.0589965041236126,0,0,FALSE
2019-05-15 15:40:00,0,0.0589965041236126,0,0,FALSE
2019-05-15 15:41:00,2,0.0590776547482667,326.090882223633,0,FALSE
2019-05-15 15:42:00,1,0.0588342028743042,58.8342028743042,0,FALSE
2019-05-15 15:43:00,1,0.0588342028743042,176.502608622913,0,FALSE
2019-05-15 15:44:00,1,0.0588342028743042,176.502608622913,0,FALSE
2019-05-15 15:45:00,0,0.0588342028743042,0,0,FALSE
2019-05-15 15:46:00,0,0.0588342028743042,0,0,FALSE
2019-05-15 15:47:00,1,0.0590776547482668,59.1367324030151,0,FALSE
2019-05-15 15:48:00,1,0.0591588053729171,12.1867139068209,0,FALSE
2019-05-15 15:49:00,0,0.0591588053729171,0,0,FALSE
2019-05-15 15:50:00,8,0.0591689492010028,2457.17761704233,0,FALSE
2019-05-15 15:51:00,0,0.0591689492010028,0,0,FALSE
2019-05-15 15:52:00,6,0.0593752070386656,2056.71754326434,0,FALSE
2019-05-15 15:53:00,2,0.0591588053729211,32.0640725121232,2,FALSE
2019-05-15 15:54:00,7,0.0591008406410234,304.077639177432,2,FALSE
2019-05-15 15:55:00,0,0.0591008406410234,0,0,FALSE
2019-05-15 15:56:00,1,0.0591588053729211,58.448899708446,0,FALSE
2019-05-15 15:57:00,2,0.0588342028743042,35.594692738954,0,FALSE
2019-05-15 15:58:00,0,0.0588342028743042,0,0,FALSE
2019-05-15 15:59:00,1,0.0589153534989584,11.8419860532906,0,FALSE
2019-05-15 16:00:00,0,0.0589153534989584,0,0,FALSE
2019-05-15 16:01:00,1,0.0589153534989584,496.126191814729,0,FALSE
2019-05-15 16:02:00,1,0.0589153534989584,320.676269094831,0,FALSE
2019-05-15 16:03:00,0,0.0589153534989584,0,0,FALSE
2019-05-15 16:04:00,1,0.0590776547482668,14.178637139584,0,FALSE
2019-05-15 16:05:00,9,0.058969453915394,363.997718560234,2,FALSE
2019-05-15 16:06:00,1,0.0588342028743042,11.7668405748608,0,FALSE
2019-05-15 16:07:00,1,0.0588342028743042,3891.17650970073,0,FALSE
2019-05-15 16:08:00,0,0.0588342028743042,0,0,FALSE
2019-05-15 16:09:00,0,0.0588342028743042,0,0,FALSE
2019-05-15 16:10:00,0,0.0588342028743042,0,0,FALSE
2019-05-15 16:11:00,6,0.0593752070386656,3686.38990581271,5,FALSE
2019-05-15 16:12:00,0,0.0593752070386656,0,0,FALSE
2019-05-15 16:13:00,0,0.0593752070386656,0,0,FALSE
2019-05-15 16:14:00,1,0.0594834078715379,28.0761685153659,0,FALSE
2019-05-15 16:15:00,0,0.0594834078715379,0,0,FALSE
2019-05-15 16:16:00,0,0.0594834078715379,0,0,FALSE
2019-05-15 16:17:00,0,0.0594834078715379,0,0,FALSE
2019-05-15 16:18:00,0,0.0594834078715379,0,0,FALSE
2019-05-15 16:19:00,0,0.0594834078715379,0,0,FALSE
2019-05-15 16:20:00,1,0.0593211066222295,11.2116891516014,0,FALSE
2019-05-15 16:21:00,0,0.0593211066222295,0,0,FALSE
2019-05-15 16:22:00,1,0.0594834078715379,2.43881972273305,0,FALSE
2019-05-15 16:23:00,1,0.0594834078715379,8.92251118073069,0,FALSE
2019-05-15 16:24:00,3,0.0595375082879741,574.85998856549,0,FALSE
2019-05-15 16:25:00,0,0.0595375082879741,0,0,FALSE
2019-05-15 16:26:00,1,0.0595645584961921,11.9129116992384,0,FALSE
2019-05-15 16:27:00,1,0.0596457091208463,178.937127362539,0,FALSE
2019-05-15 16:28:00,1,0.0596457091208463,99.8469170682968,0,FALSE
2019-05-15 16:29:00,1,0.0596457091208463,425.154614613393,0,FALSE
2019-05-15 16:30:00,1,0.0597268597455005,2.74743554829303,0,FALSE
2019-05-15 16:31:00,1,0.0597268597455005,81.1090755343897,0,FALSE
2019-05-15 16:32:00,1,0.0597268597455005,8.24230664487907,0,FALSE
2019-05-15 16:33:00,0,0.0597268597455005,0,0,FALSE
2019-05-15 16:34:00,0,0.0597268597455005,0,0,FALSE
2019-05-15 16:35:00,1,0.0595645584961921,89.7637896537615,0,FALSE
2019-05-15 16:36:00,1,0.0595645584961921,20.2519498887053,0,FALSE
2019-05-15 16:37:00,1,0.0595645584961921,317.896048694177,0,FALSE
2019-05-15 16:38:00,0,0.0595645584961921,0,0,FALSE
2019-05-15 16:39:00,0,0.0595645584961921,0,0,FALSE
2019-05-15 16:40:00,0,0.0595645584961921,0,0,FALSE
2019-05-15 16:41:00,2,0.0597268597455006,52.5596365760405,0,FALSE
2019-05-15 16:42:00,0,0.0597268597455006,0,0,FALSE
2019-05-15 16:43:00,2,0.0598080103701548,19.0189472977092,0,FALSE
2019-05-15 16:44:00,3,0.0597268597455005,27.7132629219122,0,FALSE
2019-05-15 16:45:00,0,0.0597268597455005,0,0,FALSE
2019-05-15 16:46:00,0,0.0597268597455005,0,0,FALSE
2019-05-15 16:47:00,0,0.0597268597455005,0,0,FALSE
2019-05-15 16:48:00,1,0.0597268597455005,8.24230664487907,0,FALSE
2019-05-15 16:49:00,0,0.0597268597455005,0,0,FALSE
2019-05-15 16:50:00,1,0.0596457091208463,11.9291418241693,0,FALSE
2019-05-15 16:51:00,6,0.0595780836003012,706.926787345246,4,FALSE
2019-05-15 16:52:00,0,0.0595780836003012,0,0,FALSE
2019-05-15 16:53:00,0,0.0595780836003012,0,0,FALSE
2019-05-15 16:54:00,0,0.0595780836003012,0,0,FALSE
2019-05-15 16:55:00,1,0.0593211066222295,63.8888318321412,0,FALSE
2019-05-15 16:56:00,0,0.0593211066222295,0,0,FALSE
2019-05-15 16:57:00,0,0.0593211066222295,0,0,FALSE
2019-05-15 16:58:00,0,0.0593211066222295,0,0,FALSE
2019-05-15 16:59:00,0,0.0593211066222295,0,0,FALSE
2019-05-15 17:00:00,4,0.0593819695907201,944.623702459281,3,FALSE
2019-05-15 17:01:00,5,0.0596132488709846,1998.82282117166,3,FALSE
2019-05-15 17:02:00,0,0.0596132488709846,0,0,FALSE
2019-05-15 17:03:00,0,0.0596132488709846,0,0,FALSE
2019-05-15 17:04:00,0,0.0596132488709846,0,0,FALSE
2019-05-15 17:05:00,3,0.0594563576633198,39.1216611876754,0,FALSE
2019-05-15 17:06:00,0,0.0594563576633198,0,0,FALSE
2019-05-15 17:07:00,0,0.0594563576633198,0,0,FALSE
2019-05-15 17:08:00,2,0.0594022572468837,138.823075185967,0,FALSE
2019-05-15 17:09:00,0,0.0594022572468837,0,0,FALSE
2019-05-15 17:10:00,0,0.0594022572468837,0,0,FALSE
2019-05-15 17:11:00,5,0.0592074957477136,265.422918684018,0,FALSE
2019-05-15 17:12:00,0,0.0592074957477136,0,0,FALSE
2019-05-15 17:13:00,0,0.0592074957477136,0,0,FALSE
2019-05-15 17:14:00,1,0.0594022572468837,51.6799638047888,0,FALSE
2019-05-15 17:15:00,0,0.0594022572468837,0,0,FALSE
2019-05-15 17:16:00,3,0.0594293074551018,55.8636031082121,2,FALSE
2019-05-15 17:17:00,0,0.0594293074551018,0,0,FALSE
2019-05-15 17:18:00,2,0.0594834078715379,118.966815743076,0,FALSE
2019-05-15 17:19:00,0,0.0594834078715379,0,0,FALSE
2019-05-15 17:20:00,0,0.0594834078715379,0,0,FALSE
2019-05-15 17:21:00,2,0.059523983183865,105.376033728487,2,FALSE
2019-05-15 17:22:00,0,0.059523983183865,0,0,FALSE
2019-05-15 17:23:00,0,0.059523983183865,0,0,FALSE
2019-05-15 17:24:00,0,0.059523983183865,0,0,FALSE
2019-05-15 17:25:00,0,0.059523983183865,0,0,FALSE
2019-05-15 17:26:00,0,0.059523983183865,0,0,FALSE
2019-05-15 17:27:00,0,0.059523983183865,0,0,FALSE
2019-05-15 17:28:00,0,0.059523983183865,0,0,FALSE
2019-05-15 17:29:00,0,0.059523983183865,0,0,FALSE
2019-05-15 17:30:00,0,0.059523983183865,0,0,FALSE
2019-05-15 17:31:00,1,0.0594022572468837,8.91033858703255,0,FALSE
2019-05-15 17:32:00,1,0.0594022572468837,47.521805797507,0,FALSE
2019-05-15 17:33:00,4,0.0593211066222295,1836.50217686394,0,FALSE
2019-05-15 17:34:00,3,0.0595375082879741,463.927896169428,2,FALSE
2019-05-15 17:35:00,0,0.0595375082879741,0,0,FALSE
2019-05-15 17:36:00,2,0.059523983183865,607.130264814859,2,FALSE
2019-05-15 17:37:00,1,0.0594834078715379,20.462292307809,0,FALSE
2019-05-15 17:38:00,0,0.0594834078715379,0,0,FALSE
2019-05-15 17:39:00,0,0.0594834078715379,0,0,FALSE
2019-05-15 17:40:00,0,0.0594834078715379,0,0,FALSE
2019-05-15 17:41:00,0,0.0594834078715379,0,0,FALSE
2019-05-15 17:42:00,0,0.0594834078715379,0,0,FALSE
2019-05-15 17:43:00,1,0.0590776547482668,8.92072586698829,0,FALSE
2019-05-15 17:44:00,0,0.0590776547482668,0,0,FALSE
2019-05-15 17:45:00,0,0.0590776547482668,0,0,FALSE
2019-05-15 17:46:00,0,0.0590776547482668,0,0,FALSE
2019-05-15 17:47:00,0,0.0590776547482668,0,0,FALSE
2019-05-15 17:48:00,0,0.0590776547482668,0,0,FALSE
2019-05-15 17:49:00,0,0.0590776547482668,0,0,FALSE
2019-05-15 17:50:00,2,0.0592399559975753,162.198999521361,2,FALSE
2019-05-15 17:51:00,1,0.0592399559975753,15.8170682513526,0,FALSE
2019-05-15 17:52:00,0,0.0592399559975753,0,0,FALSE
2019-05-15 17:53:00,0,0.0592399559975753,0,0,FALSE
2019-05-15 17:54:00,1,0.0592399559975753,114.688554811306,0,FALSE
2019-05-15 17:55:00,0,0.0592399559975753,0,0,FALSE
2019-05-15 17:56:00,2,0.0594022572468837,67.5997687469536,0,FALSE
2019-05-15 17:57:00,0,0.0594022572468837,0,0,FALSE
2019-05-15 17:58:00,1,0.0594022572468837,32.196023427811,0,FALSE
2019-05-15 17:59:00,0,0.0594022572468837,0,0,FALSE
2019-05-15 18:00:00,0,0.0594022572468837,0,0,FALSE
2019-05-15 18:01:00,1,0.0593211066222295,8.95748709995665,0,FALSE
2019-05-15 18:02:00,1,0.0593211066222295,10.6777991920013,0,FALSE
2019-05-15 18:03:00,0,0.0593211066222295,0,0,FALSE
2019-05-15 18:04:00,0,0.0593211066222295,0,0,FALSE
2019-05-15 18:05:00,6,0.0589018283948494,536.222634305751,0,FALSE
2019-05-15 18:06:00,1,0.0592399559975753,8.88599339963629,0,FALSE
2019-05-15 18:07:00,0,0.0592399559975753,0,0,FALSE
2019-05-15 18:08:00,0,0.0592399559975753,0,0,FALSE
2019-05-15 18:09:00,1,0.0591588053729211,26.6214624178145,0,FALSE
2019-05-15 18:10:00,0,0.0591588053729211,0,0,FALSE
2019-05-15 18:11:00,3,0.05875305224965,106.225518467367,0,FALSE
2019-05-15 18:12:00,0,0.05875305224965,0,0,FALSE
2019-05-15 18:13:00,0,0.05875305224965,0,0,FALSE
2019-05-15 18:14:00,0,0.05875305224965,0,0,FALSE
2019-05-15 18:15:00,0,0.05875305224965,0,0,FALSE
2019-05-15 18:16:00,2,0.059077654748264,242.46905874745,2,FALSE
2019-05-15 18:17:00,0,0.059077654748264,0,0,FALSE
2019-05-15 18:18:00,2,0.0588747781866313,35.2734985665727,2,FALSE
2019-05-15 18:19:00,6,0.058766577353759,124.367227512564,0,FALSE
2019-05-15 18:20:00,0,0.058766577353759,0,0,FALSE
2019-05-15 18:21:00,2,0.0591182300605938,207.425297599274,0,FALSE
2019-05-15 18:22:00,3,0.0592940564140113,297.455017850027,3,FALSE
2019-05-15 18:23:00,0,0.0592940564140113,0,0,FALSE
2019-05-15 18:24:00,2,0.0592805313099022,520.258845725022,2,FALSE
2019-05-15 18:25:00,0,0.0592805313099022,0,0,FALSE
2019-05-15 18:26:00,0,0.0592805313099022,0,0,FALSE
2019-05-15 18:27:00,0,0.0592805313099022,0,0,FALSE
2019-05-15 18:28:00,0,0.0592805313099022,0,0,FALSE
2019-05-15 18:29:00,0,0.0592805313099022,0,0,FALSE
2019-05-15 18:30:00,1,0.0590776547482492,2.71757211841946,0,FALSE
2019-05-15 18:31:00,0,0.0590776547482492,0,0,FALSE
2019-05-15 18:32:00,0,0.0590776547482492,0,0,FALSE
2019-05-15 18:33:00,0,0.0590776547482492,0,0,FALSE
2019-05-15 18:34:00,1,0.0590776547482668,98.955071703347,0,FALSE
2019-05-15 18:35:00,0,0.0590776547482668,0,0,FALSE
2019-05-15 18:36:00,0,0.0590776547482668,0,0,FALSE
2019-05-15 18:37:00,0,0.0590776547482668,0,0,FALSE
2019-05-15 18:38:00,0,0.0590776547482668,0,0,FALSE
2019-05-15 18:39:00,0,0.0590776547482668,0,0,FALSE
2019-05-15 18:40:00,8,0.0590979424044303,1268.11873850148,5,FALSE
2019-05-15 18:41:00,1,0.0591588053729211,53.8345128893582,0,FALSE
2019-05-15 18:42:00,1,0.0591588053729205,86.3718558444639,0,FALSE
2019-05-15 18:43:00,0,0.0591588053729205,0,0,FALSE
2019-05-15 18:44:00,0,0.0591588053729205,0,0,FALSE
2019-05-15 18:45:00,3,0.059131755164703,102.80079980571,2,FALSE
2019-05-15 18:46:00,0,0.059131755164703,0,0,FALSE
2019-05-15 18:47:00,0,0.059131755164703,0,0,FALSE
2019-05-15 18:48:00,3,0.05875305224965,343.357300631311,0,FALSE
2019-05-15 18:49:00,2,0.0584284497510327,83.3550813729436,0,FALSE
2019-05-15 18:50:00,0,0.0584284497510327,0,0,FALSE
2019-05-15 18:51:00,0,0.0584284497510327,0,0,FALSE
2019-05-15 18:52:00,1,0.0584284497510329,236.693649941434,0,FALSE
2019-05-15 18:53:00,0,0.0584284497510329,0,0,FALSE
2019-05-15 18:54:00,1,0.0585096003756851,20.7123985329925,0,FALSE
2019-05-15 18:55:00,0,0.0585096003756851,0,0,FALSE
2019-05-15 18:56:00,0,0.0585096003756851,0,0,FALSE
2019-05-15 18:57:00,1,0.0585096003756874,20.6538889326176,0,FALSE
2019-05-15 18:58:00,0,0.0585096003756874,0,0,FALSE
2019-05-15 18:59:00,0,0.0585096003756874,0,0,FALSE
2019-05-15 19:00:00,1,0.0585096003756874,76.9986340944046,0,FALSE
2019-05-15 19:01:00,0,0.0585096003756874,0,0,FALSE
2019-05-15 19:02:00,0,0.0585096003756874,0,0,FALSE
2019-05-15 19:03:00,0,0.0585096003756874,0,0,FALSE
2019-05-15 19:04:00,0,0.0585096003756874,0,0,FALSE
2019-05-15 19:05:00,0,0.0585096003756874,0,0,FALSE
2019-05-15 19:06:00,1,0.0585096003756865,58.5096003756865,0,FALSE
2019-05-15 19:07:00,4,0.0585096003756871,204.432543712651,0,FALSE
2019-05-15 19:08:00,0,0.0585096003756871,0,0,FALSE
2019-05-15 19:09:00,3,0.0578603953784536,529.526165909909,0,FALSE
2019-05-15 19:10:00,3,0.0580497468359801,63.8368142817378,2,FALSE
2019-05-15 19:11:00,0,0.0580497468359801,0,0,FALSE
2019-05-15 19:12:00,0,0.0580497468359801,0,0,FALSE
2019-05-15 19:13:00,0,0.0580497468359801,0,0,FALSE
2019-05-15 19:14:00,0,0.0580497468359801,0,0,FALSE
2019-05-15 19:15:00,1,0.0581038472524163,245.02392386344,0,FALSE
2019-05-15 19:16:00,4,0.0577183817853088,277.02989252831,2,FALSE
2019-05-15 19:17:00,0,0.0577183817853088,0,0,FALSE
2019-05-15 19:18:00,1,0.0578603953784537,9.72054642358021,0,FALSE
2019-05-15 19:19:00,1,0.0578603953784537,40.560137160296,0,FALSE
2019-05-15 19:20:00,5,0.0576818640042144,369.532191161653,0,FALSE
2019-05-15 19:21:00,5,0.0578766255033845,1464.94949744964,3,FALSE
2019-05-15 19:22:00,3,0.0582661485017247,269.860559442609,0,FALSE
2019-05-15 19:23:00,4,0.0585096003756874,610.898737522552,0,FALSE
2019-05-15 19:24:00,0,0.0585096003756874,0,0,FALSE
2019-05-15 19:25:00,0,0.0585096003756874,0,0,FALSE
2019-05-15 19:26:00,0,0.0585096003756874,0,0,FALSE
2019-05-15 19:27:00,0,0.0585096003756874,0,0,FALSE
2019-05-15 19:28:00,8,0.0585096003756874,163.300294648543,0,FALSE
2019-05-15 19:29:00,2,0.0585501756880145,241.879905212461,0,FALSE
2019-05-15 19:30:00,4,0.058935641155122,652.51553696647,3,FALSE
2019-05-15 19:31:00,0,0.058935641155122,0,0,FALSE
2019-05-15 19:32:00,0,0.058935641155122,0,0,FALSE
2019-05-15 19:33:00,0,0.058935641155122,0,0,FALSE
2019-05-15 19:34:00,2,0.0589965041236126,162.299382844058,0,FALSE
2019-05-15 19:35:00,0,0.0589965041236126,0,0,FALSE
2019-05-15 19:36:00,0,0.0589965041236126,0,0,FALSE
2019-05-15 19:37:00,0,0.0589965041236126,0,0,FALSE
2019-05-15 19:38:00,0,0.0589965041236126,0,0,FALSE
2019-05-15 19:39:00,3,0.0589153534989584,2357.6844355469,2,FALSE
2019-05-15 19:40:00,0,0.0589153534989584,0,0,FALSE
2019-05-15 19:41:00,0,0.0589153534989584,0,0,FALSE
2019-05-15 19:42:00,0,0.0589153534989584,0,0,FALSE
2019-05-15 19:43:00,9,0.0595463953309495,1886.69702850628,8,FALSE
2019-05-15 19:44:00,0,0.0595463953309495,0,0,FALSE
2019-05-15 19:45:00,0,0.0595463953309495,0,0,FALSE
2019-05-15 19:46:00,1,0.0596461228505354,11.6309939558544,0,FALSE
2019-05-15 19:47:00,0,0.0596461228505354,0,0,FALSE
2019-05-15 19:48:00,0,0.0596461228505354,0,0,FALSE
2019-05-15 19:49:00,0,0.0596461228505354,0,0,FALSE
2019-05-15 19:50:00,0,0.0596461228505354,0,0,FALSE
2019-05-15 19:51:00,0,0.0596461228505354,0,0,FALSE
2019-05-15 19:52:00,0,0.0596461228505354,0,0,FALSE
2019-05-15 19:53:00,0,0.0596461228505354,0,0,FALSE
2019-05-15 19:54:00,0,0.0596461228505354,0,0,FALSE
2019-05-15 19:55:00,1,0.0594829323639403,190.642798226429,0,FALSE
2019-05-15 19:56:00,1,0.0595645276072379,81.7225318771303,0,FALSE
2019-05-15 19:57:00,1,0.0595645276072379,36.1556682575934,0,FALSE
2019-05-15 19:58:00,0,0.0595645276072379,0,0,FALSE
2019-05-15 19:59:00,0,0.0595645276072379,0,0,FALSE
2019-05-15 20:00:00,0,0.0595645276072379,0,0,FALSE
2019-05-15 20:01:00,5,0.0598256323857901,811.923096671339,4,FALSE
2019-05-15 20:02:00,1,0.0598093133371306,132.537438355081,0,FALSE
2019-05-15 20:03:00,1,0.0599725038237258,81.5626052002671,0,FALSE
2019-05-15 20:04:00,0,0.0599725038237258,0,0,FALSE
2019-05-15 20:05:00,1,0.0599725038237258,116.106767402733,0,FALSE
2019-05-15 20:06:00,0,0.0599725038237258,0,0,FALSE
2019-05-15 20:07:00,2,0.0599725038237258,384.963502044496,0,FALSE
2019-05-15 20:08:00,2,0.0599725038237258,1187.99532824418,0,FALSE
2019-05-15 20:09:00,0,0.0599725038237258,0,0,FALSE
2019-05-15 20:10:00,0,0.0599725038237258,0,0,FALSE
2019-05-15 20:11:00,0,0.0599725038237258,0,0,FALSE
2019-05-15 20:12:00,0,0.0599725038237258,0,0,FALSE
2019-05-15 20:13:00,0,0.0599725038237258,0,0,FALSE
2019-05-15 20:14:00,0,0.0599725038237258,0,0,FALSE
2019-05-15 20:15:00,0,0.0599725038237258,0,0,FALSE
2019-05-15 20:16:00,0,0.0599725038237258,0,0,FALSE
2019-05-15 20:17:00,1,0.0598093133371306,10.7058670873464,0,FALSE
2019-05-15 20:18:00,0,0.0598093133371306,0,0,FALSE
2019-05-15 20:19:00,0,0.0598093133371306,0,0,FALSE
2019-05-15 20:20:00,2,0.0596053252288866,210.955526069146,0,FALSE
2019-05-15 20:21:00,2,0.059727718093833,171.896372674051,0,FALSE
2019-05-15 20:22:00,3,0.059727718093833,410.568334177008,0,FALSE
2019-05-15 20:23:00,0,0.059727718093833,0,0,FALSE
2019-05-15 20:24:00,0,0.059727718093833,0,0,FALSE
2019-05-15 20:25:00,1,0.0595645276072378,20.2519393864609,0,FALSE
2019-05-15 20:26:00,0,0.0595645276072378,0,0,FALSE
2019-05-15 20:27:00,0,0.0595645276072378,0,0,FALSE
2019-05-15 20:28:00,0,0.0595645276072378,0,0,FALSE
2019-05-15 20:29:00,0,0.0595645276072378,0,0,FALSE
2019-05-15 20:30:00,0,0.0595645276072378,0,0,FALSE
2019-05-15 20:31:00,0,0.0595645276072378,0,0,FALSE
2019-05-15 20:32:00,0,0.0595645276072378,0,0,FALSE
2019-05-15 20:33:00,0,0.0595645276072378,0,0,FALSE
2019-05-15 20:34:00,0,0.0595645276072378,0,0,FALSE
2019-05-15 20:35:00,0,0.0595645276072378,0,0,FALSE
2019-05-15 20:36:00,2,0.0594013371206427,21.8596920603965,0,FALSE
2019-05-15 20:37:00,0,0.0594013371206427,0,0,FALSE
2019-05-15 20:38:00,0,0.0594013371206427,0,0,FALSE
2019-05-15 20:39:00,2,0.0596869204721842,516.505968002806,2,FALSE
2019-05-15 20:40:00,0,0.0596869204721842,0,0,FALSE
2019-05-15 20:41:00,0,0.0596869204721842,0,0,FALSE
2019-05-15 20:42:00,1,0.0596461228505354,14.6729462212317,0,FALSE
2019-05-15 20:43:00,0,0.0596461228505354,0,0,FALSE
2019-05-15 20:44:00,0,0.0596461228505354,0,0,FALSE
2019-05-15 20:45:00,1,0.0596461228505354,74.5576535631693,0,FALSE
2019-05-15 20:46:00,0,0.0596461228505354,0,0,FALSE
2019-05-15 20:47:00,1,0.0594829323639403,20.4026458008315,0,FALSE
2019-05-15 20:48:00,0,0.0594829323639403,0,0,FALSE
2019-05-15 20:49:00,2,0.0594829323639254,6.5431225600318,2,FALSE
2019-05-15 20:50:00,0,0.0594829323639254,0,0,FALSE
2019-05-15 20:51:00,0,0.0594829323639254,0,0,FALSE
2019-05-15 20:52:00,0,0.0594829323639254,0,0,FALSE
2019-05-15 20:53:00,0,0.0594829323639254,0,0,FALSE
2019-05-15 20:54:00,0,0.0594829323639254,0,0,FALSE
2019-05-15 20:55:00,1,0.0596461228505354,31.9106757250365,0,FALSE
2019-05-15 20:56:00,1,0.0591565513907499,411.197188717103,0,FALSE
2019-05-15 20:57:00,0,0.0591565513907499,0,0,FALSE
2019-05-15 20:58:00,4,0.0596053252288866,3248.244623292,4,FALSE
2019-05-15 20:59:00,6,0.0598229125443469,702.470421359525,4,FALSE
2019-05-15 21:00:00,0,0.0598229125443469,0,0,FALSE
2019-05-15 21:01:00,2,0.0598093133371306,26.9740003150459,0,FALSE
2019-05-15 21:02:00,0,0.0598093133371306,0,0,FALSE
2019-05-15 21:03:00,0,0.0598093133371306,0,0,FALSE
2019-05-15 21:04:00,0,0.0598093133371306,0,0,FALSE
2019-05-15 21:05:00,0,0.0598093133371306,0,0,FALSE
2019-05-15 21:06:00,0,0.0598093133371306,0,0,FALSE
2019-05-15 21:07:00,0,0.0598093133371306,0,0,FALSE
2019-05-15 21:08:00,0,0.0598093133371306,0,0,FALSE
2019-05-15 21:09:00,0,0.0598093133371306,0,0,FALSE
2019-05-15 21:10:00,0,0.0598093133371306,0,0,FALSE
2019-05-15 21:11:00,0,0.0598093133371306,0,0,FALSE
2019-05-15 21:12:00,8,0.0593197418773451,3202.55422447411,2,FALSE
2019-05-15 21:13:00,1,0.0594013371206427,93.8541126506154,0,FALSE
2019-05-15 21:14:00,0,0.0594013371206427,0,0,FALSE
2019-05-15 21:15:00,0,0.0594013371206427,0,0,FALSE
2019-05-15 21:16:00,0,0.0594013371206427,0,0,FALSE
2019-05-15 21:17:00,0,0.0594013371206427,0,0,FALSE
2019-05-15 21:18:00,0,0.0594013371206427,0,0,FALSE
2019-05-15 21:19:00,0,0.0594013371206427,0,0,FALSE
2019-05-15 21:20:00,0,0.0594013371206427,0,0,FALSE
2019-05-15 21:21:00,0,0.0594013371206427,0,0,FALSE
2019-05-15 21:22:00,0,0.0594013371206427,0,0,FALSE
2019-05-15 21:23:00,0,0.0594013371206427,0,0,FALSE
2019-05-15 21:24:00,0,0.0594013371206427,0,0,FALSE
2019-05-15 21:25:00,1,0.0594829323639403,59.4829323639403,0,FALSE
2019-05-15 21:26:00,0,0.0594829323639403,0,0,FALSE
2019-05-15 21:27:00,0,0.0594829323639403,0,0,FALSE
2019-05-15 21:28:00,3,0.0595101307783718,154.642405716829,2,FALSE
2019-05-15 21:29:00,1,0.0595645276072379,49.7959450796508,0,FALSE
2019-05-15 21:30:00,0,0.0595645276072379,0,0,FALSE
2019-05-15 21:31:00,1,0.0598909085804282,8.26494538409909,0,FALSE
2019-05-15 21:32:00,0,0.0598909085804282,0,0,FALSE
2019-05-15 21:33:00,1,0.0598909085804282,112.235562679722,0,FALSE
2019-05-15 21:34:00,0,0.0598909085804282,0,0,FALSE
2019-05-15 21:35:00,1,0.0598909085804282,62.8854540094496,0,FALSE
2019-05-15 21:36:00,0,0.0598909085804282,0,0,FALSE
2019-05-15 21:37:00,2,0.0598093133371306,29.9644659819024,0,FALSE
2019-05-15 21:38:00,1,0.0598909085804282,8.26494538409909,0,FALSE
2019-05-15 21:39:00,0,0.0598909085804282,0,0,FALSE
2019-05-15 21:40:00,0,0.0598909085804282,0,0,FALSE
2019-05-15 21:41:00,2,0.0598909085804282,45.9962177897689,0,FALSE
2019-05-15 21:42:00,0,0.0598909085804282,0,0,FALSE
2019-05-15 21:43:00,0,0.0598909085804282,0,0,FALSE
2019-05-15 21:44:00,2,0.0596461228505354,38.7103337299975,0,FALSE
2019-05-15 21:45:00,2,0.0595645276072378,18.7032616686727,2,FALSE
2019-05-15 21:46:00,0,0.0595645276072378,0,0,FALSE
2019-05-15 21:47:00,0,0.0595645276072378,0,0,FALSE
2019-05-15 21:48:00,0,0.0595645276072378,0,0,FALSE
2019-05-15 21:49:00,0,0.0595645276072378,0,0,FALSE
2019-05-15 21:50:00,0,0.0595645276072378,0,0,FALSE
2019-05-15 21:51:00,0,0.0595645276072378,0,0,FALSE
2019-05-15 21:52:00,1,0.0595645276072379,16.2611160367759,0,FALSE
2019-05-15 21:53:00,4,0.0595033311747647,348.404590094526,0,FALSE
2019-05-15 21:54:00,0,0.0595033311747647,0,0,FALSE
2019-05-15 21:55:00,2,0.0594421347422915,52.376394648937,0,FALSE
2019-05-15 21:56:00,0,0.0594421347422915,0,0,FALSE
2019-05-15 21:57:00,0,0.0594421347422915,0,0,FALSE
2019-05-15 21:58:00,4,0.0597685157154818,849.921185522593,4,FALSE
2019-05-15 21:59:00,0,0.0597685157154818,0,0,FALSE
2019-05-15 22:00:00,0,0.0597685157154818,0,0,FALSE
2019-05-15 22:01:00,0,0.0597685157154818,0,0,FALSE
2019-05-15 22:02:00,0,0.0597685157154818,0,0,FALSE
2019-05-15 22:03:00,0,0.0597685157154818,0,0,FALSE
2019-05-15 22:04:00,0,0.0597685157154818,0,0,FALSE
2019-05-15 22:05:00,0,0.0597685157154818,0,0,FALSE
2019-05-15 22:06:00,1,0.0598909085804282,17.7277089398067,0,FALSE
2019-05-15 22:07:00,0,0.0598909085804282,0,0,FALSE
2019-05-15 22:08:00,0,0.0598909085804282,0,0,FALSE
2019-05-15 22:09:00,2,0.0593197418773424,17.1434054025519,0,FALSE
2019-05-15 22:10:00,1,0.0594829323639399,134.431427142504,0,FALSE
2019-05-15 22:11:00,0,0.0594829323639399,0,0,FALSE
2019-05-15 22:12:00,0,0.0594829323639399,0,0,FALSE
2019-05-15 22:13:00,4,0.0598093133371306,1342.0736660441,4,FALSE
2019-05-15 22:14:00,0,0.0598093133371306,0,0,FALSE
2019-05-15 22:15:00,0,0.0598093133371306,0,0,FALSE
2019-05-15 22:16:00,0,0.0598093133371306,0,0,FALSE
2019-05-15 22:17:00,0,0.0598093133371306,0,0,FALSE
2019-05-15 22:18:00,0,0.0598093133371306,0,0,FALSE
2019-05-15 22:19:00,1,0.0595645276072379,59.5645276072379,0,FALSE
2019-05-15 22:20:00,0,0.0595645276072379,0,0,FALSE
2019-05-15 22:21:00,0,0.0595645276072379,0,0,FALSE
2019-05-15 22:22:00,0,0.0595645276072379,0,0,FALSE
2019-05-15 22:23:00,0,0.0595645276072379,0,0,FALSE
2019-05-15 22:24:00,0,0.0595645276072379,0,0,FALSE
2019-05-15 22:25:00,0,0.0595645276072379,0,0,FALSE
2019-05-15 22:26:00,0,0.0595645276072379,0,0,FALSE
2019-05-15 22:27:00,0,0.0595645276072379,0,0,FALSE
2019-05-15 22:28:00,0,0.0595645276072379,0,0,FALSE
2019-05-15 22:29:00,2,0.0595645276072379,17.9884873373858,0,FALSE
2019-05-15 22:30:00,0,0.0595645276072379,0,0,FALSE
2019-05-15 22:31:00,0,0.0595645276072379,0,0,FALSE
2019-05-15 22:32:00,1,0.0595645276072379,29.7822638036189,0,FALSE
2019-05-15 22:33:00,2,0.0594829323639403,39.9725305485679,0,FALSE
2019-05-15 22:34:00,2,0.0595237299855891,259.806679826654,0,FALSE
2019-05-15 22:35:00,1,0.0595645276072379,105.846165558062,0,FALSE
2019-05-15 22:36:00,0,0.0595645276072379,0,0,FALSE
2019-05-15 22:37:00,0,0.0595645276072379,0,0,FALSE
2019-05-15 22:38:00,0,0.0595645276072379,0,0,FALSE
2019-05-15 22:39:00,0,0.0595645276072379,0,0,FALSE
2019-05-15 22:40:00,1,0.0598093133371306,9.39006219392951,0,FALSE
2019-05-15 22:41:00,0,0.0598093133371306,0,0,FALSE
2019-05-15 22:42:00,0,0.0598093133371306,0,0,FALSE
2019-05-15 22:43:00,0,0.0598093133371306,0,0,FALSE
2019-05-15 22:44:00,0,0.0598093133371306,0,0,FALSE
2019-05-15 22:45:00,0,0.0598093133371306,0,0,FALSE
2019-05-15 22:46:00,0,0.0598093133371306,0,0,FALSE
2019-05-15 22:47:00,0,0.0598093133371306,0,0,FALSE
2019-05-15 22:48:00,0,0.0598093133371306,0,0,FALSE
2019-05-15 22:49:00,0,0.0598093133371306,0,0,FALSE
2019-05-15 22:50:00,0,0.0598093133371306,0,0,FALSE
2019-05-15 22:51:00,0,0.0598093133371306,0,0,FALSE
2019-05-15 22:52:00,1,0.0596461228505354,8.4101033219255,0,FALSE
2019-05-15 22:53:00,1,0.0596461228505354,43.6013158037414,0,FALSE
2019-05-15 22:54:00,0,0.0596461228505354,0,0,FALSE
2019-05-15 22:55:00,0,0.0596461228505354,0,0,FALSE
2019-05-15 22:56:00,0,0.0596461228505354,0,0,FALSE
2019-05-15 22:57:00,1,0.0594829323639403,8.20864466622376,0,FALSE
2019-05-15 22:58:00,0,0.0594829323639403,0,0,FALSE
2019-05-15 22:59:00,0,0.0594829323639403,0,0,FALSE
2019-05-15 23:00:00,0,0.0594829323639403,0,0,FALSE
2019-05-15 23:01:00,1,0.0595645276072378,9.53032441715806,0,FALSE
2019-05-15 23:02:00,0,0.0595645276072378,0,0,FALSE
2019-05-15 23:03:00,2,0.0595645276072379,147.362641300306,0,FALSE
2019-05-15 23:04:00,0,0.0595645276072379,0,0,FALSE
2019-05-15 23:05:00,1,0.0595645276072379,52.83373598762,0,FALSE
2019-05-15 23:06:00,1,0.0595645276072379,16.3206805643832,0,FALSE
2019-05-15 23:07:00,1,0.0594829323639403,30.1578467085177,0,FALSE
2019-05-15 23:08:00,2,0.0594829323639399,119.501211119155,0,FALSE
2019-05-15 23:09:00,0,0.0594829323639399,0,0,FALSE
2019-05-15 23:10:00,0,0.0594829323639399,0,0,FALSE
2019-05-15 23:11:00,2,0.0594829323639392,93.8640672702969,0,FALSE
2019-05-15 23:12:00,7,0.0597393745571612,1480.28458485615,4,FALSE
2019-05-15 23:13:00,0,0.0597393745571612,0,0,FALSE
2019-05-15 23:14:00,0,0.0597393745571612,0,0,FALSE
2019-05-15 23:15:00,0,0.0597393745571612,0,0,FALSE
2019-05-15 23:16:00,0,0.0597393745571612,0,0,FALSE
2019-05-15 23:17:00,0,0.0597393745571612,0,0,FALSE
2019-05-15 23:18:00,2,0.0596461228505354,51.7728346342648,0,FALSE
2019-05-15 23:19:00,3,0.0596461228505354,31.3142144965311,0,FALSE
2019-05-15 23:20:00,1,0.0598093133371306,22.0098273080641,0,FALSE
2019-05-15 23:21:00,0,0.0598093133371306,0,0,FALSE
2019-05-15 23:22:00,2,0.0597685157154818,151.485730539377,0,FALSE
2019-05-15 23:23:00,1,0.0598909085804282,163.861525876052,0,FALSE
2019-05-15 23:24:00,0,0.0598909085804282,0,0,FALSE
2019-05-15 23:25:00,0,0.0598909085804282,0,0,FALSE
2019-05-15 23:26:00,0,0.0598909085804282,0,0,FALSE
2019-05-15 23:27:00,0,0.0598909085804282,0,0,FALSE
2019-05-15 23:28:00,2,0.0598909085804282,99.8980355121542,0,FALSE
2019-05-15 23:29:00,3,0.0599725038237258,2194.38200200461,2,FALSE
2019-05-15 23:30:00,0,0.0599725038237258,0,0,FALSE
2019-05-15 23:31:00,0,0.0599725038237258,0,0,FALSE
2019-05-15 23:32:00,2,0.059931706202077,40.6999521425658,2,FALSE
2019-05-15 23:33:00,2,0.0600133014453746,353.573893543158,2,FALSE
2019-05-15 23:34:00,0,0.0600133014453746,0,0,FALSE
2019-05-15 23:35:00,1,0.0600540990670234,80.9529255423475,0,FALSE
2019-05-15 23:36:00,2,0.0601356943103209,300.377793080052,0,FALSE
2019-05-15 23:37:00,3,0.0601900911391859,969.218082152531,0,FALSE
2019-05-15 23:38:00,0,0.0601900911391859,0,0,FALSE
2019-05-15 23:39:00,4,0.0601356943103209,519.196407960057,4,FALSE
2019-05-15 23:40:00,1,0.0602172895536185,75.8737848375594,0,FALSE
2019-05-15 23:41:00,0,0.0602172895536185,0,0,FALSE
2019-05-15 23:42:00,0,0.0602172895536185,0,0,FALSE
2019-05-15 23:43:00,0,0.0602172895536185,0,0,FALSE
2019-05-15 23:44:00,2,0.0602172895536181,221.418973688655,0,FALSE
2019-05-15 23:45:00,0,0.0602172895536181,0,0,FALSE
2019-05-15 23:46:00,1,0.0603804800402137,13.0421836886862,0,FALSE
2019-05-15 23:47:00,0,0.0603804800402137,0,0,FALSE
2019-05-15 23:48:00,0,0.0603804800402137,0,0,FALSE
2019-05-15 23:49:00,1,0.0603804800402137,45.1645990700799,0,FALSE
2019-05-15 23:50:00,1,0.0604620752835113,12.3947254331198,0,FALSE
2019-05-15 23:51:00,1,0.0604620752835113,0.0604620752835113,0,FALSE
2019-05-15 23:52:00,4,0.0607476586350528,497.800503262564,3,FALSE
2019-05-15 23:53:00,1,0.0605436705268089,40.2009972298011,0,FALSE
2019-05-15 23:54:00,2,0.0605436705268089,77.6775292858958,0,FALSE
2019-05-15 23:55:00,0,0.0605436705268089,0,0,FALSE
2019-05-15 23:56:00,2,0.0605436705268089,24.6412739044112,0,FALSE
2019-05-15 23:57:00,0,0.0605436705268089,0,0,FALSE
2019-05-15 23:58:00,1,0.0605436705268089,8.29448286217282,0,FALSE
2019-05-15 23:59:00,0,0.0605436705268089,0,0,FALSE
2019-05-16,0,0.0605436705268089,0,0,FALSE
2019-05-16 00:01:00,10,0.0605436705268089,90.2100690849452,0,FALSE
2019-05-16 00:02:00,2,0.0605844681484577,401.715903041166,0,FALSE
2019-05-16 00:03:00,3,0.0607068610134041,9.53195632202401,3,FALSE
2019-05-16 00:04:00,7,0.0607185174767323,67.8216398479804,0,FALSE
2019-05-16 00:05:00,2,0.0607884562567016,89.9669152599184,0,FALSE
2019-05-16 00:06:00,0,0.0607884562567016,0,0,FALSE
2019-05-16 00:07:00,0,0.0607884562567016,0,0,FALSE
2019-05-16 00:08:00,0,0.0607884562567016,0,0,FALSE
2019-05-16 00:09:00,0,0.0607884562567016,0,0,FALSE
2019-05-16 00:10:00,0,0.0607884562567016,0,0,FALSE
2019-05-16 00:11:00,0,0.0607884562567016,0,0,FALSE
2019-05-16 00:12:00,0,0.0607884562567016,0,0,FALSE
2019-05-16 00:13:00,0,0.0607884562567016,0,0,FALSE
2019-05-16 00:14:00,0,0.0607884562567016,0,0,FALSE
2019-05-16 00:15:00,0,0.0607884562567016,0,0,FALSE
2019-05-16 00:16:00,2,0.0605344781547387,17.131257317791,0,FALSE
2019-05-16 00:17:00,0,0.0605344781547387,0,0,FALSE
2019-05-16 00:18:00,24,0.0605921106664205,217.460267781843,2,FALSE
2019-05-16 00:19:00,1,0.0605344781547387,78.6948216011603,0,FALSE
2019-05-16 00:20:00,0,0.0605344781547387,0,0,FALSE
2019-05-16 00:21:00,0,0.0605344781547387,0,0,FALSE
2019-05-16 00:22:00,4,0.060554819041215,210.415567886585,3,FALSE
2019-05-16 00:23:00,20,0.0607256824876199,405.95787958139,4,FALSE
2019-05-16 00:24:00,1,0.0606972052465525,8.19412270828458,0,FALSE
2019-05-16 00:25:00,0,0.0606972052465525,0,0,FALSE
2019-05-16 00:26:00,0,0.0606972052465525,0,0,FALSE
2019-05-16 00:27:00,0,0.0606972052465525,0,0,FALSE
2019-05-16 00:28:00,0,0.0606972052465525,0,0,FALSE
2019-05-16 00:29:00,0,0.0606972052465525,0,0,FALSE
2019-05-16 00:30:00,0,0.0606972052465525,0,0,FALSE
2019-05-16 00:31:00,7,0.0604763613362337,3931.10648909881,0,FALSE
2019-05-16 00:32:00,3,0.0605615993367075,213.088523096719,2,FALSE
2019-05-16 00:33:00,6,0.0605751599276921,732.026927525436,0,FALSE
2019-05-16 00:34:00,0,0.0605751599276921,0,0,FALSE
2019-05-16 00:35:00,0,0.0605751599276921,0,0,FALSE
2019-05-16 00:36:00,0,0.0605751599276921,0,0,FALSE
2019-05-16 00:37:00,0,0.0605751599276921,0,0,FALSE
2019-05-16 00:38:00,1,0.0607785687924594,303.892843962297,0,FALSE
2019-05-16 00:39:00,2,0.060656523473599,181.96216633812,2,FALSE
2019-05-16 00:40:00,2,0.0607785687924594,372.815740972946,0,FALSE
2019-05-16 00:41:00,1,0.0607785687924594,8.87367104369907,0,FALSE
2019-05-16 00:42:00,7,0.0610575295212831,1963.72008317835,3,FALSE
2019-05-16 00:43:00,3,0.0612396288859319,370.676286533324,0,FALSE
2019-05-16 00:44:00,2,0.0613481136138077,56.4402645247031,0,FALSE
2019-05-16 00:45:00,15,0.0610009624846049,1639.17676444715,9,FALSE
2019-05-16 00:46:00,0,0.0610009624846049,0,0,FALSE
2019-05-16 00:47:00,4,0.0611243638625637,292.352401337953,3,FALSE
2019-05-16 00:48:00,4,0.0611853865219939,68.2828913585452,0,FALSE
2019-05-16 00:49:00,12,0.0612599697724082,1403.86419560368,0,FALSE
2019-05-16 00:50:00,9,0.0612486692799213,255.051365080477,2,FALSE
2019-05-16 00:51:00,1,0.0612667500679008,2.26686975251233,0,FALSE
2019-05-16 00:52:00,1,0.0612667500679008,8.27101125916661,0,FALSE
2019-05-16 00:53:00,1,0.0612667500679008,207.694282730184,0,FALSE
2019-05-16 00:54:00,15,0.0613752347957767,2476.56330029254,6,FALSE
2019-05-16 00:55:00,0,0.0613752347957767,0,0,FALSE
2019-05-16 00:56:00,2,0.0615922042515284,22.9163681588639,0,FALSE
2019-05-16 00:57:00,1,0.0615922042515284,54.5091007626027,0,FALSE
2019-05-16 00:58:00,1,0.0615922042515284,259.672733124444,0,FALSE
2019-05-16 00:59:00,1,0.0616735677974353,71.2329708060378,0,FALSE
2019-05-16 01:00:00,1,0.0614294771597146,185.578450499498,0,FALSE
2019-05-16 01:01:00,0,0.0614294771597146,0,0,FALSE
2019-05-16 01:02:00,2,0.0611853865219939,17.4378351587683,0,FALSE
2019-05-16 01:03:00,1,0.0613481136138077,167.112261484012,0,FALSE
2019-05-16 01:04:00,0,0.0613481136138077,0,0,FALSE
2019-05-16 01:05:00,1,0.0614294771597094,9.52156895975495,0,FALSE
2019-05-16 01:06:00,0,0.0614294771597094,0,0,FALSE
2019-05-16 01:07:00,4,0.0613887953867572,44.8003956472586,0,FALSE
2019-05-16 01:08:00,1,0.0612667500679008,81.4235108402402,0,FALSE
2019-05-16 01:09:00,4,0.0612667500679008,37.9853850420985,0,FALSE
2019-05-16 01:10:00,0,0.0612667500679008,0,0,FALSE
2019-05-16 01:11:00,1,0.0608599323383663,25.8654712438057,0,FALSE
2019-05-16 01:12:00,0,0.0608599323383663,0,0,FALSE
2019-05-16 01:13:00,1,0.0608599323383663,8.21609086567945,0,FALSE
2019-05-16 01:14:00,2,0.0608599323383663,93.4199961393923,0,FALSE
2019-05-16 01:15:00,3,0.0610226594301801,27.8873553595923,0,FALSE
2019-05-16 01:16:00,0,0.0610226594301801,0,0,FALSE
2019-05-16 01:17:00,3,0.0609955382482111,155.284686906163,2,FALSE
2019-05-16 01:18:00,0,0.0609955382482111,0,0,FALSE
2019-05-16 01:19:00,0,0.0609955382482111,0,0,FALSE
2019-05-16 01:20:00,1,0.0610226594301801,2.68499701492792,0,FALSE
2019-05-16 01:21:00,2,0.0610633412031336,131.10523106064,2,FALSE
2019-05-16 01:22:00,6,0.0613887953867612,2914.34563585641,6,FALSE
2019-05-16 01:23:00,0,0.0613887953867612,0,0,FALSE
2019-05-16 01:24:00,3,0.0615108407056215,655.890094444043,0,FALSE
2019-05-16 01:25:00,0,0.0615108407056215,0,0,FALSE
2019-05-16 01:26:00,0,0.0615108407056215,0,0,FALSE
2019-05-16 01:27:00,2,0.0612667500679008,11.150548512358,0,FALSE
2019-05-16 01:28:00,0,0.0612667500679008,0,0,FALSE
2019-05-16 01:29:00,2,0.0612667500679008,34.6769805384319,0,FALSE
2019-05-16 01:30:00,0,0.0612667500679008,0,0,FALSE
2019-05-16 01:31:00,0,0.0612667500679008,0,0,FALSE
2019-05-16 01:32:00,1,0.061104022976087,21.9974482713913,0,FALSE
2019-05-16 01:33:00,1,0.0611853865219939,14.7456781518005,0,FALSE
2019-05-16 01:34:00,0,0.0611853865219939,0,0,FALSE
2019-05-16 01:35:00,1,0.0612667500679008,39.0269197932528,0,FALSE
2019-05-16 01:36:00,2,0.0612667500679008,146.488799412351,0,FALSE
2019-05-16 01:37:00,6,0.0616328860244818,357.089632092966,0,FALSE
2019-05-16 01:38:00,20,0.0617549313433423,406.779732758596,0,FALSE
2019-05-16 01:39:00,2,0.0618769766622026,81.3364518461198,2,FALSE
2019-05-16 01:40:00,9,0.0619628604051044,6479.43211142705,7,FALSE
2019-05-16 01:41:00,6,0.0617278101613733,1230.92272423672,6,FALSE
2019-05-16 01:42:00,0,0.0617278101613733,0,0,FALSE
2019-05-16 01:43:00,0,0.0617278101613733,0,0,FALSE
2019-05-16 01:44:00,0,0.0617278101613733,0,0,FALSE
2019-05-16 01:45:00,5,0.0619339311443374,990.795223473577,4,FALSE
2019-05-16 01:46:00,1,0.0621617490728768,8.26751262669261,0,FALSE
2019-05-16 01:47:00,0,0.0621617490728768,0,0,FALSE
2019-05-16 01:48:00,7,0.0624058397105975,2672.72202221113,4,FALSE
2019-05-16 01:49:00,5,0.0625360213840474,862.195175991408,4,FALSE
2019-05-16 01:50:00,0,0.0625360213840474,0,0,FALSE
2019-05-16 01:51:00,2,0.0626906121212717,131.043964310572,0,FALSE
2019-05-16 01:52:00,4,0.0629550436454691,447.586642845654,0,FALSE
2019-05-16 01:53:00,11,0.0632416652276412,1752.89102575146,9,FALSE
2019-05-16 01:54:00,0,0.0632416652276412,0,0,FALSE
2019-05-16 01:55:00,0,0.0632416652276412,0,0,FALSE
2019-05-16 01:56:00,4,0.0636466337856777,412.376486990893,2,FALSE
2019-05-16 01:57:00,1,0.0637890199910149,183.329643454177,0,FALSE
2019-05-16 01:58:00,1,0.0634635658073873,15.5485736228099,0,FALSE
2019-05-16 01:59:00,6,0.0633008387155735,236.126773847352,2,FALSE
2019-05-16 02:00:00,0,0.0633008387155735,0,0,FALSE
2019-05-16 02:01:00,5,0.0632682932972107,137.504555309764,0,FALSE
2019-05-16 02:02:00,3,0.0629211421680079,113.723048567272,0,FALSE
2019-05-16 02:03:00,3,0.062894020986039,131.574291902793,0,FALSE
2019-05-16 02:04:00,2,0.0628940209860389,62.1392927342065,0,FALSE
2019-05-16 02:05:00,13,0.062894020986039,182.895813027401,0,FALSE
2019-05-16 02:06:00,16,0.062894020986039,177.298245159644,0,FALSE
2019-05-16 02:07:00,31,0.0629727599014327,304.584759556689,4,FALSE
2019-05-16 02:08:00,4,0.0629753845319459,46.7277353227038,0,FALSE
2019-05-16 02:09:00,3,0.0629753845319459,58.6300829992416,0,FALSE
2019-05-16 02:10:00,1,0.0629753845319459,81.3641968152741,0,FALSE
2019-05-16 02:11:00,0,0.0629753845319459,0,0,FALSE
2019-05-16 02:12:00,0,0.0629753845319459,0,0,FALSE
2019-05-16 02:13:00,0,0.0629753845319459,0,0,FALSE
2019-05-16 02:14:00,0,0.0629753845319459,0,0,FALSE
2019-05-16 02:15:00,2,0.0624058397105975,27.2089461138205,0,FALSE
2019-05-16 02:16:00,2,0.0622024308458303,89.6810157507863,2,FALSE
2019-05-16 02:17:00,2,0.0622024308458275,24.3018266185659,0,FALSE
2019-05-16 02:18:00,3,0.0624600820745351,506.024626513008,2,FALSE
2019-05-16 02:19:00,4,0.0626295894618415,376.383125643234,4,FALSE
2019-05-16 02:20:00,0,0.0626295894618415,0,0,FALSE
2019-05-16 02:21:00,3,0.0624872032565041,317.80991576258,0,FALSE
2019-05-16 02:22:00,2,0.0625278850294568,168.683635646111,0,FALSE
2019-05-16 02:23:00,0,0.0625278850294568,0,0,FALSE
2019-05-16 02:24:00,0,0.0625278850294568,0,0,FALSE
2019-05-16 02:25:00,0,0.0625278850294568,0,0,FALSE
2019-05-16 02:26:00,0,0.0625278850294568,0,0,FALSE
2019-05-16 02:27:00,1,0.0628126574401321,16.3312909344343,0,FALSE
2019-05-16 02:28:00,0,0.0628126574401321,0,0,FALSE
2019-05-16 02:29:00,1,0.0625685668024082,16.0801216682189,0,FALSE
2019-05-16 02:30:00,1,0.062812657440132,8.2284581246573,0,FALSE
2019-05-16 02:31:00,2,0.0624872032565014,37.117398734362,0,FALSE
2019-05-16 02:32:00,6,0.062622809166348,319.702106386191,3,FALSE
2019-05-16 02:33:00,6,0.0628262180311165,243.267564090326,5,FALSE
2019-05-16 02:34:00,1,0.0626499303483182,91.4062483781963,0,FALSE
2019-05-16 02:35:00,1,0.0625685668024097,32.1602433364386,0,FALSE
2019-05-16 02:36:00,0,0.0625685668024097,0,0,FALSE
2019-05-16 02:37:00,0,0.0625685668024097,0,0,FALSE
2019-05-16 02:38:00,0,0.0625685668024097,0,0,FALSE
2019-05-16 02:39:00,0,0.0625685668024097,0,0,FALSE
2019-05-16 02:40:00,0,0.0625685668024097,0,0,FALSE
2019-05-16 02:41:00,4,0.0627312938942251,128.034570838114,2,FALSE
2019-05-16 02:42:00,0,0.0627312938942251,0,0,FALSE
2019-05-16 02:43:00,0,0.0627312938942251,0,0,FALSE
2019-05-16 02:44:00,0,0.0627312938942251,0,0,FALSE
2019-05-16 02:45:00,2,0.0624058397105967,48.8013666536864,0,FALSE
2019-05-16 02:46:00,1,0.0624058397105975,10.6089927508016,0,FALSE
2019-05-16 02:47:00,3,0.0624872032565042,707.312343638482,0,FALSE
2019-05-16 02:48:00,0,0.0624872032565042,0,0,FALSE
2019-05-16 02:49:00,2,0.0626092485753638,40.6249811984096,2,FALSE
2019-05-16 02:50:00,1,0.0626499303483182,50.6837936517895,0,FALSE
2019-05-16 02:51:00,9,0.0626951323182665,1268.26533726615,3,FALSE
2019-05-16 02:52:00,0,0.0626951323182665,0,0,FALSE
2019-05-16 02:53:00,0,0.0626951323182665,0,0,FALSE
2019-05-16 02:54:00,0,0.0626951323182665,0,0,FALSE
2019-05-16 02:55:00,2,0.0629347027589924,596.067628679535,0,FALSE
2019-05-16 02:56:00,3,0.0630567480778528,114.243205716255,2,FALSE
2019-05-16 02:57:00,2,0.0631787933967131,63.3360691309512,2,FALSE
2019-05-16 02:58:00,0,0.0631787933967131,0,0,FALSE
2019-05-16 02:59:00,0,0.0631787933967131,0,0,FALSE
2019-05-16 03:00:00,0,0.0631787933967131,0,0,FALSE
2019-05-16 03:01:00,1,0.0629753845319459,8.24977537368491,0,FALSE
2019-05-16 03:02:00,1,0.0629753845319459,16.310624593774,0,FALSE
2019-05-16 03:03:00,1,0.0629753845319459,223.562615088408,0,FALSE
2019-05-16 03:04:00,0,0.0629753845319459,0,0,FALSE
2019-05-16 03:05:00,4,0.0629753845319459,72.6735937498655,0,FALSE
2019-05-16 03:06:00,1,0.0629753845319459,24.434449198395,0,FALSE
2019-05-16 03:07:00,1,0.0629753845319459,444.543239411006,0,FALSE
2019-05-16 03:08:00,1,0.0632194751696666,204.83109954972,0,FALSE
2019-05-16 03:09:00,0,0.0632194751696666,0,0,FALSE
2019-05-16 03:10:00,0,0.0632194751696666,0,0,FALSE
2019-05-16 03:11:00,35,0.0632961893700931,654.054044667107,2,FALSE
2019-05-16 03:12:00,0,0.0632961893700931,0,0,FALSE
2019-05-16 03:13:00,0,0.0632961893700931,0,0,FALSE
2019-05-16 03:14:00,0,0.0632961893700931,0,0,FALSE
2019-05-16 03:15:00,0,0.0632961893700931,0,0,FALSE
2019-05-16 03:16:00,2,0.0633008387155735,16.4582180660491,0,FALSE
2019-05-16 03:17:00,0,0.0633008387155735,0,0,FALSE
2019-05-16 03:18:00,4,0.0631381116237597,64.0220451864923,0,FALSE
2019-05-16 03:19:00,0,0.0631381116237597,0,0,FALSE
2019-05-16 03:20:00,0,0.0631381116237597,0,0,FALSE
2019-05-16 03:21:00,15,0.0631381116237597,214.732717632407,0,FALSE
2019-05-16 03:22:00,14,0.0632892153518725,221.68148990704,0,FALSE
2019-05-16 03:23:00,0,0.0632892153518725,0,0,FALSE
2019-05-16 03:24:00,1,0.0631381116237597,193.392035903576,0,FALSE
2019-05-16 03:25:00,0,0.0631381116237597,0,0,FALSE
2019-05-16 03:26:00,0,0.0631381116237597,0,0,FALSE
2019-05-16 03:27:00,0,0.0631381116237597,0,0,FALSE
2019-05-16 03:28:00,0,0.0631381116237597,0,0,FALSE
2019-05-16 03:29:00,0,0.0631381116237597,0,0,FALSE
2019-05-16 03:30:00,0,0.0631381116237597,0,0,FALSE
2019-05-16 03:31:00,0,0.0631381116237597,0,0,FALSE
2019-05-16 03:32:00,72,0.0634149736896929,790.353036317169,10,FALSE
2019-05-16 03:33:00,0,0.0634149736896929,0,0,FALSE
2019-05-16 03:34:00,0,0.0634149736896929,0,0,FALSE
2019-05-16 03:35:00,0,0.0634149736896929,0,0,FALSE
2019-05-16 03:36:00,1,0.0634635658073873,8.31372712076774,0,FALSE
2019-05-16 03:37:00,0,0.0634635658073873,0,0,FALSE
2019-05-16 03:38:00,0,0.0634635658073873,0,0,FALSE
2019-05-16 03:39:00,0,0.0634635658073873,0,0,FALSE
2019-05-16 03:40:00,8,0.063036407191376,1650.45838963196,4,FALSE
2019-05-16 03:41:00,0,0.063036407191376,0,0,FALSE
2019-05-16 03:42:00,0,0.063036407191376,0,0,FALSE
2019-05-16 03:43:00,0,0.063036407191376,0,0,FALSE
2019-05-16 03:44:00,3,0.0632194751696666,28.44876382635,0,FALSE
2019-05-16 03:45:00,3,0.0633008387155735,26.9661572928343,0,FALSE
2019-05-16 03:46:00,1,0.0629753845319459,32.8731507256757,0,FALSE
2019-05-16 03:47:00,0,0.0629753845319459,0,0,FALSE
2019-05-16 03:48:00,0,0.0629753845319459,0,0,FALSE
2019-05-16 03:49:00,0,0.0629753845319459,0,0,FALSE
2019-05-16 03:50:00,1,0.0631381116237597,314.680348332818,0,FALSE
2019-05-16 03:51:00,5,0.063235747878848,969.097111687578,2,FALSE
2019-05-16 03:52:00,0,0.063235747878848,0,0,FALSE
2019-05-16 03:53:00,0,0.063235747878848,0,0,FALSE
2019-05-16 03:54:00,0,0.063235747878848,0,0,FALSE
2019-05-16 03:55:00,0,0.063235747878848,0,0,FALSE
2019-05-16 03:56:00,0,0.063235747878848,0,0,FALSE
2019-05-16 03:57:00,0,0.063235747878848,0,0,FALSE
2019-05-16 03:58:00,0,0.063235747878848,0,0,FALSE
2019-05-16 03:59:00,2,0.0626906121212717,139.60259570452,2,FALSE
2019-05-16 04:00:00,0,0.0626906121212717,0,0,FALSE
2019-05-16 04:01:00,2,0.0627719756671786,437.462902282641,2,FALSE
2019-05-16 04:02:00,0,0.0627719756671786,0,0,FALSE
2019-05-16 04:03:00,0,0.0627719756671786,0,0,FALSE
2019-05-16 04:04:00,1,0.062812657440132,67.523606748142,0,FALSE
2019-05-16 04:05:00,0,0.062812657440132,0,0,FALSE
2019-05-16 04:06:00,1,0.0627312938942251,24.527935912642,0,FALSE
2019-05-16 04:07:00,0,0.0627312938942251,0,0,FALSE
2019-05-16 04:08:00,0,0.0627312938942251,0,0,FALSE
2019-05-16 04:09:00,0,0.0627312938942251,0,0,FALSE
2019-05-16 04:10:00,2,0.0618362948892492,184.766849129077,0,FALSE
2019-05-16 04:11:00,0,0.0618362948892492,0,0,FALSE
2019-05-16 04:12:00,3,0.0613752347957747,62.5245491240749,2,FALSE
2019-05-16 04:13:00,0,0.0613752347957747,0,0,FALSE
2019-05-16 04:14:00,0,0.0613752347957747,0,0,FALSE
2019-05-16 04:15:00,3,0.0613209924318388,176.716902624139,0,FALSE
2019-05-16 04:16:00,16,0.06127183528952,321.187479280269,2,FALSE
2019-05-16 04:17:00,1,0.0613481136138077,49.3852314591152,0,FALSE
2019-05-16 04:18:00,1,0.0613481136138077,46.6245663464939,0,FALSE
2019-05-16 04:19:00,16,0.0603920919494016,1771.87379191991,5,FALSE
2019-05-16 04:20:00,6,0.0603717510629248,1035.13453190618,0,FALSE
2019-05-16 04:21:00,1,0.0603717510629248,953.81329504315,0,FALSE
2019-05-16 04:22:00,1,0.0603717510629248,13.8251309934098,0,FALSE
2019-05-16 04:23:00,1,0.060209023971111,12.2224318661355,0,FALSE
2019-05-16 04:24:00,1,0.060209023971111,10.1151160271467,0,FALSE
2019-05-16 04:25:00,6,0.0595716761948403,136.280522125141,0,FALSE
2019-05-16 04:26:00,3,0.0596394791497627,261.34019763426,0,FALSE
2019-05-16 04:27:00,6,0.0599378121514213,833.140986019969,2,FALSE
2019-05-16 04:28:00,2,0.0601683421981576,180.018472589949,0,FALSE
2019-05-16 04:29:00,2,0.0601683421981576,183.823601541378,0,FALSE
2019-05-16 04:30:00,0,0.0601683421981576,0,0,FALSE
2019-05-16 04:31:00,2,0.060209023971111,29.9840939376133,0,FALSE
2019-05-16 04:32:00,5,0.0602415693894738,355.468137986588,0,FALSE
2019-05-16 04:33:00,0,0.0602415693894738,0,0,FALSE
2019-05-16 04:34:00,0,0.0602415693894738,0,0,FALSE
2019-05-16 04:35:00,0,0.0602415693894738,0,0,FALSE
2019-05-16 04:36:00,3,0.0598564486055143,327.601530331202,0,FALSE
2019-05-16 04:37:00,3,0.0598564486055142,824.543300123984,2,FALSE
2019-05-16 04:38:00,1,0.0598835697874834,776.21083158536,0,FALSE
2019-05-16 04:39:00,4,0.0598632289010067,755.412193799361,4,FALSE
2019-05-16 04:40:00,0,0.0598632289010067,0,0,FALSE
2019-05-16 04:41:00,11,0.0599427432754157,667.356903059341,2,FALSE
2019-05-16 04:42:00,1,0.060209023971111,37.7510580298866,0,FALSE
2019-05-16 04:43:00,0,0.060209023971111,0,0,FALSE
2019-05-16 04:44:00,0,0.060209023971111,0,0,FALSE
2019-05-16 04:45:00,1,0.0601276604252041,18.6997023922385,0,FALSE
2019-05-16 04:46:00,3,0.0601276604252041,120.135065529558,0,FALSE
2019-05-16 04:47:00,0,0.0601276604252041,0,0,FALSE
2019-05-16 04:48:00,1,0.0601276604252041,81.3527245553012,0,FALSE
2019-05-16 04:49:00,0,0.0601276604252041,0,0,FALSE
2019-05-16 04:50:00,0,0.0601276604252041,0,0,FALSE
2019-05-16 04:51:00,0,0.0601276604252041,0,0,FALSE
2019-05-16 04:52:00,0,0.0601276604252041,0,0,FALSE
2019-05-16 04:53:00,1,0.0591474722679917,9.87762786875462,0,FALSE
2019-05-16 04:54:00,4,0.0591474722679916,639.223723672977,2,FALSE
2019-05-16 04:55:00,59,0.059226259493924,2614.29198647978,10,FALSE
2019-05-16 04:56:00,1,0.0594680547735093,104.009627798868,0,FALSE
2019-05-16 04:57:00,2,0.0594680547735093,3187.249863641,0,FALSE
2019-05-16 04:58:00,1,0.0596283460262681,43.4690642531494,0,FALSE
2019-05-16 04:59:00,0,0.0596283460262681,0,0,FALSE
2019-05-16 05:00:00,4,0.0598287100922163,684.764792804913,0,FALSE
2019-05-16 05:01:00,3,0.0600557893669582,122.823332717672,0,FALSE
2019-05-16 05:02:00,4,0.0600491105647591,2308.94308075065,3,FALSE
2019-05-16 05:03:00,0,0.0600491105647591,0,0,FALSE
2019-05-16 05:04:00,0,0.0600491105647591,0,0,FALSE
2019-05-16 05:05:00,0,0.0600491105647591,0,0,FALSE
2019-05-16 05:06:00,0,0.0600491105647591,0,0,FALSE
2019-05-16 05:07:00,0,0.0600491105647591,0,0,FALSE
2019-05-16 05:08:00,0,0.0600491105647591,0,0,FALSE
2019-05-16 05:09:00,0,0.0600491105647591,0,0,FALSE
2019-05-16 05:10:00,2,0.0599489285317857,41.0050671157414,0,FALSE
2019-05-16 05:11:00,0,0.0599489285317857,0,0,FALSE
2019-05-16 05:12:00,0,0.0599489285317857,0,0,FALSE
2019-05-16 05:13:00,2,0.0600290741581651,287.479236143453,0,FALSE
2019-05-16 05:14:00,0,0.0600290741581651,0,0,FALSE
2019-05-16 05:15:00,0,0.0600290741581651,0,0,FALSE
2019-05-16 05:16:00,2,0.0600691469713548,837.777540358429,0,FALSE
2019-05-16 05:17:00,0,0.0600691469713548,0,0,FALSE
2019-05-16 05:18:00,3,0.0601092197845444,720.649435996903,0,FALSE
2019-05-16 05:19:00,0,0.0601092197845444,0,0,FALSE
2019-05-16 05:20:00,0,0.0601092197845444,0,0,FALSE
2019-05-16 05:21:00,0,0.0601092197845444,0,0,FALSE
2019-05-16 05:22:00,0,0.0601092197845444,0,0,FALSE
2019-05-16 05:23:00,1,0.0601893654109238,27.626918723614,0,FALSE
2019-05-16 05:24:00,1,0.0601092197845444,117.753961557923,0,FALSE
2019-05-16 05:25:00,0,0.0601092197845444,0,0,FALSE
2019-05-16 05:26:00,0,0.0601092197845444,0,0,FALSE
2019-05-16 05:27:00,0,0.0601092197845444,0,0,FALSE
2019-05-16 05:28:00,0,0.0601092197845444,0,0,FALSE
2019-05-16 05:29:00,0,0.0601092197845444,0,0,FALSE
2019-05-16 05:30:00,0,0.0601092197845444,0,0,FALSE
2019-05-16 05:31:00,0,0.0601092197845444,0,0,FALSE
2019-05-16 05:32:00,7,0.0601779160357268,1436.76703755018,2,FALSE
2019-05-16 05:33:00,2,0.0601893654109238,78.1859856687901,0,FALSE
2019-05-16 05:34:00,3,0.0601893654109238,93.4138951177538,0,FALSE
2019-05-16 05:35:00,1,0.0601893654109238,45.9244858085349,0,FALSE
2019-05-16 05:36:00,1,0.0601893654109238,195.796005681735,0,FALSE
2019-05-16 05:37:00,0,0.0601893654109238,0,0,FALSE
2019-05-16 05:38:00,0,0.0601893654109238,0,0,FALSE
2019-05-16 05:39:00,0,0.0601893654109238,0,0,FALSE
2019-05-16 05:40:00,0,0.0601893654109238,0,0,FALSE
2019-05-16 05:41:00,0,0.0601893654109238,0,0,FALSE
2019-05-16 05:42:00,0,0.0601893654109238,0,0,FALSE
2019-05-16 05:43:00,0,0.0601893654109238,0,0,FALSE
2019-05-16 05:44:00,0,0.0601893654109238,0,0,FALSE
2019-05-16 05:45:00,0,0.0601893654109238,0,0,FALSE
2019-05-16 05:46:00,0,0.0601893654109238,0,0,FALSE
2019-05-16 05:47:00,0,0.0601893654109238,0,0,FALSE
2019-05-16 05:48:00,0,0.0601893654109238,0,0,FALSE
2019-05-16 05:49:00,0,0.0601893654109238,0,0,FALSE
2019-05-16 05:50:00,0,0.0601893654109238,0,0,FALSE
2019-05-16 05:51:00,0,0.0601893654109238,0,0,FALSE
2019-05-16 05:52:00,0,0.0601893654109238,0,0,FALSE
2019-05-16 05:53:00,1,0.0601092197845444,150.273049461361,0,FALSE
2019-05-16 05:54:00,1,0.0601092197845445,94.9124580397957,0,FALSE
2019-05-16 05:55:00,1,0.0601092197845444,234.606284819077,0,FALSE
2019-05-16 05:56:00,0,0.0601092197845444,0,0,FALSE
2019-05-16 05:57:00,1,0.0601893654109238,59.9486079492801,0,FALSE
2019-05-16 05:58:00,1,0.0601893654109238,168.831169977641,0,FALSE
2019-05-16 05:59:00,0,0.0601893654109238,0,0,FALSE
2019-05-16 06:00:00,0,0.0601893654109238,0,0,FALSE
2019-05-16 06:01:00,0,0.0601893654109238,0,0,FALSE
2019-05-16 06:02:00,0,0.0601893654109238,0,0,FALSE
2019-05-16 06:03:00,0,0.0601893654109238,0,0,FALSE
2019-05-16 06:04:00,1,0.0601893654109238,239.974999893353,0,FALSE
2019-05-16 06:05:00,0,0.0601893654109238,0,0,FALSE
2019-05-16 06:06:00,0,0.0601893654109238,0,0,FALSE
2019-05-16 06:07:00,0,0.0601893654109238,0,0,FALSE
2019-05-16 06:08:00,0,0.0601893654109238,0,0,FALSE
2019-05-16 06:09:00,0,0.0601893654109238,0,0,FALSE
2019-05-16 06:10:00,0,0.0601893654109238,0,0,FALSE
2019-05-16 06:11:00,0,0.0601893654109238,0,0,FALSE
2019-05-16 06:12:00,0,0.0601893654109238,0,0,FALSE
2019-05-16 06:13:00,2,0.0600691469713548,67.0697872899683,2,FALSE
2019-05-16 06:14:00,0,0.0600691469713548,0,0,FALSE
2019-05-16 06:15:00,0,0.0600691469713548,0,0,FALSE
2019-05-16 06:16:00,0,0.0600691469713548,0,0,FALSE
2019-05-16 06:17:00,0,0.0600691469713548,0,0,FALSE
2019-05-16 06:18:00,1,0.0601092197845445,509.846402212506,0,FALSE
2019-05-16 06:19:00,2,0.0601092197845444,31.797777266024,0,FALSE
2019-05-16 06:20:00,0,0.0601092197845444,0,0,FALSE
2019-05-16 06:21:00,0,0.0601092197845444,0,0,FALSE
2019-05-16 06:22:00,3,0.0601092197845445,838.403397554826,0,FALSE
2019-05-16 06:23:00,2,0.0601092197845444,191.868629552266,0,FALSE
2019-05-16 06:24:00,0,0.0601092197845444,0,0,FALSE
2019-05-16 06:25:00,0,0.0601092197845444,0,0,FALSE
2019-05-16 06:26:00,0,0.0601092197845444,0,0,FALSE
2019-05-16 06:27:00,1,0.0601092197845445,32.0382141451622,0,FALSE
2019-05-16 06:28:00,0,0.0601092197845445,0,0,FALSE
2019-05-16 06:29:00,1,0.0601092197845444,134.464324658026,0,FALSE
2019-05-16 06:30:00,1,0.0601092197845444,9.91802126444983,0,FALSE
2019-05-16 06:31:00,1,0.0601092197845444,15.9890524626888,0,FALSE
2019-05-16 06:32:00,3,0.0601092197845444,192.830377068819,0,FALSE
2019-05-16 06:33:00,2,0.0600290741581651,108.772682374595,0,FALSE
2019-05-16 06:34:00,1,0.0600290741581651,40.0994215376543,0,FALSE
2019-05-16 06:35:00,0,0.0600290741581651,0,0,FALSE
2019-05-16 06:36:00,0,0.0600290741581651,0,0,FALSE
2019-05-16 06:37:00,1,0.0600290741581651,26.2327054071181,0,FALSE
2019-05-16 06:38:00,0,0.0600290741581651,0,0,FALSE
2019-05-16 06:39:00,2,0.0600691469713548,229.233722754734,0,FALSE
2019-05-16 06:40:00,0,0.0600691469713548,0,0,FALSE
2019-05-16 06:41:00,0,0.0600691469713548,0,0,FALSE
2019-05-16 06:42:00,0,0.0600691469713548,0,0,FALSE
2019-05-16 06:43:00,0,0.0600691469713548,0,0,FALSE
2019-05-16 06:44:00,1,0.0602695110373032,8.07611447899863,0,FALSE
2019-05-16 06:45:00,1,0.0602695110373032,114.150453904652,0,FALSE
2019-05-16 06:46:00,0,0.0602695110373032,0,0,FALSE
2019-05-16 06:47:00,0,0.0602695110373032,0,0,FALSE
2019-05-16 06:48:00,2,0.0602695110373032,28.2664006764952,0,FALSE
2019-05-16 06:49:00,0,0.0602695110373032,0,0,FALSE
2019-05-16 06:50:00,6,0.0604030870812689,111.455156489513,4,FALSE
2019-05-16 06:51:00,0,0.0604030870812689,0,0,FALSE
2019-05-16 06:52:00,1,0.0602695110373032,30.6771811179873,0,FALSE
2019-05-16 06:53:00,0,0.0602695110373032,0,0,FALSE
2019-05-16 06:54:00,0,0.0602695110373032,0,0,FALSE
2019-05-16 06:55:00,0,0.0602695110373032,0,0,FALSE
2019-05-16 06:56:00,1,0.0605099479164414,18.2134943228489,0,FALSE
2019-05-16 06:57:00,0,0.0605099479164414,0,0,FALSE
2019-05-16 06:58:00,1,0.0605099479164414,302.126169946792,0,FALSE
2019-05-16 06:59:00,0,0.0605099479164414,0,0,FALSE
2019-05-16 07:00:00,0,0.0605099479164414,0,0,FALSE
2019-05-16 07:01:00,0,0.0605099479164414,0,0,FALSE
2019-05-16 07:02:00,0,0.0605099479164414,0,0,FALSE
2019-05-16 07:03:00,0,0.0605099479164414,0,0,FALSE
2019-05-16 07:04:00,1,0.0603496566636826,16.0530086725396,0,FALSE
2019-05-16 07:05:00,1,0.0605900935428208,16.0563747888475,0,FALSE
2019-05-16 07:06:00,2,0.0603496566636826,31.9853180317518,0,FALSE
2019-05-16 07:07:00,1,0.060429802290062,37.6477668267086,0,FALSE
2019-05-16 07:08:00,0,0.060429802290062,0,0,FALSE
2019-05-16 07:09:00,3,0.0606702391692002,303.265199588896,2,FALSE
2019-05-16 07:10:00,0,0.0606702391692002,0,0,FALSE
2019-05-16 07:11:00,0,0.0606702391692002,0,0,FALSE
2019-05-16 07:12:00,0,0.0606702391692002,0,0,FALSE
2019-05-16 07:13:00,0,0.0606702391692002,0,0,FALSE
2019-05-16 07:14:00,0,0.0606702391692002,0,0,FALSE
2019-05-16 07:15:00,0,0.0606702391692002,0,0,FALSE
2019-05-16 07:16:00,1,0.060830530421959,8.1512910765425,0,FALSE
2019-05-16 07:17:00,0,0.060830530421959,0,0,FALSE
2019-05-16 07:18:00,1,0.060830530421959,8.51627425907426,0,FALSE
2019-05-16 07:19:00,0,0.060830530421959,0,0,FALSE
2019-05-16 07:20:00,0,0.060830530421959,0,0,FALSE
2019-05-16 07:21:00,1,0.0607503847955796,8.14055156260766,0,FALSE
2019-05-16 07:22:00,0,0.0607503847955796,0,0,FALSE
2019-05-16 07:23:00,0,0.0607503847955796,0,0,FALSE
2019-05-16 07:24:00,2,0.0607103119823899,96.0118957424682,2,FALSE
2019-05-16 07:25:00,0,0.0607103119823899,0,0,FALSE
2019-05-16 07:26:00,0,0.0607103119823899,0,0,FALSE
2019-05-16 07:27:00,3,0.0604298022900614,70.2188692416666,0,FALSE
2019-05-16 07:28:00,0,0.0604298022900614,0,0,FALSE
2019-05-16 07:29:00,1,0.0605900935428208,550.036869181727,0,FALSE
2019-05-16 07:30:00,0,0.0605900935428208,0,0,FALSE
2019-05-16 07:31:00,1,0.0607503847955796,20.3513789065192,0,FALSE
2019-05-16 07:32:00,0,0.0607503847955796,0,0,FALSE
2019-05-16 07:33:00,1,0.0606702391692002,23.0546908842961,0,FALSE
2019-05-16 07:34:00,0,0.0606702391692002,0,0,FALSE
2019-05-16 07:35:00,0,0.0606702391692002,0,0,FALSE
2019-05-16 07:36:00,0,0.0606702391692002,0,0,FALSE
2019-05-16 07:37:00,0,0.0606702391692002,0,0,FALSE
2019-05-16 07:38:00,0,0.0606702391692002,0,0,FALSE
2019-05-16 07:39:00,0,0.0606702391692002,0,0,FALSE
2019-05-16 07:40:00,0,0.0606702391692002,0,0,FALSE
2019-05-16 07:41:00,0,0.0606702391692002,0,0,FALSE
2019-05-16 07:42:00,0,0.0606702391692002,0,0,FALSE
2019-05-16 07:43:00,0,0.0606702391692002,0,0,FALSE
2019-05-16 07:44:00,0,0.0606702391692002,0,0,FALSE
2019-05-16 07:45:00,0,0.0606702391692002,0,0,FALSE
2019-05-16 07:46:00,0,0.0606702391692002,0,0,FALSE
2019-05-16 07:47:00,0,0.0606702391692002,0,0,FALSE
2019-05-16 07:48:00,0,0.0606702391692002,0,0,FALSE
2019-05-16 07:49:00,1,0.0605900935428208,49.5021064244846,0,FALSE
2019-05-16 07:50:00,0,0.0605900935428208,0,0,FALSE
2019-05-16 07:51:00,0,0.0605900935428208,0,0,FALSE
2019-05-16 07:52:00,0,0.0605900935428208,0,0,FALSE
2019-05-16 07:53:00,0,0.0605900935428208,0,0,FALSE
2019-05-16 07:54:00,0,0.0605900935428208,0,0,FALSE
2019-05-16 07:55:00,0,0.0605900935428208,0,0,FALSE
2019-05-16 07:56:00,1,0.060429802290062,33.3572508641142,0,FALSE
2019-05-16 07:57:00,0,0.060429802290062,0,0,FALSE
2019-05-16 07:58:00,2,0.060429802290062,32.148654818313,0,FALSE
2019-05-16 07:59:00,1,0.060429802290062,323.239012449542,0,FALSE
2019-05-16 08:00:00,0,0.060429802290062,0,0,FALSE
2019-05-16 08:01:00,1,0.0605900935428208,10.482086182908,0,FALSE
2019-05-16 08:02:00,0,0.0605900935428208,0,0,FALSE
2019-05-16 08:03:00,0,0.0605900935428208,0,0,FALSE
2019-05-16 08:04:00,0,0.0605900935428208,0,0,FALSE
2019-05-16 08:05:00,0,0.0605900935428208,0,0,FALSE
2019-05-16 08:06:00,0,0.0605900935428208,0,0,FALSE
2019-05-16 08:07:00,1,0.0605900935428196,42.0495249187168,0,FALSE
2019-05-16 08:08:00,0,0.0605900935428196,0,0,FALSE
2019-05-16 08:09:00,0,0.0605900935428196,0,0,FALSE
2019-05-16 08:10:00,0,0.0605900935428196,0,0,FALSE
2019-05-16 08:11:00,0,0.0605900935428196,0,0,FALSE
2019-05-16 08:12:00,0,0.0605900935428196,0,0,FALSE
2019-05-16 08:13:00,1,0.0606702391692002,8.12981204867283,0,FALSE
2019-05-16 08:14:00,0,0.0606702391692002,0,0,FALSE
2019-05-16 08:15:00,0,0.0606702391692002,0,0,FALSE
2019-05-16 08:16:00,0,0.0606702391692002,0,0,FALSE
2019-05-16 08:17:00,0,0.0606702391692002,0,0,FALSE
2019-05-16 08:18:00,0,0.0606702391692002,0,0,FALSE
2019-05-16 08:19:00,0,0.0606702391692002,0,0,FALSE
2019-05-16 08:20:00,0,0.0606702391692002,0,0,FALSE
2019-05-16 08:21:00,1,0.0606702391692002,42.1051459834249,0,FALSE
2019-05-16 08:22:00,1,0.0606702391692002,400.726929712567,0,FALSE
2019-05-16 08:23:00,0,0.0606702391692002,0,0,FALSE
2019-05-16 08:24:00,0,0.0606702391692002,0,0,FALSE
2019-05-16 08:25:00,0,0.0606702391692002,0,0,FALSE
2019-05-16 08:26:00,1,0.0606702391692002,22.9333504059577,0,FALSE
2019-05-16 08:27:00,1,0.0606702391692002,557.862849160796,0,FALSE
2019-05-16 08:28:00,0,0.0606702391692002,0,0,FALSE
2019-05-16 08:29:00,0,0.0606702391692002,0,0,FALSE
2019-05-16 08:30:00,2,0.0607904576087693,181.010419944759,2,FALSE
2019-05-16 08:31:00,1,0.060830530421959,8.1512910765425,0,FALSE
2019-05-16 08:32:00,1,0.060830530421959,65.0278370210741,0,FALSE
2019-05-16 08:33:00,0,0.060830530421959,0,0,FALSE
2019-05-16 08:34:00,0,0.060830530421959,0,0,FALSE
2019-05-16 08:35:00,0,0.060830530421959,0,0,FALSE
2019-05-16 08:36:00,0,0.060830530421959,0,0,FALSE
2019-05-16 08:37:00,0,0.060830530421959,0,0,FALSE
2019-05-16 08:38:00,0,0.060830530421959,0,0,FALSE
2019-05-16 08:39:00,0,0.060830530421959,0,0,FALSE
2019-05-16 08:40:00,0,0.060830530421959,0,0,FALSE
2019-05-16 08:41:00,0,0.060830530421959,0,0,FALSE
2019-05-16 08:42:00,1,0.060429802290062,14.7448717587751,0,FALSE
2019-05-16 08:43:00,6,0.0604298022900617,1605.27586181853,6,FALSE
2019-05-16 08:44:00,4,0.0604097658834672,243.665305259992,3,FALSE
2019-05-16 08:45:00,0,0.0604097658834672,0,0,FALSE
2019-05-16 08:46:00,2,0.060550020729631,396.067824014253,2,FALSE
2019-05-16 08:47:00,0,0.060550020729631,0,0,FALSE
2019-05-16 08:48:00,0,0.060550020729631,0,0,FALSE
2019-05-16 08:49:00,1,0.06050994791644,33.7645509373735,0,FALSE
2019-05-16 08:50:00,2,0.060509947916441,207.488611405477,0,FALSE
2019-05-16 08:51:00,0,0.060509947916441,0,0,FALSE
2019-05-16 08:52:00,0,0.060509947916441,0,0,FALSE
2019-05-16 08:53:00,1,0.0607503847955796,2.91601847018782,0,FALSE
2019-05-16 08:54:00,0,0.0607503847955796,0,0,FALSE
2019-05-16 08:55:00,0,0.0607503847955796,0,0,FALSE
2019-05-16 08:56:00,0,0.0607503847955796,0,0,FALSE
2019-05-16 08:57:00,0,0.0607503847955796,0,0,FALSE
2019-05-16 08:58:00,2,0.0601092197845444,686.08663462079,0,FALSE
2019-05-16 08:59:00,0,0.0601092197845444,0,0,FALSE
2019-05-16 09:00:00,0,0.0601092197845444,0,0,FALSE
2019-05-16 09:01:00,0,0.0601092197845444,0,0,FALSE
2019-05-16 09:02:00,4,0.0599288921251908,1070.55426081852,0,FALSE
2019-05-16 09:03:00,2,0.0601092197845444,56.4122623309158,0,FALSE
2019-05-16 09:04:00,2,0.0600691469713548,25.0626594076054,0,FALSE
2019-05-16 09:05:00,1,0.0601893654109238,202.59740397317,0,FALSE
2019-05-16 09:06:00,0,0.0601893654109238,0,0,FALSE
2019-05-16 09:07:00,0,0.0601893654109238,0,0,FALSE
2019-05-16 09:08:00,0,0.0601893654109238,0,0,FALSE
2019-05-16 09:09:00,0,0.0601893654109238,0,0,FALSE
2019-05-16 09:10:00,1,0.0601092197845445,8.59561842918986,0,FALSE
2019-05-16 09:11:00,0,0.0601092197845445,0,0,FALSE
2019-05-16 09:12:00,0,0.0601092197845445,0,0,FALSE
2019-05-16 09:13:00,0,0.0601092197845445,0,0,FALSE
2019-05-16 09:14:00,0,0.0601092197845445,0,0,FALSE
2019-05-16 09:15:00,0,0.0601092197845445,0,0,FALSE
2019-05-16 09:16:00,0,0.0601092197845445,0,0,FALSE
2019-05-16 09:17:00,0,0.0601092197845445,0,0,FALSE
2019-05-16 09:18:00,0,0.0601092197845445,0,0,FALSE
2019-05-16 09:19:00,0,0.0601092197845445,0,0,FALSE
2019-05-16 09:20:00,0,0.0601092197845445,0,0,FALSE
2019-05-16 09:21:00,0,0.0601092197845445,0,0,FALSE
2019-05-16 09:22:00,4,0.0599890013449754,112.007760583399,0,FALSE
2019-05-16 09:23:00,0,0.0599890013449754,0,0,FALSE
2019-05-16 09:24:00,0,0.0599890013449754,0,0,FALSE
2019-05-16 09:25:00,0,0.0599890013449754,0,0,FALSE
2019-05-16 09:26:00,0,0.0599890013449754,0,0,FALSE
2019-05-16 09:27:00,0,0.0599890013449754,0,0,FALSE
2019-05-16 09:28:00,0,0.0599890013449754,0,0,FALSE
2019-05-16 09:29:00,0,0.0599890013449754,0,0,FALSE
2019-05-16 09:30:00,0,0.0599890013449754,0,0,FALSE
2019-05-16 09:31:00,0,0.0599890013449754,0,0,FALSE
2019-05-16 09:32:00,0,0.0599890013449754,0,0,FALSE
2019-05-16 09:33:00,0,0.0599890013449754,0,0,FALSE
2019-05-16 09:34:00,0,0.0599890013449754,0,0,FALSE
2019-05-16 09:35:00,2,0.0580509752364546,4.06356826655182,2,FALSE
2019-05-16 09:36:00,0,0.0580509752364546,0,0,FALSE
2019-05-16 09:37:00,0,0.0580509752364546,0,0,FALSE
2019-05-16 09:38:00,0,0.0580509752364546,0,0,FALSE
2019-05-16 09:39:00,0,0.0580509752364546,0,0,FALSE
2019-05-16 09:40:00,1,0.0581286873853655,10.2306489798243,0,FALSE
2019-05-16 09:41:00,0,0.0581286873853655,0,0,FALSE
2019-05-16 09:42:00,0,0.0581286873853655,0,0,FALSE
2019-05-16 09:43:00,1,0.0580509752364527,23.0462371688717,0,FALSE
2019-05-16 09:44:00,1,0.0580509752364546,18.9826689023207,0,FALSE
2019-05-16 09:45:00,4,0.0581481154225933,424.311441539561,3,FALSE
2019-05-16 09:46:00,4,0.0583229677576428,2079.24131066068,4,FALSE
2019-05-16 09:47:00,1,0.0582841116831874,12.6476522352517,0,FALSE
2019-05-16 09:48:00,1,0.0582841116831874,9.50031020435954,0,FALSE
2019-05-16 09:49:00,0,0.0582841116831874,0,0,FALSE
2019-05-16 09:50:00,0,0.0582841116831874,0,0,FALSE
2019-05-16 09:51:00,0,0.0582841116831874,0,0,FALSE
2019-05-16 09:52:00,0,0.0582841116831874,0,0,FALSE
2019-05-16 09:53:00,0,0.0582841116831874,0,0,FALSE
2019-05-16 09:54:00,4,0.0578955509386328,519.319672584984,0,FALSE
2019-05-16 09:55:00,0,0.0578955509386328,0,0,FALSE
2019-05-16 09:56:00,0,0.0578955509386328,0,0,FALSE
2019-05-16 09:57:00,13,0.0570765844462639,375.115765671505,0,FALSE
2019-05-16 09:58:00,17,0.0566658704646883,1603.08397583875,4,FALSE
2019-05-16 09:59:00,4,0.0566715845932849,454.980929667997,0,FALSE
2019-05-16 10:00:00,0,0.0566715845932849,0,0,FALSE
2019-05-16 10:01:00,1,0.0567298687049691,8.28256083092548,0,FALSE
2019-05-16 10:02:00,3,0.0565744444071457,449.370811925968,0,FALSE
2019-05-16 10:03:00,2,0.056729868704969,142.221780843357,0,FALSE
2019-05-16 10:04:00,1,0.0568852930027909,75.7143249867147,0,FALSE
2019-05-16 10:05:00,1,0.0569630051517018,36.0575822610272,0,FALSE
2019-05-16 10:06:00,0,0.0569630051517018,0,0,FALSE
2019-05-16 10:07:00,4,0.0565938724443748,391.154154388037,0,FALSE
2019-05-16 10:08:00,0,0.0565938724443748,0,0,FALSE
2019-05-16 10:09:00,0,0.0565938724443748,0,0,FALSE
2019-05-16 10:10:00,1,0.0565744444071454,24.6664577615154,0,FALSE
2019-05-16 10:11:00,7,0.0563302062248558,710.149625450631,2,FALSE
2019-05-16 10:12:00,0,0.0563302062248558,0,0,FALSE
2019-05-16 10:13:00,4,0.0562635958115035,45.7576904002367,2,FALSE
2019-05-16 10:14:00,0,0.0562635958115035,0,0,FALSE
2019-05-16 10:15:00,1,0.0561858836625926,26.6882947397315,0,FALSE
2019-05-16 10:16:00,0,0.0561858836625926,0,0,FALSE
2019-05-16 10:17:00,0,0.0561858836625926,0,0,FALSE
2019-05-16 10:18:00,3,0.0560045553151334,527.560268855496,2,FALSE
2019-05-16 10:19:00,26,0.0552085039435974,5541.76539975618,2,FALSE
2019-05-16 10:20:00,13,0.0551995371571848,2900.91276566386,0,FALSE
2019-05-16 10:21:00,0,0.0551995371571848,0,0,FALSE
2019-05-16 10:22:00,0,0.0551995371571848,0,0,FALSE
2019-05-16 10:23:00,4,0.0555059023596221,244.643595470585,0,FALSE
2019-05-16 10:24:00,1,0.0556418986202162,61.8181493670602,0,FALSE
2019-05-16 10:25:00,5,0.0558128653478201,364.060357655288,0,FALSE
2019-05-16 10:26:00,2,0.0559916032903153,128.073973285529,0,FALSE
2019-05-16 10:27:00,3,0.0561081715136817,511.446110793777,0,FALSE
2019-05-16 10:28:00,1,0.0563413079604145,23.2126188796908,0,FALSE
2019-05-16 10:29:00,0,0.0563413079604145,0,0,FALSE
2019-05-16 10:30:00,1,0.0561858836625926,11.6304779181567,0,FALSE
2019-05-16 10:31:00,4,0.0558361789924935,921.306201121863,4,FALSE
2019-05-16 10:32:00,0,0.0558361789924935,0,0,FALSE
2019-05-16 10:33:00,0,0.0558361789924935,0,0,FALSE
2019-05-16 10:34:00,0,0.0558361789924935,0,0,FALSE
2019-05-16 10:35:00,7,0.0560415611003293,2988.93972581187,4,FALSE
2019-05-16 10:36:00,3,0.0563931160596884,570.053660440731,0,FALSE
2019-05-16 10:37:00,2,0.0564967322582363,19.7738562903827,0,FALSE
2019-05-16 10:38:00,5,0.0566676989858392,937.02736884654,2,FALSE
2019-05-16 10:39:00,0,0.0566676989858392,0,0,FALSE
2019-05-16 10:40:00,0,0.0566676989858392,0,0,FALSE
2019-05-16 10:41:00,0,0.0566676989858392,0,0,FALSE
2019-05-16 10:42:00,0,0.0566676989858392,0,0,FALSE
2019-05-16 10:43:00,1,0.0566521565560544,11.6703442505472,0,FALSE
2019-05-16 10:44:00,1,0.0563413079604145,9.3526571214288,0,FALSE
2019-05-16 10:45:00,0,0.0563413079604145,0,0,FALSE
2019-05-16 10:46:00,1,0.055875035066949,15.5332597486118,0,FALSE
2019-05-16 10:47:00,1,0.055875035066949,23.5792647982525,0,FALSE
2019-05-16 10:48:00,0,0.055875035066949,0,0,FALSE
2019-05-16 10:49:00,0,0.055875035066949,0,0,FALSE
2019-05-16 10:50:00,6,0.0562247397370481,842.760045428834,6,FALSE
2019-05-16 10:51:00,0,0.0562247397370481,0,0,FALSE
2019-05-16 10:52:00,0,0.0562247397370481,0,0,FALSE
2019-05-16 10:53:00,0,0.0562247397370481,0,0,FALSE
2019-05-16 10:54:00,0,0.0562247397370481,0,0,FALSE
2019-05-16 10:55:00,0,0.0562247397370481,0,0,FALSE
2019-05-16 10:56:00,0,0.0562247397370481,0,0,FALSE
2019-05-16 10:57:00,0,0.0562247397370481,0,0,FALSE
2019-05-16 10:58:00,0,0.0562247397370481,0,0,FALSE
2019-05-16 10:59:00,0,0.0562247397370481,0,0,FALSE
2019-05-16 11:00:00,0,0.0562247397370481,0,0,FALSE
2019-05-16 11:01:00,0,0.0562247397370481,0,0,FALSE
2019-05-16 11:02:00,0,0.0562247397370481,0,0,FALSE
2019-05-16 11:03:00,0,0.0562247397370481,0,0,FALSE
2019-05-16 11:04:00,0,0.0562247397370481,0,0,FALSE
2019-05-16 11:05:00,2,0.0560304593647708,55.3580938523935,0,FALSE
2019-05-16 11:06:00,0,0.0560304593647708,0,0,FALSE
2019-05-16 11:07:00,1,0.0560304593647708,15.5204372440415,0,FALSE
2019-05-16 11:08:00,0,0.0560304593647708,0,0,FALSE
2019-05-16 11:09:00,0,0.0560304593647708,0,0,FALSE
2019-05-16 11:10:00,0,0.0560304593647708,0,0,FALSE
2019-05-16 11:11:00,4,0.0560304593647708,149.15308282902,0,FALSE
2019-05-16 11:12:00,0,0.0560304593647708,0,0,FALSE
2019-05-16 11:13:00,0,0.0560304593647708,0,0,FALSE
2019-05-16 11:14:00,0,0.0560304593647708,0,0,FALSE
2019-05-16 11:15:00,0,0.0560304593647708,0,0,FALSE
2019-05-16 11:16:00,1,0.0559527472158599,189.623860314549,0,FALSE
2019-05-16 11:17:00,0,0.0559527472158599,0,0,FALSE
2019-05-16 11:18:00,1,0.0561081715136817,11.109417959709,0,FALSE
2019-05-16 11:19:00,0,0.0561081715136817,0,0,FALSE
2019-05-16 11:20:00,0,0.0561081715136817,0,0,FALSE
2019-05-16 11:21:00,1,0.0559527472158579,22.4930043807749,0,FALSE
2019-05-16 11:22:00,0,0.0559527472158579,0,0,FALSE
2019-05-16 11:23:00,0,0.0559527472158579,0,0,FALSE
2019-05-16 11:24:00,0,0.0559527472158579,0,0,FALSE
2019-05-16 11:25:00,0,0.0559527472158579,0,0,FALSE
2019-05-16 11:26:00,1,0.055875035066949,16.9301356252855,0,FALSE
2019-05-16 11:27:00,0,0.055875035066949,0,0,FALSE
2019-05-16 11:28:00,0,0.055875035066949,0,0,FALSE
2019-05-16 11:29:00,3,0.0559786512654966,435.211736106549,2,FALSE
2019-05-16 11:30:00,0,0.0559786512654966,0,0,FALSE
2019-05-16 11:31:00,1,0.0561858836625926,65.4003685832578,0,FALSE
2019-05-16 11:32:00,0,0.0561858836625926,0,0,FALSE
2019-05-16 11:33:00,0,0.0561858836625926,0,0,FALSE
2019-05-16 11:34:00,0,0.0561858836625926,0,0,FALSE
2019-05-16 11:35:00,8,0.0563315939418005,1123.03776966103,5,FALSE
2019-05-16 11:36:00,0,0.0563315939418005,0,0,FALSE
2019-05-16 11:37:00,3,0.0561858836625926,2159.26112183351,3,FALSE
2019-05-16 11:38:00,0,0.0561858836625926,0,0,FALSE
2019-05-16 11:39:00,0,0.0561858836625926,0,0,FALSE
2019-05-16 11:40:00,0,0.0561858836625926,0,0,FALSE
2019-05-16 11:41:00,0,0.0561858836625926,0,0,FALSE
2019-05-16 11:42:00,0,0.0561858836625926,0,0,FALSE
2019-05-16 11:43:00,1,0.0560304593647692,28.0152296823846,0,FALSE
2019-05-16 11:44:00,3,0.0556678026698532,154.559283892306,0,FALSE
2019-05-16 11:45:00,0,0.0556678026698532,0,0,FALSE
2019-05-16 11:46:00,1,0.0556418986202162,135.321097444366,0,FALSE
2019-05-16 11:47:00,1,0.0556418986202162,64.2107510077295,0,FALSE
2019-05-16 11:48:00,0,0.0556418986202162,0,0,FALSE
2019-05-16 11:49:00,0,0.0556418986202162,0,0,FALSE
2019-05-16 11:50:00,5,0.05545538946283,111.483517463133,0,FALSE
2019-05-16 11:51:00,3,0.0554087621734835,359.658275268081,0,FALSE
2019-05-16 11:52:00,3,0.0554087621734835,145.448000705394,0,FALSE
2019-05-16 11:53:00,1,0.0554087621734835,76.5195005615807,0,FALSE
2019-05-16 11:54:00,1,0.0554087621734835,954.360519676079,0,FALSE
2019-05-16 11:55:00,0,0.0554087621734835,0,0,FALSE
2019-05-16 11:56:00,2,0.0556807546946717,90.1883681456707,0,FALSE
2019-05-16 11:57:00,0,0.0556807546946717,0,0,FALSE
2019-05-16 11:58:00,0,0.0556807546946717,0,0,FALSE
2019-05-16 11:59:00,0,0.0556807546946717,0,0,FALSE
2019-05-16 12:00:00,0,0.0556807546946717,0,0,FALSE
2019-05-16 12:01:00,0,0.0556807546946717,0,0,FALSE
2019-05-16 12:02:00,3,0.0554087621734835,108.268721286987,0,FALSE
2019-05-16 12:03:00,0,0.0554087621734835,0,0,FALSE
2019-05-16 12:04:00,0,0.0554087621734835,0,0,FALSE
2019-05-16 12:05:00,0,0.0554087621734835,0,0,FALSE
2019-05-16 12:06:00,0,0.0554087621734835,0,0,FALSE
2019-05-16 12:07:00,0,0.0554087621734835,0,0,FALSE
2019-05-16 12:08:00,0,0.0554087621734835,0,0,FALSE
2019-05-16 12:09:00,0,0.0554087621734835,0,0,FALSE
2019-05-16 12:10:00,0,0.0554087621734835,0,0,FALSE
2019-05-16 12:11:00,2,0.0557196107691271,319.83056581479,0,FALSE
2019-05-16 12:12:00,0,0.0557196107691271,0,0,FALSE
2019-05-16 12:13:00,2,0.0556418986202162,38.1703424534683,0,FALSE
2019-05-16 12:14:00,0,0.0556418986202162,0,0,FALSE
2019-05-16 12:15:00,0,0.0556418986202162,0,0,FALSE
2019-05-16 12:16:00,0,0.0556418986202162,0,0,FALSE
2019-05-16 12:17:00,1,0.0556418986202162,25.5396314666792,0,FALSE
2019-05-16 12:18:00,0,0.0556418986202162,0,0,FALSE
2019-05-16 12:19:00,0,0.0556418986202162,0,0,FALSE
2019-05-16 12:20:00,0,0.0556418986202162,0,0,FALSE
2019-05-16 12:21:00,0,0.0556418986202162,0,0,FALSE
2019-05-16 12:22:00,0,0.0556418986202162,0,0,FALSE
2019-05-16 12:23:00,0,0.0556418986202162,0,0,FALSE
2019-05-16 12:24:00,0,0.0556418986202162,0,0,FALSE
2019-05-16 12:25:00,1,0.0555641864713053,8.55688471658102,0,FALSE
2019-05-16 12:26:00,0,0.0555641864713053,0,0,FALSE
2019-05-16 12:27:00,0,0.0555641864713053,0,0,FALSE
2019-05-16 12:28:00,1,0.0555641864713053,111.128372942611,0,FALSE
2019-05-16 12:29:00,3,0.0559009391165858,189.004183639133,2,FALSE
2019-05-16 12:30:00,2,0.055875035066949,57.6630361890913,2,FALSE
2019-05-16 12:31:00,0,0.055875035066949,0,0,FALSE
2019-05-16 12:32:00,0,0.055875035066949,0,0,FALSE
2019-05-16 12:33:00,2,0.0557973229180381,20.8681987713462,0,FALSE
2019-05-16 12:34:00,1,0.055875035066949,15.5332597486118,0,FALSE
2019-05-16 12:35:00,0,0.055875035066949,0,0,FALSE
2019-05-16 12:36:00,0,0.055875035066949,0,0,FALSE
2019-05-16 12:37:00,0,0.055875035066949,0,0,FALSE
2019-05-16 12:38:00,1,0.0557196107691271,2.73026092768723,0,FALSE
2019-05-16 12:39:00,0,0.0557196107691271,0,0,FALSE
2019-05-16 12:40:00,0,0.0557196107691271,0,0,FALSE
2019-05-16 12:41:00,1,0.0557196107691271,7.8007455076778,0,FALSE
2019-05-16 12:42:00,1,0.0555641864713053,9.89042519189234,0,FALSE
2019-05-16 12:43:00,0,0.0555641864713053,0,0,FALSE
2019-05-16 12:44:00,2,0.0556807546946717,361.145297237492,2,FALSE
2019-05-16 12:45:00,0,0.0556807546946717,0,0,FALSE
2019-05-16 12:46:00,0,0.0556807546946717,0,0,FALSE
2019-05-16 12:47:00,0,0.0556807546946717,0,0,FALSE
2019-05-16 12:48:00,0,0.0556807546946717,0,0,FALSE
2019-05-16 12:49:00,0,0.0556807546946717,0,0,FALSE
2019-05-16 12:50:00,0,0.0556807546946717,0,0,FALSE
2019-05-16 12:51:00,2,0.0556807546946717,248.289383224591,2,FALSE
2019-05-16 12:52:00,0,0.0556807546946717,0,0,FALSE
2019-05-16 12:53:00,0,0.0556807546946717,0,0,FALSE
2019-05-16 12:54:00,1,0.0555641864713053,32.7273058315988,0,FALSE
2019-05-16 12:55:00,0,0.0555641864713053,0,0,FALSE
2019-05-16 12:56:00,1,0.0552533378756616,45.9707771125505,0,FALSE
2019-05-16 12:57:00,0,0.0552533378756616,0,0,FALSE
2019-05-16 12:58:00,2,0.0551756257267503,75.4250803684674,0,FALSE
2019-05-16 12:59:00,2,0.0551756257267503,78.9011447892527,0,FALSE
2019-05-16 13:00:00,2,0.0551756257267503,76.418241631549,0,FALSE
2019-05-16 13:01:00,0,0.0551756257267503,0,0,FALSE
2019-05-16 13:02:00,0,0.0551756257267503,0,0,FALSE
2019-05-16 13:03:00,0,0.0551756257267503,0,0,FALSE
2019-05-16 13:04:00,1,0.0551756257267507,110.792656459315,0,FALSE
2019-05-16 13:05:00,0,0.0551756257267507,0,0,FALSE
2019-05-16 13:06:00,0,0.0551756257267507,0,0,FALSE
2019-05-16 13:07:00,0,0.0551756257267507,0,0,FALSE
2019-05-16 13:08:00,1,0.0554864743223944,22.4720221005697,0,FALSE
2019-05-16 13:09:00,0,0.0554864743223944,0,0,FALSE
2019-05-16 13:10:00,1,0.0554864743223944,10.9863219158341,0,FALSE
2019-05-16 13:11:00,1,0.0557196107691271,15.4900517938173,0,FALSE
2019-05-16 13:12:00,0,0.0557196107691271,0,0,FALSE
2019-05-16 13:13:00,0,0.0557196107691271,0,0,FALSE
2019-05-16 13:14:00,0,0.0557196107691271,0,0,FALSE
2019-05-16 13:15:00,0,0.0557196107691271,0,0,FALSE
2019-05-16 13:16:00,0,0.0557196107691271,0,0,FALSE
2019-05-16 13:17:00,0,0.0557196107691271,0,0,FALSE
2019-05-16 13:18:00,0,0.0557196107691271,0,0,FALSE
2019-05-16 13:19:00,2,0.055797322918038,29.5725811465602,0,FALSE
2019-05-16 13:20:00,3,0.0560304593647704,624.523582143221,3,FALSE
2019-05-16 13:21:00,0,0.0560304593647704,0,0,FALSE
2019-05-16 13:22:00,0,0.0560304593647704,0,0,FALSE
2019-05-16 13:23:00,0,0.0560304593647704,0,0,FALSE
2019-05-16 13:24:00,0,0.0560304593647704,0,0,FALSE
2019-05-16 13:25:00,0,0.0560304593647704,0,0,FALSE
2019-05-16 13:26:00,0,0.0560304593647704,0,0,FALSE
2019-05-16 13:27:00,2,0.0558750350669482,109.291568590951,2,FALSE
2019-05-16 13:28:00,0,0.0558750350669482,0,0,FALSE
2019-05-16 13:29:00,0,0.0558750350669482,0,0,FALSE
2019-05-16 13:30:00,1,0.0561081715136817,636.210556793637,0,FALSE
2019-05-16 13:31:00,0,0.0561081715136817,0,0,FALSE
2019-05-16 13:32:00,0,0.0561081715136817,0,0,FALSE
2019-05-16 13:33:00,1,0.0561858836625926,10.1134590592667,0,FALSE
2019-05-16 13:34:00,0,0.0561858836625926,0,0,FALSE
2019-05-16 13:35:00,1,0.0560304593647708,101.134979153411,0,FALSE
2019-05-16 13:36:00,1,0.0561858836625926,14.0464709156482,0,FALSE
2019-05-16 13:37:00,0,0.0561858836625926,0,0,FALSE
2019-05-16 13:38:00,0,0.0561858836625926,0,0,FALSE
2019-05-16 13:39:00,0,0.0561858836625926,0,0,FALSE
2019-05-16 13:40:00,0,0.0561858836625926,0,0,FALSE
2019-05-16 13:41:00,0,0.0561858836625926,0,0,FALSE
2019-05-16 13:42:00,1,0.0559527472158583,28.3120900912243,0,FALSE
2019-05-16 13:43:00,9,0.0563672120100514,1579.96321271908,8,FALSE
2019-05-16 13:44:00,0,0.0563672120100514,0,0,FALSE
2019-05-16 13:45:00,0,0.0563672120100514,0,0,FALSE
2019-05-16 13:46:00,1,0.0561858836625926,9.1582990370026,0,FALSE
2019-05-16 13:47:00,0,0.0561858836625926,0,0,FALSE
2019-05-16 13:48:00,0,0.0561858836625926,0,0,FALSE
2019-05-16 13:49:00,1,0.0560304593647708,10.1415131450235,0,FALSE
2019-05-16 13:50:00,0,0.0560304593647708,0,0,FALSE
2019-05-16 13:51:00,0,0.0560304593647708,0,0,FALSE
2019-05-16 13:52:00,0,0.0560304593647708,0,0,FALSE
2019-05-16 13:53:00,0,0.0560304593647708,0,0,FALSE
2019-05-16 13:54:00,0,0.0560304593647708,0,0,FALSE
2019-05-16 13:55:00,1,0.055875035066949,777.109987711126,0,FALSE
2019-05-16 13:56:00,0,0.055875035066949,0,0,FALSE
2019-05-16 13:57:00,0,0.055875035066949,0,0,FALSE
2019-05-16 13:58:00,0,0.055875035066949,0,0,FALSE
2019-05-16 13:59:00,2,0.0559138911414044,448.53167614203,2,FALSE
2019-05-16 14:00:00,0,0.0559138911414044,0,0,FALSE
2019-05-16 14:01:00,0,0.0559138911414044,0,0,FALSE
2019-05-16 14:02:00,0,0.0559138911414044,0,0,FALSE
2019-05-16 14:03:00,5,0.0568168458570473,91.7592060591322,0,FALSE
2019-05-16 14:04:00,1,0.0568168458570477,78.9754157412964,0,FALSE
2019-05-16 14:05:00,2,0.0568563568764178,743.901382365558,0,FALSE
2019-05-16 14:06:00,1,0.0568958678957925,24.4652231951908,0,FALSE
2019-05-16 14:07:00,0,0.0568958678957925,0,0,FALSE
2019-05-16 14:08:00,1,0.0568958678957925,10.1274644854511,0,FALSE
2019-05-16 14:09:00,1,0.0568958678957925,25.3755570815234,0,FALSE
2019-05-16 14:10:00,2,0.0568958678957905,19.7428661598392,0,FALSE
2019-05-16 14:11:00,1,0.0568958678957925,49.3856133335479,0,FALSE
2019-05-16 14:12:00,0,0.0568958678957925,0,0,FALSE
2019-05-16 14:13:00,0,0.0568958678957925,0,0,FALSE
2019-05-16 14:14:00,0,0.0568958678957925,0,0,FALSE
2019-05-16 14:15:00,5,0.0569748899345366,743.284852419277,2,FALSE
2019-05-16 14:16:00,1,0.0570539119732808,8.67219461993868,0,FALSE
2019-05-16 14:17:00,0,0.0570539119732808,0,0,FALSE
2019-05-16 14:18:00,0,0.0570539119732808,0,0,FALSE
2019-05-16 14:19:00,1,0.0570539119732808,23.3921039090451,0,FALSE
2019-05-16 14:20:00,0,0.0570539119732808,0,0,FALSE
2019-05-16 14:21:00,0,0.0570539119732808,0,0,FALSE
2019-05-16 14:22:00,0,0.0570539119732808,0,0,FALSE
2019-05-16 14:23:00,0,0.0570539119732808,0,0,FALSE
2019-05-16 14:24:00,0,0.0570539119732808,0,0,FALSE
2019-05-16 14:25:00,0,0.0570539119732808,0,0,FALSE
2019-05-16 14:26:00,41,0.0582006952184702,9882.86045694278,33,FALSE
2019-05-16 14:27:00,4,0.058160220515699,199.256915486785,0,FALSE
2019-05-16 14:28:00,0,0.058160220515699,0,0,FALSE
2019-05-16 14:29:00,1,0.058160220515699,8.02611043116646,0,FALSE
2019-05-16 14:30:00,1,0.0580021764382106,77.374903368573,0,FALSE
2019-05-16 14:31:00,2,0.0580811984769548,74.264595923603,0,FALSE
2019-05-16 14:32:00,0,0.0580811984769548,0,0,FALSE
2019-05-16 14:33:00,1,0.0579231543994665,10.310321483105,0,FALSE
2019-05-16 14:34:00,0,0.0579231543994665,0,0,FALSE
2019-05-16 14:35:00,0,0.0579231543994665,0,0,FALSE
2019-05-16 14:36:00,0,0.0579231543994665,0,0,FALSE
2019-05-16 14:37:00,0,0.0579231543994665,0,0,FALSE
2019-05-16 14:38:00,4,0.0578441323607223,58.4225736843296,0,FALSE
2019-05-16 14:39:00,2,0.0578441323607223,78.0895786869752,0,FALSE
2019-05-16 14:40:00,1,0.0578441323607223,28.9220661803612,0,FALSE
2019-05-16 14:41:00,0,0.0578441323607223,0,0,FALSE
2019-05-16 14:42:00,0,0.0578441323607223,0,0,FALSE
2019-05-16 14:43:00,1,0.0578441323607223,77.6846697604501,0,FALSE
2019-05-16 14:44:00,15,0.0580759303410385,1607.52613181695,8,FALSE
2019-05-16 14:45:00,2,0.0580811984769548,451.933677429084,2,FALSE
2019-05-16 14:46:00,0,0.0580811984769548,0,0,FALSE
2019-05-16 14:47:00,1,0.0579231543994665,582.417317486636,0,FALSE
2019-05-16 14:48:00,0,0.0579231543994665,0,0,FALSE
2019-05-16 14:49:00,0,0.0579231543994665,0,0,FALSE
2019-05-16 14:50:00,0,0.0579231543994665,0,0,FALSE
2019-05-16 14:51:00,3,0.0579494950790479,709.999505347618,2,FALSE
2019-05-16 14:52:00,4,0.0578441323607223,193.488622746616,0,FALSE
2019-05-16 14:53:00,0,0.0578441323607223,0,0,FALSE
2019-05-16 14:54:00,0,0.0578441323607223,0,0,FALSE
2019-05-16 14:55:00,1,0.0578441323607223,10.2962555602086,0,FALSE
2019-05-16 14:56:00,0,0.0578441323607223,0,0,FALSE
2019-05-16 14:57:00,5,0.0579863720304618,332.584558718739,2,FALSE
2019-05-16 14:58:00,0,0.0579863720304618,0,0,FALSE
2019-05-16 14:59:00,0,0.0579863720304618,0,0,FALSE
2019-05-16 15:00:00,0,0.0579863720304618,0,0,FALSE
2019-05-16 15:01:00,1,0.058160220515699,7.90978999013506,0,FALSE
2019-05-16 15:02:00,2,0.0581602205156986,159.882446197656,0,FALSE
2019-05-16 15:03:00,1,0.058160220515699,9.01483417993334,0,FALSE
2019-05-16 15:04:00,1,0.058160220515699,213.855130836225,0,FALSE
2019-05-16 15:05:00,0,0.058160220515699,0,0,FALSE
2019-05-16 15:06:00,3,0.0581865611952804,592.592037151256,2,FALSE
2019-05-16 15:07:00,0,0.0581865611952804,0,0,FALSE
2019-05-16 15:08:00,0,0.0581865611952804,0,0,FALSE
2019-05-16 15:09:00,1,0.058160220515699,39.5489499506753,0,FALSE
2019-05-16 15:10:00,0,0.058160220515699,0,0,FALSE
2019-05-16 15:11:00,0,0.058160220515699,0,0,FALSE
2019-05-16 15:12:00,0,0.058160220515699,0,0,FALSE
2019-05-16 15:13:00,0,0.058160220515699,0,0,FALSE
2019-05-16 15:14:00,1,0.058160220515699,205.770860184543,0,FALSE
2019-05-16 15:15:00,2,0.058278753573814,112.813126863776,2,FALSE
2019-05-16 15:16:00,3,0.0579231543994665,63.6787245913971,0,FALSE
2019-05-16 15:17:00,1,0.058160220515699,8.02611043116646,0,FALSE
2019-05-16 15:18:00,1,0.058160220515699,160.115087079719,0,FALSE
2019-05-16 15:19:00,1,0.058160220515699,114.459313974896,0,FALSE
2019-05-16 15:20:00,0,0.058160220515699,0,0,FALSE
2019-05-16 15:21:00,0,0.058160220515699,0,0,FALSE
2019-05-16 15:22:00,21,0.0581263539276657,1641.67605901451,5,FALSE
2019-05-16 15:23:00,18,0.0582216821013887,2826.89039875786,2,FALSE
2019-05-16 15:24:00,3,0.0582129018748617,136.581849809477,0,FALSE
2019-05-16 15:25:00,0,0.0582129018748617,0,0,FALSE
2019-05-16 15:26:00,0,0.0582129018748617,0,0,FALSE
2019-05-16 15:27:00,9,0.0583182645931873,164.515824417381,2,FALSE
2019-05-16 15:28:00,1,0.0583972866319314,13.3145813520804,0,FALSE
2019-05-16 15:29:00,3,0.058502649350257,44.7203892322091,0,FALSE
2019-05-16 15:30:00,0,0.058502649350257,0,0,FALSE
2019-05-16 15:31:00,2,0.0588714188643964,89.2490709984249,0,FALSE
2019-05-16 15:32:00,1,0.0586343527481639,7.97427197375029,0,FALSE
2019-05-16 15:33:00,2,0.058673863767536,125.230096877763,2,FALSE
2019-05-16 15:34:00,1,0.0587923968256491,14.6980992064123,0,FALSE
2019-05-16 15:35:00,2,0.0587923968256522,32.9825346191909,0,FALSE
2019-05-16 15:36:00,0,0.0587923968256522,0,0,FALSE
2019-05-16 15:37:00,1,0.0588714188643964,8.0065129655579,0,FALSE
2019-05-16 15:38:00,2,0.0587133747869081,177.490531980823,0,FALSE
2019-05-16 15:39:00,2,0.0588714188643964,35.793822669553,0,FALSE
2019-05-16 15:40:00,1,0.0588714188643964,10.3024983012694,0,FALSE
2019-05-16 15:41:00,1,0.0587923968256522,33.3940813969705,0,FALSE
2019-05-16 15:42:00,0,0.0587923968256522,0,0,FALSE
2019-05-16 15:43:00,1,0.0587923968256522,46.9163326668705,0,FALSE
2019-05-16 15:44:00,0,0.0587923968256522,0,0,FALSE
2019-05-16 15:45:00,1,0.0588714188643949,32.8502517263324,0,FALSE
2019-05-16 15:46:00,0,0.0588714188643949,0,0,FALSE
2019-05-16 15:47:00,0,0.0588714188643949,0,0,FALSE
2019-05-16 15:48:00,0,0.0588714188643949,0,0,FALSE
2019-05-16 15:49:00,1,0.0589504409031347,8.01725996282632,0,FALSE
2019-05-16 15:50:00,1,0.0588714188643907,8.2419986410147,0,FALSE
2019-05-16 15:51:00,0,0.0588714188643907,0,0,FALSE
2019-05-16 15:52:00,0,0.0588714188643907,0,0,FALSE
2019-05-16 15:53:00,0,0.0588714188643907,0,0,FALSE
2019-05-16 15:54:00,0,0.0588714188643907,0,0,FALSE
2019-05-16 15:55:00,1,0.0589504409031405,13.5586014077223,0,FALSE
2019-05-16 15:56:00,1,0.0589504409031405,9.72682274901819,0,FALSE
2019-05-16 15:57:00,0,0.0589504409031405,0,0,FALSE
2019-05-16 15:58:00,0,0.0589504409031405,0,0,FALSE
2019-05-16 15:59:00,1,0.0587923968256522,15.6975699524491,0,FALSE
2019-05-16 16:00:00,1,0.0587923968256522,27.220879730277,0,FALSE
2019-05-16 16:01:00,1,0.0587923968256522,56.79345533358,0,FALSE
2019-05-16 16:02:00,2,0.0587528858062801,80.0311501789191,2,FALSE
2019-05-16 16:03:00,0,0.0587528858062801,0,0,FALSE
2019-05-16 16:04:00,0,0.0587528858062801,0,0,FALSE
2019-05-16 16:05:00,0,0.0587528858062801,0,0,FALSE
2019-05-16 16:06:00,0,0.0587528858062801,0,0,FALSE
2019-05-16 16:07:00,0,0.0587528858062801,0,0,FALSE
2019-05-16 16:08:00,0,0.0587528858062801,0,0,FALSE
2019-05-16 16:09:00,0,0.0587528858062801,0,0,FALSE
2019-05-16 16:10:00,2,0.058673863767536,132.96358869946,2,FALSE
2019-05-16 16:11:00,0,0.058673863767536,0,0,FALSE
2019-05-16 16:12:00,0,0.058673863767536,0,0,FALSE
2019-05-16 16:13:00,2,0.0587133747869081,40.3948018533927,0,FALSE
2019-05-16 16:14:00,0,0.0587133747869081,0,0,FALSE
2019-05-16 16:15:00,11,0.0588929703295084,2717.92240527734,7,FALSE
2019-05-16 16:16:00,6,0.0591348256602102,1163.17920228362,3,FALSE
2019-05-16 16:17:00,19,0.0596949116892038,11186.6419923231,15,FALSE
2019-05-16 16:18:00,1,0.0598196833293262,905.670005605999,0,FALSE
2019-05-16 16:19:00,0,0.0598196833293262,0,0,FALSE
2019-05-16 16:20:00,11,0.0602650802749751,3242.34671288226,9,FALSE
2019-05-16 16:21:00,25,0.0606920866370616,2461.95437542134,17,FALSE
2019-05-16 16:22:00,6,0.0607942884738369,443.21446469609,2,FALSE
2019-05-16 16:23:00,9,0.0609523325513258,1259.4435337936,2,FALSE
2019-05-16 16:24:00,4,0.0611828134976629,709.633712330271,0,FALSE
2019-05-16 16:25:00,6,0.0612289096869304,676.329241925237,5,FALSE
2019-05-16 16:26:00,7,0.0612420800267211,4218.10918783228,2,FALSE
2019-05-16 16:27:00,3,0.0613211020654652,55.3729551651151,2,FALSE
2019-05-16 16:28:00,1,0.0613211020654652,8.03306437057594,0,FALSE
2019-05-16 16:29:00,0,0.0613211020654652,0,0,FALSE
2019-05-16 16:30:00,0,0.0613211020654652,0,0,FALSE
2019-05-16 16:31:00,2,0.061202569007349,188.795661909678,0,FALSE
2019-05-16 16:32:00,3,0.0612420800267211,137.526005128392,0,FALSE
2019-05-16 16:33:00,3,0.0612420800267211,26.7015468916504,0,FALSE
2019-05-16 16:34:00,6,0.0613079317256745,551.733850062667,0,FALSE
2019-05-16 16:35:00,7,0.0614001241042094,1740.4227888496,0,FALSE
2019-05-16 16:36:00,9,0.0616810913530769,463.855653392374,5,FALSE
2019-05-16 16:37:00,4,0.061716212259186,672.459848776091,0,FALSE
2019-05-16 16:38:00,7,0.0617952342979301,3733.31790962726,4,FALSE
2019-05-16 16:39:00,3,0.0617952342979301,117.225559463173,0,FALSE
2019-05-16 16:40:00,4,0.0615384126720116,156.990002513504,2,FALSE
2019-05-16 16:41:00,0,0.0615384126720116,0,0,FALSE
2019-05-16 16:42:00,6,0.0615054868225349,354.053266204751,4,FALSE
2019-05-16 16:43:00,4,0.0612420800267211,555.404423762333,0,FALSE
2019-05-16 16:44:00,21,0.0606701109843819,1337.90491117286,0,FALSE
2019-05-16 16:45:00,4,0.0603728376005347,208.732448152595,0,FALSE
2019-05-16 16:46:00,0,0.0603728376005347,0,0,FALSE
2019-05-16 16:47:00,0,0.0603728376005347,0,0,FALSE
2019-05-16 16:48:00,2,0.0604123486199074,797.418662994844,2,FALSE
2019-05-16 16:49:00,0,0.0604123486199074,0,0,FALSE
2019-05-16 16:50:00,0,0.0604123486199074,0,0,FALSE
2019-05-16 16:51:00,0,0.0604123486199074,0,0,FALSE
2019-05-16 16:52:00,1,0.0604518596392795,10.155912419399,0,FALSE
2019-05-16 16:53:00,2,0.0604123486199074,88.064214549495,2,FALSE
2019-05-16 16:54:00,0,0.0604123486199074,0,0,FALSE
2019-05-16 16:55:00,0,0.0604123486199074,0,0,FALSE
2019-05-16 16:56:00,0,0.0604123486199074,0,0,FALSE
2019-05-16 16:57:00,3,0.0602674748822094,2647.13367274993,0,FALSE
2019-05-16 16:58:00,2,0.0602938155617912,77.7790220747106,0,FALSE
2019-05-16 16:59:00,2,0.0602938155617912,370.143733733836,0,FALSE
2019-05-16 17:00:00,0,0.0602938155617912,0,0,FALSE
2019-05-16 17:01:00,0,0.0602938155617912,0,0,FALSE
2019-05-16 17:02:00,1,0.060214793523047,49.3159158953755,0,FALSE
2019-05-16 17:03:00,2,0.060214793523047,199.491610941855,0,FALSE
2019-05-16 17:04:00,3,0.0602674748822095,610.231257617687,0,FALSE
2019-05-16 17:05:00,6,0.0603728376005345,381.616706472982,0,FALSE
2019-05-16 17:06:00,0,0.0603728376005345,0,0,FALSE
2019-05-16 17:07:00,0,0.0603728376005345,0,0,FALSE
2019-05-16 17:08:00,0,0.0603728376005345,0,0,FALSE
2019-05-16 17:09:00,0,0.0603728376005345,0,0,FALSE
2019-05-16 17:10:00,0,0.0603728376005345,0,0,FALSE
2019-05-16 17:11:00,1,0.0602938155617912,23.1528251757278,0,FALSE
2019-05-16 17:12:00,0,0.0602938155617912,0,0,FALSE
2019-05-16 17:13:00,1,0.0602938155617912,170.269735146498,0,FALSE
2019-05-16 17:14:00,0,0.0602938155617912,0,0,FALSE
2019-05-16 17:15:00,0,0.0602938155617912,0,0,FALSE
2019-05-16 17:16:00,0,0.0602938155617912,0,0,FALSE
2019-05-16 17:17:00,0,0.0602938155617912,0,0,FALSE
2019-05-16 17:18:00,0,0.0602938155617912,0,0,FALSE
2019-05-16 17:19:00,0,0.0602938155617912,0,0,FALSE
2019-05-16 17:20:00,0,0.0602938155617912,0,0,FALSE
2019-05-16 17:21:00,8,0.0605210039231804,1029.23099898141,6,FALSE
2019-05-16 17:22:00,2,0.0604913706586516,83.6660059170728,2,FALSE
2019-05-16 17:23:00,0,0.0604913706586516,0,0,FALSE
2019-05-16 17:24:00,0,0.0604913706586516,0,0,FALSE
2019-05-16 17:25:00,0,0.0604913706586516,0,0,FALSE
2019-05-16 17:26:00,0,0.0604913706586516,0,0,FALSE
2019-05-16 17:27:00,0,0.0604913706586516,0,0,FALSE
2019-05-16 17:28:00,2,0.0600962604649308,44.1541963246072,0,FALSE
2019-05-16 17:29:00,0,0.0600962604649308,0,0,FALSE
2019-05-16 17:30:00,0,0.0600962604649308,0,0,FALSE
2019-05-16 17:31:00,1,0.0601357714843029,43.8389774120568,0,FALSE
2019-05-16 17:32:00,2,0.0601357714843029,87.0765971092705,0,FALSE
2019-05-16 17:33:00,2,0.0601357714843029,18.2812745312281,0,FALSE
2019-05-16 17:34:00,0,0.0601357714843029,0,0,FALSE
2019-05-16 17:35:00,0,0.0601357714843029,0,0,FALSE
2019-05-16 17:36:00,0,0.0601357714843029,0,0,FALSE
2019-05-16 17:37:00,0,0.0601357714843029,0,0,FALSE
2019-05-16 17:38:00,0,0.0601357714843029,0,0,FALSE
2019-05-16 17:39:00,0,0.0601357714843029,0,0,FALSE
2019-05-16 17:40:00,0,0.0601357714843029,0,0,FALSE
2019-05-16 17:41:00,0,0.0601357714843029,0,0,FALSE
2019-05-16 17:42:00,0,0.0601357714843029,0,0,FALSE
2019-05-16 17:43:00,0,0.0601357714843029,0,0,FALSE
2019-05-16 17:44:00,0,0.0601357714843029,0,0,FALSE
2019-05-16 17:45:00,0,0.0601357714843029,0,0,FALSE
2019-05-16 17:46:00,0,0.0601357714843029,0,0,FALSE
2019-05-16 17:47:00,0,0.0601357714843029,0,0,FALSE
2019-05-16 17:48:00,1,0.0601357714843029,114.859323535018,0,FALSE
2019-05-16 17:49:00,4,0.0601357714843029,331.107557792572,0,FALSE
2019-05-16 17:50:00,0,0.0601357714843029,0,0,FALSE
2019-05-16 17:51:00,0,0.0601357714843029,0,0,FALSE
2019-05-16 17:52:00,0,0.0601357714843029,0,0,FALSE
2019-05-16 17:53:00,0,0.0601357714843029,0,0,FALSE
2019-05-16 17:54:00,0,0.0601357714843029,0,0,FALSE
2019-05-16 17:55:00,0,0.0601357714843029,0,0,FALSE
2019-05-16 17:56:00,1,0.0598987053680704,1.6172650449379,0,FALSE
2019-05-16 17:57:00,0,0.0598987053680704,0,0,FALSE
2019-05-16 17:58:00,3,0.0594772544947682,147.65181015103,2,FALSE
2019-05-16 17:59:00,0,0.0594772544947682,0,0,FALSE
2019-05-16 18:00:00,0,0.0594772544947682,0,0,FALSE
2019-05-16 18:01:00,0,0.0594772544947682,0,0,FALSE
2019-05-16 18:02:00,0,0.0594772544947682,0,0,FALSE
2019-05-16 18:03:00,1,0.0595035951743496,49.2094732091871,0,FALSE
2019-05-16 18:04:00,0,0.0595035951743496,0,0,FALSE
2019-05-16 18:05:00,3,0.0597670019701635,365.324337634907,0,FALSE
2019-05-16 18:06:00,1,0.0599777274068145,17.9933182220444,0,FALSE
2019-05-16 18:07:00,1,0.0599777274068146,2.63902000589984,0,FALSE
2019-05-16 18:08:00,0,0.0599777274068146,0,0,FALSE
2019-05-16 18:09:00,0,0.0599777274068146,0,0,FALSE
2019-05-16 18:10:00,0,0.0599777274068146,0,0,FALSE
2019-05-16 18:11:00,1,0.0599777274068145,10.7959909332266,0,FALSE
2019-05-16 18:12:00,0,0.0599777274068145,0,0,FALSE
2019-05-16 18:13:00,0,0.0599777274068145,0,0,FALSE
2019-05-16 18:14:00,0,0.0599777274068145,0,0,FALSE
2019-05-16 18:15:00,0,0.0599777274068145,0,0,FALSE
2019-05-16 18:16:00,1,0.0598987053680704,51.033696973596,0,FALSE
2019-05-16 18:17:00,0,0.0598987053680704,0,0,FALSE
2019-05-16 18:18:00,4,0.0600962604649308,457.843735706759,4,FALSE
2019-05-16 18:19:00,1,0.0600567494455587,104.618857534163,0,FALSE
2019-05-16 18:20:00,0,0.0600567494455587,0,0,FALSE
2019-05-16 18:21:00,5,0.0600409450378099,389.364027151461,4,FALSE
2019-05-16 18:22:00,1,0.0598196833293262,0.179459049987979,0,FALSE
2019-05-16 18:23:00,0,0.0598196833293262,0,0,FALSE
2019-05-16 18:24:00,1,0.0599777274068146,77.5512015370112,0,FALSE
2019-05-16 18:25:00,0,0.0599777274068146,0,0,FALSE
2019-05-16 18:26:00,0,0.0599777274068146,0,0,FALSE
2019-05-16 18:27:00,1,0.0597406612905821,45.3431619195518,0,FALSE
2019-05-16 18:28:00,0,0.0597406612905821,0,0,FALSE
2019-05-16 18:29:00,0,0.0597406612905821,0,0,FALSE
2019-05-16 18:30:00,0,0.0597406612905821,0,0,FALSE
2019-05-16 18:31:00,0,0.0597406612905821,0,0,FALSE
2019-05-16 18:32:00,0,0.0597406612905821,0,0,FALSE
2019-05-16 18:33:00,3,0.0600304087659773,272.38999483761,2,FALSE
2019-05-16 18:34:00,0,0.0600304087659773,0,0,FALSE
2019-05-16 18:35:00,0,0.0600304087659773,0,0,FALSE
2019-05-16 18:36:00,0,0.0600304087659773,0,0,FALSE
2019-05-16 18:37:00,0,0.0600304087659773,0,0,FALSE
2019-05-16 18:38:00,0,0.0600304087659773,0,0,FALSE
2019-05-16 18:39:00,0,0.0600304087659773,0,0,FALSE
2019-05-16 18:40:00,0,0.0600304087659773,0,0,FALSE
2019-05-16 18:41:00,0,0.0600304087659773,0,0,FALSE
2019-05-16 18:42:00,0,0.0600304087659773,0,0,FALSE
2019-05-16 18:43:00,0,0.0600304087659773,0,0,FALSE
2019-05-16 18:44:00,0,0.0600304087659773,0,0,FALSE
2019-05-16 18:45:00,0,0.0600304087659773,0,0,FALSE
2019-05-16 18:46:00,0,0.0600304087659773,0,0,FALSE
2019-05-16 18:47:00,0,0.0600304087659773,0,0,FALSE
2019-05-16 18:48:00,0,0.0600304087659773,0,0,FALSE
2019-05-16 18:49:00,0,0.0600304087659773,0,0,FALSE
2019-05-16 18:50:00,0,0.0600304087659773,0,0,FALSE
2019-05-16 18:51:00,0,0.0600304087659773,0,0,FALSE
2019-05-16 18:52:00,0,0.0600304087659773,0,0,FALSE
2019-05-16 18:53:00,0,0.0600304087659773,0,0,FALSE
2019-05-16 18:54:00,0,0.0600304087659773,0,0,FALSE
2019-05-16 18:55:00,0,0.0600304087659773,0,0,FALSE
2019-05-16 18:56:00,0,0.0600304087659773,0,0,FALSE
2019-05-16 18:57:00,0,0.0600304087659773,0,0,FALSE
2019-05-16 18:58:00,0,0.0600304087659773,0,0,FALSE
2019-05-16 18:59:00,0,0.0600304087659773,0,0,FALSE
2019-05-16 19:00:00,0,0.0600304087659773,0,0,FALSE
2019-05-16 19:01:00,2,0.0591704569948652,67.5804990347575,2,FALSE
2019-05-16 19:02:00,3,0.0591965808169384,37.9991891106365,2,FALSE
2019-05-16 19:03:00,0,0.0591965808169384,0,0,FALSE
2019-05-16 19:04:00,0,0.0591965808169384,0,0,FALSE
2019-05-16 19:05:00,0,0.0591965808169384,0,0,FALSE
2019-05-16 19:06:00,0,0.0591965808169384,0,0,FALSE
2019-05-16 19:07:00,0,0.0591965808169384,0,0,FALSE
2019-05-16 19:08:00,1,0.0593271999273023,235.113693311899,0,FALSE
2019-05-16 19:09:00,0,0.0593271999273023,0,0,FALSE
2019-05-16 19:10:00,0,0.0593271999273023,0,0,FALSE
2019-05-16 19:11:00,1,0.0593271999273023,253.683106889145,0,FALSE
2019-05-16 19:12:00,0,0.0593271999273023,0,0,FALSE
2019-05-16 19:13:00,0,0.0593271999273023,0,0,FALSE
2019-05-16 19:14:00,1,0.0595623143259574,59.5623143259574,0,FALSE
2019-05-16 19:15:00,0,0.0595623143259574,0,0,FALSE
2019-05-16 19:16:00,0,0.0595623143259574,0,0,FALSE
2019-05-16 19:17:00,0,0.0595623143259574,0,0,FALSE
2019-05-16 19:18:00,0,0.0595623143259574,0,0,FALSE
2019-05-16 19:19:00,0,0.0595623143259574,0,0,FALSE
2019-05-16 19:20:00,1,0.0595623143259574,8.63653557726382,0,FALSE
2019-05-16 19:21:00,1,0.0595623143259574,47.6498514607659,0,FALSE
2019-05-16 19:22:00,1,0.0595623143259574,7.92178780535234,0,FALSE
2019-05-16 19:23:00,1,0.059483942859739,13.8597586863192,0,FALSE
2019-05-16 19:24:00,0,0.059483942859739,0,0,FALSE
2019-05-16 19:25:00,0,0.059483942859739,0,0,FALSE
2019-05-16 19:26:00,0,0.059483942859739,0,0,FALSE
2019-05-16 19:27:00,0,0.059483942859739,0,0,FALSE
2019-05-16 19:28:00,1,0.0594055713935207,77.464865097151,0,FALSE
2019-05-16 19:29:00,0,0.0594055713935207,0,0,FALSE
2019-05-16 19:30:00,0,0.0594055713935207,0,0,FALSE
2019-05-16 19:31:00,0,0.0594055713935207,0,0,FALSE
2019-05-16 19:32:00,0,0.0594055713935207,0,0,FALSE
2019-05-16 19:33:00,0,0.0594055713935207,0,0,FALSE
2019-05-16 19:34:00,0,0.0594055713935207,0,0,FALSE
2019-05-16 19:35:00,0,0.0594055713935207,0,0,FALSE
2019-05-16 19:36:00,0,0.0594055713935207,0,0,FALSE
2019-05-16 19:37:00,0,0.0594055713935207,0,0,FALSE
2019-05-16 19:38:00,0,0.0594055713935207,0,0,FALSE
2019-05-16 19:39:00,0,0.0594055713935207,0,0,FALSE
2019-05-16 19:40:00,0,0.0594055713935207,0,0,FALSE
2019-05-16 19:41:00,0,0.0594055713935207,0,0,FALSE
2019-05-16 19:42:00,0,0.0594055713935207,0,0,FALSE
2019-05-16 19:43:00,0,0.0594055713935207,0,0,FALSE
2019-05-16 19:44:00,0,0.0594055713935207,0,0,FALSE
2019-05-16 19:45:00,0,0.0594055713935207,0,0,FALSE
2019-05-16 19:46:00,0,0.0594055713935207,0,0,FALSE
2019-05-16 19:47:00,0,0.0594055713935207,0,0,FALSE
2019-05-16 19:48:00,1,0.0594055713935207,655.243452470533,0,FALSE
2019-05-16 19:49:00,1,0.059483942859739,147.698630120732,0,FALSE
2019-05-16 19:50:00,0,0.059483942859739,0,0,FALSE
2019-05-16 19:51:00,1,0.0589353425962105,14.1444822230905,0,FALSE
2019-05-16 19:52:00,0,0.0589353425962105,0,0,FALSE
2019-05-16 19:53:00,0,0.0589353425962105,0,0,FALSE
2019-05-16 19:54:00,7,0.0590249099861742,733.381136605168,5,FALSE
2019-05-16 19:55:00,1,0.0587785996637738,574.443254514061,0,FALSE
2019-05-16 19:56:00,0,0.0587785996637738,0,0,FALSE
2019-05-16 19:57:00,2,0.0587394139306646,33.1762874510245,0,FALSE
2019-05-16 19:58:00,1,0.058621856731337,355.13120807844,0,FALSE
2019-05-16 19:59:00,3,0.0589092187741377,645.79906381949,2,FALSE
2019-05-16 20:00:00,0,0.0589092187741377,0,0,FALSE
2019-05-16 20:01:00,0,0.0589092187741377,0,0,FALSE
2019-05-16 20:02:00,4,0.0586022638647813,492.891239082154,0,FALSE
2019-05-16 20:03:00,2,0.0588961568631013,221.077677198055,2,FALSE
2019-05-16 20:04:00,0,0.0588961568631013,0,0,FALSE
2019-05-16 20:05:00,0,0.0588961568631013,0,0,FALSE
2019-05-16 20:06:00,0,0.0588961568631013,0,0,FALSE
2019-05-16 20:07:00,0,0.0588961568631013,0,0,FALSE
2019-05-16 20:08:00,1,0.0589353425962105,157.357364731882,0,FALSE
2019-05-16 20:09:00,1,0.0589353425962105,198.788910577018,0,FALSE
2019-05-16 20:10:00,0,0.0589353425962105,0,0,FALSE
2019-05-16 20:11:00,1,0.0588569711299921,22.8365047984369,0,FALSE
2019-05-16 20:12:00,1,0.0588569711299921,11.7713942259984,0,FALSE
2019-05-16 20:13:00,0,0.0588569711299921,0,0,FALSE
2019-05-16 20:14:00,1,0.0589353425962105,9.48859015798989,0,FALSE
2019-05-16 20:15:00,0,0.0589353425962105,0,0,FALSE
2019-05-16 20:16:00,0,0.0589353425962105,0,0,FALSE
2019-05-16 20:17:00,7,0.0589353425962105,1474.24165408889,7,FALSE
2019-05-16 20:18:00,0,0.0589353425962105,0,0,FALSE
2019-05-16 20:19:00,3,0.0587002281975554,90.964585267663,0,FALSE
2019-05-16 20:20:00,1,0.0587785996637738,13.4602993230042,0,FALSE
2019-05-16 20:21:00,0,0.0587785996637738,0,0,FALSE
2019-05-16 20:22:00,0,0.0587785996637738,0,0,FALSE
2019-05-16 20:23:00,0,0.0587785996637738,0,0,FALSE
2019-05-16 20:24:00,0,0.0587785996637738,0,0,FALSE
2019-05-16 20:25:00,0,0.0587785996637738,0,0,FALSE
2019-05-16 20:26:00,2,0.0587002281975554,375.094458182379,2,FALSE
2019-05-16 20:27:00,2,0.0587394139306646,322.175693047752,2,FALSE
2019-05-16 20:28:00,2,0.0587785996637738,111.738117960834,0,FALSE
2019-05-16 20:29:00,0,0.0587785996637738,0,0,FALSE
2019-05-16 20:30:00,0,0.0587785996637738,0,0,FALSE
2019-05-16 20:31:00,0,0.0587785996637738,0,0,FALSE
2019-05-16 20:32:00,0,0.0587785996637738,0,0,FALSE
2019-05-16 20:33:00,0,0.0587785996637738,0,0,FALSE
2019-05-16 20:34:00,0,0.0587785996637738,0,0,FALSE
2019-05-16 20:35:00,1,0.0585434852651187,14.8700452573401,0,FALSE
2019-05-16 20:36:00,1,0.0583867423326819,457.343352691898,0,FALSE
2019-05-16 20:37:00,0,0.0583867423326819,0,0,FALSE
2019-05-16 20:38:00,1,0.0583083708664636,61.4570228932526,0,FALSE
2019-05-16 20:39:00,0,0.0583083708664636,0,0,FALSE
2019-05-16 20:40:00,5,0.0585434852651186,7658.45818980077,4,FALSE
2019-05-16 20:41:00,1,0.0583083708664636,85.1302214650368,0,FALSE
2019-05-16 20:42:00,0,0.0583083708664636,0,0,FALSE
2019-05-16 20:43:00,0,0.0583083708664636,0,0,FALSE
2019-05-16 20:44:00,0,0.0583083708664636,0,0,FALSE
2019-05-16 20:45:00,0,0.0583083708664636,0,0,FALSE
2019-05-16 20:46:00,0,0.0583083708664636,0,0,FALSE
2019-05-16 20:47:00,0,0.0583083708664636,0,0,FALSE
2019-05-16 20:48:00,1,0.0585434852651138,9.42550112768332,0,FALSE
2019-05-16 20:49:00,0,0.0585434852651138,0,0,FALSE
2019-05-16 20:50:00,0,0.0585434852651138,0,0,FALSE
2019-05-16 20:51:00,5,0.0587785996637738,503.240739796555,5,FALSE
2019-05-16 20:52:00,0,0.0587785996637738,0,0,FALSE
2019-05-16 20:53:00,0,0.0587785996637738,0,0,FALSE
2019-05-16 20:54:00,0,0.0587785996637738,0,0,FALSE
2019-05-16 20:55:00,0,0.0587785996637738,0,0,FALSE
2019-05-16 20:56:00,0,0.0587785996637738,0,0,FALSE
2019-05-16 20:57:00,0,0.0587785996637738,0,0,FALSE
2019-05-16 20:58:00,0,0.0587785996637738,0,0,FALSE
2019-05-16 20:59:00,0,0.0587785996637738,0,0,FALSE
2019-05-16 21:00:00,3,0.0583867423326816,121.444424051978,0,FALSE
2019-05-16 21:01:00,0,0.0583867423326816,0,0,FALSE
2019-05-16 21:02:00,1,0.0583083708664636,8.68794725910307,0,FALSE
2019-05-16 21:03:00,0,0.0583083708664636,0,0,FALSE
2019-05-16 21:04:00,0,0.0583083708664636,0,0,FALSE
2019-05-16 21:05:00,0,0.0583083708664636,0,0,FALSE
2019-05-16 21:06:00,2,0.0582299994002452,165.198508298496,0,FALSE
2019-05-16 21:07:00,0,0.0582299994002452,0,0,FALSE
2019-05-16 21:08:00,0,0.0582299994002452,0,0,FALSE
2019-05-16 21:09:00,0,0.0582299994002452,0,0,FALSE
2019-05-16 21:10:00,1,0.0583083708664636,48.4542561900312,0,FALSE
2019-05-16 21:11:00,0,0.0583083708664636,0,0,FALSE
2019-05-16 21:12:00,0,0.0583083708664636,0,0,FALSE
2019-05-16 21:13:00,0,0.0583083708664636,0,0,FALSE
2019-05-16 21:14:00,0,0.0583083708664636,0,0,FALSE
2019-05-16 21:15:00,0,0.0583083708664636,0,0,FALSE
2019-05-16 21:16:00,0,0.0583083708664636,0,0,FALSE
2019-05-16 21:17:00,0,0.0583083708664636,0,0,FALSE
2019-05-16 21:18:00,0,0.0583083708664636,0,0,FALSE
2019-05-16 21:19:00,6,0.0586087948203004,1258.50561928534,6,FALSE
2019-05-16 21:20:00,2,0.0587785996637737,36.5602889908673,2,FALSE
2019-05-16 21:21:00,0,0.0587785996637737,0,0,FALSE
2019-05-16 21:22:00,0,0.0587785996637737,0,0,FALSE
2019-05-16 21:23:00,0,0.0587785996637737,0,0,FALSE
2019-05-16 21:24:00,0,0.0587785996637737,0,0,FALSE
2019-05-16 21:25:00,0,0.0587785996637737,0,0,FALSE
2019-05-16 21:26:00,0,0.0587785996637737,0,0,FALSE
2019-05-16 21:27:00,1,0.0587002281975554,8.45283286044797,0,FALSE
2019-05-16 21:28:00,1,0.0587002281975554,78.8344064693169,0,FALSE
2019-05-16 21:29:00,0,0.0587002281975554,0,0,FALSE
2019-05-16 21:30:00,2,0.0589353425962105,98.9220320901447,2,FALSE
2019-05-16 21:31:00,1,0.0590137140624289,15.6976479406061,0,FALSE
2019-05-16 21:32:00,2,0.0589353425962105,63.7091053465035,0,FALSE
2019-05-16 21:33:00,0,0.0589353425962105,0,0,FALSE
2019-05-16 21:34:00,0,0.0589353425962105,0,0,FALSE
2019-05-16 21:35:00,0,0.0589353425962105,0,0,FALSE
2019-05-16 21:36:00,0,0.0589353425962105,0,0,FALSE
2019-05-16 21:37:00,0,0.0589353425962105,0,0,FALSE
2019-05-16 21:38:00,2,0.0588569711299921,108.120255965796,0,FALSE
2019-05-16 21:39:00,0,0.0588569711299921,0,0,FALSE
2019-05-16 21:40:00,0,0.0588569711299921,0,0,FALSE
2019-05-16 21:41:00,1,0.0588569711299921,13.0662475908583,0,FALSE
2019-05-16 21:42:00,0,0.0588569711299921,0,0,FALSE
2019-05-16 21:43:00,0,0.0588569711299921,0,0,FALSE
2019-05-16 21:44:00,2,0.0590137140624289,632.466823472287,2,FALSE
2019-05-16 21:45:00,0,0.0590137140624289,0,0,FALSE
2019-05-16 21:46:00,0,0.0590137140624289,0,0,FALSE
2019-05-16 21:47:00,3,0.0590920855286472,349.796854230286,3,FALSE
2019-05-16 21:48:00,0,0.0590920855286472,0,0,FALSE
2019-05-16 21:49:00,0,0.0590920855286472,0,0,FALSE
2019-05-16 21:50:00,0,0.0590920855286472,0,0,FALSE
2019-05-16 21:51:00,0,0.0590920855286472,0,0,FALSE
2019-05-16 21:52:00,0,0.0590920855286472,0,0,FALSE
2019-05-16 21:53:00,0,0.0590920855286472,0,0,FALSE
2019-05-16 21:54:00,0,0.0590920855286472,0,0,FALSE
2019-05-16 21:55:00,2,0.0589745283293197,37.4200239752827,0,FALSE
2019-05-16 21:56:00,0,0.0589745283293197,0,0,FALSE
2019-05-16 21:57:00,0,0.0589745283293197,0,0,FALSE
2019-05-16 21:58:00,0,0.0589745283293197,0,0,FALSE
2019-05-16 21:59:00,1,0.0587785996637738,60.3656218546956,0,FALSE
2019-05-16 22:00:00,0,0.0587785996637738,0,0,FALSE
2019-05-16 22:01:00,2,0.0589353425962105,78.6197470233448,0,FALSE
2019-05-16 22:02:00,0,0.0589353425962105,0,0,FALSE
2019-05-16 22:03:00,0,0.0589353425962105,0,0,FALSE
2019-05-16 22:04:00,0,0.0589353425962105,0,0,FALSE
2019-05-16 22:05:00,1,0.0589353425962105,99.2471169320185,0,FALSE
2019-05-16 22:06:00,0,0.0589353425962105,0,0,FALSE
2019-05-16 22:07:00,0,0.0589353425962105,0,0,FALSE
2019-05-16 22:08:00,1,0.0587785996637738,99.1594976327863,0,FALSE
2019-05-16 22:09:00,0,0.0587785996637738,0,0,FALSE
2019-05-16 22:10:00,0,0.0587785996637738,0,0,FALSE
2019-05-16 22:11:00,0,0.0587785996637738,0,0,FALSE
2019-05-16 22:12:00,0,0.0587785996637738,0,0,FALSE
2019-05-16 22:13:00,0,0.0587785996637738,0,0,FALSE
2019-05-16 22:14:00,0,0.0587785996637738,0,0,FALSE
2019-05-16 22:15:00,0,0.0587785996637738,0,0,FALSE
2019-05-16 22:16:00,0,0.0587785996637738,0,0,FALSE
2019-05-16 22:17:00,0,0.0587785996637738,0,0,FALSE
2019-05-16 22:18:00,3,0.0588830949520649,265.863835283202,0,FALSE
2019-05-16 22:19:00,0,0.0588830949520649,0,0,FALSE
2019-05-16 22:20:00,0,0.0588830949520649,0,0,FALSE
2019-05-16 22:21:00,0,0.0588830949520649,0,0,FALSE
2019-05-16 22:22:00,0,0.0588830949520649,0,0,FALSE
2019-05-16 22:23:00,0,0.0588830949520649,0,0,FALSE
2019-05-16 22:24:00,0,0.0588830949520649,0,0,FALSE
2019-05-16 22:25:00,0,0.0588830949520649,0,0,FALSE
2019-05-16 22:26:00,0,0.0588830949520649,0,0,FALSE
2019-05-16 22:27:00,1,0.0589353425962105,153.880179518706,0,FALSE
2019-05-16 22:28:00,0,0.0589353425962105,0,0,FALSE
2019-05-16 22:29:00,7,0.0593271999273023,430.544543304393,5,FALSE
2019-05-16 22:30:00,0,0.0593271999273023,0,0,FALSE
2019-05-16 22:31:00,0,0.0593271999273023,0,0,FALSE
2019-05-16 22:32:00,0,0.0593271999273023,0,0,FALSE
2019-05-16 22:33:00,0,0.0593271999273023,0,0,FALSE
2019-05-16 22:34:00,0,0.0593271999273023,0,0,FALSE
2019-05-16 22:35:00,0,0.0593271999273023,0,0,FALSE
2019-05-16 22:36:00,1,0.0593271999273023,15.6623807808078,0,FALSE
2019-05-16 22:37:00,0,0.0593271999273023,0,0,FALSE
2019-05-16 22:38:00,0,0.0593271999273023,0,0,FALSE
2019-05-16 22:39:00,0,0.0593271999273023,0,0,FALSE
2019-05-16 22:40:00,0,0.0593271999273023,0,0,FALSE
2019-05-16 22:41:00,0,0.0593271999273023,0,0,FALSE
2019-05-16 22:42:00,0,0.0593271999273023,0,0,FALSE
2019-05-16 22:43:00,0,0.0593271999273023,0,0,FALSE
2019-05-16 22:44:00,0,0.0593271999273023,0,0,FALSE
2019-05-16 22:45:00,0,0.0593271999273023,0,0,FALSE
2019-05-16 22:46:00,0,0.0593271999273023,0,0,FALSE
2019-05-16 22:47:00,0,0.0593271999273023,0,0,FALSE
2019-05-16 22:48:00,0,0.0593271999273023,0,0,FALSE
2019-05-16 22:49:00,1,0.0593271999273023,29.7822543635058,0,FALSE
2019-05-16 22:50:00,0,0.0593271999273023,0,0,FALSE
2019-05-16 22:51:00,0,0.0593271999273023,0,0,FALSE
2019-05-16 22:52:00,0,0.0593271999273023,0,0,FALSE
2019-05-16 22:53:00,0,0.0593271999273023,0,0,FALSE
2019-05-16 22:54:00,0,0.0593271999273023,0,0,FALSE
2019-05-16 22:55:00,0,0.0593271999273023,0,0,FALSE
2019-05-16 22:56:00,0,0.0593271999273023,0,0,FALSE
2019-05-16 22:57:00,0,0.0593271999273023,0,0,FALSE
2019-05-16 22:58:00,0,0.0593271999273023,0,0,FALSE
2019-05-16 22:59:00,0,0.0593271999273023,0,0,FALSE
2019-05-16 23:00:00,1,0.0590920855286448,19.0867436257523,0,FALSE
2019-05-16 23:01:00,0,0.0590920855286448,0,0,FALSE
2019-05-16 23:02:00,0,0.0590920855286448,0,0,FALSE
2019-05-16 23:03:00,1,0.0590920855286472,7.91833946083873,0,FALSE
2019-05-16 23:04:00,0,0.0590920855286472,0,0,FALSE
2019-05-16 23:05:00,0,0.0590920855286472,0,0,FALSE
2019-05-16 23:06:00,0,0.0590920855286472,0,0,FALSE
2019-05-16 23:07:00,0,0.0590920855286472,0,0,FALSE
2019-05-16 23:08:00,0,0.0590920855286472,0,0,FALSE
2019-05-16 23:09:00,0,0.0590920855286472,0,0,FALSE
2019-05-16 23:10:00,0,0.0590920855286472,0,0,FALSE
2019-05-16 23:11:00,0,0.0590920855286472,0,0,FALSE
2019-05-16 23:12:00,0,0.0590920855286472,0,0,FALSE
2019-05-16 23:13:00,0,0.0590920855286472,0,0,FALSE
2019-05-16 23:14:00,0,0.0590920855286472,0,0,FALSE
2019-05-16 23:15:00,0,0.0590920855286472,0,0,FALSE
2019-05-16 23:16:00,0,0.0590920855286472,0,0,FALSE
2019-05-16 23:17:00,0,0.0590920855286472,0,0,FALSE
2019-05-16 23:18:00,0,0.0590920855286472,0,0,FALSE
2019-05-16 23:19:00,1,0.0547365786870945,37.0019271924759,0,FALSE
2019-05-16 23:20:00,0,0.0547365786870945,0,0,FALSE
2019-05-16 23:21:00,0,0.0547365786870945,0,0,FALSE
2019-05-16 23:22:00,0,0.0547365786870945,0,0,FALSE
2019-05-16 23:23:00,0,0.0547365786870945,0,0,FALSE
2019-05-16 23:24:00,0,0.0547365786870945,0,0,FALSE
2019-05-16 23:25:00,0,0.0547365786870945,0,0,FALSE
2019-05-16 23:26:00,0,0.0547365786870945,0,0,FALSE
2019-05-16 23:27:00,3,0.0546880533513789,67.6506262810629,2,FALSE
2019-05-16 23:28:00,0,0.0546880533513789,0,0,FALSE
2019-05-16 23:29:00,2,0.0548457606924494,79.6029259838171,2,FALSE
2019-05-16 23:30:00,0,0.0548457606924494,0,0,FALSE
2019-05-16 23:31:00,0,0.0548457606924494,0,0,FALSE
2019-05-16 23:32:00,0,0.0548457606924494,0,0,FALSE
2019-05-16 23:33:00,0,0.0548457606924494,0,0,FALSE
2019-05-16 23:34:00,0,0.0548457606924494,0,0,FALSE
2019-05-16 23:35:00,0,0.0548457606924494,0,0,FALSE
2019-05-16 23:36:00,0,0.0548457606924494,0,0,FALSE
2019-05-16 23:37:00,0,0.0548457606924494,0,0,FALSE
2019-05-16 23:38:00,0,0.0548457606924494,0,0,FALSE
2019-05-16 23:39:00,0,0.0548457606924494,0,0,FALSE
2019-05-16 23:40:00,0,0.0548457606924494,0,0,FALSE
2019-05-16 23:41:00,0,0.0548457606924494,0,0,FALSE
2019-05-16 23:42:00,0,0.0548457606924494,0,0,FALSE
2019-05-16 23:43:00,0,0.0548457606924494,0,0,FALSE
2019-05-16 23:44:00,0,0.0548457606924494,0,0,FALSE
2019-05-16 23:45:00,0,0.0548457606924494,0,0,FALSE
2019-05-16 23:46:00,0,0.0548457606924494,0,0,FALSE
2019-05-16 23:47:00,0,0.0548457606924494,0,0,FALSE
2019-05-16 23:48:00,0,0.0548457606924494,0,0,FALSE
2019-05-16 23:49:00,0,0.0548457606924494,0,0,FALSE
2019-05-16 23:50:00,0,0.0548457606924494,0,0,FALSE
2019-05-16 23:51:00,0,0.0548457606924494,0,0,FALSE
2019-05-16 23:52:00,0,0.0548457606924494,0,0,FALSE
2019-05-16 23:53:00,0,0.0548457606924494,0,0,FALSE
2019-05-16 23:54:00,0,0.0548457606924494,0,0,FALSE
2019-05-16 23:55:00,0,0.0548457606924494,0,0,FALSE
2019-05-16 23:56:00,0,0.0548457606924494,0,0,FALSE
2019-05-16 23:57:00,0,0.0548457606924494,0,0,FALSE
2019-05-16 23:58:00,1,0.0545182146763747,8.66839613354357,0,FALSE
2019-05-16 23:59:00,0,0.0545182146763747,0,0,FALSE
2019-05-17,3,0.0545182146763743,140.039897170752,2,FALSE
2019-05-17 00:01:00,0,0.0545182146763743,0,0,FALSE
2019-05-17 00:02:00,0,0.0545182146763743,0,0,FALSE
2019-05-17 00:03:00,0,0.0545182146763743,0,0,FALSE
2019-05-17 00:04:00,0,0.0545182146763743,0,0,FALSE
2019-05-17 00:05:00,0,0.0545182146763743,0,0,FALSE
2019-05-17 00:06:00,0,0.0545182146763743,0,0,FALSE
2019-05-17 00:07:00,0,0.0545182146763743,0,0,FALSE
2019-05-17 00:08:00,7,0.0545910026799479,853.615197713152,2,FALSE
2019-05-17 00:09:00,0,0.0545910026799479,0,0,FALSE
2019-05-17 00:10:00,0,0.0545910026799479,0,0,FALSE
2019-05-17 00:11:00,0,0.0545910026799479,0,0,FALSE
2019-05-17 00:12:00,0,0.0545910026799479,0,0,FALSE
2019-05-17 00:13:00,0,0.0545910026799479,0,0,FALSE
2019-05-17 00:14:00,0,0.0545910026799479,0,0,FALSE
2019-05-17 00:15:00,0,0.0545910026799479,0,0,FALSE
2019-05-17 00:16:00,1,0.0545182146763747,20.7169215770224,0,FALSE
2019-05-17 00:17:00,0,0.0545182146763747,0,0,FALSE
2019-05-17 00:18:00,0,0.0545182146763747,0,0,FALSE
2019-05-17 00:19:00,0,0.0545182146763747,0,0,FALSE
2019-05-17 00:20:00,0,0.0545182146763747,0,0,FALSE
2019-05-17 00:21:00,0,0.0545182146763747,0,0,FALSE
2019-05-17 00:22:00,0,0.0545182146763747,0,0,FALSE
2019-05-17 00:23:00,0,0.0545182146763747,0,0,FALSE
2019-05-17 00:24:00,0,0.0545182146763747,0,0,FALSE
2019-05-17 00:25:00,0,0.0545182146763747,0,0,FALSE
2019-05-17 00:26:00,0,0.0545182146763747,0,0,FALSE
2019-05-17 00:27:00,0,0.0545182146763747,0,0,FALSE
2019-05-17 00:28:00,0,0.0545182146763747,0,0,FALSE
2019-05-17 00:29:00,0,0.0545182146763747,0,0,FALSE
2019-05-17 00:30:00,0,0.0545182146763747,0,0,FALSE
2019-05-17 00:31:00,2,0.0547001846853078,8.09038659716828,2,FALSE
2019-05-17 00:32:00,2,0.0546637906835212,147.592234845507,0,FALSE
2019-05-17 00:33:00,0,0.0546637906835212,0,0,FALSE
2019-05-17 00:34:00,0,0.0546637906835212,0,0,FALSE
2019-05-17 00:35:00,1,0.0546637906835212,144.093752241762,0,FALSE
2019-05-17 00:36:00,0,0.0546637906835212,0,0,FALSE
2019-05-17 00:37:00,1,0.0546637906835212,21.2642145758897,0,FALSE
2019-05-17 00:38:00,1,0.0547365786870945,440.191565801614,0,FALSE
2019-05-17 00:39:00,1,0.0549549426978143,21.8720671937301,0,FALSE
2019-05-17 00:40:00,0,0.0549549426978143,0,0,FALSE
2019-05-17 00:41:00,0,0.0549549426978143,0,0,FALSE
2019-05-17 00:42:00,1,0.0548093666906677,70.9781298644147,0,FALSE
2019-05-17 00:43:00,0,0.0548093666906677,0,0,FALSE
2019-05-17 00:44:00,0,0.0548093666906677,0,0,FALSE
2019-05-17 00:45:00,0,0.0548093666906677,0,0,FALSE
2019-05-17 00:46:00,9,0.0550843435930556,1321.88349849709,9,FALSE
2019-05-17 00:47:00,0,0.0550843435930556,0,0,FALSE
2019-05-17 00:48:00,0,0.0550843435930556,0,0,FALSE
2019-05-17 00:49:00,0,0.0550843435930556,0,0,FALSE
2019-05-17 00:50:00,0,0.0550843435930556,0,0,FALSE
2019-05-17 00:51:00,0,0.0550843435930556,0,0,FALSE
2019-05-17 00:52:00,10,0.0551077975053181,650.008445201815,4,FALSE
2019-05-17 00:53:00,0,0.0551077975053181,0,0,FALSE
2019-05-17 00:54:00,0,0.0551077975053181,0,0,FALSE
2019-05-17 00:55:00,0,0.0551077975053181,0,0,FALSE
2019-05-17 00:56:00,0,0.0551077975053181,0,0,FALSE
2019-05-17 00:57:00,1,0.055173306708534,18.0968446003992,0,FALSE
2019-05-17 00:58:00,0,0.055173306708534,0,0,FALSE
2019-05-17 00:59:00,0,0.055173306708534,0,0,FALSE
2019-05-17 01:00:00,0,0.055173306708534,0,0,FALSE
2019-05-17 01:01:00,0,0.055173306708534,0,0,FALSE
2019-05-17 01:02:00,0,0.055173306708534,0,0,FALSE
2019-05-17 01:03:00,0,0.055173306708534,0,0,FALSE
2019-05-17 01:04:00,0,0.055173306708534,0,0,FALSE
2019-05-17 01:05:00,0,0.055173306708534,0,0,FALSE
2019-05-17 01:06:00,0,0.055173306708534,0,0,FALSE
2019-05-17 01:07:00,0,0.055173306708534,0,0,FALSE
2019-05-17 01:08:00,0,0.055173306708534,0,0,FALSE
2019-05-17 01:09:00,0,0.055173306708534,0,0,FALSE
2019-05-17 01:10:00,0,0.055173306708534,0,0,FALSE
2019-05-17 01:11:00,0,0.055173306708534,0,0,FALSE
2019-05-17 01:12:00,0,0.055173306708534,0,0,FALSE
2019-05-17 01:13:00,0,0.055173306708534,0,0,FALSE
2019-05-17 01:14:00,0,0.055173306708534,0,0,FALSE
2019-05-17 01:15:00,0,0.055173306708534,0,0,FALSE
2019-05-17 01:16:00,0,0.055173306708534,0,0,FALSE
2019-05-17 01:17:00,0,0.055173306708534,0,0,FALSE
2019-05-17 01:18:00,0,0.055173306708534,0,0,FALSE
2019-05-17 01:19:00,0,0.055173306708534,0,0,FALSE
2019-05-17 01:20:00,0,0.055173306708534,0,0,FALSE
2019-05-17 01:21:00,0,0.055173306708534,0,0,FALSE
2019-05-17 01:22:00,0,0.055173306708534,0,0,FALSE
2019-05-17 01:23:00,0,0.055173306708534,0,0,FALSE
2019-05-17 01:24:00,1,0.0545910026799479,14.5757977155461,0,FALSE
2019-05-17 01:25:00,0,0.0545910026799479,0,0,FALSE
2019-05-17 01:26:00,3,0.0545910026799479,55.1915037094274,0,FALSE
2019-05-17 01:27:00,0,0.0545910026799479,0,0,FALSE
2019-05-17 01:28:00,0,0.0545910026799479,0,0,FALSE
2019-05-17 01:29:00,1,0.0546637906835212,14.5405683218166,0,FALSE
2019-05-17 01:30:00,0,0.0546637906835212,0,0,FALSE
2019-05-17 01:31:00,2,0.0547001846853078,91.0043660755304,0,FALSE
2019-05-17 01:32:00,4,0.0546091996808412,98.8132086748773,0,FALSE
2019-05-17 01:33:00,0,0.0546091996808412,0,0,FALSE
2019-05-17 01:34:00,0,0.0546091996808412,0,0,FALSE
2019-05-17 01:35:00,0,0.0546091996808412,0,0,FALSE
2019-05-17 01:36:00,0,0.0546091996808412,0,0,FALSE
2019-05-17 01:37:00,0,0.0546091996808412,0,0,FALSE
2019-05-17 01:38:00,13,0.0545182146763747,979.912574233265,6,FALSE
2019-05-17 01:39:00,3,0.0545182146763747,47.430846768446,0,FALSE
2019-05-17 01:40:00,8,0.0545182146763747,129.753350929772,0,FALSE
2019-05-17 01:41:00,1,0.0545910026799479,50.4420864762719,0,FALSE
2019-05-17 01:42:00,1,0.0545910026799479,8.73456042879167,0,FALSE
2019-05-17 01:43:00,7,0.0545182146763747,107.837028629869,0,FALSE
2019-05-17 01:44:00,0,0.0545182146763747,0,0,FALSE
2019-05-17 01:45:00,0,0.0545182146763747,0,0,FALSE
2019-05-17 01:46:00,4,0.0545182146763747,72.8363348076366,0,FALSE
2019-05-17 01:47:00,11,0.0545049804939068,172.953540566529,0,FALSE
2019-05-17 01:48:00,4,0.054481820674588,366.571740923514,0,FALSE
2019-05-17 01:49:00,6,0.054481820674588,143.36609057004,0,FALSE
2019-05-17 01:50:00,20,0.0545182146763747,341.66565137684,0,FALSE
2019-05-17 01:51:00,10,0.0544454266728014,606.739834841699,0,FALSE
2019-05-17 01:52:00,0,0.0544454266728014,0,0,FALSE
2019-05-17 01:53:00,1,0.0545910026799479,2.7295501339974,0,FALSE
2019-05-17 01:54:00,0,0.0545910026799479,0,0,FALSE
2019-05-17 01:55:00,0,0.0545910026799479,0,0,FALSE
2019-05-17 01:56:00,3,0.0545910026799479,146.194705176901,0,FALSE
2019-05-17 01:57:00,0,0.0545910026799479,0,0,FALSE
2019-05-17 01:58:00,0,0.0545910026799479,0,0,FALSE
2019-05-17 01:59:00,3,0.0546637906835212,51.602618405244,0,FALSE
2019-05-17 02:00:00,3,0.0546637906835212,48.1041358014986,0,FALSE
2019-05-17 02:01:00,0,0.0546637906835212,0,0,FALSE
2019-05-17 02:02:00,0,0.0546637906835212,0,0,FALSE
2019-05-17 02:03:00,0,0.0546637906835212,0,0,FALSE
2019-05-17 02:04:00,3,0.0547365786870945,98.9637342662668,0,FALSE
2019-05-17 02:05:00,0,0.0547365786870945,0,0,FALSE
2019-05-17 02:06:00,0,0.0547365786870945,0,0,FALSE
2019-05-17 02:07:00,0,0.0547365786870945,0,0,FALSE
2019-05-17 02:08:00,0,0.0547365786870945,0,0,FALSE
2019-05-17 02:09:00,0,0.0547365786870945,0,0,FALSE
2019-05-17 02:10:00,0,0.0547365786870945,0,0,FALSE
2019-05-17 02:11:00,0,0.0547365786870945,0,0,FALSE
2019-05-17 02:12:00,0,0.0547365786870945,0,0,FALSE
2019-05-17 02:13:00,1,0.0546637906835212,19.40564569265,0,FALSE
2019-05-17 02:14:00,1,0.0546637906835212,227.292041662081,0,FALSE
2019-05-17 02:15:00,0,0.0546637906835212,0,0,FALSE
2019-05-17 02:16:00,0,0.0546637906835212,0,0,FALSE
2019-05-17 02:17:00,1,0.0546637906835212,14.5405683218166,0,FALSE
2019-05-17 02:18:00,3,0.054688053351379,738.722609532916,0,FALSE
2019-05-17 02:19:00,0,0.054688053351379,0,0,FALSE
2019-05-17 02:20:00,2,0.0547365786870945,923.351345872596,0,FALSE
2019-05-17 02:21:00,1,0.0547365786870945,21.8398948961507,0,FALSE
2019-05-17 02:22:00,0,0.0547365786870945,0,0,FALSE
2019-05-17 02:23:00,0,0.0547365786870945,0,0,FALSE
2019-05-17 02:24:00,0,0.0547365786870945,0,0,FALSE
2019-05-17 02:25:00,1,0.0546637906835212,9.45683578824917,0,FALSE
2019-05-17 02:26:00,0,0.0546637906835212,0,0,FALSE
2019-05-17 02:27:00,0,0.0546637906835212,0,0,FALSE
2019-05-17 02:28:00,0,0.0546637906835212,0,0,FALSE
2019-05-17 02:29:00,0,0.0546637906835212,0,0,FALSE
2019-05-17 02:30:00,0,0.0546637906835212,0,0,FALSE
2019-05-17 02:31:00,0,0.0546637906835212,0,0,FALSE
2019-05-17 02:32:00,0,0.0546637906835212,0,0,FALSE
2019-05-17 02:33:00,0,0.0546637906835212,0,0,FALSE
2019-05-17 02:34:00,0,0.0546637906835212,0,0,FALSE
2019-05-17 02:35:00,0,0.0546637906835212,0,0,FALSE
2019-05-17 02:36:00,3,0.0547123160192367,178.732252958214,0,FALSE
2019-05-17 02:37:00,2,0.0547365786870945,21.456738845341,0,FALSE
2019-05-17 02:38:00,1,0.0547365786870945,136.348817509552,0,FALSE
2019-05-17 02:39:00,0,0.0547365786870945,0,0,FALSE
2019-05-17 02:40:00,1,0.0544454266728014,91.6316530903248,0,FALSE
2019-05-17 02:41:00,1,0.0544454266728014,189.905648234731,0,FALSE
2019-05-17 02:42:00,0,0.0544454266728014,0,0,FALSE
2019-05-17 02:43:00,0,0.0544454266728014,0,0,FALSE
2019-05-17 02:44:00,1,0.0544454266728014,7.51346888084659,0,FALSE
2019-05-17 02:45:00,0,0.0544454266728014,0,0,FALSE
2019-05-17 02:46:00,0,0.0544454266728014,0,0,FALSE
2019-05-17 02:47:00,0,0.0544454266728014,0,0,FALSE
2019-05-17 02:48:00,0,0.0544454266728014,0,0,FALSE
2019-05-17 02:49:00,0,0.0544454266728014,0,0,FALSE
2019-05-17 02:50:00,0,0.0544454266728014,0,0,FALSE
2019-05-17 02:51:00,0,0.0544454266728014,0,0,FALSE
2019-05-17 02:52:00,0,0.0544454266728014,0,0,FALSE
2019-05-17 02:53:00,4,0.0546637906835212,2019.55374680269,0,FALSE
2019-05-17 02:54:00,0,0.0546637906835212,0,0,FALSE
2019-05-17 02:55:00,13,0.0547365786870945,5309.39339606947,0,FALSE
2019-05-17 02:56:00,0,0.0547365786870945,0,0,FALSE
2019-05-17 02:57:00,3,0.0545182146763747,313.69780724786,0,FALSE
2019-05-17 02:58:00,6,0.0545182146763747,109.254502211455,0,FALSE
2019-05-17 02:59:00,1,0.0545182146763747,3.27109288058248,0,FALSE
2019-05-17 03:00:00,0,0.0545182146763747,0,0,FALSE
2019-05-17 03:01:00,3,0.0546637906835212,59.4195404729875,0,FALSE
2019-05-17 03:02:00,2,0.0547001846853078,54.9190582120526,0,FALSE
2019-05-17 03:03:00,5,0.0546346754820919,145.792405881151,0,FALSE
2019-05-17 03:04:00,4,0.0545546086781613,135.719201278644,0,FALSE
2019-05-17 03:05:00,17,0.0545182146763747,300.340844652148,0,FALSE
2019-05-17 03:06:00,6,0.0545182146763747,113.615959385565,0,FALSE
2019-05-17 03:07:00,1,0.0545182146763747,33.5832202406468,0,FALSE
2019-05-17 03:08:00,0,0.0545182146763747,0,0,FALSE
2019-05-17 03:09:00,4,0.0544636236736947,274.96454460239,0,FALSE
2019-05-17 03:10:00,0,0.0544636236736947,0,0,FALSE
2019-05-17 03:11:00,1,0.0544454266728014,115.097631986302,0,FALSE
2019-05-17 03:12:00,1,0.0545182146763747,9.70424221239469,0,FALSE
2019-05-17 03:13:00,0,0.0545182146763747,0,0,FALSE
2019-05-17 03:14:00,0,0.0545182146763747,0,0,FALSE
2019-05-17 03:15:00,0,0.0545182146763747,0,0,FALSE
2019-05-17 03:16:00,11,0.0545446830413102,812.249775282465,4,FALSE
2019-05-17 03:17:00,0,0.0545446830413102,0,0,FALSE
2019-05-17 03:18:00,1,0.0543726386692281,15.1699661887146,0,FALSE
2019-05-17 03:19:00,4,0.0541906686602946,267.790486182205,2,FALSE
2019-05-17 03:20:00,1,0.0542270626620816,47.8824963306181,0,FALSE
2019-05-17 03:21:00,0,0.0542270626620816,0,0,FALSE
2019-05-17 03:22:00,0,0.0542270626620816,0,0,FALSE
2019-05-17 03:23:00,0,0.0542270626620816,0,0,FALSE
2019-05-17 03:24:00,0,0.0542270626620816,0,0,FALSE
2019-05-17 03:25:00,2,0.0542998506656549,144.550933692206,2,FALSE
2019-05-17 03:26:00,0,0.0542998506656549,0,0,FALSE
2019-05-17 03:27:00,1,0.0542998506656535,28.2902221968055,0,FALSE
2019-05-17 03:28:00,1,0.0543726386692278,107.875315119748,0,FALSE
2019-05-17 03:29:00,1,0.0543726386692281,371.528240026836,0,FALSE
2019-05-17 03:30:00,0,0.0543726386692281,0,0,FALSE
2019-05-17 03:31:00,0,0.0543726386692281,0,0,FALSE
2019-05-17 03:32:00,0,0.0543726386692281,0,0,FALSE
2019-05-17 03:33:00,1,0.0543726386692279,145.555553717523,0,FALSE
2019-05-17 03:34:00,1,0.0543726386692281,75.7410856662348,0,FALSE
2019-05-17 03:35:00,1,0.0543726386692281,157.0825531154,0,FALSE
2019-05-17 03:36:00,2,0.0543726386692281,79.9277788437654,0,FALSE
2019-05-17 03:37:00,1,0.0543726386692281,3.099240404146,0,FALSE
2019-05-17 03:38:00,1,0.0547365786870945,17.953597809367,0,FALSE
2019-05-17 03:39:00,0,0.0547365786870945,0,0,FALSE
2019-05-17 03:40:00,0,0.0547365786870945,0,0,FALSE
2019-05-17 03:41:00,1,0.0545182146763747,21.4256583678152,0,FALSE
2019-05-17 03:42:00,2,0.0543726386692281,239.837709169965,0,FALSE
2019-05-17 03:43:00,0,0.0543726386692281,0,0,FALSE
2019-05-17 03:44:00,0,0.0543726386692281,0,0,FALSE
2019-05-17 03:45:00,0,0.0543726386692281,0,0,FALSE
2019-05-17 03:46:00,1,0.0544860295634633,32.6371317085145,0,FALSE
2019-05-17 03:47:00,1,0.0544860295634632,7.24664193194061,0,FALSE
2019-05-17 03:48:00,0,0.0544860295634632,0,0,FALSE
2019-05-17 03:49:00,0,0.0544860295634632,0,0,FALSE
2019-05-17 03:50:00,0,0.0544860295634632,0,0,FALSE
2019-05-17 03:51:00,1,0.0544860295634632,7.24664193194061,0,FALSE
2019-05-17 03:52:00,0,0.0544860295634632,0,0,FALSE
2019-05-17 03:53:00,1,0.0544860295634632,63.8576266483789,0,FALSE
2019-05-17 03:54:00,2,0.0544860295634632,111.6963606051,0,FALSE
2019-05-17 03:55:00,0,0.0544860295634632,0,0,FALSE
2019-05-17 03:56:00,0,0.0544860295634632,0,0,FALSE
2019-05-17 03:57:00,0,0.0544860295634632,0,0,FALSE
2019-05-17 03:58:00,0,0.0544860295634632,0,0,FALSE
2019-05-17 03:59:00,0,0.0544860295634632,0,0,FALSE
2019-05-17 04:00:00,0,0.0544860295634632,0,0,FALSE
2019-05-17 04:01:00,0,0.0544860295634632,0,0,FALSE
2019-05-17 04:02:00,1,0.0544860295634632,11.4965522378907,0,FALSE
2019-05-17 04:03:00,0,0.0544860295634632,0,0,FALSE
2019-05-17 04:04:00,0,0.0544860295634632,0,0,FALSE
2019-05-17 04:05:00,2,0.054814258657219,93.2169167470507,2,FALSE
2019-05-17 04:06:00,1,0.0548507285565253,7.40484835513091,0,FALSE
2019-05-17 04:07:00,8,0.0550695479523624,561.463436113176,4,FALSE
2019-05-17 04:08:00,0,0.0550695479523624,0,0,FALSE
2019-05-17 04:09:00,0,0.0550695479523624,0,0,FALSE
2019-05-17 04:10:00,0,0.0550695479523624,0,0,FALSE
2019-05-17 04:11:00,0,0.0550695479523624,0,0,FALSE
2019-05-17 04:12:00,0,0.0550695479523624,0,0,FALSE
2019-05-17 04:13:00,0,0.0550695479523624,0,0,FALSE
2019-05-17 04:14:00,0,0.0550695479523624,0,0,FALSE
2019-05-17 04:15:00,0,0.0550695479523624,0,0,FALSE
2019-05-17 04:16:00,0,0.0550695479523624,0,0,FALSE
2019-05-17 04:17:00,0,0.0550695479523624,0,0,FALSE
2019-05-17 04:18:00,2,0.0551424877509748,497.469120282197,2,FALSE
2019-05-17 04:19:00,0,0.0551424877509748,0,0,FALSE
2019-05-17 04:20:00,2,0.0552883673481997,73.5888169404537,0,FALSE
2019-05-17 04:21:00,2,0.0553248372475059,438.788322900535,2,FALSE
2019-05-17 04:22:00,1,0.0555071867440369,22.4804106313349,0,FALSE
2019-05-17 04:23:00,2,0.0554707168447306,257.790109078627,0,FALSE
2019-05-17 04:24:00,1,0.0555801265426493,550.576733531484,0,FALSE
2019-05-17 04:25:00,7,0.0558093659097162,980.106661914546,5,FALSE
2019-05-17 04:26:00,2,0.0557989459384865,12.2232514514661,0,FALSE
2019-05-17 04:27:00,1,0.0557989459384865,72.9850212875403,0,FALSE
2019-05-17 04:28:00,0,0.0557989459384865,0,0,FALSE
2019-05-17 04:29:00,0,0.0557989459384865,0,0,FALSE
2019-05-17 04:30:00,1,0.0557989459384865,7.4212598098187,0,FALSE
2019-05-17 04:31:00,0,0.0557989459384865,0,0,FALSE
2019-05-17 04:32:00,0,0.0557989459384865,0,0,FALSE
2019-05-17 04:33:00,23,0.0562587837993035,3379.42049098224,18,FALSE
2019-05-17 04:34:00,8,0.0557989459384865,188.098246758638,0,FALSE
2019-05-17 04:35:00,3,0.0557989459384862,124.20845365907,0,FALSE
2019-05-17 04:36:00,2,0.0559448255357103,131.074203962657,0,FALSE
2019-05-17 04:37:00,3,0.0560907051329359,482.341478989783,3,FALSE
2019-05-17 04:38:00,12,0.0566924584714884,1250.921047313,7,FALSE
2019-05-17 04:39:00,5,0.0567325753607252,47.98490531314,0,FALSE
2019-05-17 04:40:00,1,0.0566742235218353,51.0634753931736,0,FALSE
2019-05-17 04:41:00,0,0.0566742235218353,0,0,FALSE
2019-05-17 04:42:00,0,0.0566742235218353,0,0,FALSE
2019-05-17 04:43:00,0,0.0566742235218353,0,0,FALSE
2019-05-17 04:44:00,0,0.0566742235218353,0,0,FALSE
2019-05-17 04:45:00,0,0.0566742235218353,0,0,FALSE
2019-05-17 04:46:00,0,0.0566742235218353,0,0,FALSE
2019-05-17 04:47:00,2,0.0562365847301609,41.1651800224777,0,FALSE
2019-05-17 04:48:00,0,0.0562365847301609,0,0,FALSE
2019-05-17 04:49:00,0,0.0562365847301609,0,0,FALSE
2019-05-17 04:50:00,0,0.0562365847301609,0,0,FALSE
2019-05-17 04:51:00,0,0.0562365847301609,0,0,FALSE
2019-05-17 04:52:00,0,0.0562365847301609,0,0,FALSE
2019-05-17 04:53:00,2,0.0562365847301609,36.5537800746046,0,FALSE
2019-05-17 04:54:00,0,0.0562365847301609,0,0,FALSE
2019-05-17 04:55:00,0,0.0562365847301609,0,0,FALSE
2019-05-17 04:56:00,0,0.0562365847301609,0,0,FALSE
2019-05-17 04:57:00,3,0.0559934520681167,322.095513150685,0,FALSE
2019-05-17 04:58:00,0,0.0559934520681167,0,0,FALSE
2019-05-17 04:59:00,1,0.0558718857370984,84.0313161485959,0,FALSE
2019-05-17 05:00:00,0,0.0558718857370984,0,0,FALSE
2019-05-17 05:01:00,3,0.0558961990033028,197.083992308893,0,FALSE
2019-05-17 05:02:00,0,0.0558961990033028,0,0,FALSE
2019-05-17 05:03:00,2,0.0558718857370985,67.9960849420486,0,FALSE
2019-05-17 05:04:00,3,0.0560420786005273,225.351300682538,0,FALSE
2019-05-17 05:05:00,2,0.0561271750322423,185.855566770702,0,FALSE
2019-05-17 05:06:00,0,0.0561271750322423,0,0,FALSE
2019-05-17 05:07:00,0,0.0561271750322423,0,0,FALSE
2019-05-17 05:08:00,0,0.0561271750322423,0,0,FALSE
2019-05-17 05:09:00,0,0.0561271750322423,0,0,FALSE
2019-05-17 05:10:00,0,0.0561271750322423,0,0,FALSE
2019-05-17 05:11:00,0,0.0561271750322423,0,0,FALSE
2019-05-17 05:12:00,0,0.0561271750322423,0,0,FALSE
2019-05-17 05:13:00,0,0.0561271750322423,0,0,FALSE
2019-05-17 05:14:00,0,0.0561271750322423,0,0,FALSE
2019-05-17 05:15:00,0,0.0561271750322423,0,0,FALSE
2019-05-17 05:16:00,0,0.0561271750322423,0,0,FALSE
2019-05-17 05:17:00,0,0.0561271750322423,0,0,FALSE
2019-05-17 05:18:00,0,0.0561271750322423,0,0,FALSE
2019-05-17 05:19:00,1,0.0557260061398741,22.8476625173484,0,FALSE
2019-05-17 05:20:00,0,0.0557260061398741,0,0,FALSE
2019-05-17 05:21:00,0,0.0557260061398741,0,0,FALSE
2019-05-17 05:22:00,0,0.0557260061398741,0,0,FALSE
2019-05-17 05:23:00,0,0.0557260061398741,0,0,FALSE
2019-05-17 05:24:00,0,0.0557260061398741,0,0,FALSE
2019-05-17 05:25:00,0,0.0557260061398741,0,0,FALSE
2019-05-17 05:26:00,0,0.0557260061398741,0,0,FALSE
2019-05-17 05:27:00,0,0.0557260061398741,0,0,FALSE
2019-05-17 05:28:00,1,0.0557260061398741,32.2653575549871,0,FALSE
2019-05-17 05:29:00,0,0.0557260061398741,0,0,FALSE
2019-05-17 05:30:00,5,0.0557989459384858,622.49267619076,4,FALSE
2019-05-17 05:31:00,1,0.0559448255357113,8.72739278357096,0,FALSE
2019-05-17 05:32:00,0,0.0559448255357113,0,0,FALSE
2019-05-17 05:33:00,0,0.0559448255357113,0,0,FALSE
2019-05-17 05:34:00,0,0.0559448255357113,0,0,FALSE
2019-05-17 05:35:00,0,0.0559448255357113,0,0,FALSE
2019-05-17 05:36:00,0,0.0559448255357113,0,0,FALSE
2019-05-17 05:37:00,0,0.0559448255357113,0,0,FALSE
2019-05-17 05:38:00,0,0.0559448255357113,0,0,FALSE
2019-05-17 05:39:00,0,0.0559448255357113,0,0,FALSE
2019-05-17 05:40:00,0,0.0559448255357113,0,0,FALSE
2019-05-17 05:41:00,0,0.0559448255357113,0,0,FALSE
2019-05-17 05:42:00,0,0.0559448255357113,0,0,FALSE
2019-05-17 05:43:00,1,0.0559448255357113,27.9724127678556,0,FALSE
2019-05-17 05:44:00,1,0.0558718857370984,94.9822057530673,0,FALSE
2019-05-17 05:45:00,0,0.0558718857370984,0,0,FALSE
2019-05-17 05:46:00,0,0.0558718857370984,0,0,FALSE
2019-05-17 05:47:00,2,0.0559083556364051,166.638920368078,2,FALSE
2019-05-17 05:48:00,0,0.0559083556364051,0,0,FALSE
2019-05-17 05:49:00,0,0.0559083556364051,0,0,FALSE
2019-05-17 05:50:00,0,0.0559083556364051,0,0,FALSE
2019-05-17 05:51:00,1,0.0559448255357105,52.8678601312464,0,FALSE
2019-05-17 05:52:00,0,0.0559448255357105,0,0,FALSE
2019-05-17 05:53:00,0,0.0559448255357105,0,0,FALSE
2019-05-17 05:54:00,0,0.0559448255357105,0,0,FALSE
2019-05-17 05:55:00,0,0.0559448255357105,0,0,FALSE
2019-05-17 05:56:00,1,0.0559448255357057,7.38471697071316,0,FALSE
2019-05-17 05:57:00,0,0.0559448255357057,0,0,FALSE
2019-05-17 05:58:00,0,0.0559448255357057,0,0,FALSE
2019-05-17 05:59:00,0,0.0559448255357057,0,0,FALSE
2019-05-17 06:00:00,1,0.0558718857370989,18.4935941789797,0,FALSE
2019-05-17 06:01:00,0,0.0558718857370989,0,0,FALSE
2019-05-17 06:02:00,0,0.0558718857370989,0,0,FALSE
2019-05-17 06:03:00,0,0.0558718857370989,0,0,FALSE
2019-05-17 06:04:00,0,0.0558718857370989,0,0,FALSE
2019-05-17 06:05:00,0,0.0558718857370989,0,0,FALSE
2019-05-17 06:06:00,0,0.0558718857370989,0,0,FALSE
2019-05-17 06:07:00,0,0.0558718857370989,0,0,FALSE
2019-05-17 06:08:00,1,0.0558718857370984,99.7871879264578,0,FALSE
2019-05-17 06:09:00,2,0.0558718857370974,56.4306045944684,0,FALSE
2019-05-17 06:10:00,1,0.0558718857370989,7.54270457450835,0,FALSE
2019-05-17 06:11:00,0,0.0558718857370989,0,0,FALSE
2019-05-17 06:12:00,0,0.0558718857370989,0,0,FALSE
2019-05-17 06:13:00,0,0.0558718857370989,0,0,FALSE
2019-05-17 06:14:00,0,0.0558718857370989,0,0,FALSE
2019-05-17 06:15:00,0,0.0558718857370989,0,0,FALSE
2019-05-17 06:16:00,1,0.0558718857370989,48.3291811625905,0,FALSE
2019-05-17 06:17:00,1,0.0559448255357098,28.4759161976763,0,FALSE
2019-05-17 06:18:00,3,0.0557503194060774,273.296307925838,0,FALSE
2019-05-17 06:19:00,3,0.0560420786005278,2870.37035417536,3,FALSE
2019-05-17 06:20:00,1,0.0561636449315485,7.4136011309644,0,FALSE
2019-05-17 06:21:00,0,0.0561636449315485,0,0,FALSE
2019-05-17 06:22:00,0,0.0561636449315485,0,0,FALSE
2019-05-17 06:23:00,0,0.0561636449315485,0,0,FALSE
2019-05-17 06:24:00,1,0.0562365847301609,7.36699259965107,0,FALSE
2019-05-17 06:25:00,0,0.0562365847301609,0,0,FALSE
2019-05-17 06:26:00,0,0.0562365847301609,0,0,FALSE
2019-05-17 06:27:00,0,0.0562365847301609,0,0,FALSE
2019-05-17 06:28:00,0,0.0562365847301609,0,0,FALSE
2019-05-17 06:29:00,0,0.0562365847301609,0,0,FALSE
2019-05-17 06:30:00,0,0.0562365847301609,0,0,FALSE
2019-05-17 06:31:00,0,0.0562365847301609,0,0,FALSE
2019-05-17 06:32:00,1,0.0559448255357098,28.4759161976763,0,FALSE
2019-05-17 06:33:00,0,0.0559448255357098,0,0,FALSE
2019-05-17 06:34:00,0,0.0559448255357098,0,0,FALSE
2019-05-17 06:35:00,0,0.0559448255357098,0,0,FALSE
2019-05-17 06:36:00,0,0.0559448255357098,0,0,FALSE
2019-05-17 06:37:00,0,0.0559448255357098,0,0,FALSE
2019-05-17 06:38:00,0,0.0559448255357098,0,0,FALSE
2019-05-17 06:39:00,0,0.0559448255357098,0,0,FALSE
2019-05-17 06:40:00,0,0.0559448255357098,0,0,FALSE
2019-05-17 06:41:00,0,0.0559448255357098,0,0,FALSE
2019-05-17 06:42:00,0,0.0559448255357098,0,0,FALSE
2019-05-17 06:43:00,0,0.0559448255357098,0,0,FALSE
2019-05-17 06:44:00,0,0.0559448255357098,0,0,FALSE
2019-05-17 06:45:00,1,0.0560177653343222,28.51304255517,0,FALSE
2019-05-17 06:46:00,0,0.0560177653343222,0,0,FALSE
2019-05-17 06:47:00,5,0.0560761171732136,322.07749702043,0,FALSE
2019-05-17 06:48:00,1,0.0559448255357064,8.44766865589167,0,FALSE
2019-05-17 06:49:00,0,0.0559448255357064,0,0,FALSE
2019-05-17 06:50:00,0,0.0559448255357064,0,0,FALSE
2019-05-17 06:51:00,0,0.0559448255357064,0,0,FALSE
2019-05-17 06:52:00,0,0.0559448255357064,0,0,FALSE
2019-05-17 06:53:00,2,0.0559812954350175,49.5237162444658,2,FALSE
2019-05-17 06:54:00,0,0.0559812954350175,0,0,FALSE
2019-05-17 06:55:00,0,0.0559812954350175,0,0,FALSE
2019-05-17 06:56:00,1,0.0560907051329305,7.40397307754683,0,FALSE
2019-05-17 06:57:00,0,0.0560907051329305,0,0,FALSE
2019-05-17 06:58:00,0,0.0560907051329305,0,0,FALSE
2019-05-17 06:59:00,1,0.0559448255357105,54.1545911185678,0,FALSE
2019-05-17 07:00:00,0,0.0559448255357105,0,0,FALSE
2019-05-17 07:01:00,1,0.0559448255357112,421.152646632834,0,FALSE
2019-05-17 07:02:00,0,0.0559448255357112,0,0,FALSE
2019-05-17 07:03:00,4,0.0562548196798135,209.515924524189,2,FALSE
2019-05-17 07:04:00,2,0.0563824643273857,90.4374727811266,0,FALSE
2019-05-17 07:05:00,0,0.0563824643273857,0,0,FALSE
2019-05-17 07:06:00,0,0.0563824643273857,0,0,FALSE
2019-05-17 07:07:00,0,0.0563824643273857,0,0,FALSE
2019-05-17 07:08:00,0,0.0563824643273857,0,0,FALSE
2019-05-17 07:09:00,0,0.0563824643273857,0,0,FALSE
2019-05-17 07:10:00,0,0.0563824643273857,0,0,FALSE
2019-05-17 07:11:00,0,0.0563824643273857,0,0,FALSE
2019-05-17 07:12:00,0,0.0563824643273857,0,0,FALSE
2019-05-17 07:13:00,2,0.0562365847301609,48.0260433595574,0,FALSE
2019-05-17 07:14:00,0,0.0562365847301609,0,0,FALSE
2019-05-17 07:15:00,0,0.0562365847301609,0,0,FALSE
2019-05-17 07:16:00,0,0.0562365847301609,0,0,FALSE
2019-05-17 07:17:00,0,0.0562365847301609,0,0,FALSE
2019-05-17 07:18:00,4,0.056254819679814,1710.76008785227,2,FALSE
2019-05-17 07:19:00,1,0.0562365847301609,46.4514189871129,0,FALSE
2019-05-17 07:20:00,2,0.0562730546294671,126.692491440615,0,FALSE
2019-05-17 07:21:00,1,0.0563095245287733,54.5639292683813,0,FALSE
2019-05-17 07:22:00,8,0.0563095245287733,478.349410871929,0,FALSE
2019-05-17 07:23:00,1,0.0563824643273857,14.6594407251203,0,FALSE
2019-05-17 07:24:00,1,0.0564554041259981,61.8186675179679,0,FALSE
2019-05-17 07:25:00,3,0.0565040306584063,148.777860122665,2,FALSE
2019-05-17 07:26:00,1,0.0565283439246105,19.9545054053875,0,FALSE
2019-05-17 07:27:00,0,0.0565283439246105,0,0,FALSE
2019-05-17 07:28:00,0,0.0565283439246105,0,0,FALSE
2019-05-17 07:29:00,1,0.0566012837232229,46.8092616391053,0,FALSE
2019-05-17 07:30:00,0,0.0566012837232229,0,0,FALSE
2019-05-17 07:31:00,0,0.0566012837232229,0,0,FALSE
2019-05-17 07:32:00,0,0.0566012837232229,0,0,FALSE
2019-05-17 07:33:00,0,0.0566012837232229,0,0,FALSE
2019-05-17 07:34:00,0,0.0566012837232229,0,0,FALSE
2019-05-17 07:35:00,0,0.0566012837232229,0,0,FALSE
2019-05-17 07:36:00,1,0.0566742235218353,213.435125783232,0,FALSE
2019-05-17 07:37:00,0,0.0566742235218353,0,0,FALSE
2019-05-17 07:38:00,0,0.0566742235218353,0,0,FALSE
2019-05-17 07:39:00,0,0.0566742235218353,0,0,FALSE
2019-05-17 07:40:00,0,0.0566742235218353,0,0,FALSE
2019-05-17 07:41:00,0,0.0566742235218353,0,0,FALSE
2019-05-17 07:42:00,0,0.0566742235218353,0,0,FALSE
2019-05-17 07:43:00,0,0.0566742235218353,0,0,FALSE
2019-05-17 07:44:00,0,0.0566742235218353,0,0,FALSE
2019-05-17 07:45:00,0,0.0566742235218353,0,0,FALSE
2019-05-17 07:46:00,0,0.0566742235218353,0,0,FALSE
2019-05-17 07:47:00,0,0.0566742235218353,0,0,FALSE
2019-05-17 07:48:00,0,0.0566742235218353,0,0,FALSE
2019-05-17 07:49:00,0,0.0566742235218353,0,0,FALSE
2019-05-17 07:50:00,1,0.0558718857370989,95.1498214102794,0,FALSE
2019-05-17 07:51:00,0,0.0558718857370989,0,0,FALSE
2019-05-17 07:52:00,0,0.0558718857370989,0,0,FALSE
2019-05-17 07:53:00,1,0.0563095245287733,28.4926194115593,0,FALSE
2019-05-17 07:54:00,0,0.0563095245287733,0,0,FALSE
2019-05-17 07:55:00,0,0.0563095245287733,0,0,FALSE
2019-05-17 07:56:00,1,0.0563095245287733,478.011553724756,0,FALSE
2019-05-17 07:57:00,4,0.0564736390756512,3897.29306113029,3,FALSE
2019-05-17 07:58:00,0,0.0564736390756512,0,0,FALSE
2019-05-17 07:59:00,0,0.0564736390756512,0,0,FALSE
2019-05-17 08:00:00,0,0.0564736390756512,0,0,FALSE
2019-05-17 08:01:00,1,0.0565283439246105,648.549689847056,0,FALSE
2019-05-17 08:02:00,0,0.0565283439246105,0,0,FALSE
2019-05-17 08:03:00,0,0.0565283439246105,0,0,FALSE
2019-05-17 08:04:00,0,0.0565283439246105,0,0,FALSE
2019-05-17 08:05:00,0,0.0565283439246105,0,0,FALSE
2019-05-17 08:06:00,0,0.0565283439246105,0,0,FALSE
2019-05-17 08:07:00,0,0.0565283439246105,0,0,FALSE
2019-05-17 08:08:00,0,0.0565283439246105,0,0,FALSE
2019-05-17 08:09:00,0,0.0565283439246105,0,0,FALSE
2019-05-17 08:10:00,0,0.0565283439246105,0,0,FALSE
2019-05-17 08:11:00,0,0.0565283439246105,0,0,FALSE
2019-05-17 08:12:00,0,0.0565283439246105,0,0,FALSE
2019-05-17 08:13:00,0,0.0565283439246105,0,0,FALSE
2019-05-17 08:14:00,0,0.0565283439246105,0,0,FALSE
2019-05-17 08:15:00,0,0.0565283439246105,0,0,FALSE
2019-05-17 08:16:00,0,0.0565283439246105,0,0,FALSE
2019-05-17 08:17:00,0,0.0565283439246105,0,0,FALSE
2019-05-17 08:18:00,0,0.0565283439246105,0,0,FALSE
2019-05-17 08:19:00,0,0.0565283439246105,0,0,FALSE
2019-05-17 08:20:00,0,0.0565283439246105,0,0,FALSE
2019-05-17 08:21:00,0,0.0565283439246105,0,0,FALSE
2019-05-17 08:22:00,0,0.0565283439246105,0,0,FALSE
2019-05-17 08:23:00,0,0.0565283439246105,0,0,FALSE
2019-05-17 08:24:00,2,0.0560513834328291,59.7444621564073,2,FALSE
2019-05-17 08:25:00,0,0.0560513834328291,0,0,FALSE
2019-05-17 08:26:00,0,0.0560513834328291,0,0,FALSE
2019-05-17 08:27:00,0,0.0560513834328291,0,0,FALSE
2019-05-17 08:28:00,0,0.0560513834328291,0,0,FALSE
2019-05-17 08:29:00,0,0.0560513834328291,0,0,FALSE
2019-05-17 08:30:00,5,0.0560731509603758,2166.73700733975,4,FALSE
2019-05-17 08:31:00,9,0.0558699873699397,130.232940559329,0,FALSE
2019-05-17 08:32:00,15,0.0558699873699397,217.054900932216,0,FALSE
2019-05-17 08:33:00,0,0.0558699873699397,0,0,FALSE
2019-05-17 08:34:00,0,0.0558699873699397,0,0,FALSE
2019-05-17 08:35:00,0,0.0558699873699397,0,0,FALSE
2019-05-17 08:36:00,0,0.0558699873699397,0,0,FALSE
2019-05-17 08:37:00,0,0.0558699873699397,0,0,FALSE
2019-05-17 08:38:00,0,0.0558699873699397,0,0,FALSE
2019-05-17 08:39:00,0,0.0558699873699397,0,0,FALSE
2019-05-17 08:40:00,0,0.0558699873699397,0,0,FALSE
2019-05-17 08:41:00,1,0.056087662645407,20.6963475161552,0,FALSE
2019-05-17 08:42:00,0,0.056087662645407,0,0,FALSE
2019-05-17 08:43:00,0,0.056087662645407,0,0,FALSE
2019-05-17 08:44:00,0,0.056087662645407,0,0,FALSE
2019-05-17 08:45:00,0,0.056087662645407,0,0,FALSE
2019-05-17 08:46:00,0,0.056087662645407,0,0,FALSE
2019-05-17 08:47:00,0,0.056087662645407,0,0,FALSE
2019-05-17 08:48:00,0,0.056087662645407,0,0,FALSE
2019-05-17 08:49:00,0,0.056087662645407,0,0,FALSE
2019-05-17 08:50:00,1,0.0560151042202512,37.9222255571101,0,FALSE
2019-05-17 08:51:00,0,0.0560151042202512,0,0,FALSE
2019-05-17 08:52:00,0,0.0560151042202512,0,0,FALSE
2019-05-17 08:53:00,5,0.0561311977005004,4514.23918206218,4,FALSE
2019-05-17 08:54:00,0,0.0561311977005004,0,0,FALSE
2019-05-17 08:55:00,2,0.0561602210705627,359.964669067359,2,FALSE
2019-05-17 08:56:00,5,0.0562327794957185,1117.6827252569,0,FALSE
2019-05-17 08:57:00,4,0.0563597567397411,19602.8389362906,3,FALSE
2019-05-17 08:58:00,10,0.0567116651017465,1537.44047062552,5,FALSE
2019-05-17 08:59:00,20,0.0572268299203525,3298.71308932651,12,FALSE
2019-05-17 09:00:00,3,0.0572727835896178,81.9730259365767,0,FALSE
2019-05-17 09:01:00,2,0.0572485974478992,50.3215171567034,0,FALSE
2019-05-17 09:02:00,13,0.0576002267390387,1083.19708439044,10,FALSE
2019-05-17 09:03:00,16,0.0577746460302785,514.46049397295,4,FALSE
2019-05-17 09:04:00,10,0.0580975310222195,3648.1790621828,4,FALSE
2019-05-17 09:05:00,30,0.0584458114629692,2543.44634697243,9,FALSE
2019-05-17 09:06:00,18,0.0581031744552877,993.959218693566,9,FALSE
2019-05-17 09:07:00,2,0.0580467401246126,136.29374581259,0,FALSE
2019-05-17 09:08:00,4,0.0584458114629692,509.828872019981,4,FALSE
2019-05-17 09:09:00,13,0.0576448780775959,1731.36214933272,0,FALSE
2019-05-17 09:10:00,1,0.057611389573678,14.7485157308616,0,FALSE
2019-05-17 09:11:00,4,0.0577565064239896,1005.04433209674,2,FALSE
2019-05-17 09:12:00,0,0.0577565064239896,0,0,FALSE
2019-05-17 09:13:00,9,0.0572969697313364,863.426539279923,0,FALSE
2019-05-17 09:14:00,0,0.0572969697313364,0,0,FALSE
2019-05-17 09:15:00,0,0.0572969697313364,0,0,FALSE
2019-05-17 09:16:00,1,0.0573937142982107,21.522642861829,0,FALSE
2019-05-17 09:17:00,2,0.0570309221724319,21.785812269869,0,FALSE
2019-05-17 09:18:00,2,0.0570309221724296,37.0130684899069,0,FALSE
2019-05-17 09:19:00,0,0.0570309221724296,0,0,FALSE
2019-05-17 09:20:00,0,0.0570309221724296,0,0,FALSE
2019-05-17 09:21:00,0,0.0570309221724296,0,0,FALSE
2019-05-17 09:22:00,2,0.0570672013850098,42.4876016679108,0,FALSE
2019-05-17 09:23:00,0,0.0570672013850098,0,0,FALSE
2019-05-17 09:24:00,0,0.0570672013850098,0,0,FALSE
2019-05-17 09:25:00,0,0.0570672013850098,0,0,FALSE
2019-05-17 09:26:00,4,0.0571216202038766,601.017543535592,0,FALSE
2019-05-17 09:27:00,0,0.0571216202038766,0,0,FALSE
2019-05-17 09:28:00,0,0.0571216202038766,0,0,FALSE
2019-05-17 09:29:00,1,0.0572485974478992,67.4960963910732,0,FALSE
2019-05-17 09:30:00,6,0.05740580736907,484.819796829419,0,FALSE
2019-05-17 09:31:00,3,0.0575388311485223,132.39685047275,0,FALSE
2019-05-17 09:32:00,1,0.0575388311485223,180.326696819469,0,FALSE
2019-05-17 09:33:00,1,0.0575388311485223,265.656783412727,0,FALSE
2019-05-17 09:34:00,2,0.0576476687862559,166.04531222976,0,FALSE
2019-05-17 09:35:00,1,0.057611389573678,166.727361426224,0,FALSE
2019-05-17 09:36:00,1,0.0576839479988338,21.4584286555662,0,FALSE
2019-05-17 09:37:00,2,0.0579016232742989,31.6142863077677,0,FALSE
2019-05-17 09:38:00,21,0.0588103311702995,3045.59592550762,17,FALSE
2019-05-17 09:39:00,10,0.0588811620139039,246.957026081583,5,FALSE
2019-05-17 09:40:00,20,0.0593382800923852,3456.62692396591,12,FALSE
2019-05-17 09:41:00,48,0.0605862850050642,11058.0158788303,32,FALSE
2019-05-17 09:42:00,11,0.0602696664225666,579.254296935947,2,FALSE
2019-05-17 09:43:00,9,0.0601912446903275,403.180539648558,0,FALSE
2019-05-17 09:44:00,20,0.0602307487218012,2560.03443645626,7,FALSE
2019-05-17 09:45:00,18,0.0602154308320457,1532.81922452735,0,FALSE
2019-05-17 09:46:00,19,0.06027313811755,1712.32891347956,5,FALSE
2019-05-17 09:47:00,21,0.060009272766921,1869.68187149252,7,FALSE
2019-05-17 09:48:00,2,0.0595704670528726,11.2588182729936,0,FALSE
2019-05-17 09:49:00,5,0.059512420312759,5437.06495051162,2,FALSE
2019-05-17 09:50:00,2,0.059606746265461,169.501415136778,0,FALSE
2019-05-17 09:51:00,3,0.0594979086277263,110.836694905114,2,FALSE
2019-05-17 09:52:00,6,0.0595583739820236,737.818762973721,3,FALSE
2019-05-17 09:53:00,0,0.0595583739820236,0,0,FALSE
2019-05-17 09:54:00,1,0.0595704670528836,435.340973222474,0,FALSE
2019-05-17 09:55:00,0,0.0595704670528836,0,0,FALSE
2019-05-17 09:56:00,2,0.0594616294151501,16.1744339020227,0,FALSE
2019-05-17 09:57:00,4,0.0594072105962832,56.2594084377507,0,FALSE
2019-05-17 09:58:00,1,0.0593527917774164,7.41909897217705,0,FALSE
2019-05-17 09:59:00,0,0.0593527917774164,0,0,FALSE
2019-05-17 10:00:00,1,0.0593527917774164,35.2555583157854,0,FALSE
2019-05-17 10:01:00,7,0.0590832890554086,319.794946291048,0,FALSE
2019-05-17 10:02:00,6,0.0586876728801552,780.62155844051,5,FALSE
2019-05-17 10:03:00,0,0.0586876728801552,0,0,FALSE
2019-05-17 10:04:00,1,0.0586997659510145,28.9976843798012,0,FALSE
2019-05-17 10:05:00,0,0.0586997659510145,0,0,FALSE
2019-05-17 10:06:00,3,0.0578774371325825,328.6460583421,0,FALSE
2019-05-17 10:07:00,8,0.0580467401246123,3633.42764411493,0,FALSE
2019-05-17 10:08:00,0,0.0580467401246123,0,0,FALSE
2019-05-17 10:09:00,0,0.0580467401246123,0,0,FALSE
2019-05-17 10:10:00,4,0.0582644154000797,844.041467623181,2,FALSE
2019-05-17 10:11:00,0,0.0582644154000797,0,0,FALSE
2019-05-17 10:12:00,0,0.0582644154000797,0,0,FALSE
2019-05-17 10:13:00,7,0.058523552632779,2169.08790031479,2,FALSE
2019-05-17 10:14:00,7,0.0589485376944057,1110.58992152265,7,FALSE
2019-05-17 10:15:00,1,0.0593527917774164,62.7952537005066,0,FALSE
2019-05-17 10:16:00,0,0.0593527917774164,0,0,FALSE
2019-05-17 10:17:00,3,0.0594253502025702,44.1166834295067,2,FALSE
2019-05-17 10:18:00,0,0.0594253502025702,0,0,FALSE
2019-05-17 10:19:00,4,0.0596430254780383,296.208814376215,0,FALSE
2019-05-17 10:20:00,5,0.0598026540133822,476.357090028226,0,FALSE
2019-05-17 10:21:00,5,0.0598607007535068,243.93235557054,0,FALSE
2019-05-17 10:22:00,5,0.0601073993990364,1141.81710863221,3,FALSE
2019-05-17 10:23:00,10,0.0604266564697218,967.732177778342,2,FALSE
2019-05-17 10:24:00,15,0.0607797741388129,2295.93105636769,11,FALSE
2019-05-17 10:25:00,7,0.0605862850050632,234.526606917596,0,FALSE
2019-05-17 10:26:00,20,0.060713262249087,6180.00125921158,13,FALSE
2019-05-17 10:27:00,19,0.0610827373877081,1267.67912966015,11,FALSE
2019-05-17 10:28:00,9,0.0606830295719363,380.436811049779,0,FALSE
2019-05-17 10:29:00,9,0.06032023744616,211.408839637145,0,FALSE
2019-05-17 10:30:00,2,0.0596793046906172,208.27184868396,0,FALSE
2019-05-17 10:31:00,4,0.0596974442969062,262.458553148711,2,FALSE
2019-05-17 10:32:00,2,0.0594979086277276,209.73012791274,0,FALSE
2019-05-17 10:33:00,2,0.0590625580767934,34.7878467072313,0,FALSE
2019-05-17 10:34:00,1,0.0593527917774164,21.7824745823118,0,FALSE
2019-05-17 10:35:00,4,0.0596974442969063,1318.12784173616,2,FALSE
2019-05-17 10:36:00,16,0.0605001218751918,1456.63998883946,13,FALSE
2019-05-17 10:37:00,14,0.06052927481387,2448.49377971028,7,FALSE
2019-05-17 10:38:00,18,0.0609974494142804,1290.99744842774,5,FALSE
2019-05-17 10:39:00,9,0.0610780698866757,1081.40061034201,5,FALSE
2019-05-17 10:40:00,9,0.0610458216977175,654.400082974341,3,FALSE
2019-05-17 10:41:00,1,0.0611667524063106,49.3004024394863,0,FALSE
2019-05-17 10:42:00,8,0.0605227963830531,550.612366514685,2,FALSE
2019-05-17 10:43:00,2,0.06065884343022,95.1485475684857,0,FALSE
2019-05-17 10:44:00,1,0.060586285005064,107.480069598984,0,FALSE
2019-05-17 10:45:00,12,0.0612453573668959,2174.67736603824,4,FALSE
2019-05-17 10:46:00,17,0.0616021029572452,2283.91211603277,6,FALSE
2019-05-17 10:47:00,13,0.0617751268941549,266.546639938837,2,FALSE
2019-05-17 10:48:00,2,0.0613118692566221,30.9011821053375,0,FALSE
2019-05-17 10:49:00,3,0.0607314018553749,173.023763885964,0,FALSE
2019-05-17 10:50:00,3,0.06082814642225,2330.92409830127,0,FALSE
2019-05-17 10:51:00,8,0.0606134944144976,742.242359921767,5,FALSE
2019-05-17 10:52:00,6,0.0601509344541298,294.648663118516,0,FALSE
2019-05-17 10:53:00,2,0.0601872136667077,59.5988373971196,0,FALSE
2019-05-17 10:54:00,2,0.0600420968163962,167.625634729653,2,FALSE
2019-05-17 10:55:00,1,0.0600783760289741,91.9199153243303,0,FALSE
2019-05-17 10:56:00,0,0.0600783760289741,0,0,FALSE
2019-05-17 10:57:00,0,0.0600783760289741,0,0,FALSE
2019-05-17 10:58:00,0,0.0600783760289741,0,0,FALSE
2019-05-17 10:59:00,6,0.0598607007535068,1191.28780569554,0,FALSE
2019-05-17 11:00:00,8,0.0597246537063397,932.767506189006,0,FALSE
2019-05-17 11:01:00,0,0.0597246537063397,0,0,FALSE
2019-05-17 11:02:00,2,0.0600058176038183,36.4235312855177,0,FALSE
2019-05-17 11:03:00,13,0.060402098233514,1249.11679798625,10,FALSE
2019-05-17 11:04:00,35,0.0618736787771137,4217.53399549947,29,FALSE
2019-05-17 11:05:00,21,0.0617023026872222,2720.51654911248,10,FALSE
2019-05-17 11:06:00,19,0.0623887890405119,1677.23196788117,4,FALSE
2019-05-17 11:07:00,5,0.0619358717129605,65.848294555785,0,FALSE
2019-05-17 11:08:00,2,0.0618197782327125,292.963929044824,0,FALSE
2019-05-17 11:09:00,5,0.0612393108314663,282.928881170506,0,FALSE
2019-05-17 11:10:00,1,0.0612393108314663,365.047531866371,0,FALSE
2019-05-17 11:11:00,3,0.0613118692566221,16.6768284378012,0,FALSE
2019-05-17 11:12:00,2,0.0612755900440442,171.464265654093,0,FALSE
2019-05-17 11:13:00,1,0.0612393108314663,22.4748270751481,0,FALSE
2019-05-17 11:14:00,1,0.0612393108314663,24.556963643418,0,FALSE
2019-05-17 11:15:00,7,0.0607521328339919,1072.12684546443,0,FALSE
2019-05-17 11:16:00,10,0.0609635888158733,503.093055737495,2,FALSE
2019-05-17 11:17:00,3,0.0615295445320894,183.778954129955,2,FALSE
2019-05-17 11:18:00,4,0.0615114049258005,40.331890856533,2,FALSE
2019-05-17 11:19:00,15,0.0618294526893998,2321.63328219377,11,FALSE
2019-05-17 11:20:00,4,0.0617472198075567,464.594063258824,0,FALSE
2019-05-17 11:21:00,10,0.0614134510518402,1523.05365864406,8,FALSE
2019-05-17 11:22:00,3,0.0609490771308433,204.853185924321,0,FALSE
2019-05-17 11:23:00,15,0.0616214518706194,2014.13343360379,9,FALSE
2019-05-17 11:24:00,2,0.0613118692566221,87.1854780829166,0,FALSE
2019-05-17 11:25:00,4,0.0614932653195115,826.327053705654,3,FALSE
2019-05-17 11:26:00,1,0.0616021029572452,21.8071444468648,0,FALSE
2019-05-17 11:27:00,0,0.0616021029572452,0,0,FALSE
2019-05-17 11:28:00,3,0.0615295445320894,310.601140797987,0,FALSE
2019-05-17 11:29:00,3,0.0615779168155266,102.495015557083,2,FALSE
2019-05-17 11:30:00,1,0.0616021029572452,2.52568622124705,0,FALSE
2019-05-17 11:31:00,0,0.0616021029572452,0,0,FALSE
2019-05-17 11:32:00,2,0.0611667524063106,53.5820751079281,0,FALSE
2019-05-17 11:33:00,27,0.0609141415928052,4343.32766649092,8,FALSE
2019-05-17 11:34:00,9,0.0602396169737646,739.22001128033,2,FALSE
2019-05-17 11:35:00,4,0.0598788403597957,155.030580498989,0,FALSE
2019-05-17 11:36:00,0,0.0598788403597957,0,0,FALSE
2019-05-17 11:37:00,0,0.0598788403597957,0,0,FALSE
2019-05-17 11:38:00,0,0.0598788403597957,0,0,FALSE
2019-05-17 11:39:00,1,0.0599332591786626,33.8622914359443,0,FALSE
2019-05-17 11:40:00,7,0.0601509344541298,650.15316579155,5,FALSE
2019-05-17 11:41:00,3,0.0604411681547529,570.139942918431,3,FALSE
2019-05-17 11:42:00,1,0.0605862850050643,404.83755640384,0,FALSE
2019-05-17 11:43:00,0,0.0605862850050643,0,0,FALSE
2019-05-17 11:44:00,0,0.0605862850050643,0,0,FALSE
2019-05-17 11:45:00,0,0.0605862850050643,0,0,FALSE
2019-05-17 11:46:00,1,0.0605862850050644,727.277765200794,0,FALSE
2019-05-17 11:47:00,0,0.0605862850050644,0,0,FALSE
2019-05-17 11:48:00,3,0.0606830295719256,30.5130670891772,2,FALSE
2019-05-17 11:49:00,1,0.060731401855376,65.3469883963845,0,FALSE
2019-05-17 11:50:00,2,0.0606588434302202,39.4889070730733,0,FALSE
2019-05-17 11:51:00,0,0.0606588434302202,0,0,FALSE
2019-05-17 11:52:00,1,0.0606588434302202,0.303294217151101,0,FALSE
2019-05-17 11:53:00,1,0.060731401855376,18.1586891547574,0,FALSE
2019-05-17 11:54:00,3,0.0608039602805294,234.500195650839,2,FALSE
2019-05-17 11:55:00,10,0.0613916835242934,2125.67837129685,9,FALSE
2019-05-17 11:56:00,3,0.0613360553983407,720.016118011205,2,FALSE
2019-05-17 11:57:00,0,0.0613360553983407,0,0,FALSE
2019-05-17 11:58:00,0,0.0613360553983407,0,0,FALSE
2019-05-17 11:59:00,1,0.0612393108314663,13.8400842479114,0,FALSE
2019-05-17 12:00:00,3,0.0612151246897477,80.5843302375205,0,FALSE
2019-05-17 12:01:00,1,0.0609490771308422,39.8606964435708,0,FALSE
2019-05-17 12:02:00,2,0.0609490771308427,77.3443788790394,0,FALSE
2019-05-17 12:03:00,0,0.0609490771308427,0,0,FALSE
2019-05-17 12:04:00,2,0.0610941939811547,440.458373831859,0,FALSE
2019-05-17 12:05:00,0,0.0610941939811547,0,0,FALSE
2019-05-17 12:06:00,2,0.0612755900440442,34.1856843368636,0,FALSE
2019-05-17 12:07:00,6,0.0612997761857628,393.130109388107,0,FALSE
2019-05-17 12:08:00,0,0.0612997761857628,0,0,FALSE
2019-05-17 12:09:00,1,0.0613118692566221,63.9482796346568,0,FALSE
2019-05-17 12:10:00,0,0.0613118692566221,0,0,FALSE
2019-05-17 12:11:00,1,0.0612393108314663,7.28747798894449,0,FALSE
2019-05-17 12:12:00,0,0.0612393108314663,0,0,FALSE
2019-05-17 12:13:00,0,0.0612393108314663,0,0,FALSE
2019-05-17 12:14:00,1,0.0608765187056858,26.1160265247392,0,FALSE
2019-05-17 12:15:00,0,0.0608765187056858,0,0,FALSE
2019-05-17 12:16:00,0,0.0608765187056858,0,0,FALSE
2019-05-17 12:17:00,0,0.0608765187056858,0,0,FALSE
2019-05-17 12:18:00,0,0.0608765187056858,0,0,FALSE
2019-05-17 12:19:00,0,0.0608765187056858,0,0,FALSE
2019-05-17 12:20:00,0,0.0608765187056858,0,0,FALSE
2019-05-17 12:21:00,2,0.0604774473673308,45.5699561269529,0,FALSE
2019-05-17 12:22:00,0,0.0604774473673308,0,0,FALSE
2019-05-17 12:23:00,0,0.0604774473673308,0,0,FALSE
2019-05-17 12:24:00,1,0.0604411681547529,60.4411681547529,0,FALSE
2019-05-17 12:25:00,0,0.0604411681547529,0,0,FALSE
2019-05-17 12:26:00,8,0.0602869815012969,761.171111642705,2,FALSE
2019-05-17 12:27:00,0,0.0602869815012969,0,0,FALSE
2019-05-17 12:28:00,0,0.0602869815012969,0,0,FALSE
2019-05-17 12:29:00,0,0.0602869815012969,0,0,FALSE
2019-05-17 12:30:00,1,0.0605137265799087,21.7849415687671,0,FALSE
2019-05-17 12:31:00,3,0.0605137265799059,59.1879390354618,3,FALSE
2019-05-17 12:32:00,1,0.0605862850050636,55.0729330696029,0,FALSE
2019-05-17 12:33:00,1,0.0605862850050644,62.949150120262,0,FALSE
2019-05-17 12:34:00,1,0.0605862850050644,20.659923186727,0,FALSE
2019-05-17 12:35:00,2,0.0605862850050644,17.3882637964535,0,FALSE
2019-05-17 12:36:00,0,0.0605862850050644,0,0,FALSE
2019-05-17 12:37:00,0,0.0605862850050644,0,0,FALSE
2019-05-17 12:38:00,0,0.0605862850050644,0,0,FALSE
2019-05-17 12:39:00,1,0.0604411681547529,21.8192617038658,0,FALSE
2019-05-17 12:40:00,0,0.0604411681547529,0,0,FALSE
2019-05-17 12:41:00,0,0.0604411681547529,0,0,FALSE
2019-05-17 12:42:00,10,0.0608112161230472,995.495207995692,7,FALSE
2019-05-17 12:43:00,0,0.0608112161230472,0,0,FALSE
2019-05-17 12:44:00,0,0.0608112161230472,0,0,FALSE
2019-05-17 12:45:00,0,0.0608112161230472,0,0,FALSE
2019-05-17 12:46:00,3,0.0602960513044414,98.8855241392839,0,FALSE
2019-05-17 12:47:00,1,0.0602960513044414,603.32228935224,0,FALSE
2019-05-17 12:48:00,1,0.0603686097295972,36.1607972280287,0,FALSE
2019-05-17 12:49:00,11,0.0608303451624064,1625.91030539212,7,FALSE
2019-05-17 12:50:00,7,0.0609283461522271,332.090769576369,0,FALSE
2019-05-17 12:51:00,1,0.0606588434302202,14.4974635798226,0,FALSE
2019-05-17 12:52:00,0,0.0606588434302202,0,0,FALSE
2019-05-17 12:53:00,0,0.0606588434302202,0,0,FALSE
2019-05-17 12:54:00,0,0.0606588434302202,0,0,FALSE
2019-05-17 12:55:00,2,0.0604774473673308,75.1501395439046,0,FALSE
2019-05-17 12:56:00,0,0.0604774473673308,0,0,FALSE
2019-05-17 12:57:00,0,0.0604774473673308,0,0,FALSE
2019-05-17 12:58:00,9,0.0589459618510199,128.737980682628,0,FALSE
2019-05-17 12:59:00,4,0.0589459618510199,53.16925758962,0,FALSE
2019-05-17 13:00:00,0,0.0589459618510199,0,0,FALSE
2019-05-17 13:01:00,0,0.0589459618510199,0,0,FALSE
2019-05-17 13:02:00,0,0.0589459618510199,0,0,FALSE
2019-05-17 13:03:00,0,0.0589459618510199,0,0,FALSE
2019-05-17 13:04:00,0,0.0589459618510199,0,0,FALSE
2019-05-17 13:05:00,3,0.0588751133391798,58.6984879991622,0,FALSE
2019-05-17 13:06:00,1,0.0587334163154994,15.9754892378158,0,FALSE
2019-05-17 13:07:00,4,0.0588219769552996,387.334765505194,0,FALSE
2019-05-17 13:08:00,4,0.0587688405714195,170.777787244299,2,FALSE
2019-05-17 13:09:00,6,0.0588042648273396,494.308650138617,0,FALSE
2019-05-17 13:10:00,0,0.0588042648273396,0,0,FALSE
2019-05-17 13:11:00,0,0.0588042648273396,0,0,FALSE
2019-05-17 13:12:00,0,0.0588042648273396,0,0,FALSE
2019-05-17 13:13:00,1,0.0590168103628601,17.8230767295838,0,FALSE
2019-05-17 13:14:00,7,0.0585309919959561,298.473940560317,4,FALSE
2019-05-17 13:15:00,0,0.0585309919959561,0,0,FALSE
2019-05-17 13:16:00,0,0.0585309919959561,0,0,FALSE
2019-05-17 13:17:00,0,0.0585309919959561,0,0,FALSE
2019-05-17 13:18:00,2,0.05898138610694,47.6534883973274,0,FALSE
2019-05-17 13:19:00,0,0.05898138610694,0,0,FALSE
2019-05-17 13:20:00,0,0.05898138610694,0,0,FALSE
2019-05-17 13:21:00,1,0.0590168103628601,26.2624806114727,0,FALSE
2019-05-17 13:22:00,1,0.0589459618510199,63.7795307228036,0,FALSE
2019-05-17 13:23:00,0,0.0589459618510199,0,0,FALSE
2019-05-17 13:24:00,0,0.0589459618510199,0,0,FALSE
2019-05-17 13:25:00,4,0.0589636739789798,390.944709728986,0,FALSE
2019-05-17 13:26:00,0,0.0589636739789798,0,0,FALSE
2019-05-17 13:27:00,0,0.0589636739789798,0,0,FALSE
2019-05-17 13:28:00,8,0.0590079542988799,1036.38676768844,3,FALSE
2019-05-17 13:29:00,0,0.0590079542988799,0,0,FALSE
2019-05-17 13:30:00,0,0.0590079542988799,0,0,FALSE
2019-05-17 13:31:00,1,0.0592293558983806,59.2293558983806,0,FALSE
2019-05-17 13:32:00,3,0.0592529720689929,24.5236455853788,0,FALSE
2019-05-17 13:33:00,0,0.0592529720689929,0,0,FALSE
2019-05-17 13:34:00,4,0.0592647801543006,1358.34089695176,0,FALSE
2019-05-17 13:35:00,1,0.0593002044102208,71.1009450878547,0,FALSE
2019-05-17 13:36:00,3,0.0594655176045144,226.533582304179,2,FALSE
2019-05-17 13:37:00,1,0.0595127499457381,13.1523177380081,0,FALSE
2019-05-17 13:38:00,6,0.0596072146281942,630.556360530765,0,FALSE
2019-05-17 13:39:00,32,0.060407212407723,7773.01787025339,22,FALSE
2019-05-17 13:40:00,6,0.0610123767796915,327.663952529537,2,FALSE
2019-05-17 13:41:00,7,0.061010689910362,375.303058678961,0,FALSE
2019-05-17 13:42:00,1,0.0612131142299053,42.4206881613244,0,FALSE
2019-05-17 13:43:00,1,0.0612131142299053,182.598719747808,0,FALSE
2019-05-17 13:44:00,0,0.0612131142299053,0,0,FALSE
2019-05-17 13:45:00,2,0.0609651444384647,252.786427518043,0,FALSE
2019-05-17 13:46:00,1,0.0605754776233392,9.38919903161758,0,FALSE
2019-05-17 13:47:00,3,0.060221235064143,72.8616014555947,0,FALSE
2019-05-17 13:48:00,1,0.0599378410167823,17.7416009409676,0,FALSE
2019-05-17 13:49:00,6,0.0598669925049421,872.604916745801,0,FALSE
2019-05-17 13:50:00,1,0.0598669925049421,2.15521173017792,0,FALSE
2019-05-17 13:51:00,9,0.0600952821542049,2608.80806232121,9,FALSE
2019-05-17 13:52:00,2,0.060221235064143,84.7200836703784,0,FALSE
2019-05-17 13:53:00,0,0.060221235064143,0,0,FALSE
2019-05-17 13:54:00,1,0.0602920835759831,135.476311795234,0,FALSE
2019-05-17 13:55:00,0,0.0602920835759831,0,0,FALSE
2019-05-17 13:56:00,0,0.0602920835759831,0,0,FALSE
2019-05-17 13:57:00,3,0.0598197601637154,56.5700570064599,0,FALSE
2019-05-17 13:58:00,0,0.0598197601637154,0,0,FALSE
2019-05-17 13:59:00,0,0.0598197601637154,0,0,FALSE
2019-05-17 14:00:00,2,0.0597607197371819,186.294248973903,0,FALSE
2019-05-17 14:01:00,4,0.0596367348414616,182.407357917327,0,FALSE
2019-05-17 14:02:00,2,0.0594773256898212,213.810181456852,0,FALSE
2019-05-17 14:03:00,3,0.059418285263286,119.060924147401,0,FALSE
2019-05-17 14:04:00,24,0.0594832297324741,2676.93988797486,2,FALSE
2019-05-17 14:05:00,0,0.0594832297324741,0,0,FALSE
2019-05-17 14:06:00,2,0.0598669925049421,165.173032321135,0,FALSE
2019-05-17 14:07:00,0,0.0598669925049421,0,0,FALSE
2019-05-17 14:08:00,8,0.0598847046329022,1588.38643998786,0,FALSE
2019-05-17 14:09:00,2,0.0599378410167823,738.074574280657,0,FALSE
2019-05-17 14:10:00,6,0.0599378410167823,280.808785163625,0,FALSE
2019-05-17 14:11:00,0,0.0599378410167823,0,0,FALSE
2019-05-17 14:12:00,0,0.0599378410167823,0,0,FALSE
2019-05-17 14:13:00,1,0.0599378410167823,35.9627046100694,0,FALSE
2019-05-17 14:14:00,3,0.0599378410167823,145.049575260613,0,FALSE
2019-05-17 14:15:00,0,0.0599378410167823,0,0,FALSE
2019-05-17 14:16:00,4,0.0598847046329022,245.308083699265,4,FALSE
2019-05-17 14:17:00,0,0.0598847046329022,0,0,FALSE
2019-05-17 14:18:00,1,0.0598669925049421,7.18403910059306,0,FALSE
2019-05-17 14:19:00,2,0.0599024167608622,1043.06962441628,2,FALSE
2019-05-17 14:20:00,0,0.0599024167608622,0,0,FALSE
2019-05-17 14:21:00,1,0.0599378410167823,12.7068222955578,0,FALSE
2019-05-17 14:22:00,0,0.0599378410167823,0,0,FALSE
2019-05-17 14:23:00,0,0.0599378410167823,0,0,FALSE
2019-05-17 14:24:00,0,0.0599378410167823,0,0,FALSE
2019-05-17 14:25:00,2,0.0598669925049421,37.7162052781135,0,FALSE
2019-05-17 14:26:00,0,0.0598669925049421,0,0,FALSE
2019-05-17 14:27:00,0,0.0598669925049421,0,0,FALSE
2019-05-17 14:28:00,0,0.0598669925049421,0,0,FALSE
2019-05-17 14:29:00,0,0.0598669925049421,0,0,FALSE
2019-05-17 14:30:00,2,0.059796143993102,230.514135093408,0,FALSE
2019-05-17 14:31:00,1,0.0598669925049421,13.8891422611466,0,FALSE
2019-05-17 14:32:00,2,0.059831568249022,381.575419129195,0,FALSE
2019-05-17 14:33:00,1,0.0597252954812618,9.3768713905581,0,FALSE
2019-05-17 14:34:00,23,0.0596359647489416,2597.96802746413,2,FALSE
2019-05-17 14:35:00,3,0.0597252954812618,139.63774083519,0,FALSE
2019-05-17 14:36:00,2,0.0597252954812618,163.707034914139,0,FALSE
2019-05-17 14:37:00,0,0.0597252954812618,0,0,FALSE
2019-05-17 14:38:00,0,0.0597252954812618,0,0,FALSE
2019-05-17 14:39:00,0,0.0597252954812618,0,0,FALSE
2019-05-17 14:40:00,0,0.0597252954812618,0,0,FALSE
2019-05-17 14:41:00,2,0.0596190227135015,132.264890450543,2,FALSE
2019-05-17 14:42:00,3,0.0596544469694216,352.521861393779,3,FALSE
2019-05-17 14:43:00,2,0.0596544469694216,28.4551712044141,0,FALSE
2019-05-17 14:44:00,0,0.0596544469694216,0,0,FALSE
2019-05-17 14:45:00,22,0.0591874908686557,2292.19647763874,7,FALSE
2019-05-17 14:46:00,4,0.0591939316424605,916.102502287096,0,FALSE
2019-05-17 14:47:00,2,0.0591585073865405,13.8430907284505,0,FALSE
2019-05-17 14:48:00,4,0.0591585073865395,108.082592995207,0,FALSE
2019-05-17 14:49:00,0,0.0591585073865395,0,0,FALSE
2019-05-17 14:50:00,1,0.0591585073865404,2.30718178807508,0,FALSE
2019-05-17 14:51:00,0,0.0591585073865404,0,0,FALSE
2019-05-17 14:52:00,5,0.0591301679818044,310.602638999259,2,FALSE
2019-05-17 14:53:00,6,0.0591112750453132,661.45332569575,0,FALSE
2019-05-17 14:54:00,3,0.0590876588746993,59.205834192449,0,FALSE
2019-05-17 14:55:00,2,0.0590876588747003,69.2507362011487,0,FALSE
2019-05-17 14:56:00,2,0.0590876588747003,1259.80797486748,0,FALSE
2019-05-17 14:57:00,6,0.0591348912159271,844.565838851425,0,FALSE
2019-05-17 14:58:00,0,0.0591348912159271,0,0,FALSE
2019-05-17 14:59:00,5,0.0587900951249716,117.313091360306,0,FALSE
2019-05-17 15:00:00,3,0.0586389516330459,88.140083033927,0,FALSE
2019-05-17 15:01:00,4,0.0587865526993796,225.563595328576,2,FALSE
2019-05-17 15:02:00,1,0.0588042648273396,13.4661766454608,0,FALSE
2019-05-17 15:03:00,1,0.0587334163154994,2.29060323630448,0,FALSE
2019-05-17 15:04:00,2,0.0586979920595794,46.9939596006072,2,FALSE
2019-05-17 15:05:00,0,0.0586979920595794,0,0,FALSE
2019-05-17 15:06:00,2,0.0585208707799789,30.0797275809092,0,FALSE
2019-05-17 15:07:00,0,0.0585208707799789,0,0,FALSE
2019-05-17 15:08:00,5,0.0583650040539306,261.859783883877,2,FALSE
2019-05-17 15:09:00,5,0.0583650040539306,203.932765330143,0,FALSE
2019-05-17 15:10:00,0,0.0583650040539306,0,0,FALSE
2019-05-17 15:11:00,0,0.0583650040539306,0,0,FALSE
2019-05-17 15:12:00,0,0.0583650040539306,0,0,FALSE
2019-05-17 15:13:00,0,0.0583650040539306,0,0,FALSE
2019-05-17 15:14:00,1,0.0584500222681388,146.475755803956,0,FALSE
2019-05-17 15:15:00,2,0.0584500222681388,123.563347074845,2,FALSE
2019-05-17 15:16:00,0,0.0584500222681388,0,0,FALSE
2019-05-17 15:17:00,2,0.0585208707799789,66.7244908144638,0,FALSE
2019-05-17 15:18:00,3,0.0586625678036593,16.7765733611926,2,FALSE
2019-05-17 15:19:00,1,0.0585917192918191,43.1820971180707,0,FALSE
2019-05-17 15:20:00,11,0.0587462978631067,902.776038906984,6,FALSE
2019-05-17 15:21:00,13,0.0592729549825898,1243.87187740225,9,FALSE
2019-05-17 15:22:00,7,0.0594115377859687,277.901729025798,4,FALSE
2019-05-17 15:23:00,9,0.0594182852632877,569.685232067514,2,FALSE
2019-05-17 15:24:00,3,0.0595835984575815,544.892007894582,0,FALSE
2019-05-17 15:25:00,0,0.0595835984575815,0,0,FALSE
2019-05-17 15:26:00,1,0.0595835984575815,208.840512593823,0,FALSE
2019-05-17 15:27:00,1,0.0595835984575815,41.5297681249343,0,FALSE
2019-05-17 15:28:00,0,0.0595835984575815,0,0,FALSE
2019-05-17 15:29:00,0,0.0595835984575815,0,0,FALSE
2019-05-17 15:30:00,0,0.0595835984575815,0,0,FALSE
2019-05-17 15:31:00,2,0.0595835984575815,14.9554832128529,0,FALSE
2019-05-17 15:32:00,3,0.0590168103628601,117.738536673906,0,FALSE
2019-05-17 15:33:00,0,0.0590168103628601,0,0,FALSE
2019-05-17 15:34:00,0,0.0590168103628601,0,0,FALSE
2019-05-17 15:35:00,0,0.0590168103628601,0,0,FALSE
2019-05-17 15:36:00,2,0.05898138610694,48.9952883630683,0,FALSE
2019-05-17 15:37:00,0,0.05898138610694,0,0,FALSE
2019-05-17 15:38:00,0,0.05898138610694,0,0,FALSE
2019-05-17 15:39:00,0,0.05898138610694,0,0,FALSE
2019-05-17 15:40:00,0,0.05898138610694,0,0,FALSE
2019-05-17 15:41:00,1,0.0590168103628601,71.1742732976093,0,FALSE
2019-05-17 15:42:00,1,0.0592293558983615,2.19148616823937,0,FALSE
2019-05-17 15:43:00,1,0.0592293558983802,113.542675257195,0,FALSE
2019-05-17 15:44:00,1,0.0587334163154994,80.2885801032877,0,FALSE
2019-05-17 15:45:00,0,0.0587334163154994,0,0,FALSE
2019-05-17 15:46:00,9,0.0585208707799789,381.263473131563,0,FALSE
2019-05-17 15:47:00,3,0.0586153354624325,108.424720458886,0,FALSE
2019-05-17 15:48:00,0,0.0586153354624325,0,0,FALSE
2019-05-17 15:49:00,0,0.0586153354624325,0,0,FALSE
2019-05-17 15:50:00,0,0.0586153354624325,0,0,FALSE
2019-05-17 15:51:00,0,0.0586153354624325,0,0,FALSE
2019-05-17 15:52:00,5,0.0587192466131314,775.583901904197,0,FALSE
2019-05-17 15:53:00,16,0.0589193936590799,1149.12361197197,4,FALSE
2019-05-17 15:54:00,6,0.059205739727767,258.168009628909,4,FALSE
2019-05-17 15:55:00,1,0.0590876588747003,48.9245815482518,0,FALSE
2019-05-17 15:56:00,5,0.0593002044102206,152.213351686819,0,FALSE
2019-05-17 15:57:00,0,0.0593002044102206,0,0,FALSE
2019-05-17 15:58:00,0,0.0593002044102206,0,0,FALSE
2019-05-17 15:59:00,0,0.0593002044102206,0,0,FALSE
2019-05-17 16:00:00,0,0.0593002044102206,0,0,FALSE
2019-05-17 16:01:00,2,0.0591939316424605,226.949179674634,0,FALSE
2019-05-17 16:02:00,0,0.0591939316424605,0,0,FALSE
2019-05-17 16:03:00,0,0.0591939316424605,0,0,FALSE
2019-05-17 16:04:00,0,0.0591939316424605,0,0,FALSE
2019-05-17 16:05:00,0,0.0591939316424605,0,0,FALSE
2019-05-17 16:06:00,0,0.0591939316424605,0,0,FALSE
2019-05-17 16:07:00,1,0.0589459618510199,47.8051750611772,0,FALSE
2019-05-17 16:08:00,0,0.0589459618510199,0,0,FALSE
2019-05-17 16:09:00,1,0.0588751133391798,78.5394011944658,0,FALSE
2019-05-17 16:10:00,0,0.0588751133391798,0,0,FALSE
2019-05-17 16:11:00,4,0.0589105375950999,1199.9760523759,2,FALSE
2019-05-17 16:12:00,0,0.0589105375950999,0,0,FALSE
2019-05-17 16:13:00,2,0.0591585073865404,55.0174118694826,2,FALSE
2019-05-17 16:14:00,0,0.0591585073865404,0,0,FALSE
2019-05-17 16:15:00,0,0.0591585073865404,0,0,FALSE
2019-05-17 16:16:00,0,0.0591585073865404,0,0,FALSE
2019-05-17 16:17:00,0,0.0591585073865404,0,0,FALSE
2019-05-17 16:18:00,0,0.0591585073865404,0,0,FALSE
2019-05-17 16:19:00,1,0.0591585073865405,38.8671393529571,0,FALSE
2019-05-17 16:20:00,0,0.0591585073865405,0,0,FALSE
2019-05-17 16:21:00,0,0.0591585073865405,0,0,FALSE
2019-05-17 16:22:00,3,0.0592765882396073,336.042710085291,0,FALSE
2019-05-17 16:23:00,0,0.0592765882396073,0,0,FALSE
2019-05-17 16:24:00,0,0.0592765882396073,0,0,FALSE
2019-05-17 16:25:00,0,0.0592765882396073,0,0,FALSE
2019-05-17 16:26:00,0,0.0592765882396073,0,0,FALSE
2019-05-17 16:27:00,2,0.0588751133391798,30.8505593897302,0,FALSE
2019-05-17 16:28:00,2,0.0591585073865393,38.4530298012506,0,FALSE
2019-05-17 16:29:00,1,0.0588751133391798,8.83126700087697,0,FALSE
2019-05-17 16:30:00,0,0.0588751133391798,0,0,FALSE
2019-05-17 16:31:00,0,0.0588751133391798,0,0,FALSE
2019-05-17 16:32:00,0,0.0588751133391798,0,0,FALSE
2019-05-17 16:33:00,1,0.0591585073865405,7.80892297502334,0,FALSE
2019-05-17 16:34:00,0,0.0591585073865405,0,0,FALSE
2019-05-17 16:35:00,5,0.0592293558983729,318.010417700241,0,FALSE
2019-05-17 16:36:00,1,0.0592293558983806,268.545899643258,0,FALSE
2019-05-17 16:37:00,0,0.0592293558983806,0,0,FALSE
2019-05-17 16:38:00,0,0.0592293558983806,0,0,FALSE
2019-05-17 16:39:00,2,0.0589459618510175,25.700439367044,0,FALSE
2019-05-17 16:40:00,0,0.0589459618510175,0,0,FALSE
2019-05-17 16:41:00,0,0.0589459618510175,0,0,FALSE
2019-05-17 16:42:00,0,0.0589459618510175,0,0,FALSE
2019-05-17 16:43:00,0,0.0589459618510175,0,0,FALSE
2019-05-17 16:44:00,1,0.0591585073865405,21.2970626591546,0,FALSE
2019-05-17 16:45:00,0,0.0591585073865405,0,0,FALSE
2019-05-17 16:46:00,2,0.0591939316424597,160.361922427604,2,FALSE
2019-05-17 16:47:00,0,0.0591939316424597,0,0,FALSE
2019-05-17 16:48:00,0,0.0591939316424597,0,0,FALSE
2019-05-17 16:49:00,1,0.0591585073865404,18.0433447528948,0,FALSE
2019-05-17 16:50:00,0,0.0591585073865404,0,0,FALSE
2019-05-17 16:51:00,0,0.0591585073865404,0,0,FALSE
2019-05-17 16:52:00,2,0.0587334163154994,759.599273208354,0,FALSE
2019-05-17 16:53:00,0,0.0587334163154994,0,0,FALSE
2019-05-17 16:54:00,0,0.0587334163154994,0,0,FALSE
2019-05-17 16:55:00,0,0.0587334163154994,0,0,FALSE
2019-05-17 16:56:00,0,0.0587334163154994,0,0,FALSE
2019-05-17 16:57:00,0,0.0587334163154994,0,0,FALSE
2019-05-17 16:58:00,1,0.0585208707799789,111.13113361118,0,FALSE
2019-05-17 16:59:00,0,0.0585208707799789,0,0,FALSE
2019-05-17 17:00:00,0,0.0585208707799789,0,0,FALSE
2019-05-17 17:01:00,0,0.0585208707799789,0,0,FALSE
2019-05-17 17:02:00,1,0.0585208707799789,333.86156779978,0,FALSE
2019-05-17 17:03:00,2,0.0584854465240589,303.361708543658,2,FALSE
2019-05-17 17:04:00,0,0.0584854465240589,0,0,FALSE
2019-05-17 17:05:00,0,0.0584854465240589,0,0,FALSE
2019-05-17 17:06:00,0,0.0584854465240589,0,0,FALSE
2019-05-17 17:07:00,0,0.0584854465240589,0,0,FALSE
2019-05-17 17:08:00,0,0.0584854465240589,0,0,FALSE
2019-05-17 17:09:00,0,0.0584854465240589,0,0,FALSE
2019-05-17 17:10:00,0,0.0584854465240589,0,0,FALSE
2019-05-17 17:11:00,13,0.0588478639115489,3163.13857981165,11,FALSE
2019-05-17 17:12:00,0,0.0588478639115489,0,0,FALSE
2019-05-17 17:13:00,0,0.0588478639115489,0,0,FALSE
2019-05-17 17:14:00,2,0.0588751133391798,71.5332627071034,0,FALSE
2019-05-17 17:15:00,2,0.05898138610694,64.9688646910645,0,FALSE
2019-05-17 17:16:00,3,0.0590404265334735,637.653468507332,0,FALSE
2019-05-17 17:17:00,0,0.0590404265334735,0,0,FALSE
2019-05-17 17:18:00,1,0.0590168103628562,10.682042675677,0,FALSE
2019-05-17 17:19:00,0,0.0590168103628562,0,0,FALSE
2019-05-17 17:20:00,1,0.0590168103628601,77.2530047649839,0,FALSE
2019-05-17 17:21:00,0,0.0590168103628601,0,0,FALSE
2019-05-17 17:22:00,0,0.0590168103628601,0,0,FALSE
2019-05-17 17:23:00,0,0.0590168103628601,0,0,FALSE
2019-05-17 17:24:00,0,0.0590168103628601,0,0,FALSE
2019-05-17 17:25:00,0,0.0590168103628601,0,0,FALSE
2019-05-17 17:26:00,0,0.0590168103628601,0,0,FALSE
2019-05-17 17:27:00,0,0.0590168103628601,0,0,FALSE
2019-05-17 17:28:00,5,0.0588751133391798,535.807740857924,0,FALSE
2019-05-17 17:29:00,0,0.0588751133391798,0,0,FALSE
2019-05-17 17:30:00,0,0.0588751133391798,0,0,FALSE
2019-05-17 17:31:00,1,0.0598699183445086,77.2321946644162,0,FALSE
2019-05-17 17:32:00,0,0.0598699183445086,0,0,FALSE
2019-05-17 17:33:00,0,0.0598699183445086,0,0,FALSE
2019-05-17 17:34:00,0,0.0598699183445086,0,0,FALSE
2019-05-17 17:35:00,0,0.0598699183445086,0,0,FALSE
2019-05-17 17:36:00,26,0.0602518547688586,6232.12518540641,18,FALSE
2019-05-17 17:37:00,8,0.060058810815247,1299.68374773356,2,FALSE
2019-05-17 17:38:00,26,0.0607500327136632,4972.8913390905,5,FALSE
2019-05-17 17:39:00,22,0.0612077022498244,4494.62812405326,10,FALSE
2019-05-17 17:40:00,17,0.0616180996423221,4884.59443514204,8,FALSE
2019-05-17 17:41:00,17,0.0616731271408006,11573.8848058874,4,FALSE
2019-05-17 17:42:00,0,0.0616731271408006,0,0,FALSE
2019-05-17 17:43:00,7,0.061596935219831,964.156246711583,2,FALSE
2019-05-17 17:44:00,4,0.0607154370230519,166.781473683631,0,FALSE
2019-05-17 17:45:00,3,0.0607094404366792,181.81378836162,0,FALSE
2019-05-17 17:46:00,5,0.0603880234071049,215.599635370659,2,FALSE
2019-05-17 17:47:00,8,0.0607963909390826,1982.34977206646,4,FALSE
2019-05-17 17:48:00,3,0.0611411946555098,648.710641833927,2,FALSE
2019-05-17 17:49:00,0,0.0611411946555098,0,0,FALSE
2019-05-17 17:50:00,2,0.0611651810010004,290.534609754752,0,FALSE
2019-05-17 17:51:00,2,0.0612011605192363,255.084206314046,0,FALSE
2019-05-17 17:52:00,2,0.0612011605192363,30.8626550704483,0,FALSE
2019-05-17 17:53:00,0,0.0612011605192363,0,0,FALSE
2019-05-17 17:54:00,1,0.0609493038915851,41.14078012682,0,FALSE
2019-05-17 17:55:00,0,0.0609493038915851,0,0,FALSE
2019-05-17 17:56:00,4,0.0608953346142313,812.819412984924,2,FALSE
2019-05-17 17:57:00,0,0.0608953346142313,0,0,FALSE
2019-05-17 17:58:00,0,0.0608953346142313,0,0,FALSE
2019-05-17 17:59:00,0,0.0608953346142313,0,0,FALSE
2019-05-17 18:00:00,1,0.0606614677456981,35.7902659699619,0,FALSE
2019-05-17 18:01:00,0,0.0606614677456981,0,0,FALSE
2019-05-17 18:02:00,0,0.0606614677456981,0,0,FALSE
2019-05-17 18:03:00,0,0.0606614677456981,0,0,FALSE
2019-05-17 18:04:00,0,0.0606614677456981,0,0,FALSE
2019-05-17 18:05:00,1,0.0608053858186416,45.6040393639812,0,FALSE
2019-05-17 18:06:00,0,0.0608053858186416,0,0,FALSE
2019-05-17 18:07:00,0,0.0608053858186416,0,0,FALSE
2019-05-17 18:08:00,1,0.0607334267821698,7.28801121386038,0,FALSE
2019-05-17 18:09:00,2,0.0607694063004057,375.51204335077,0,FALSE
2019-05-17 18:10:00,4,0.0611112117236466,519.294113715369,4,FALSE
2019-05-17 18:11:00,3,0.0612371400374718,612.804737692354,3,FALSE
2019-05-17 18:12:00,1,0.0613090990739435,99.81121329238,0,FALSE
2019-05-17 18:13:00,0,0.0613090990739435,0,0,FALSE
2019-05-17 18:14:00,4,0.0613270888330606,488.512556479024,2,FALSE
2019-05-17 18:15:00,3,0.0613810581104157,83.3130210824262,3,FALSE
2019-05-17 18:16:00,2,0.0610212629280569,51.3702608745367,0,FALSE
2019-05-17 18:17:00,0,0.0610212629280569,0,0,FALSE
2019-05-17 18:18:00,2,0.060985283409821,183.006725268249,2,FALSE
2019-05-17 18:19:00,2,0.0610212629280569,53.1495200103376,0,FALSE
2019-05-17 18:20:00,0,0.0610212629280569,0,0,FALSE
2019-05-17 18:21:00,4,0.0610212629280569,29.6563337830357,0,FALSE
2019-05-17 18:22:00,1,0.0610212629280569,145.596733346344,0,FALSE
2019-05-17 18:23:00,0,0.0610212629280569,0,0,FALSE
2019-05-17 18:24:00,3,0.0612611263829628,242.854840024706,2,FALSE
2019-05-17 18:25:00,3,0.0613570717649251,43.8227653751591,0,FALSE
2019-05-17 18:26:00,1,0.0614530171468875,21.6314620357044,0,FALSE
2019-05-17 18:27:00,0,0.0614530171468875,0,0,FALSE
2019-05-17 18:28:00,0,0.0614530171468875,0,0,FALSE
2019-05-17 18:29:00,2,0.0614530171468875,349.298949462908,0,FALSE
2019-05-17 18:30:00,3,0.0614530171468875,928.923807192351,0,FALSE
2019-05-17 18:31:00,0,0.0614530171468875,0,0,FALSE
2019-05-17 18:32:00,3,0.0616688942563028,170.629627077032,3,FALSE
2019-05-17 18:33:00,1,0.0617408532927735,41.7368168259149,0,FALSE
2019-05-17 18:34:00,3,0.0617648396382649,687.006809289981,2,FALSE
2019-05-17 18:35:00,0,0.0617648396382649,0,0,FALSE
2019-05-17 18:36:00,0,0.0617648396382649,0,0,FALSE
2019-05-17 18:37:00,0,0.0617648396382649,0,0,FALSE
2019-05-17 18:38:00,0,0.0617648396382649,0,0,FALSE
2019-05-17 18:39:00,0,0.0617648396382649,0,0,FALSE
2019-05-17 18:40:00,1,0.0613090990739439,14.3463291833029,0,FALSE
2019-05-17 18:41:00,0,0.0613090990739439,0,0,FALSE
2019-05-17 18:42:00,0,0.0613090990739439,0,0,FALSE
2019-05-17 18:43:00,0,0.0613090990739439,0,0,FALSE
2019-05-17 18:44:00,6,0.0616209215653207,332.422108803037,6,FALSE
2019-05-17 18:45:00,0,0.0616209215653207,0,0,FALSE
2019-05-17 18:46:00,0,0.0616209215653207,0,0,FALSE
2019-05-17 18:47:00,0,0.0616209215653207,0,0,FALSE
2019-05-17 18:48:00,1,0.0613810581104157,14.3631675978373,0,FALSE
2019-05-17 18:49:00,1,0.0613090990739439,14.4076382823768,0,FALSE
2019-05-17 18:50:00,2,0.0612371400374722,21.1268133129279,0,FALSE
2019-05-17 18:51:00,1,0.0612371400374722,38.8855839237948,0,FALSE
2019-05-17 18:52:00,3,0.0615729488743387,219.070219699692,3,FALSE
2019-05-17 18:53:00,1,0.0615249761833585,61.7095511119086,0,FALSE
2019-05-17 18:54:00,17,0.0619228673262031,1995.25101987933,12,FALSE
2019-05-17 18:55:00,1,0.0618128123292463,21.6344843152362,0,FALSE
2019-05-17 18:56:00,0,0.0618128123292463,0,0,FALSE
2019-05-17 18:57:00,0,0.0618128123292463,0,0,FALSE
2019-05-17 18:58:00,0,0.0618128123292463,0,0,FALSE
2019-05-17 18:59:00,1,0.0616688942563028,49.6434598763237,0,FALSE
2019-05-17 19:00:00,4,0.0617768328110104,535.039326567683,0,FALSE
2019-05-17 19:01:00,2,0.0619567304021898,82.4644081653147,0,FALSE
2019-05-17 19:02:00,2,0.0619567304021898,211.344409707939,0,FALSE
2019-05-17 19:03:00,4,0.0621726075116051,450.214230251876,3,FALSE
2019-05-17 19:04:00,3,0.0621006484751334,3451.29563734794,3,FALSE
2019-05-17 19:05:00,1,0.0620286894386616,50.6154105819479,0,FALSE
2019-05-17 19:06:00,2,0.062208587029841,1288.42035954982,2,FALSE
2019-05-17 19:07:00,2,0.062208587029841,1314.25185466727,2,FALSE
2019-05-17 19:08:00,5,0.0623884846210204,1357.59717183544,4,FALSE
2019-05-17 19:09:00,6,0.0623165255845487,242.722867151817,0,FALSE
2019-05-17 19:10:00,4,0.062532402693964,360.326959638352,0,FALSE
2019-05-17 19:11:00,1,0.0624604436574922,7.30787190792659,0,FALSE
2019-05-17 19:12:00,1,0.0624604436574922,7.30787190792659,0,FALSE
2019-05-17 19:13:00,4,0.0622625563071948,195.440815016351,3,FALSE
2019-05-17 19:14:00,8,0.061875776486159,186.679586448803,0,FALSE
2019-05-17 19:15:00,1,0.0616688942563028,14.3688523617185,0,FALSE
2019-05-17 19:16:00,1,0.0616688942563007,21.0290929413985,0,FALSE
2019-05-17 19:17:00,0,0.0616688942563007,0,0,FALSE
2019-05-17 19:18:00,0,0.0616688942563007,0,0,FALSE
2019-05-17 19:19:00,0,0.0616688942563007,0,0,FALSE
2019-05-17 19:20:00,1,0.0614530171468854,21.1398378985286,0,FALSE
2019-05-17 19:21:00,2,0.061453017146887,419.847013147534,0,FALSE
2019-05-17 19:22:00,2,0.0614530171468875,46.0283098430187,0,FALSE
2019-05-17 19:23:00,18,0.0621606143388598,5104.22212149728,15,FALSE
2019-05-17 19:24:00,4,0.062496423175728,166.161618543463,0,FALSE
2019-05-17 19:25:00,5,0.0626043617304357,1013.86187919542,0,FALSE
2019-05-17 19:26:00,5,0.0629209814909114,2720.34891337142,3,FALSE
2019-05-17 19:27:00,6,0.0628442251853413,119.775960125325,0,FALSE
2019-05-17 19:28:00,0,0.0628442251853413,0,0,FALSE
2019-05-17 19:29:00,0,0.0628442251853413,0,0,FALSE
2019-05-17 19:30:00,1,0.062532402693964,9.75505482025838,0,FALSE
2019-05-17 19:31:00,0,0.062532402693964,0,0,FALSE
2019-05-17 19:32:00,0,0.062532402693964,0,0,FALSE
2019-05-17 19:33:00,1,0.0618128123292463,35.1714902153412,0,FALSE
2019-05-17 19:34:00,4,0.0614530171468866,237.577364289865,0,FALSE
2019-05-17 19:35:00,2,0.0616688942563019,156.14621592925,0,FALSE
2019-05-17 19:36:00,1,0.0617408532927745,41.4281125594517,0,FALSE
2019-05-17 19:37:00,1,0.0617408532927734,40.5019997600594,0,FALSE
2019-05-17 19:38:00,0,0.0617408532927734,0,0,FALSE
2019-05-17 19:39:00,2,0.061776832811007,28.1172739109768,0,FALSE
2019-05-17 19:40:00,0,0.061776832811007,0,0,FALSE
2019-05-17 19:41:00,0,0.061776832811007,0,0,FALSE
2019-05-17 19:42:00,0,0.061776832811007,0,0,FALSE
2019-05-17 19:43:00,0,0.061776832811007,0,0,FALSE
2019-05-17 19:44:00,1,0.0618128123292463,55.5079054716632,0,FALSE
2019-05-17 19:45:00,0,0.0618128123292463,0,0,FALSE
2019-05-17 19:46:00,0,0.0618128123292463,0,0,FALSE
2019-05-17 19:47:00,0,0.0618128123292463,0,0,FALSE
2019-05-17 19:48:00,0,0.0618128123292463,0,0,FALSE
2019-05-17 19:49:00,1,0.061596935219831,65.1079605273614,0,FALSE
2019-05-17 19:50:00,0,0.061596935219831,0,0,FALSE
2019-05-17 19:51:00,0,0.061596935219831,0,0,FALSE
2019-05-17 19:52:00,0,0.061596935219831,0,0,FALSE
2019-05-17 19:53:00,0,0.061596935219831,0,0,FALSE
2019-05-17 19:54:00,1,0.0615249761833592,8.61349666567029,0,FALSE
2019-05-17 19:55:00,1,0.0613810581104157,7.18158379891864,0,FALSE
2019-05-17 19:56:00,0,0.0613810581104157,0,0,FALSE
2019-05-17 19:57:00,0,0.0613810581104157,0,0,FALSE
2019-05-17 19:58:00,1,0.0613810581104157,3.4987203122937,0,FALSE
2019-05-17 19:59:00,1,0.0613810581104157,17.9232689682414,0,FALSE
2019-05-17 20:00:00,0,0.0613810581104157,0,0,FALSE
2019-05-17 20:01:00,0,0.0613810581104157,0,0,FALSE
2019-05-17 20:02:00,0,0.0613810581104157,0,0,FALSE
2019-05-17 20:03:00,2,0.0608053858186416,81.600827768617,0,FALSE
2019-05-17 20:04:00,0,0.0608053858186416,0,0,FALSE
2019-05-17 20:05:00,1,0.0609493038915851,19.5037772453072,0,FALSE
2019-05-17 20:06:00,9,0.0606934495396855,329.927073131454,2,FALSE
2019-05-17 20:07:00,4,0.0606074984683442,77.5276584681692,0,FALSE
2019-05-17 20:08:00,0,0.0606074984683442,0,0,FALSE
2019-05-17 20:09:00,3,0.0605895087092263,55.1364529253959,0,FALSE
2019-05-17 20:10:00,0,0.0605895087092263,0,0,FALSE
2019-05-17 20:11:00,0,0.0605895087092263,0,0,FALSE
2019-05-17 20:12:00,2,0.0605895087092263,62.1648359356662,0,FALSE
2019-05-17 20:13:00,1,0.0605895087092263,8.54312072800091,0,FALSE
2019-05-17 20:14:00,0,0.0605895087092263,0,0,FALSE
2019-05-17 20:15:00,1,0.0604455906362826,236.221368206592,0,FALSE
2019-05-17 20:16:00,2,0.0603376520815735,68.622439868641,0,FALSE
2019-05-17 20:17:00,0,0.0603376520815735,0,0,FALSE
2019-05-17 20:18:00,0,0.0603376520815735,0,0,FALSE
2019-05-17 20:19:00,0,0.0603376520815735,0,0,FALSE
2019-05-17 20:20:00,0,0.0603376520815735,0,0,FALSE
2019-05-17 20:21:00,3,0.0603976179453003,39.1334828044393,2,FALSE
2019-05-17 20:22:00,0,0.0603976179453003,0,0,FALSE
2019-05-17 20:23:00,0,0.0603976179453003,0,0,FALSE
2019-05-17 20:24:00,1,0.060373631599811,19.500683006739,0,FALSE
2019-05-17 20:25:00,1,0.0603736315998109,457.390633000167,0,FALSE
2019-05-17 20:26:00,1,0.0606614677456981,514.591230886757,0,FALSE
2019-05-17 20:27:00,0,0.0606614677456981,0,0,FALSE
2019-05-17 20:28:00,0,0.0606614677456981,0,0,FALSE
2019-05-17 20:29:00,2,0.0604455906362828,289.473933557158,0,FALSE
2019-05-17 20:30:00,0,0.0604455906362828,0,0,FALSE
2019-05-17 20:31:00,2,0.060337652081574,36.5639695301056,0,FALSE
2019-05-17 20:32:00,0,0.060337652081574,0,0,FALSE
2019-05-17 20:33:00,0,0.060337652081574,0,0,FALSE
2019-05-17 20:34:00,2,0.0604815701545186,92.7889468002106,2,FALSE
2019-05-17 20:35:00,0,0.0604815701545186,0,0,FALSE
2019-05-17 20:36:00,2,0.0603016725633378,137.005400063906,0,FALSE
2019-05-17 20:37:00,0,0.0603016725633378,0,0,FALSE
2019-05-17 20:38:00,0,0.0603016725633378,0,0,FALSE
2019-05-17 20:39:00,0,0.0603016725633378,0,0,FALSE
2019-05-17 20:40:00,2,0.0603016725633378,24.120669025335,0,FALSE
2019-05-17 20:41:00,2,0.0603016725633387,155.51801354085,0,FALSE
2019-05-17 20:42:00,1,0.0603016725633368,18.0905017690011,0,FALSE
2019-05-17 20:43:00,0,0.0603016725633368,0,0,FALSE
2019-05-17 20:44:00,1,0.0603016725633391,516.001412124493,0,FALSE
2019-05-17 20:45:00,1,0.0603016725633392,21.1055853971687,0,FALSE
2019-05-17 20:46:00,0,0.0603016725633392,0,0,FALSE
2019-05-17 20:47:00,0,0.0603016725633392,0,0,FALSE
2019-05-17 20:48:00,0,0.0603016725633392,0,0,FALSE
2019-05-17 20:49:00,0,0.0603016725633392,0,0,FALSE
2019-05-17 20:50:00,0,0.0603016725633392,0,0,FALSE
2019-05-17 20:51:00,0,0.0603016725633392,0,0,FALSE
2019-05-17 20:52:00,0,0.0603016725633392,0,0,FALSE
2019-05-17 20:53:00,0,0.0603016725633392,0,0,FALSE
2019-05-17 20:54:00,0,0.0603016725633392,0,0,FALSE
2019-05-17 20:55:00,0,0.0603016725633392,0,0,FALSE
2019-05-17 20:56:00,1,0.0603016725633378,30.1508362816689,0,FALSE
2019-05-17 20:57:00,1,0.0603016725633368,18.0302000964377,0,FALSE
2019-05-17 20:58:00,0,0.0603016725633368,0,0,FALSE
2019-05-17 20:59:00,0,0.0603016725633368,0,0,FALSE
2019-05-17 21:00:00,0,0.0603016725633368,0,0,FALSE
2019-05-17 21:01:00,1,0.0603016725633372,20.8040770343513,0,FALSE
2019-05-17 21:02:00,0,0.0603016725633372,0,0,FALSE
2019-05-17 21:03:00,0,0.0603016725633372,0,0,FALSE
2019-05-17 21:04:00,2,0.0602297135268669,801.013453666182,0,FALSE
2019-05-17 21:05:00,0,0.0602297135268669,0,0,FALSE
2019-05-17 21:06:00,3,0.0601577544903955,121.217875298147,0,FALSE
2019-05-17 21:07:00,12,0.0605655223637357,2155.9732548559,11,FALSE
2019-05-17 21:08:00,0,0.0605655223637357,0,0,FALSE
2019-05-17 21:09:00,0,0.0605655223637357,0,0,FALSE
2019-05-17 21:10:00,0,0.0605655223637357,0,0,FALSE
2019-05-17 21:11:00,0,0.0605655223637357,0,0,FALSE
2019-05-17 21:12:00,0,0.0605655223637357,0,0,FALSE
2019-05-17 21:13:00,0,0.0605655223637357,0,0,FALSE
2019-05-17 21:14:00,0,0.0605655223637357,0,0,FALSE
2019-05-17 21:15:00,1,0.0604455906362828,18.7985786878839,0,FALSE
2019-05-17 21:16:00,0,0.0604455906362828,0,0,FALSE
2019-05-17 21:17:00,0,0.0604455906362828,0,0,FALSE
2019-05-17 21:18:00,0,0.0604455906362828,0,0,FALSE
2019-05-17 21:19:00,0,0.0604455906362828,0,0,FALSE
2019-05-17 21:20:00,0,0.0604455906362828,0,0,FALSE
2019-05-17 21:21:00,0,0.0604455906362828,0,0,FALSE
2019-05-17 21:22:00,2,0.0604096111180469,21.1473216383224,2,FALSE
2019-05-17 21:23:00,0,0.0604096111180469,0,0,FALSE
2019-05-17 21:24:00,0,0.0604096111180469,0,0,FALSE
2019-05-17 21:25:00,0,0.0604096111180469,0,0,FALSE
2019-05-17 21:26:00,0,0.0604096111180469,0,0,FALSE
2019-05-17 21:27:00,0,0.0604096111180469,0,0,FALSE
2019-05-17 21:28:00,0,0.0604096111180469,0,0,FALSE
2019-05-17 21:29:00,0,0.0604096111180469,0,0,FALSE
2019-05-17 21:30:00,0,0.0604096111180469,0,0,FALSE
2019-05-17 21:31:00,0,0.0604096111180469,0,0,FALSE
2019-05-17 21:32:00,0,0.0604096111180469,0,0,FALSE
2019-05-17 21:33:00,4,0.0605895087092263,365.134542865031,3,FALSE
2019-05-17 21:34:00,5,0.0607622103967585,148.085076827537,0,FALSE
2019-05-17 21:35:00,0,0.0607622103967585,0,0,FALSE
2019-05-17 21:36:00,1,0.0605175496727545,92.6523685489872,0,FALSE
2019-05-17 21:37:00,0,0.0605175496727545,0,0,FALSE
2019-05-17 21:38:00,0,0.0605175496727545,0,0,FALSE
2019-05-17 21:39:00,0,0.0605175496727545,0,0,FALSE
2019-05-17 21:40:00,0,0.0605175496727545,0,0,FALSE
2019-05-17 21:41:00,0,0.0605175496727545,0,0,FALSE
2019-05-17 21:42:00,0,0.0605175496727545,0,0,FALSE
2019-05-17 21:43:00,0,0.0605175496727545,0,0,FALSE
2019-05-17 21:44:00,0,0.0605175496727545,0,0,FALSE
2019-05-17 21:45:00,0,0.0605175496727545,0,0,FALSE
2019-05-17 21:46:00,0,0.0605175496727545,0,0,FALSE
2019-05-17 21:47:00,1,0.0603016725633344,9.04525088450016,0,FALSE
2019-05-17 21:48:00,0,0.0603016725633344,0,0,FALSE
2019-05-17 21:49:00,0,0.0603016725633344,0,0,FALSE
2019-05-17 21:50:00,1,0.0603016725633198,2.23116188484283,0,FALSE
2019-05-17 21:51:00,0,0.0603016725633198,0,0,FALSE
2019-05-17 21:52:00,0,0.0603016725633198,0,0,FALSE
2019-05-17 21:53:00,1,0.0602297135268675,58.0012141263734,0,FALSE
2019-05-17 21:54:00,0,0.0602297135268675,0,0,FALSE
2019-05-17 21:55:00,0,0.0602297135268675,0,0,FALSE
2019-05-17 21:56:00,0,0.0602297135268675,0,0,FALSE
2019-05-17 21:57:00,0,0.0602297135268675,0,0,FALSE
2019-05-17 21:58:00,0,0.0602297135268675,0,0,FALSE
2019-05-17 21:59:00,1,0.0602297135268675,74.3836962056813,0,FALSE
2019-05-17 22:00:00,0,0.0602297135268675,0,0,FALSE
2019-05-17 22:01:00,0,0.0602297135268675,0,0,FALSE
2019-05-17 22:02:00,0,0.0602297135268675,0,0,FALSE
2019-05-17 22:03:00,0,0.0602297135268675,0,0,FALSE
2019-05-17 22:04:00,0,0.0602297135268675,0,0,FALSE
2019-05-17 22:05:00,1,0.0602297135268671,115.219441976897,0,FALSE
2019-05-17 22:06:00,0,0.0602297135268671,0,0,FALSE
2019-05-17 22:07:00,5,0.0609253929029158,58.600221605855,4,FALSE
2019-05-17 22:08:00,0,0.0609253929029158,0,0,FALSE
2019-05-17 22:09:00,0,0.0609253929029158,0,0,FALSE
2019-05-17 22:10:00,0,0.0609253929029158,0,0,FALSE
2019-05-17 22:11:00,0,0.0609253929029158,0,0,FALSE
2019-05-17 22:12:00,1,0.0610126577292288,34.7772149056604,0,FALSE
2019-05-17 22:13:00,0,0.0610126577292288,0,0,FALSE
2019-05-17 22:14:00,0,0.0610126577292288,0,0,FALSE
2019-05-17 22:15:00,0,0.0610126577292288,0,0,FALSE
2019-05-17 22:16:00,0,0.0610126577292288,0,0,FALSE
2019-05-17 22:17:00,0,0.0610126577292288,0,0,FALSE
2019-05-17 22:18:00,0,0.0610126577292288,0,0,FALSE
2019-05-17 22:19:00,0,0.0610126577292288,0,0,FALSE
2019-05-17 22:20:00,0,0.0610126577292288,0,0,FALSE
2019-05-17 22:21:00,0,0.0610126577292288,0,0,FALSE
2019-05-17 22:22:00,8,0.0611126486760434,976.527585145669,8,FALSE
2019-05-17 22:23:00,0,0.0611126486760434,0,0,FALSE
2019-05-17 22:24:00,0,0.0611126486760434,0,0,FALSE
2019-05-17 22:25:00,0,0.0611126486760434,0,0,FALSE
2019-05-17 22:26:00,0,0.0611126486760434,0,0,FALSE
2019-05-17 22:27:00,0,0.0611126486760434,0,0,FALSE
2019-05-17 22:28:00,0,0.0611126486760434,0,0,FALSE
2019-05-17 22:29:00,0,0.0611126486760434,0,0,FALSE
2019-05-17 22:30:00,0,0.0611126486760434,0,0,FALSE
2019-05-17 22:31:00,0,0.0611126486760434,0,0,FALSE
2019-05-17 22:32:00,0,0.0611126486760434,0,0,FALSE
2019-05-17 22:33:00,1,0.0611580991064141,411.655165085273,0,FALSE
2019-05-17 22:34:00,1,0.0612308197950067,14.5729351112116,0,FALSE
2019-05-17 22:35:00,0,0.0612308197950067,0,0,FALSE
2019-05-17 22:36:00,0,0.0612308197950067,0,0,FALSE
2019-05-17 22:37:00,0,0.0612308197950067,0,0,FALSE
2019-05-17 22:38:00,0,0.0612308197950067,0,0,FALSE
2019-05-17 22:39:00,0,0.0612308197950067,0,0,FALSE
2019-05-17 22:40:00,0,0.0612308197950067,0,0,FALSE
2019-05-17 22:41:00,0,0.0612308197950067,0,0,FALSE
2019-05-17 22:42:00,0,0.0612308197950067,0,0,FALSE
2019-05-17 22:43:00,0,0.0612308197950067,0,0,FALSE
2019-05-17 22:44:00,0,0.0612308197950067,0,0,FALSE
2019-05-17 22:45:00,4,0.0612126396228586,858.407661547391,4,FALSE
2019-05-17 22:46:00,1,0.0610853784178166,9.16280676267249,0,FALSE
2019-05-17 22:47:00,0,0.0610853784178166,0,0,FALSE
2019-05-17 22:48:00,0,0.0610853784178166,0,0,FALSE
2019-05-17 22:49:00,0,0.0610853784178166,0,0,FALSE
2019-05-17 22:50:00,0,0.0610853784178166,0,0,FALSE
2019-05-17 22:51:00,1,0.0614489818607847,65.5046146635965,0,FALSE
2019-05-17 22:52:00,0,0.0614489818607847,0,0,FALSE
2019-05-17 22:53:00,0,0.0614489818607847,0,0,FALSE
2019-05-17 22:54:00,0,0.0614489818607847,0,0,FALSE
2019-05-17 22:55:00,2,0.0614126215164884,108.995804241936,2,FALSE
2019-05-17 22:56:00,2,0.061376261172192,28.9695952732746,2,FALSE
2019-05-17 22:57:00,0,0.061376261172192,0,0,FALSE
2019-05-17 22:58:00,0,0.061376261172192,0,0,FALSE
2019-05-17 22:59:00,0,0.061376261172192,0,0,FALSE
2019-05-17 23:00:00,0,0.061376261172192,0,0,FALSE
2019-05-17 23:01:00,0,0.061376261172192,0,0,FALSE
2019-05-17 23:02:00,0,0.061376261172192,0,0,FALSE
2019-05-17 23:03:00,0,0.061376261172192,0,0,FALSE
2019-05-17 23:04:00,0,0.061376261172192,0,0,FALSE
2019-05-17 23:05:00,0,0.061376261172192,0,0,FALSE
2019-05-17 23:06:00,0,0.061376261172192,0,0,FALSE
2019-05-17 23:07:00,0,0.061376261172192,0,0,FALSE
2019-05-17 23:08:00,4,0.0613399008278957,590.421961349159,2,FALSE
2019-05-17 23:09:00,0,0.0613399008278957,0,0,FALSE
2019-05-17 23:10:00,0,0.0613399008278957,0,0,FALSE
2019-05-17 23:11:00,0,0.0613399008278957,0,0,FALSE
2019-05-17 23:12:00,0,0.0613399008278957,0,0,FALSE
2019-05-17 23:13:00,0,0.0613399008278957,0,0,FALSE
2019-05-17 23:14:00,0,0.0613399008278957,0,0,FALSE
2019-05-17 23:15:00,0,0.0613399008278957,0,0,FALSE
2019-05-17 23:16:00,0,0.0613399008278957,0,0,FALSE
2019-05-17 23:17:00,0,0.0613399008278957,0,0,FALSE
2019-05-17 23:18:00,0,0.0613399008278957,0,0,FALSE
2019-05-17 23:19:00,1,0.0614489818607847,247.45504995338,0,FALSE
2019-05-17 23:20:00,1,0.0614489818607847,65.5046146635965,0,FALSE
2019-05-17 23:21:00,2,0.061376261172192,512.965919677428,2,FALSE
2019-05-17 23:22:00,0,0.061376261172192,0,0,FALSE
2019-05-17 23:23:00,0,0.061376261172192,0,0,FALSE
2019-05-17 23:24:00,1,0.06159442323797,34.862443552691,0,FALSE
2019-05-17 23:25:00,1,0.06159442323797,7.94568059769813,0,FALSE
2019-05-17 23:26:00,0,0.06159442323797,0,0,FALSE
2019-05-17 23:27:00,0,0.06159442323797,0,0,FALSE
2019-05-17 23:28:00,0,0.06159442323797,0,0,FALSE
2019-05-17 23:29:00,0,0.06159442323797,0,0,FALSE
2019-05-17 23:30:00,0,0.06159442323797,0,0,FALSE
2019-05-17 23:31:00,0,0.06159442323797,0,0,FALSE
2019-05-17 23:32:00,0,0.06159442323797,0,0,FALSE
2019-05-17 23:33:00,0,0.06159442323797,0,0,FALSE
2019-05-17 23:34:00,0,0.06159442323797,0,0,FALSE
2019-05-17 23:35:00,0,0.06159442323797,0,0,FALSE
2019-05-17 23:36:00,0,0.06159442323797,0,0,FALSE
2019-05-17 23:37:00,0,0.06159442323797,0,0,FALSE
2019-05-17 23:38:00,0,0.06159442323797,0,0,FALSE
2019-05-17 23:39:00,0,0.06159442323797,0,0,FALSE
2019-05-17 23:40:00,0,0.06159442323797,0,0,FALSE
2019-05-17 23:41:00,0,0.06159442323797,0,0,FALSE
2019-05-17 23:42:00,3,0.0615217025493773,575.843135862172,2,FALSE
2019-05-17 23:43:00,0,0.0615217025493773,0,0,FALSE
2019-05-17 23:44:00,0,0.0615217025493773,0,0,FALSE
2019-05-17 23:45:00,0,0.0615217025493773,0,0,FALSE
2019-05-17 23:46:00,1,0.06159442323797,7.76089732798422,0,FALSE
2019-05-17 23:47:00,0,0.06159442323797,0,0,FALSE
2019-05-17 23:48:00,0,0.06159442323797,0,0,FALSE
2019-05-17 23:49:00,0,0.06159442323797,0,0,FALSE
2019-05-17 23:50:00,0,0.06159442323797,0,0,FALSE
2019-05-17 23:51:00,0,0.06159442323797,0,0,FALSE
2019-05-17 23:52:00,0,0.06159442323797,0,0,FALSE
2019-05-17 23:53:00,0,0.06159442323797,0,0,FALSE
2019-05-17 23:54:00,0,0.06159442323797,0,0,FALSE
2019-05-17 23:55:00,0,0.06159442323797,0,0,FALSE
2019-05-17 23:56:00,0,0.06159442323797,0,0,FALSE
2019-05-17 23:57:00,1,0.0614489818607847,21.4456946694139,0,FALSE
2019-05-17 23:58:00,0,0.0614489818607847,0,0,FALSE
2019-05-17 23:59:00,0,0.0614489818607847,0,0,FALSE
2019-05-18,0,0.0614489818607847,0,0,FALSE
2019-05-18 00:01:00,0,0.0614489818607847,0,0,FALSE
2019-05-18 00:02:00,0,0.0614489818607847,0,0,FALSE
2019-05-18 00:03:00,0,0.0614489818607847,0,0,FALSE
2019-05-18 00:04:00,0,0.0614489818607847,0,0,FALSE
2019-05-18 00:05:00,1,0.061376261172192,21.1134338432341,0,FALSE
2019-05-18 00:06:00,0,0.061376261172192,0,0,FALSE
2019-05-18 00:07:00,0,0.061376261172192,0,0,FALSE
2019-05-18 00:08:00,0,0.061376261172192,0,0,FALSE
2019-05-18 00:09:00,0,0.061376261172192,0,0,FALSE
2019-05-18 00:10:00,0,0.061376261172192,0,0,FALSE
2019-05-18 00:11:00,0,0.061376261172192,0,0,FALSE
2019-05-18 00:12:00,0,0.061376261172192,0,0,FALSE
2019-05-18 00:13:00,0,0.061376261172192,0,0,FALSE
2019-05-18 00:14:00,0,0.061376261172192,0,0,FALSE
2019-05-18 00:15:00,1,0.061376261172192,33.4500623388447,0,FALSE
2019-05-18 00:16:00,0,0.061376261172192,0,0,FALSE
2019-05-18 00:17:00,0,0.061376261172192,0,0,FALSE
2019-05-18 00:18:00,0,0.061376261172192,0,0,FALSE
2019-05-18 00:19:00,1,0.0615217025493773,65.4590915125375,0,FALSE
2019-05-18 00:20:00,1,0.0615217025493773,65.4590915125375,0,FALSE
2019-05-18 00:21:00,0,0.0615217025493773,0,0,FALSE
2019-05-18 00:22:00,0,0.0615217025493773,0,0,FALSE
2019-05-18 00:23:00,0,0.0615217025493773,0,0,FALSE
2019-05-18 00:24:00,0,0.0615217025493773,0,0,FALSE
2019-05-18 00:25:00,0,0.0615217025493773,0,0,FALSE
2019-05-18 00:26:00,0,0.0615217025493773,0,0,FALSE
2019-05-18 00:27:00,0,0.0615217025493773,0,0,FALSE
2019-05-18 00:28:00,2,0.0615580628936737,179.215192029748,0,FALSE
2019-05-18 00:29:00,0,0.0615580628936737,0,0,FALSE
2019-05-18 00:30:00,0,0.0615580628936737,0,0,FALSE
2019-05-18 00:31:00,1,0.0616671439265626,567.029388404743,0,FALSE
2019-05-18 00:32:00,0,0.0616671439265626,0,0,FALSE
2019-05-18 00:33:00,0,0.0616671439265626,0,0,FALSE
2019-05-18 00:34:00,1,0.0616671439265626,10.9767516189281,0,FALSE
2019-05-18 00:35:00,0,0.0616671439265626,0,0,FALSE
2019-05-18 00:36:00,1,0.0616671439265626,44.5853450589048,0,FALSE
2019-05-18 00:37:00,0,0.0616671439265626,0,0,FALSE
2019-05-18 00:38:00,0,0.0616671439265626,0,0,FALSE
2019-05-18 00:39:00,0,0.0616671439265626,0,0,FALSE
2019-05-18 00:40:00,16,0.0615671529797477,784.086099716069,0,FALSE
2019-05-18 00:41:00,9,0.0614489818607847,277.825318409638,2,FALSE
2019-05-18 00:42:00,1,0.0610126577292262,16.6564555600787,0,FALSE
2019-05-18 00:43:00,1,0.0610126577292276,36.180506033432,0,FALSE
2019-05-18 00:44:00,5,0.0614344377230662,645.424908652403,4,FALSE
2019-05-18 00:45:00,0,0.0614344377230662,0,0,FALSE
2019-05-18 00:46:00,1,0.06159442323797,8.0072750209361,0,FALSE
2019-05-18 00:47:00,0,0.06159442323797,0,0,FALSE
2019-05-18 00:48:00,1,0.06159442323797,2.21739923656692,0,FALSE
2019-05-18 00:49:00,1,0.06159442323797,2.64856019923271,0,FALSE
2019-05-18 00:50:00,0,0.06159442323797,0,0,FALSE
2019-05-18 00:51:00,0,0.06159442323797,0,0,FALSE
2019-05-18 00:52:00,0,0.06159442323797,0,0,FALSE
2019-05-18 00:53:00,3,0.06159442323797,44.7791456940042,2,FALSE
2019-05-18 00:54:00,9,0.0616671439265626,163.726267125024,0,FALSE
2019-05-18 00:55:00,2,0.0616307835822663,51.262267802727,0,FALSE
2019-05-18 00:56:00,3,0.0617398646151553,2616.39554778543,0,FALSE
2019-05-18 00:57:00,7,0.0617086986057583,1623.76571144744,4,FALSE
2019-05-18 00:58:00,1,0.0618853059923405,78.7799945282495,0,FALSE
2019-05-18 00:59:00,2,0.0618853059923406,374.096674723699,0,FALSE
2019-05-18 01:00:00,3,0.0618853059923406,159.1690070123,0,FALSE
2019-05-18 01:01:00,4,0.061939846508785,1474.00174381152,0,FALSE
2019-05-18 01:02:00,0,0.061939846508785,0,0,FALSE
2019-05-18 01:03:00,0,0.061939846508785,0,0,FALSE
2019-05-18 01:04:00,1,0.0621761887467111,270.3420686707,0,FALSE
2019-05-18 01:05:00,0,0.0621761887467111,0,0,FALSE
2019-05-18 01:06:00,1,0.0619580266809332,155.204856835738,0,FALSE
2019-05-18 01:07:00,3,0.0618610657628097,312.7274674583,2,FALSE
2019-05-18 01:08:00,1,0.0618125853037479,145.074137707896,0,FALSE
2019-05-18 01:09:00,0,0.0618125853037479,0,0,FALSE
2019-05-18 01:10:00,1,0.0617398646151553,72.6060807874226,0,FALSE
2019-05-18 01:11:00,1,0.0617398646151553,18.5219593845466,0,FALSE
2019-05-18 01:12:00,0,0.0617398646151553,0,0,FALSE
2019-05-18 01:13:00,1,0.0617398646151553,4.07483106460025,0,FALSE
2019-05-18 01:14:00,0,0.0617398646151553,0,0,FALSE
2019-05-18 01:15:00,0,0.0617398646151553,0,0,FALSE
2019-05-18 01:16:00,0,0.0617398646151553,0,0,FALSE
2019-05-18 01:17:00,0,0.0617398646151553,0,0,FALSE
2019-05-18 01:18:00,1,0.0616671439265626,54.8220909507142,0,FALSE
2019-05-18 01:19:00,1,0.0616671439265626,9.92841017217658,0,FALSE
2019-05-18 01:20:00,2,0.0616307835822663,763.236351089672,2,FALSE
2019-05-18 01:21:00,0,0.0616307835822663,0,0,FALSE
2019-05-18 01:22:00,2,0.0618125853037479,4.57413131247734,0,FALSE
2019-05-18 01:23:00,0,0.0618125853037479,0,0,FALSE
2019-05-18 01:24:00,2,0.0617762249594516,19.0259137564936,0,FALSE
2019-05-18 01:25:00,0,0.0617762249594516,0,0,FALSE
2019-05-18 01:26:00,2,0.0620307473695248,24.3780837162229,2,FALSE
2019-05-18 01:27:00,0,0.0620307473695248,0,0,FALSE
2019-05-18 01:28:00,1,0.0620307473695062,2.29513765267173,0,FALSE
2019-05-18 01:29:00,0,0.0620307473695062,0,0,FALSE
2019-05-18 01:30:00,3,0.0621034680581182,704.59453324994,0,FALSE
2019-05-18 01:31:00,0,0.0621034680581182,0,0,FALSE
2019-05-18 01:32:00,0,0.0621034680581182,0,0,FALSE
2019-05-18 01:33:00,0,0.0621034680581182,0,0,FALSE
2019-05-18 01:34:00,0,0.0621034680581182,0,0,FALSE
2019-05-18 01:35:00,0,0.0621034680581182,0,0,FALSE
2019-05-18 01:36:00,1,0.0620307473695258,7.31962818960405,0,FALSE
2019-05-18 01:37:00,0,0.0620307473695258,0,0,FALSE
2019-05-18 01:38:00,2,0.0622489094353022,50.9196079180778,2,FALSE
2019-05-18 01:39:00,3,0.0622489094353036,581.716058672912,0,FALSE
2019-05-18 01:40:00,9,0.0625801925722258,697.28603132569,0,FALSE
2019-05-18 01:41:00,10,0.0628015866686079,403.07106956242,5,FALSE
2019-05-18 01:42:00,0,0.0628015866686079,0,0,FALSE
2019-05-18 01:43:00,2,0.0627579542554523,940.42394488008,2,FALSE
2019-05-18 01:44:00,3,0.0627579542554523,155.655797825701,2,FALSE
2019-05-18 01:45:00,7,0.0628618409534418,1039.55715117302,5,FALSE
2019-05-18 01:46:00,0,0.0628618409534418,0,0,FALSE
2019-05-18 01:47:00,0,0.0628618409534418,0,0,FALSE
2019-05-18 01:48:00,2,0.0628306749440449,311.828639747295,0,FALSE
2019-05-18 01:49:00,4,0.0629942964933784,531.699132662336,0,FALSE
2019-05-18 01:50:00,4,0.0631942783870082,2460.36022068596,0,FALSE
2019-05-18 01:51:00,2,0.0632669990755992,80.0327538306343,0,FALSE
2019-05-18 01:52:00,3,0.0631942783870082,20.8442945747527,0,FALSE
2019-05-18 01:53:00,0,0.0631942783870082,0,0,FALSE
2019-05-18 01:54:00,5,0.0633978963150665,789.175384386534,2,FALSE
2019-05-18 01:55:00,19,0.0636535669465399,5210.46882572114,9,FALSE
2019-05-18 01:56:00,9,0.0639942059615272,2425.57238855977,0,FALSE
2019-05-18 01:57:00,6,0.0639942059615272,1297.67450848785,0,FALSE
2019-05-18 01:58:00,5,0.063877852859779,61.445709429798,0,FALSE
2019-05-18 01:59:00,1,0.063848764584342,14.55751832523,0,FALSE
2019-05-18 02:00:00,0,0.063848764584342,0,0,FALSE
2019-05-18 02:01:00,4,0.0639760257893791,896.780550900516,0,FALSE
2019-05-18 02:02:00,4,0.0642123680273052,1189.23094515509,0,FALSE
2019-05-18 02:03:00,8,0.0644668904373785,928.513677781687,2,FALSE
2019-05-18 02:04:00,13,0.064643098259737,3513.86796331721,5,FALSE
2019-05-18 02:05:00,4,0.0647032326753051,953.623258904463,0,FALSE
2019-05-18 02:06:00,1,0.0646486921588547,7.36995090610943,0,FALSE
2019-05-18 02:07:00,12,0.0635700019447365,1793.89518064442,0,FALSE
2019-05-18 02:08:00,5,0.0637033232071567,757.559919579507,0,FALSE
2019-05-18 02:09:00,3,0.0637033232071565,167.915633274157,0,FALSE
2019-05-18 02:10:00,2,0.063739683551453,183.664389199224,0,FALSE
2019-05-18 02:11:00,10,0.0642123680273052,3974.68442279108,8,FALSE
2019-05-18 02:12:00,8,0.0647214128474536,714.673111644059,2,FALSE
2019-05-18 02:13:00,20,0.0650741081871279,4121.18141349198,8,FALSE
2019-05-18 02:14:00,22,0.0651379040639385,841.674340219469,0,FALSE
2019-05-18 02:15:00,7,0.0652096803280043,218.403643905439,0,FALSE
2019-05-18 02:16:00,12,0.0652243976102195,439.877409841881,4,FALSE
2019-05-18 02:17:00,15,0.0651480408871972,677.130110789156,5,FALSE
2019-05-18 02:18:00,23,0.0652051635150482,3384.70743933542,14,FALSE
2019-05-18 02:19:00,0,0.0652051635150482,0,0,FALSE
2019-05-18 02:20:00,6,0.065060776060886,162.504123232536,2,FALSE
2019-05-18 02:21:00,3,0.0650122956018243,70.0182423631647,0,FALSE
2019-05-18 02:22:00,2,0.0647214128474537,302.313719410456,0,FALSE
2019-05-18 02:23:00,0,0.0647214128474537,0,0,FALSE
2019-05-18 02:24:00,0,0.0647214128474537,0,0,FALSE
2019-05-18 02:25:00,0,0.0647214128474537,0,0,FALSE
2019-05-18 02:26:00,0,0.0647214128474537,0,0,FALSE
2019-05-18 02:27:00,0,0.0647214128474537,0,0,FALSE
2019-05-18 02:28:00,2,0.0650122956018243,32.181086322903,0,FALSE
2019-05-18 02:29:00,8,0.065175917151157,686.872283277846,2,FALSE
2019-05-18 02:30:00,11,0.0654420087616899,4105.02411273841,0,FALSE
2019-05-18 02:31:00,5,0.0654486197333801,455.587841964059,0,FALSE
2019-05-18 02:32:00,2,0.0654122593890838,698.263615542442,2,FALSE
2019-05-18 02:33:00,2,0.0654122593890838,1298.73506701028,2,FALSE
2019-05-18 02:34:00,0,0.0654122593890838,0,0,FALSE
2019-05-18 02:35:00,0,0.0654122593890838,0,0,FALSE
2019-05-18 02:36:00,0,0.0654122593890838,0,0,FALSE
2019-05-18 02:37:00,2,0.0652304576676022,84.5573623541808,0,FALSE
2019-05-18 02:38:00,0,0.0652304576676022,0,0,FALSE
2019-05-18 02:39:00,12,0.0649880553722891,495.65970476477,10,FALSE
2019-05-18 02:40:00,1,0.0653031783561949,14.5626087734315,0,FALSE
2019-05-18 02:41:00,0,0.0653031783561949,0,0,FALSE
2019-05-18 02:42:00,0,0.0653031783561949,0,0,FALSE
2019-05-18 02:43:00,0,0.0653031783561949,0,0,FALSE
2019-05-18 02:44:00,0,0.0653031783561949,0,0,FALSE
2019-05-18 02:45:00,6,0.065952127737869,5277.70714895798,6,FALSE
2019-05-18 02:46:00,12,0.0662145691123581,982.093170764334,0,FALSE
2019-05-18 02:47:00,8,0.0665197335012978,416.889514925422,0,FALSE
2019-05-18 02:48:00,7,0.0666583653237014,3810.09052646719,0,FALSE
2019-05-18 02:49:00,6,0.0666845222713268,2338.55141857356,0,FALSE
2019-05-18 02:50:00,0,0.0666845222713268,0,0,FALSE
2019-05-18 02:51:00,0,0.0666845222713268,0,0,FALSE
2019-05-18 02:52:00,15,0.0670629261136133,1520.36631341074,4,FALSE
2019-05-18 02:53:00,18,0.0675511891359184,3998.47214131982,2,FALSE
2019-05-18 02:54:00,12,0.067740391057061,370.288349353307,3,FALSE
2019-05-18 02:55:00,10,0.0670360716473861,600.914261177415,0,FALSE
2019-05-18 02:56:00,3,0.0672826444736506,991.222981300059,2,FALSE
2019-05-18 02:57:00,1,0.0673802970781116,24.1895266510421,0,FALSE
2019-05-18 02:58:00,1,0.0673802970781116,159.421782886812,0,FALSE
2019-05-18 02:59:00,17,0.0677464943448398,1531.58513287424,12,FALSE
2019-05-18 03:00:00,24,0.0681706728454681,1684.96795663543,4,FALSE
2019-05-18 03:01:00,38,0.068552128331644,9785.17100651875,7,FALSE
2019-05-18 03:02:00,41,0.0690540865362819,3359.40415311918,16,FALSE
2019-05-18 03:03:00,32,0.0696713187280841,6550.8644537997,12,FALSE
2019-05-18 03:04:00,49,0.0708419822607404,4543.17878402702,10,FALSE
2019-05-18 03:05:00,23,0.0709913205604641,7112.57832292614,8,FALSE
2019-05-18 03:06:00,42,0.0705976016358001,5045.14749584718,20,FALSE
2019-05-18 03:07:00,51,0.0707392594580283,3543.30768807589,11,FALSE
2019-05-18 03:08:00,17,0.070818243182225,454.568430572598,0,FALSE
2019-05-18 03:09:00,10,0.0710349458000657,2348.34199545737,2,FALSE
2019-05-18 03:10:00,4,0.0709690302920545,229.01706075246,0,FALSE
2019-05-18 03:11:00,7,0.0709899558501533,1012.7505467798,4,FALSE
2019-05-18 03:12:00,7,0.0710945836406473,1006.16302414861,2,FALSE
2019-05-18 03:13:00,6,0.071152128925419,2778.53128243422,2,FALSE
2019-05-18 03:14:00,2,0.0712619881054376,324.455831844057,2,FALSE
2019-05-18 03:15:00,5,0.0711887486520918,520.960727425075,0,FALSE
2019-05-18 03:16:00,7,0.0705505191300787,2683.82197629794,0,FALSE
2019-05-18 03:17:00,37,0.0691617972946295,5860.0904368893,18,FALSE
2019-05-18 03:18:00,40,0.0686235367986559,2773.89712926321,9,FALSE
2019-05-18 03:19:00,13,0.0692450862363756,4720.19012022662,0,FALSE
2019-05-18 03:20:00,13,0.0698028328426257,1260.68272171115,6,FALSE
2019-05-18 03:21:00,6,0.0692479031384272,214.634296904415,3,FALSE
2019-05-18 03:22:00,21,0.0699750662823614,4261.11167735644,12,FALSE
2019-05-18 03:23:00,4,0.0696141004051577,188.715000844254,0,FALSE
2019-05-18 03:24:00,8,0.0697971990385221,980.808623992103,5,FALSE
2019-05-18 03:25:00,4,0.0697971990385221,832.857238091039,2,FALSE
2019-05-18 03:26:00,3,0.0696018938296001,160.634335276405,2,FALSE
2019-05-18 03:27:00,7,0.069033416167916,875.924673278674,0,FALSE
2019-05-18 03:28:00,1,0.0693577623184475,8.80843581444283,0,FALSE
2019-05-18 03:29:00,3,0.0692601097139865,183.291912281813,2,FALSE
2019-05-18 03:30:00,3,0.0692845228650977,291.410703170617,0,FALSE
2019-05-18 03:31:00,3,0.0690892176561797,41.970820852689,0,FALSE
2019-05-18 03:32:00,0,0.0690892176561797,0,0,FALSE
2019-05-18 03:33:00,4,0.0684605790149618,139.27536701827,0,FALSE
2019-05-18 03:34:00,5,0.0687279030196731,49.3834591652674,5,FALSE
2019-05-18 03:35:00,13,0.0676957901079084,623.896728397865,2,FALSE
2019-05-18 03:36:00,7,0.0680289893791742,1252.80310864404,2,FALSE
2019-05-18 03:37:00,0,0.0680289893791742,0,0,FALSE
2019-05-18 03:38:00,11,0.0681925891970372,509.329643078685,6,FALSE
2019-05-18 03:39:00,3,0.0683324099716067,41.2564432247543,0,FALSE
2019-05-18 03:40:00,3,0.0682591705182609,98.7710197399235,0,FALSE
2019-05-18 03:41:00,1,0.0681126916115694,55.6480690466522,0,FALSE
2019-05-18 03:42:00,5,0.0673802970781116,3506.34351625392,0,FALSE
2019-05-18 03:43:00,11,0.0673470064174999,2026.08415284768,2,FALSE
2019-05-18 03:44:00,1,0.0672338181714201,702.862335164025,0,FALSE
2019-05-18 03:45:00,0,0.0672338181714201,0,0,FALSE
2019-05-18 03:46:00,10,0.0671679026634089,2005.65693691501,2,FALSE
2019-05-18 03:47:00,3,0.0673070576247659,225.074800697217,0,FALSE
2019-05-18 03:48:00,0,0.0673070576247659,0,0,FALSE
2019-05-18 03:49:00,17,0.0677551107511161,1175.55679804517,7,FALSE
2019-05-18 03:50:00,2,0.0678563535248592,359.353259532065,0,FALSE
2019-05-18 03:51:00,5,0.0671166350460668,253.818795994019,2,FALSE
2019-05-18 03:52:00,3,0.067038512962498,1153.51809442053,0,FALSE
2019-05-18 03:53:00,6,0.0668432077535759,1413.6577481961,4,FALSE
2019-05-18 03:54:00,2,0.0665746630913075,287.868843206816,0,FALSE
2019-05-18 03:55:00,4,0.066904240631364,3102.86026354508,0,FALSE
2019-05-18 03:56:00,0,0.066904240631364,0,0,FALSE
2019-05-18 03:57:00,0,0.066904240631364,0,0,FALSE
2019-05-18 03:58:00,0,0.066904240631364,0,0,FALSE
2019-05-18 03:59:00,4,0.0672521280347565,547.077037614738,3,FALSE
2019-05-18 04:00:00,1,0.0665746630913081,57.4539342477989,0,FALSE
2019-05-18 04:01:00,1,0.0667211419979997,8.27342160775196,0,FALSE
2019-05-18 04:02:00,2,0.0667943814513454,121.565774241449,0,FALSE
2019-05-18 04:03:00,1,0.0667943814513454,21.9753514974926,0,FALSE
2019-05-18 04:04:00,3,0.0666479025446539,53.8515052560803,0,FALSE
2019-05-18 04:05:00,0,0.0666479025446539,0,0,FALSE
2019-05-18 04:06:00,1,0.0667943814513454,30.7922098490702,0,FALSE
2019-05-18 04:07:00,3,0.0665014236379623,23.4085011205627,0,FALSE
2019-05-18 04:08:00,1,0.0667211419979994,183.08281364251,0,FALSE
2019-05-18 04:09:00,1,0.0667943814513454,2.33780335079709,0,FALSE
2019-05-18 04:10:00,2,0.0668310011780183,67.9030802960937,2,FALSE
2019-05-18 04:11:00,0,0.0668310011780183,0,0,FALSE
2019-05-18 04:12:00,0,0.0668310011780183,0,0,FALSE
2019-05-18 04:13:00,1,0.0664281841846166,23.2498644646158,0,FALSE
2019-05-18 04:14:00,3,0.0662572921268098,440.497447077448,0,FALSE
2019-05-18 04:15:00,3,0.0662084658245792,266.902218700255,0,FALSE
2019-05-18 04:16:00,4,0.0665563532279701,508.379287932069,2,FALSE
2019-05-18 04:17:00,0,0.0665563532279701,0,0,FALSE
2019-05-18 04:18:00,3,0.066940860358037,1314.33999593696,3,FALSE
2019-05-18 04:19:00,0,0.066940860358037,0,0,FALSE
2019-05-18 04:20:00,4,0.0670690294013921,109.597202494042,0,FALSE
2019-05-18 04:21:00,2,0.0670873392647285,41.258713647808,0,FALSE
2019-05-18 04:22:00,0,0.0670873392647285,0,0,FALSE
2019-05-18 04:23:00,2,0.0664281841846141,44.573311587877,0,FALSE
2019-05-18 04:24:00,4,0.0662267756879145,100.875775150173,0,FALSE
2019-05-18 04:25:00,0,0.0662267756879145,0,0,FALSE
2019-05-18 04:26:00,0,0.0662267756879145,0,0,FALSE
2019-05-18 04:27:00,0,0.0662267756879145,0,0,FALSE
2019-05-18 04:28:00,2,0.0661718460979064,242.215103203182,0,FALSE
2019-05-18 04:29:00,0,0.0661718460979064,0,0,FALSE
2019-05-18 04:30:00,2,0.0660253671912148,135.118515364724,0,FALSE
2019-05-18 04:31:00,2,0.0660619869178877,47.8288785285507,0,FALSE
2019-05-18 04:32:00,3,0.0658666817089656,337.1858741879,0,FALSE
2019-05-18 04:33:00,0,0.0658666817089656,0,0,FALSE
2019-05-18 04:34:00,4,0.0658239586945139,298.751347100558,2,FALSE
2019-05-18 04:35:00,0,0.0658239586945139,0,0,FALSE
2019-05-18 04:36:00,0,0.0658239586945139,0,0,FALSE
2019-05-18 04:37:00,4,0.0657690291045046,150.216462474689,0,FALSE
2019-05-18 04:38:00,4,0.0657690291045046,57.1532862918145,0,FALSE
2019-05-18 04:39:00,0,0.0657690291045046,0,0,FALSE
2019-05-18 04:40:00,1,0.0657690291045046,0.657690291045046,0,FALSE
2019-05-18 04:41:00,6,0.0662450855512521,1249.14845992208,6,FALSE
2019-05-18 04:42:00,13,0.0668000152554488,2623.8519738699,10,FALSE
2019-05-18 04:43:00,0,0.0668000152554488,0,0,FALSE
2019-05-18 04:44:00,0,0.0668000152554488,0,0,FALSE
2019-05-18 04:45:00,0,0.0668000152554488,0,0,FALSE
2019-05-18 04:46:00,0,0.0668000152554488,0,0,FALSE
2019-05-18 04:47:00,0,0.0668000152554488,0,0,FALSE
2019-05-18 04:48:00,0,0.0668000152554488,0,0,FALSE
2019-05-18 04:49:00,3,0.0664281841846166,58.2575175299087,2,FALSE
2019-05-18 04:50:00,0,0.0664281841846166,0,0,FALSE
2019-05-18 04:51:00,0,0.0664281841846166,0,0,FALSE
2019-05-18 04:52:00,3,0.0663793578823853,550.039353784214,0,FALSE
2019-05-18 04:53:00,0,0.0663793578823853,0,0,FALSE
2019-05-18 04:54:00,0,0.0663793578823853,0,0,FALSE
2019-05-18 04:55:00,1,0.0665014236379623,2.19454698005276,0,FALSE
2019-05-18 04:56:00,0,0.0665014236379623,0,0,FALSE
2019-05-18 04:57:00,0,0.0665014236379623,0,0,FALSE
2019-05-18 04:58:00,0,0.0665014236379623,0,0,FALSE
2019-05-18 04:59:00,0,0.0665014236379623,0,0,FALSE
2019-05-18 05:00:00,0,0.0665014236379623,0,0,FALSE
2019-05-18 05:01:00,1,0.0664281841846151,32.8819511713845,0,FALSE
2019-05-18 05:02:00,0,0.0664281841846151,0,0,FALSE
2019-05-18 05:03:00,0,0.0664281841846151,0,0,FALSE
2019-05-18 05:04:00,0,0.0664281841846151,0,0,FALSE
2019-05-18 05:05:00,1,0.0664281841846166,7.77209754960014,0,FALSE
2019-05-18 05:06:00,1,0.0664281841846166,11.425647679754,0,FALSE
2019-05-18 05:07:00,2,0.0664648039112894,20.0043313290512,0,FALSE
2019-05-18 05:08:00,0,0.0664648039112894,0,0,FALSE
2019-05-18 05:09:00,4,0.0666112828179802,272.972158114645,3,FALSE
2019-05-18 05:10:00,3,0.0666479025446529,61.9159014639827,0,FALSE
2019-05-18 05:11:00,2,0.0666112828179777,16.5186460259651,0,FALSE
2019-05-18 05:12:00,3,0.0666479025446455,30.7913309756279,0,FALSE
2019-05-18 05:13:00,2,0.0666479025446504,28.1254148738425,0,FALSE
2019-05-18 05:14:00,15,0.0664281841846163,687.598134494965,0,FALSE
2019-05-18 05:15:00,19,0.066281705277925,4943.81983326987,0,FALSE
2019-05-18 05:16:00,3,0.0664281841846166,320.515988690775,0,FALSE
2019-05-18 05:17:00,2,0.0665014236379622,554.019918073556,0,FALSE
2019-05-18 05:18:00,2,0.0666112828179798,85.3478392096154,0,FALSE
2019-05-18 05:19:00,5,0.0669848040300444,197.685955005671,2,FALSE
2019-05-18 05:20:00,4,0.0672704378980929,354.971782475107,0,FALSE
2019-05-18 05:21:00,3,0.0673558839269956,233.205405370944,0,FALSE
2019-05-18 05:22:00,12,0.0678563535248587,3001.84372216557,10,FALSE
2019-05-18 05:23:00,7,0.0680499149372729,737.532207870487,0,FALSE
2019-05-18 05:24:00,1,0.0684056494249524,15.9385163160139,0,FALSE
2019-05-18 05:25:00,0,0.0684056494249524,0,0,FALSE
2019-05-18 05:26:00,0,0.0684056494249524,0,0,FALSE
2019-05-18 05:27:00,0,0.0684056494249524,0,0,FALSE
2019-05-18 05:28:00,1,0.0682591705182609,173.173515604828,0,FALSE
2019-05-18 05:29:00,1,0.0682591705182609,112.62763135513,0,FALSE
2019-05-18 05:30:00,1,0.0682591705182609,80.7505987231027,0,FALSE
2019-05-18 05:31:00,11,0.0685587864637663,1303.8873343949,5,FALSE
2019-05-18 05:32:00,7,0.068395186645903,1873.54958843514,2,FALSE
2019-05-18 05:33:00,1,0.0678197337981863,7.46017071780049,0,FALSE
2019-05-18 05:34:00,0,0.0678197337981863,0,0,FALSE
2019-05-18 05:35:00,0,0.0678197337981863,0,0,FALSE
2019-05-18 05:36:00,0,0.0678197337981863,0,0,FALSE
2019-05-18 05:37:00,3,0.0673802970781116,33.5553879448996,0,FALSE
2019-05-18 05:38:00,1,0.0673802970781116,152.212091099454,0,FALSE
2019-05-18 05:39:00,0,0.0673802970781116,0,0,FALSE
2019-05-18 05:40:00,3,0.0670873392647285,121.428084069159,0,FALSE
2019-05-18 05:41:00,2,0.0670873392647285,72.7226757629657,0,FALSE
2019-05-18 05:42:00,0,0.0670873392647285,0,0,FALSE
2019-05-18 05:43:00,1,0.066940860358037,8.43454840511266,0,FALSE
2019-05-18 05:44:00,0,0.066940860358037,0,0,FALSE
2019-05-18 05:45:00,2,0.0671605787180743,19.4045734456027,0,FALSE
2019-05-18 05:46:00,3,0.0673070576247659,1147.1747521268,2,FALSE
2019-05-18 05:47:00,8,0.0675267759848032,222.500726869926,0,FALSE
2019-05-18 05:48:00,0,0.0675267759848032,0,0,FALSE
2019-05-18 05:49:00,0,0.0675267759848032,0,0,FALSE
2019-05-18 05:50:00,0,0.0675267759848032,0,0,FALSE
2019-05-18 05:51:00,0,0.0675267759848032,0,0,FALSE
2019-05-18 05:52:00,0,0.0675267759848032,0,0,FALSE
2019-05-18 05:53:00,0,0.0675267759848032,0,0,FALSE
2019-05-18 05:54:00,0,0.0675267759848032,0,0,FALSE
2019-05-18 05:55:00,2,0.0675633957114761,897.3458218327,0,FALSE
2019-05-18 05:56:00,4,0.0677098746181661,48.6258702598579,4,FALSE
2019-05-18 05:57:00,2,0.0677464943448405,62.3267747972533,0,FALSE
2019-05-18 05:58:00,2,0.0676732548914905,24.2990196337925,2,FALSE
2019-05-18 05:59:00,3,0.0676976680426034,221.796749244366,0,FALSE
2019-05-18 06:00:00,0,0.0676976680426034,0,0,FALSE
2019-05-18 06:01:00,2,0.0677098746181676,642.943966550595,2,FALSE
2019-05-18 06:02:00,7,0.0681022288325198,1216.16573126289,3,FALSE
2019-05-18 06:03:00,5,0.0682152268462534,264.965840793246,0,FALSE
2019-05-18 06:04:00,1,0.0682591705182609,56.3820748480835,0,FALSE
2019-05-18 06:05:00,0,0.0682591705182609,0,0,FALSE
2019-05-18 06:06:00,0,0.0682591705182609,0,0,FALSE
2019-05-18 06:07:00,3,0.0682835836693762,188.953322025442,0,FALSE
2019-05-18 06:08:00,3,0.0684056494249524,504.615951861352,0,FALSE
2019-05-18 06:09:00,1,0.068552128331644,16.7952714412528,0,FALSE
2019-05-18 06:10:00,1,0.0684788888782982,293.226602176873,0,FALSE
2019-05-18 06:11:00,5,0.0684935367689674,1355.36705319383,2,FALSE
2019-05-18 06:12:00,6,0.0687718466916813,1240.16446913797,3,FALSE
2019-05-18 06:13:00,11,0.0692179415438773,333.475856439214,7,FALSE
2019-05-18 06:14:00,1,0.0688450861450271,7.43526930366292,0,FALSE
2019-05-18 06:15:00,0,0.0688450861450271,0,0,FALSE
2019-05-18 06:16:00,2,0.0686619875116627,1283.1879606536,2,FALSE
2019-05-18 06:17:00,2,0.0686986072383355,82.507027293241,0,FALSE
2019-05-18 06:18:00,2,0.0687718466916813,220.89517157368,0,FALSE
2019-05-18 06:19:00,0,0.0687718466916813,0,0,FALSE
2019-05-18 06:20:00,3,0.0687718466916799,128.947212546902,0,FALSE
2019-05-18 06:21:00,1,0.0687718466916813,36.6553942866661,0,FALSE
2019-05-18 06:22:00,4,0.0688267762816906,100.669679328459,2,FALSE
2019-05-18 06:23:00,5,0.0689476213797112,99.9665805763399,2,FALSE
2019-05-18 06:24:00,3,0.0691136308072943,54.611144866182,0,FALSE
2019-05-18 06:25:00,6,0.0691380439584099,791.146637016086,0,FALSE
2019-05-18 06:26:00,1,0.0692112834117551,57.0300975312862,0,FALSE
2019-05-18 06:27:00,2,0.0694310017717933,16.9411644323176,0,FALSE
2019-05-18 06:28:00,4,0.0693394524551111,81.8745313741469,2,FALSE
2019-05-18 06:29:00,3,0.069406588620678,425.99002967981,2,FALSE
2019-05-18 06:30:00,5,0.0688597340356962,812.358760170264,0,FALSE
2019-05-18 06:31:00,0,0.0688597340356962,0,0,FALSE
2019-05-18 06:32:00,0,0.0688597340356962,0,0,FALSE
2019-05-18 06:33:00,1,0.0688450861450271,250.320733223318,0,FALSE
2019-05-18 06:34:00,4,0.0689000157350364,423.295476951765,2,FALSE
2019-05-18 06:35:00,5,0.0689476213797112,139.210330383699,2,FALSE
2019-05-18 06:36:00,0,0.0689476213797112,0,0,FALSE
2019-05-18 06:37:00,1,0.068552128331644,183.514047543811,0,FALSE
2019-05-18 06:38:00,0,0.068552128331644,0,0,FALSE
2019-05-18 06:39:00,0,0.068552128331644,0,0,FALSE
2019-05-18 06:40:00,0,0.068552128331644,0,0,FALSE
2019-05-18 06:41:00,2,0.0686986072383355,58.3938161525852,0,FALSE
2019-05-18 06:42:00,2,0.0687718466916714,4.81402926841696,0,FALSE
2019-05-18 06:43:00,5,0.0687718466916774,68.0841282247638,0,FALSE
2019-05-18 06:44:00,10,0.0688304382543579,256.579703666794,2,FALSE
2019-05-18 06:45:00,8,0.0688084664183542,224.141656822138,0,FALSE
2019-05-18 06:46:00,1,0.0688450861450262,55.6956746913262,0,FALSE
2019-05-18 06:47:00,4,0.0688817058716999,1106.87027531663,2,FALSE
2019-05-18 06:48:00,2,0.0689183255983702,168.643142739218,0,FALSE
2019-05-18 06:49:00,0,0.0689183255983702,0,0,FALSE
2019-05-18 06:50:00,1,0.0689183255983729,18.3322746091672,0,FALSE
2019-05-18 06:51:00,1,0.0689183255983729,83.8046839276214,0,FALSE
2019-05-18 06:52:00,1,0.0689915650517167,26.6997356750144,0,FALSE
2019-05-18 06:53:00,0,0.0689915650517167,0,0,FALSE
2019-05-18 06:54:00,0,0.0689915650517167,0,0,FALSE
2019-05-18 06:55:00,3,0.0690159782028339,111.313642322654,2,FALSE
2019-05-18 06:56:00,4,0.0690831143684005,208.303844754474,2,FALSE
2019-05-18 06:57:00,7,0.0693368367603472,1043.04494806447,5,FALSE
2019-05-18 06:58:00,2,0.0693211425917746,25.759267854602,0,FALSE
2019-05-18 06:59:00,1,0.0691380439584102,17.353649033561,0,FALSE
2019-05-18 07:00:00,0,0.0691380439584102,0,0,FALSE
2019-05-18 07:01:00,0,0.0691380439584102,0,0,FALSE
2019-05-18 07:02:00,0,0.0691380439584102,0,0,FALSE
2019-05-18 07:03:00,8,0.0692295932750915,533.758369784354,8,FALSE
2019-05-18 07:04:00,0,0.0692295932750915,0,0,FALSE
2019-05-18 07:05:00,0,0.0692295932750915,0,0,FALSE
2019-05-18 07:06:00,0,0.0692295932750915,0,0,FALSE
2019-05-18 07:07:00,0,0.0692295932750915,0,0,FALSE
2019-05-18 07:08:00,4,0.0684056494249524,923.613078535708,0,FALSE
2019-05-18 07:09:00,2,0.0686253677849898,107.124199112369,0,FALSE
2019-05-18 07:10:00,0,0.0686253677849898,0,0,FALSE
2019-05-18 07:11:00,0,0.0686253677849898,0,0,FALSE
2019-05-18 07:12:00,0,0.0686253677849898,0,0,FALSE
2019-05-18 07:13:00,0,0.0686253677849898,0,0,FALSE
2019-05-18 07:14:00,4,0.0686070579216533,67.7251084244635,2,FALSE
2019-05-18 07:15:00,5,0.0686839593476624,21.0148160668621,3,FALSE
2019-05-18 07:16:00,1,0.068549722871309,6.92352201000221,0,FALSE
2019-05-18 07:17:00,2,0.0686592272209437,24.9942217983159,0,FALSE
2019-05-18 07:18:00,5,0.0686957286708217,151.118849608947,2,FALSE
2019-05-18 07:19:00,0,0.0686957286708217,0,0,FALSE
2019-05-18 07:20:00,0,0.0686957286708217,0,0,FALSE
2019-05-18 07:21:00,2,0.0687322301207001,30.1807128115131,0,FALSE
2019-05-18 07:22:00,0,0.0687322301207001,0,0,FALSE
2019-05-18 07:23:00,0,0.0687322301207001,0,0,FALSE
2019-05-18 07:24:00,0,0.0687322301207001,0,0,FALSE
2019-05-18 07:25:00,0,0.0687322301207001,0,0,FALSE
2019-05-18 07:26:00,2,0.0684767199715525,26.9798276687917,0,FALSE
2019-05-18 07:27:00,2,0.0684767199715525,5.3411841577811,0,FALSE
2019-05-18 07:28:00,0,0.0684767199715525,0,0,FALSE
2019-05-18 07:29:00,0,0.0684767199715525,0,0,FALSE
2019-05-18 07:30:00,0,0.0684767199715525,0,0,FALSE
2019-05-18 07:31:00,1,0.0683307141720396,2.59656713853751,0,FALSE
2019-05-18 07:32:00,0,0.0683307141720396,0,0,FALSE
2019-05-18 07:33:00,0,0.0683307141720396,0,0,FALSE
2019-05-18 07:34:00,1,0.0683307141720396,2.04992142516119,0,FALSE
2019-05-18 07:35:00,3,0.0682333769723644,157.866799645035,0,FALSE
2019-05-18 07:36:00,0,0.0682333769723644,0,0,FALSE
2019-05-18 07:37:00,5,0.0682723118522345,50.133792370047,2,FALSE
2019-05-18 07:38:00,2,0.0682577112722832,17.9517780646105,0,FALSE
2019-05-18 07:39:00,2,0.0683307141720396,5.12480356290297,0,FALSE
2019-05-18 07:40:00,4,0.0678744460485618,202.480988770296,2,FALSE
2019-05-18 07:41:00,12,0.0674790136748777,345.199102692668,0,FALSE
2019-05-18 07:42:00,1,0.0674546793749622,32.4457007793568,0,FALSE
2019-05-18 07:43:00,1,0.0670896648761799,28.4460179075003,0,FALSE
2019-05-18 07:44:00,4,0.066943659076667,617.965239267286,0,FALSE
2019-05-18 07:45:00,7,0.0672982445897692,740.923658312578,5,FALSE
2019-05-18 07:46:00,5,0.0674254782150596,604.231349741903,2,FALSE
2019-05-18 07:47:00,0,0.0674254782150596,0,0,FALSE
2019-05-18 07:48:00,0,0.0674254782150596,0,0,FALSE
2019-05-18 07:49:00,0,0.0674254782150596,0,0,FALSE
2019-05-18 07:50:00,2,0.0673086735754453,29.5485076996208,0,FALSE
2019-05-18 07:51:00,4,0.0672904228505098,1262.61128632596,2,FALSE
2019-05-18 07:52:00,2,0.0674181779250835,395.021902709754,0,FALSE
2019-05-18 07:53:00,0,0.0674181779250835,0,0,FALSE
2019-05-18 07:54:00,1,0.0675276822747187,182.257214459466,0,FALSE
2019-05-18 07:55:00,0,0.0675276822747187,0,0,FALSE
2019-05-18 07:56:00,1,0.0676006851744751,72.9411393032586,0,FALSE
2019-05-18 07:57:00,0,0.0676006851744751,0,0,FALSE
2019-05-18 07:58:00,4,0.0676189358994141,536.928662404234,2,FALSE
2019-05-18 07:59:00,2,0.0676736880742292,239.632529470852,0,FALSE
2019-05-18 08:00:00,1,0.06767368807423,32.6863913398531,0,FALSE
2019-05-18 08:01:00,4,0.0678014431488042,300.840569722354,2,FALSE
2019-05-18 08:02:00,3,0.0678926967735009,330.773218680496,0,FALSE
2019-05-18 08:03:00,0,0.0678926967735009,0,0,FALSE
2019-05-18 08:04:00,0,0.0678926967735009,0,0,FALSE
2019-05-18 08:05:00,0,0.0678926967735009,0,0,FALSE
2019-05-18 08:06:00,1,0.0678196938737445,7.46016632611189,0,FALSE
2019-05-18 08:07:00,2,0.0679291982233791,73.0323199250545,2,FALSE
2019-05-18 08:08:00,0,0.0679291982233791,0,0,FALSE
2019-05-18 08:09:00,0,0.0679291982233791,0,0,FALSE
2019-05-18 08:10:00,0,0.0679291982233791,0,0,FALSE
2019-05-18 08:11:00,0,0.0679291982233791,0,0,FALSE
2019-05-18 08:12:00,0,0.0679291982233791,0,0,FALSE
2019-05-18 08:13:00,0,0.0679291982233791,0,0,FALSE
2019-05-18 08:14:00,0,0.0679291982233791,0,0,FALSE
2019-05-18 08:15:00,1,0.0676006851744751,129.45531210912,0,FALSE
2019-05-18 08:16:00,1,0.0675276822747186,36.5324761106228,0,FALSE
2019-05-18 08:17:00,5,0.0675568834346168,433.911350441913,3,FALSE
2019-05-18 08:18:00,0,0.0675568834346168,0,0,FALSE
2019-05-18 08:19:00,1,0.0678926967735009,140.469989624373,0,FALSE
2019-05-18 08:20:00,3,0.0679656996732574,652.624898987556,2,FALSE
2019-05-18 08:21:00,1,0.0680387025730138,7.41621858045851,0,FALSE
2019-05-18 08:22:00,1,0.0682577112722832,21.9107253184029,0,FALSE
2019-05-18 08:23:00,3,0.0683307141720396,28.4303952869524,3,FALSE
2019-05-18 08:24:00,0,0.0683307141720396,0,0,FALSE
2019-05-18 08:25:00,0,0.0683307141720396,0,0,FALSE
2019-05-18 08:26:00,0,0.0683307141720396,0,0,FALSE
2019-05-18 08:27:00,6,0.068221209822405,445.040058486587,2,FALSE
2019-05-18 08:28:00,4,0.0683672156219179,407.358005713499,0,FALSE
2019-05-18 08:29:00,1,0.0684037170717961,761.880600745665,0,FALSE
2019-05-18 08:30:00,0,0.0684037170717961,0,0,FALSE
2019-05-18 08:31:00,1,0.0683307141720396,12.7778435501714,0,FALSE
2019-05-18 08:32:00,2,0.0683307141720396,76.4620691585123,0,FALSE
2019-05-18 08:33:00,4,0.0683307141720396,132.903239064617,0,FALSE
2019-05-18 08:34:00,0,0.0683307141720396,0,0,FALSE
2019-05-18 08:35:00,4,0.0678196938737445,70.5324816286942,0,FALSE
2019-05-18 08:36:00,0,0.0678196938737445,0,0,FALSE
2019-05-18 08:37:00,2,0.0676006851744751,40.1548069936382,0,FALSE
2019-05-18 08:38:00,1,0.0674546793749593,17.2009432406146,0,FALSE
2019-05-18 08:39:00,2,0.0671626677759364,82.7444066999536,0,FALSE
2019-05-18 08:40:00,3,0.0671139991760988,41.2727003976088,0,FALSE
2019-05-18 08:41:00,0,0.0671139991760988,0,0,FALSE
2019-05-18 08:42:00,0,0.0671139991760988,0,0,FALSE
2019-05-18 08:43:00,0,0.0671139991760988,0,0,FALSE
2019-05-18 08:44:00,0,0.0671139991760988,0,0,FALSE
2019-05-18 08:45:00,1,0.0671626677759364,8.52965880754392,0,FALSE
2019-05-18 08:46:00,2,0.0670531634263017,1022.55753012351,2,FALSE
2019-05-18 08:47:00,0,0.0670531634263017,0,0,FALSE
2019-05-18 08:48:00,2,0.0670531634263017,154.173436940557,0,FALSE
2019-05-18 08:49:00,0,0.0670531634263017,0,0,FALSE
2019-05-18 08:50:00,0,0.0670531634263017,0,0,FALSE
2019-05-18 08:51:00,2,0.0671261663260582,597.579471521895,0,FALSE
2019-05-18 08:52:00,1,0.0670896648761799,45.9564204401833,0,FALSE
2019-05-18 08:53:00,2,0.0670896648761799,21.4686927603776,2,FALSE
2019-05-18 08:54:00,0,0.0670896648761799,0,0,FALSE
2019-05-18 08:55:00,0,0.0670896648761799,0,0,FALSE
2019-05-18 08:56:00,1,0.0670896648761799,95.804041443185,0,FALSE
2019-05-18 08:57:00,0,0.0670896648761799,0,0,FALSE
2019-05-18 08:58:00,1,0.066943659076667,295.288480187178,0,FALSE
2019-05-18 08:59:00,1,0.066943659076667,10.7109854522667,0,FALSE
2019-05-18 09:00:00,3,0.0670896648761799,130.48939818417,0,FALSE
2019-05-18 09:01:00,7,0.0672982445897697,751.74429412028,5,FALSE
2019-05-18 09:02:00,6,0.0677710252739061,193.068286887298,0,FALSE
2019-05-18 09:03:00,9,0.0679981454064825,357.438549857137,4,FALSE
2019-05-18 09:04:00,4,0.0681664576475876,267.878008412723,4,FALSE
2019-05-18 09:05:00,0,0.0681664576475876,0,0,FALSE
2019-05-18 09:06:00,0,0.0681664576475876,0,0,FALSE
2019-05-18 09:07:00,1,0.0681117054727703,136.495857767432,0,FALSE
2019-05-18 09:08:00,2,0.0681847083725267,155.870243339596,0,FALSE
2019-05-18 09:09:00,2,0.0682942127221614,115.543149502533,0,FALSE
2019-05-18 09:10:00,2,0.0683307141720396,5.46645713376317,0,FALSE
2019-05-18 09:11:00,2,0.0683307141720396,38.6068535072024,0,FALSE
2019-05-18 09:12:00,4,0.068385466346857,381.031846009127,0,FALSE
2019-05-18 09:13:00,1,0.0684037170717961,41.247441394293,0,FALSE
2019-05-18 09:14:00,0,0.0684037170717961,0,0,FALSE
2019-05-18 09:15:00,1,0.0684037170717961,14.6383954533644,0,FALSE
2019-05-18 09:16:00,4,0.0684949706964916,176.642050418899,2,FALSE
2019-05-18 09:17:00,2,0.068549722871308,148.410150016382,0,FALSE
2019-05-18 09:18:00,0,0.068549722871308,0,0,FALSE
2019-05-18 09:19:00,1,0.068549722871309,273.581943979394,0,FALSE
2019-05-18 09:20:00,1,0.0685497228713082,65.7391842335846,0,FALSE
2019-05-18 09:21:00,8,0.0686136004085957,604.620601203404,0,FALSE
2019-05-18 09:22:00,1,0.0686957286708219,34.3478643354109,0,FALSE
2019-05-18 09:23:00,3,0.0684037170717961,56.2278554330164,0,FALSE
2019-05-18 09:24:00,2,0.0683672156219179,141.928295549908,0,FALSE
2019-05-18 09:25:00,1,0.0683307141720396,7.99469355812864,0,FALSE
2019-05-18 09:26:00,0,0.0683307141720396,0,0,FALSE
2019-05-18 09:27:00,10,0.0675349825646943,1432.55320360811,0,FALSE
2019-05-18 09:28:00,3,0.0675276822747154,44.298159572214,0,FALSE
2019-05-18 09:29:00,4,0.0673269243003884,334.329335933433,0,FALSE
2019-05-18 09:30:00,7,0.0673816764752045,358.55520221181,0,FALSE
2019-05-18 09:31:00,2,0.0673086735754493,12.7886479793354,0,FALSE
2019-05-18 09:32:00,7,0.0671105228475389,374.824847460234,2,FALSE
2019-05-18 09:33:00,0,0.0671105228475389,0,0,FALSE
2019-05-18 09:34:00,1,0.0671626677759364,65.8194144204177,0,FALSE
2019-05-18 09:35:00,1,0.0671626677759364,2.35069337215777,0,FALSE
2019-05-18 09:36:00,0,0.0671626677759364,0,0,FALSE
2019-05-18 09:37:00,1,0.0671626677759364,230.770926478117,0,FALSE
2019-05-18 09:38:00,1,0.0671626677759364,3362.29747419893,0,FALSE
2019-05-18 09:39:00,0,0.0671626677759364,0,0,FALSE
2019-05-18 09:40:00,0,0.0671626677759364,0,0,FALSE
2019-05-18 09:41:00,0,0.0671626677759364,0,0,FALSE
2019-05-18 09:42:00,0,0.0671626677759364,0,0,FALSE
2019-05-18 09:43:00,3,0.0671626677759364,1030.14099834731,0,FALSE
2019-05-18 09:44:00,18,0.0684686085382463,7865.95060831534,14,FALSE
2019-05-18 09:45:00,0,0.0684686085382463,0,0,FALSE
2019-05-18 09:46:00,4,0.0678926967735009,148.617113237194,0,FALSE
2019-05-18 09:47:00,5,0.0679510990933061,214.034719697352,0,FALSE
2019-05-18 09:48:00,2,0.0679656996732574,191.187513180873,0,FALSE
2019-05-18 09:49:00,0,0.0679656996732574,0,0,FALSE
2019-05-18 09:50:00,0,0.0679656996732574,0,0,FALSE
2019-05-18 09:51:00,1,0.0679656996732574,10.1268892513153,0,FALSE
2019-05-18 09:52:00,2,0.0679656996732574,54.1686626395861,0,FALSE
2019-05-18 09:53:00,0,0.0679656996732574,0,0,FALSE
2019-05-18 09:54:00,0,0.0679656996732574,0,0,FALSE
2019-05-18 09:55:00,0,0.0679656996732574,0,0,FALSE
2019-05-18 09:56:00,0,0.0679656996732574,0,0,FALSE
2019-05-18 09:57:00,0,0.0679656996732574,0,0,FALSE
2019-05-18 09:58:00,8,0.0676371866243523,310.78765283157,4,FALSE
2019-05-18 09:59:00,0,0.0676371866243523,0,0,FALSE
2019-05-18 10:00:00,0,0.0676371866243523,0,0,FALSE
2019-05-18 10:01:00,0,0.0676371866243523,0,0,FALSE
2019-05-18 10:02:00,0,0.0676371866243523,0,0,FALSE
2019-05-18 10:03:00,0,0.0676371866243523,0,0,FALSE
2019-05-18 10:04:00,0,0.0676371866243523,0,0,FALSE
2019-05-18 10:05:00,0,0.0676371866243523,0,0,FALSE
2019-05-18 10:06:00,0,0.0676371866243523,0,0,FALSE
2019-05-18 10:07:00,0,0.0676371866243523,0,0,FALSE
2019-05-18 10:08:00,0,0.0676371866243523,0,0,FALSE
2019-05-18 10:09:00,0,0.0676371866243523,0,0,FALSE
2019-05-18 10:10:00,0,0.0676371866243523,0,0,FALSE
2019-05-18 10:11:00,1,0.0673816764752033,20.214502942561,0,FALSE
2019-05-18 10:12:00,0,0.0673816764752033,0,0,FALSE
2019-05-18 10:13:00,1,0.0673816764752057,67.4490581516809,0,FALSE
2019-05-18 10:14:00,0,0.0673816764752057,0,0,FALSE
2019-05-18 10:15:00,0,0.0673816764752057,0,0,FALSE
2019-05-18 10:16:00,10,0.0673232741554005,1337.50977937749,2,FALSE
2019-05-18 10:17:00,0,0.0673232741554005,0,0,FALSE
2019-05-18 10:18:00,0,0.0673232741554005,0,0,FALSE
2019-05-18 10:19:00,3,0.0674546793749618,362.838720357921,0,FALSE
2019-05-18 10:20:00,0,0.0674546793749618,0,0,FALSE
2019-05-18 10:21:00,3,0.0676250194743937,358.500012019595,0,FALSE
2019-05-18 10:22:00,0,0.0676250194743937,0,0,FALSE
2019-05-18 10:23:00,0,0.0676250194743937,0,0,FALSE
2019-05-18 10:24:00,0,0.0676250194743937,0,0,FALSE
2019-05-18 10:25:00,0,0.0676250194743937,0,0,FALSE
2019-05-18 10:26:00,3,0.0678926967735009,222.769662659011,0,FALSE
2019-05-18 10:27:00,2,0.0679656996732574,36.5655464242125,0,FALSE
2019-05-18 10:28:00,0,0.0679656996732574,0,0,FALSE
2019-05-18 10:29:00,0,0.0679656996732574,0,0,FALSE
2019-05-18 10:30:00,0,0.0679656996732574,0,0,FALSE
2019-05-18 10:31:00,0,0.0679656996732574,0,0,FALSE
2019-05-18 10:32:00,0,0.0679656996732574,0,0,FALSE
2019-05-18 10:33:00,0,0.0679656996732574,0,0,FALSE
2019-05-18 10:34:00,0,0.0679656996732574,0,0,FALSE
2019-05-18 10:35:00,1,0.0675276822747187,51.3210385287862,0,FALSE
2019-05-18 10:36:00,1,0.0675276822747177,50.5782340237635,0,FALSE
2019-05-18 10:37:00,0,0.0675276822747177,0,0,FALSE
2019-05-18 10:38:00,0,0.0675276822747177,0,0,FALSE
2019-05-18 10:39:00,0,0.0675276822747177,0,0,FALSE
2019-05-18 10:40:00,2,0.0675276822747186,736.456902888082,0,FALSE
2019-05-18 10:41:00,0,0.0675276822747186,0,0,FALSE
2019-05-18 10:42:00,0,0.0675276822747186,0,0,FALSE
2019-05-18 10:43:00,0,0.0675276822747186,0,0,FALSE
2019-05-18 10:44:00,0,0.0675276822747186,0,0,FALSE
2019-05-18 10:45:00,0,0.0675276822747186,0,0,FALSE
2019-05-18 10:46:00,0,0.0675276822747186,0,0,FALSE
2019-05-18 10:47:00,1,0.0675276822747156,16.4092267927559,0,FALSE
2019-05-18 10:48:00,1,0.0673086735754493,16.4233163524096,0,FALSE
2019-05-18 10:49:00,0,0.0673086735754493,0,0,FALSE
2019-05-18 10:50:00,0,0.0673086735754493,0,0,FALSE
2019-05-18 10:51:00,0,0.0673086735754493,0,0,FALSE
2019-05-18 10:52:00,0,0.0673086735754493,0,0,FALSE
2019-05-18 10:53:00,0,0.0673086735754493,0,0,FALSE
2019-05-18 10:54:00,0,0.0673086735754493,0,0,FALSE
2019-05-18 10:55:00,0,0.0673086735754493,0,0,FALSE
2019-05-18 10:56:00,0,0.0673086735754493,0,0,FALSE
2019-05-18 10:57:00,0,0.0673086735754493,0,0,FALSE
2019-05-18 10:58:00,0,0.0673086735754493,0,0,FALSE
2019-05-18 10:59:00,0,0.0673086735754493,0,0,FALSE
2019-05-18 11:00:00,0,0.0673086735754493,0,0,FALSE
2019-05-18 11:01:00,1,0.0673816764752058,15.6325489422477,0,FALSE
2019-05-18 11:02:00,0,0.0673816764752058,0,0,FALSE
2019-05-18 11:03:00,0,0.0673816764752058,0,0,FALSE
2019-05-18 11:04:00,2,0.0673816764752046,31.7367696198212,0,FALSE
2019-05-18 11:05:00,0,0.0673816764752046,0,0,FALSE
2019-05-18 11:06:00,0,0.0673816764752046,0,0,FALSE
2019-05-18 11:07:00,1,0.0673816764752057,1.34763352950411,0,FALSE
2019-05-18 11:08:00,0,0.0673816764752057,0,0,FALSE
2019-05-18 11:09:00,0,0.0673816764752057,0,0,FALSE
2019-05-18 11:10:00,1,0.0676006851744751,60.1646098052828,0,FALSE
2019-05-18 11:11:00,2,0.0676006851744751,138.649005292848,0,FALSE
2019-05-18 11:12:00,0,0.0676006851744751,0,0,FALSE
2019-05-18 11:13:00,0,0.0676006851744751,0,0,FALSE
2019-05-18 11:14:00,0,0.0676006851744751,0,0,FALSE
2019-05-18 11:15:00,0,0.0676006851744751,0,0,FALSE
2019-05-18 11:16:00,0,0.0676006851744751,0,0,FALSE
2019-05-18 11:17:00,0,0.0676006851744751,0,0,FALSE
2019-05-18 11:18:00,0,0.0676006851744751,0,0,FALSE
2019-05-18 11:19:00,0,0.0676006851744751,0,0,FALSE
2019-05-18 11:20:00,0,0.0676006851744751,0,0,FALSE
2019-05-18 11:21:00,0,0.0676006851744751,0,0,FALSE
2019-05-18 11:22:00,0,0.0676006851744751,0,0,FALSE
2019-05-18 11:23:00,0,0.0676006851744751,0,0,FALSE
2019-05-18 11:24:00,0,0.0676006851744751,0,0,FALSE
2019-05-18 11:25:00,0,0.0676006851744751,0,0,FALSE
2019-05-18 11:26:00,0,0.0676006851744751,0,0,FALSE
2019-05-18 11:27:00,0,0.0676006851744751,0,0,FALSE
2019-05-18 11:28:00,0,0.0676006851744751,0,0,FALSE
2019-05-18 11:29:00,1,0.0673086735754493,865.320307485976,0,FALSE
2019-05-18 11:30:00,2,0.0674181779250839,708.701273403577,0,FALSE
2019-05-18 11:31:00,2,0.0674546793749619,130.389895231801,0,FALSE
2019-05-18 11:32:00,0,0.0674546793749619,0,0,FALSE
2019-05-18 11:33:00,0,0.0674546793749619,0,0,FALSE
2019-05-18 11:34:00,0,0.0674546793749619,0,0,FALSE
2019-05-18 11:35:00,0,0.0674546793749619,0,0,FALSE
2019-05-18 11:36:00,1,0.0672356706756928,10.8921786494622,0,FALSE
2019-05-18 11:37:00,10,0.0667611518272759,808.911331858664,0,FALSE
2019-05-18 11:38:00,6,0.06688282332687,582.844201220554,0,FALSE
2019-05-18 11:39:00,0,0.06688282332687,0,0,FALSE
2019-05-18 11:40:00,0,0.06688282332687,0,0,FALSE
2019-05-18 11:41:00,0,0.06688282332687,0,0,FALSE
2019-05-18 11:42:00,0,0.06688282332687,0,0,FALSE
2019-05-18 11:43:00,0,0.06688282332687,0,0,FALSE
2019-05-18 11:44:00,1,0.0671626677759364,7.99235746533643,0,FALSE
2019-05-18 11:45:00,0,0.0671626677759364,0,0,FALSE
2019-05-18 11:46:00,0,0.0671626677759364,0,0,FALSE
2019-05-18 11:47:00,0,0.0671626677759364,0,0,FALSE
2019-05-18 11:48:00,3,0.0670166619764235,50.329513144294,0,FALSE
2019-05-18 11:49:00,0,0.0670166619764235,0,0,FALSE
2019-05-18 11:50:00,0,0.0670166619764235,0,0,FALSE
2019-05-18 11:51:00,1,0.0667364631475596,14.6152854293155,0,FALSE
2019-05-18 11:52:00,1,0.0667364631475629,364.514561711989,0,FALSE
2019-05-18 11:53:00,2,0.0667364631475625,320.735441887186,0,FALSE
2019-05-18 11:54:00,1,0.0670298102383214,10.9928888790847,0,FALSE
2019-05-18 11:55:00,0,0.0670298102383214,0,0,FALSE
2019-05-18 11:56:00,1,0.0668831366929422,32.6389707061558,0,FALSE
2019-05-18 11:57:00,0,0.0668831366929422,0,0,FALSE
2019-05-18 11:58:00,0,0.0668831366929422,0,0,FALSE
2019-05-18 11:59:00,0,0.0668831366929422,0,0,FALSE
2019-05-18 12:00:00,0,0.0668831366929422,0,0,FALSE
2019-05-18 12:01:00,2,0.0670298102383215,204.239831796165,0,FALSE
2019-05-18 12:02:00,3,0.0671031470110111,97.8363883420542,0,FALSE
2019-05-18 12:03:00,0,0.0671031470110111,0,0,FALSE
2019-05-18 12:04:00,0,0.0671031470110111,0,0,FALSE
2019-05-18 12:05:00,0,0.0671031470110111,0,0,FALSE
2019-05-18 12:06:00,4,0.0670481444314939,71.8017607004629,0,FALSE
2019-05-18 12:07:00,2,0.0671031470110111,48.180059553906,0,FALSE
2019-05-18 12:08:00,5,0.0671031470110111,447.108268534367,0,FALSE
2019-05-18 12:09:00,0,0.0671031470110111,0,0,FALSE
2019-05-18 12:10:00,0,0.0671031470110111,0,0,FALSE
2019-05-18 12:11:00,0,0.0671031470110111,0,0,FALSE
2019-05-18 12:12:00,0,0.0671031470110111,0,0,FALSE
2019-05-18 12:13:00,0,0.0671031470110111,0,0,FALSE
2019-05-18 12:14:00,1,0.0671764837837007,117.491670137693,0,FALSE
2019-05-18 12:15:00,0,0.0671764837837007,0,0,FALSE
2019-05-18 12:16:00,0,0.0671764837837007,0,0,FALSE
2019-05-18 12:17:00,0,0.0671764837837007,0,0,FALSE
2019-05-18 12:18:00,0,0.0671764837837007,0,0,FALSE
2019-05-18 12:19:00,0,0.0671764837837007,0,0,FALSE
2019-05-18 12:20:00,0,0.0671764837837007,0,0,FALSE
2019-05-18 12:21:00,0,0.0671764837837007,0,0,FALSE
2019-05-18 12:22:00,2,0.0672498205563903,8.54842757179398,2,FALSE
2019-05-18 12:23:00,0,0.0672498205563903,0,0,FALSE
2019-05-18 12:24:00,0,0.0672498205563903,0,0,FALSE
2019-05-18 12:25:00,0,0.0672498205563903,0,0,FALSE
2019-05-18 12:26:00,0,0.0672498205563903,0,0,FALSE
2019-05-18 12:27:00,0,0.0672498205563903,0,0,FALSE
2019-05-18 12:28:00,0,0.0672498205563903,0,0,FALSE
2019-05-18 12:29:00,0,0.0672498205563903,0,0,FALSE
2019-05-18 12:30:00,0,0.0672498205563903,0,0,FALSE
2019-05-18 12:31:00,0,0.0672498205563903,0,0,FALSE
2019-05-18 12:32:00,0,0.0672498205563903,0,0,FALSE
2019-05-18 12:33:00,0,0.0672498205563903,0,0,FALSE
2019-05-18 12:34:00,1,0.0671031470110111,69.9214791854736,0,FALSE
2019-05-18 12:35:00,0,0.0671031470110111,0,0,FALSE
2019-05-18 12:36:00,0,0.0671031470110111,0,0,FALSE
2019-05-18 12:37:00,2,0.0670298102383214,36.3971869594085,0,FALSE
2019-05-18 12:38:00,0,0.0670298102383214,0,0,FALSE
2019-05-18 12:39:00,2,0.0671031470110111,490.658210944513,0,FALSE
2019-05-18 12:40:00,1,0.06732315732908,228.023533873594,0,FALSE
2019-05-18 12:41:00,0,0.06732315732908,0,0,FALSE
2019-05-18 12:42:00,0,0.06732315732908,0,0,FALSE
2019-05-18 12:43:00,0,0.06732315732908,0,0,FALSE
2019-05-18 12:44:00,0,0.06732315732908,0,0,FALSE
2019-05-18 12:45:00,0,0.06732315732908,0,0,FALSE
2019-05-18 12:46:00,0,0.06732315732908,0,0,FALSE
2019-05-18 12:47:00,3,0.06732315732908,184.128835295034,2,FALSE
2019-05-18 12:48:00,0,0.06732315732908,0,0,FALSE
2019-05-18 12:49:00,0,0.06732315732908,0,0,FALSE
2019-05-18 12:50:00,0,0.06732315732908,0,0,FALSE
2019-05-18 12:51:00,0,0.06732315732908,0,0,FALSE
2019-05-18 12:52:00,0,0.06732315732908,0,0,FALSE
2019-05-18 12:53:00,0,0.06732315732908,0,0,FALSE
2019-05-18 12:54:00,0,0.06732315732908,0,0,FALSE
2019-05-18 12:55:00,6,0.066650903579424,574.747254562031,2,FALSE
2019-05-18 12:56:00,1,0.0665897896021819,27.7013524745077,0,FALSE
2019-05-18 12:57:00,0,0.0665897896021819,0,0,FALSE
2019-05-18 12:58:00,3,0.0664675616476942,55.8318717427958,0,FALSE
2019-05-18 12:59:00,5,0.0664871181204173,78.8318237304901,0,FALSE
2019-05-18 13:00:00,2,0.0665164528294923,16.7621461130318,0,FALSE
2019-05-18 13:01:00,5,0.0665164528294933,492.354783843913,0,FALSE
2019-05-18 13:02:00,0,0.0665164528294933,0,0,FALSE
2019-05-18 13:03:00,5,0.066604456956721,2038.86817907147,0,FALSE
2019-05-18 13:04:00,1,0.0666631263748733,76.3959428256048,0,FALSE
2019-05-18 13:05:00,0,0.0666631263748733,0,0,FALSE
2019-05-18 13:06:00,1,0.0666631263748698,14.0659196650975,0,FALSE
2019-05-18 13:07:00,0,0.0666631263748698,0,0,FALSE
2019-05-18 13:08:00,1,0.0665164528294938,187.177298262196,0,FALSE
2019-05-18 13:09:00,0,0.0665164528294938,0,0,FALSE
2019-05-18 13:10:00,0,0.0665164528294938,0,0,FALSE
2019-05-18 13:11:00,0,0.0665164528294938,0,0,FALSE
2019-05-18 13:12:00,0,0.0665164528294938,0,0,FALSE
2019-05-18 13:13:00,1,0.0665164528294934,71.3721538860464,0,FALSE
2019-05-18 13:14:00,0,0.0665164528294934,0,0,FALSE
2019-05-18 13:15:00,0,0.0665164528294934,0,0,FALSE
2019-05-18 13:16:00,1,0.066516452829494,303.913672977958,0,FALSE
2019-05-18 13:17:00,4,0.0664064476704596,181.723902508223,0,FALSE
2019-05-18 13:18:00,1,0.0662964425114252,12.0659525370794,0,FALSE
2019-05-18 13:19:00,2,0.0662231057387355,31.5197048813667,0,FALSE
2019-05-18 13:20:00,4,0.0660764321933563,186.203385920878,0,FALSE
2019-05-18 13:21:00,0,0.0660764321933563,0,0,FALSE
2019-05-18 13:22:00,0,0.0660764321933563,0,0,FALSE
2019-05-18 13:23:00,9,0.0657260453905058,1026.87300507351,2,FALSE
2019-05-18 13:24:00,1,0.0658564218752874,140.537604281863,0,FALSE
2019-05-18 13:25:00,0,0.0658564218752874,0,0,FALSE
2019-05-18 13:26:00,3,0.0659542042388735,48.3026053010703,0,FALSE
2019-05-18 13:27:00,3,0.0657097483299081,308.694130505732,2,FALSE
2019-05-18 13:28:00,0,0.0657097483299081,0,0,FALSE
2019-05-18 13:29:00,2,0.0657097483299081,39.9891487489739,0,FALSE
2019-05-18 13:30:00,0,0.0657097483299081,0,0,FALSE
2019-05-18 13:31:00,0,0.0657097483299081,0,0,FALSE
2019-05-18 13:32:00,0,0.0657097483299081,0,0,FALSE
2019-05-18 13:33:00,0,0.0657097483299081,0,0,FALSE
2019-05-18 13:34:00,5,0.0654750706573013,1625.80232706222,3,FALSE
2019-05-18 13:35:00,1,0.0655630747845289,19.6689224353587,0,FALSE
2019-05-18 13:36:00,0,0.0655630747845289,0,0,FALSE
2019-05-18 13:37:00,2,0.0656364115572185,70.1341558262735,0,FALSE
2019-05-18 13:38:00,0,0.0656364115572185,0,0,FALSE
2019-05-18 13:39:00,9,0.06519639092108,824.815235611946,3,FALSE
2019-05-18 13:40:00,1,0.0652697276937649,8.74614351096449,0,FALSE
2019-05-18 13:41:00,6,0.0653063960801144,217.113808894736,2,FALSE
2019-05-18 13:42:00,0,0.0653063960801144,0,0,FALSE
2019-05-18 13:43:00,10,0.0652403929846943,1464.65474287784,3,FALSE
2019-05-18 13:44:00,2,0.0655630747845289,11.0145965638008,0,FALSE
2019-05-18 13:45:00,2,0.0655630747845261,20.7870882085567,0,FALSE
2019-05-18 13:46:00,0,0.0655630747845261,0,0,FALSE
2019-05-18 13:47:00,3,0.0654897380118392,93.2573869288591,2,FALSE
2019-05-18 13:48:00,2,0.0655997431708737,10.230553126976,0,FALSE
2019-05-18 13:49:00,2,0.0656364115572185,129.238094356163,0,FALSE
2019-05-18 13:50:00,0,0.0656364115572185,0,0,FALSE
2019-05-18 13:51:00,0,0.0656364115572185,0,0,FALSE
2019-05-18 13:52:00,0,0.0656364115572185,0,0,FALSE
2019-05-18 13:53:00,1,0.0656364115572185,62.6171366255864,0,FALSE
2019-05-18 13:54:00,3,0.0656364115572185,1371.30267817544,2,FALSE
2019-05-18 13:55:00,8,0.0659847612274942,4967.33663871794,7,FALSE
2019-05-18 13:56:00,2,0.0660030954206667,296.947926297579,0,FALSE
2019-05-18 13:57:00,1,0.065929758647977,36.6569458082752,0,FALSE
2019-05-18 13:58:00,1,0.0654897380118392,115.785856804932,0,FALSE
2019-05-18 13:59:00,1,0.0654164012391489,71.5001265543898,0,FALSE
2019-05-18 14:00:00,0,0.0654164012391489,0,0,FALSE
2019-05-18 14:01:00,10,0.0658050861344046,436.98757389288,6,FALSE
2019-05-18 14:02:00,16,0.0665210363777866,2531.8466921671,10,FALSE
2019-05-18 14:03:00,32,0.0676050455491056,6451.84481935123,19,FALSE
2019-05-18 14:04:00,3,0.067958742692388,92.1897501920427,0,FALSE
2019-05-18 14:05:00,2,0.0680198566696314,310.18638715642,0,FALSE
2019-05-18 14:06:00,25,0.0683645395012727,2726.00755794545,17,FALSE
2019-05-18 14:07:00,10,0.0689365663282518,1005.74541422935,5,FALSE
2019-05-18 14:08:00,1,0.0686432192374933,7.41346767764928,0,FALSE
2019-05-18 14:09:00,9,0.0682439412528497,876.131982270561,2,FALSE
2019-05-18 14:10:00,29,0.0675330522302261,8648.68136017421,6,FALSE
2019-05-18 14:11:00,16,0.0673827434568903,7115.72155391774,10,FALSE
2019-05-18 14:12:00,58,0.0678946783852129,16813.6595489155,29,FALSE
2019-05-18 14:13:00,21,0.067633965556193,2961.0202329299,9,FALSE
2019-05-18 14:14:00,8,0.0679648540901136,1220.91411190204,8,FALSE
2019-05-18 14:15:00,14,0.0675117376017089,1148.44388651851,0,FALSE
2019-05-18 14:16:00,1,0.0678365147379016,8.5474008569756,0,FALSE
2019-05-18 14:17:00,2,0.0674698308744592,24.1541994530564,0,FALSE
2019-05-18 14:18:00,1,0.0674698308744592,98.8433022310828,0,FALSE
2019-05-18 14:19:00,5,0.0676751738379896,53.1099774244202,5,FALSE
2019-05-18 14:20:00,5,0.0679098515105966,617.96600810671,5,FALSE
2019-05-18 14:21:00,1,0.0675431676471489,69.434376341269,0,FALSE
2019-05-18 14:22:00,3,0.0678365147379055,13.6351394623186,0,FALSE
2019-05-18 14:23:00,14,0.0681455768513851,2862.16563683583,13,FALSE
2019-05-18 14:24:00,27,0.0671574705463365,3977.87851499846,4,FALSE
2019-05-18 14:25:00,4,0.0667731315339072,926.331516534019,0,FALSE
2019-05-18 14:26:00,3,0.0668586911020454,348.861120928477,0,FALSE
2019-05-18 14:27:00,1,0.0667364631475441,2.60272206275422,0,FALSE
2019-05-18 14:28:00,1,0.0667364631475628,298.378726732753,0,FALSE
2019-05-18 14:29:00,0,0.0667364631475628,0,0,FALSE
2019-05-18 14:30:00,0,0.0667364631475628,0,0,FALSE
2019-05-18 14:31:00,2,0.0667731315339077,104.546189685746,2,FALSE
2019-05-18 14:32:00,0,0.0667731315339077,0,0,FALSE
2019-05-18 14:33:00,2,0.066516452829494,34.6225837338649,0,FALSE
2019-05-18 14:34:00,2,0.0663331108977694,82.8522189461083,0,FALSE
2019-05-18 14:35:00,3,0.0665408984203887,27.874720605146,0,FALSE
2019-05-18 14:36:00,0,0.0665408984203887,0,0,FALSE
2019-05-18 14:37:00,0,0.0665408984203887,0,0,FALSE
2019-05-18 14:38:00,3,0.0661008777842528,115.215003366316,0,FALSE
2019-05-18 14:39:00,1,0.0660764321933563,66.2746614899363,0,FALSE
2019-05-18 14:40:00,2,0.0664431160567926,10.8302279172584,0,FALSE
2019-05-18 14:41:00,0,0.0664431160567926,0,0,FALSE
2019-05-18 14:42:00,0,0.0664431160567926,0,0,FALSE
2019-05-18 14:43:00,0,0.0664431160567926,0,0,FALSE
2019-05-18 14:44:00,1,0.0663697792841111,13.0748465189699,0,FALSE
2019-05-18 14:45:00,0,0.0663697792841111,0,0,FALSE
2019-05-18 14:46:00,0,0.0663697792841111,0,0,FALSE
2019-05-18 14:47:00,1,0.0661497689660459,12.1054077207864,0,FALSE
2019-05-18 14:48:00,0,0.0661497689660459,0,0,FALSE
2019-05-18 14:49:00,10,0.0661717699978526,820.617585416737,8,FALSE
2019-05-18 14:50:00,2,0.0664797844431489,75.9474151238343,0,FALSE
2019-05-18 14:51:00,1,0.0664431160568044,127.570782829064,0,FALSE
2019-05-18 14:52:00,0,0.0664431160568044,0,0,FALSE
2019-05-18 14:53:00,0,0.0664431160568044,0,0,FALSE
2019-05-18 14:54:00,0,0.0664431160568044,0,0,FALSE
2019-05-18 14:55:00,0,0.0664431160568044,0,0,FALSE
2019-05-18 14:56:00,4,0.0663514450909423,1644.74998233817,3,FALSE
2019-05-18 14:57:00,2,0.0663697792841148,751.372271275464,0,FALSE
2019-05-18 14:58:00,0,0.0663697792841148,0,0,FALSE
2019-05-18 14:59:00,1,0.0664431160568044,2.25906594593135,0,FALSE
2019-05-18 15:00:00,51,0.0676553297700858,11178.727561235,40,FALSE
2019-05-18 15:01:00,6,0.0677509551697693,188.473892403348,2,FALSE
2019-05-18 15:02:00,2,0.0675798360334937,18.45123866162,0,FALSE
2019-05-18 15:03:00,4,0.0675798360334937,89.6938798070973,2,FALSE
2019-05-18 15:04:00,0,0.0675798360334937,0,0,FALSE
2019-05-18 15:05:00,1,0.0676165044198385,7.43781548618223,0,FALSE
2019-05-18 15:06:00,0,0.0676165044198385,0,0,FALSE
2019-05-18 15:07:00,27,0.0680184985812483,3358.91578681412,20,FALSE
2019-05-18 15:08:00,7,0.0677317479197793,491.979299567744,0,FALSE
2019-05-18 15:09:00,25,0.0678599825051679,4569.52688885777,18,FALSE
2019-05-18 15:10:00,2,0.0677631779652177,24.8013231352697,0,FALSE
2019-05-18 15:11:00,26,0.0678365147379074,4074.84454252224,14,FALSE
2019-05-18 15:12:00,5,0.0672938226200041,813.959633171338,4,FALSE
2019-05-18 15:13:00,0,0.0672938226200041,0,0,FALSE
2019-05-18 15:14:00,5,0.0667657978566381,127.366833264214,0,FALSE
2019-05-18 15:15:00,20,0.0662854419955207,716.09126999639,8,FALSE
2019-05-18 15:16:00,3,0.0666631263748733,233.424713845412,3,FALSE
2019-05-18 15:17:00,1,0.0665897896021837,23.9057344671839,0,FALSE
2019-05-18 15:18:00,7,0.066464069420429,119.302795076034,4,FALSE
2019-05-18 15:19:00,1,0.066516452829494,23.8794065657884,0,FALSE
2019-05-18 15:20:00,4,0.0665531212158385,85.0049465716397,0,FALSE
2019-05-18 15:21:00,1,0.0665897896021837,146.564126914406,0,FALSE
2019-05-18 15:22:00,4,0.0667364631475582,257.341522165272,0,FALSE
2019-05-18 15:23:00,1,0.0666631263748732,421.577611194698,0,FALSE
2019-05-18 15:24:00,0,0.0666631263748732,0,0,FALSE
2019-05-18 15:25:00,0,0.0666631263748732,0,0,FALSE
2019-05-18 15:26:00,6,0.0665531212158389,344.729253818372,0,FALSE
2019-05-18 15:27:00,0,0.0665531212158389,0,0,FALSE
2019-05-18 15:28:00,8,0.066223105738733,236.795711938862,0,FALSE
2019-05-18 15:29:00,0,0.066223105738733,0,0,FALSE
2019-05-18 15:30:00,0,0.066223105738733,0,0,FALSE
2019-05-18 15:31:00,1,0.0663697792841148,2.2565724956599,0,FALSE
2019-05-18 15:32:00,2,0.0660764321933563,24.7786620725086,0,FALSE
2019-05-18 15:33:00,0,0.0660764321933563,0,0,FALSE
2019-05-18 15:34:00,14,0.0660188104433858,345.366770383363,6,FALSE
2019-05-18 15:35:00,0,0.0660188104433858,0,0,FALSE
2019-05-18 15:36:00,0,0.0660188104433858,0,0,FALSE
2019-05-18 15:37:00,11,0.0662431066767418,237.844427788326,2,FALSE
2019-05-18 15:38:00,2,0.0662964425114252,47.6008457232033,0,FALSE
2019-05-18 15:39:00,2,0.0661131005797011,73.3072913070084,2,FALSE
2019-05-18 15:40:00,3,0.0660764321933563,109.580539120571,0,FALSE
2019-05-18 15:41:00,0,0.0660764321933563,0,0,FALSE
2019-05-18 15:42:00,3,0.0662475513296321,88.741235129859,0,FALSE
2019-05-18 15:43:00,2,0.06633311089777,167.888920340324,0,FALSE
2019-05-18 15:44:00,2,0.06633311089777,110.412984827371,0,FALSE
2019-05-18 15:45:00,0,0.06633311089777,0,0,FALSE
2019-05-18 15:46:00,1,0.0663697792841148,79.0464071273807,0,FALSE
2019-05-18 15:47:00,0,0.0663697792841148,0,0,FALSE
2019-05-18 15:48:00,1,0.0663697792841148,2.32294227494402,0,FALSE
2019-05-18 15:49:00,0,0.0663697792841148,0,0,FALSE
2019-05-18 15:50:00,0,0.0663697792841148,0,0,FALSE
2019-05-18 15:51:00,2,0.0665897896021836,369.573332292119,0,FALSE
2019-05-18 15:52:00,2,0.0665897896021837,330.485125795638,0,FALSE
2019-05-18 15:53:00,1,0.0664431160568044,23.8530786643928,0,FALSE
2019-05-18 15:54:00,0,0.0664431160568044,0,0,FALSE
2019-05-18 15:55:00,0,0.0664431160568044,0,0,FALSE
2019-05-18 15:56:00,2,0.0665531212158363,24.0285735614383,0,FALSE
2019-05-18 15:57:00,2,0.0666631263748725,170.800023532238,0,FALSE
2019-05-18 15:58:00,2,0.0667364631475628,260.205469812347,0,FALSE
2019-05-18 15:59:00,0,0.0667364631475628,0,0,FALSE
2019-05-18 16:00:00,39,0.0681806334405277,10928.141162539,33,FALSE
2019-05-18 16:01:00,2,0.06831320376039,82.2878924802623,0,FALSE
2019-05-18 16:02:00,3,0.0680565250559759,67.3079032803598,0,FALSE
2019-05-18 16:03:00,2,0.0680198566696296,21.6958041589539,0,FALSE
2019-05-18 16:04:00,3,0.0680076338741831,645.966354603475,0,FALSE
2019-05-18 16:05:00,6,0.0683498721467348,472.260728137274,4,FALSE
2019-05-18 16:06:00,0,0.0683498721467348,0,0,FALSE
2019-05-18 16:07:00,13,0.0686150127864588,2024.81362660614,10,FALSE
2019-05-18 16:08:00,2,0.0686798876238381,32.9030564246112,2,FALSE
2019-05-18 16:09:00,2,0.0686432192374933,36.5181926343464,2,FALSE
2019-05-18 16:10:00,0,0.0686432192374933,0,0,FALSE
2019-05-18 16:11:00,1,0.0685698824648037,97.3692331000212,0,FALSE
2019-05-18 16:12:00,2,0.0684232089194244,49.1278640041467,0,FALSE
2019-05-18 16:13:00,0,0.0684232089194244,0,0,FALSE
2019-05-18 16:14:00,3,0.0683498721467348,73.6128123020334,0,FALSE
2019-05-18 16:15:00,8,0.0686065508511485,2948.39860766616,8,FALSE
2019-05-18 16:16:00,0,0.0686065508511485,0,0,FALSE
2019-05-18 16:17:00,0,0.0686065508511485,0,0,FALSE
2019-05-18 16:18:00,2,0.0684598773057692,47.3510606754224,0,FALSE
2019-05-18 16:19:00,0,0.0684598773057692,0,0,FALSE
2019-05-18 16:20:00,3,0.0686187736465968,278.423277526497,3,FALSE
2019-05-18 16:21:00,2,0.0687898927828726,68.5835231045239,0,FALSE
2019-05-18 16:22:00,2,0.0687532243965277,14.85069646965,0,FALSE
2019-05-18 16:23:00,3,0.0687410016010795,319.92705064183,2,FALSE
2019-05-18 16:24:00,0,0.0687410016010795,0,0,FALSE
2019-05-18 16:25:00,2,0.0688632295555622,657.988158403397,0,FALSE
2019-05-18 16:26:00,1,0.0683730220195027,210.178669687951,0,FALSE
2019-05-18 16:27:00,0,0.0683730220195027,0,0,FALSE
2019-05-18 16:28:00,0,0.0683730220195027,0,0,FALSE
2019-05-18 16:29:00,0,0.0683730220195027,0,0,FALSE
2019-05-18 16:30:00,2,0.068300284762035,109.280455619256,0,FALSE
2019-05-18 16:31:00,1,0.0683002847620347,108.392551917349,0,FALSE
2019-05-18 16:32:00,1,0.0683002847620352,57.2356386305855,0,FALSE
2019-05-18 16:33:00,0,0.0683002847620352,0,0,FALSE
2019-05-18 16:34:00,2,0.0683730220195027,431.433768943062,0,FALSE
2019-05-18 16:35:00,1,0.0683730220195027,2.4614287927021,0,FALSE
2019-05-18 16:36:00,0,0.0683730220195027,0,0,FALSE
2019-05-18 16:37:00,1,0.0683002847620352,374.422161065477,0,FALSE
2019-05-18 16:38:00,5,0.0683730220195025,197.598033636362,0,FALSE
2019-05-18 16:39:00,0,0.0683730220195025,0,0,FALSE
2019-05-18 16:40:00,1,0.0683730220195027,332.566379102861,0,FALSE
2019-05-18 16:41:00,0,0.0683730220195027,0,0,FALSE
2019-05-18 16:42:00,0,0.0683730220195027,0,0,FALSE
2019-05-18 16:43:00,1,0.0682275475045676,2.3197366151553,0,FALSE
2019-05-18 16:44:00,1,0.0680820729896325,44.3895115892404,0,FALSE
2019-05-18 16:45:00,0,0.0680820729896325,0,0,FALSE
2019-05-18 16:46:00,3,0.0671122428900647,540.095666924814,0,FALSE
2019-05-18 16:47:00,18,0.0679931718971721,7757.53543268333,14,FALSE
2019-05-18 16:48:00,0,0.0679931718971721,0,0,FALSE
2019-05-18 16:49:00,0,0.0679931718971721,0,0,FALSE
2019-05-18 16:50:00,0,0.0679931718971721,0,0,FALSE
2019-05-18 16:51:00,2,0.0681548102471001,4.7026819070499,0,FALSE
2019-05-18 16:52:00,1,0.0677183867022947,24.3109008261238,0,FALSE
2019-05-18 16:53:00,1,0.0679365984746974,50.069273075852,0,FALSE
2019-05-18 16:54:00,10,0.0681620839728468,2691.4979018681,6,FALSE
2019-05-18 16:55:00,1,0.068009335732165,164.038517785982,0,FALSE
2019-05-18 16:56:00,0,0.068009335732165,0,0,FALSE
2019-05-18 16:57:00,2,0.0680093357321649,843.723819093238,0,FALSE
2019-05-18 16:58:00,1,0.0677911239597623,208.728870672108,0,FALSE
2019-05-18 16:59:00,0,0.0677911239597623,0,0,FALSE
2019-05-18 17:00:00,0,0.0677911239597623,0,0,FALSE
2019-05-18 17:01:00,0,0.0677911239597623,0,0,FALSE
2019-05-18 17:02:00,1,0.0677911239597623,2.57606271047097,0,FALSE
2019-05-18 17:03:00,0,0.0677911239597623,0,0,FALSE
2019-05-18 17:04:00,0,0.0677911239597623,0,0,FALSE
2019-05-18 17:05:00,0,0.0677911239597623,0,0,FALSE
2019-05-18 17:06:00,0,0.0677911239597623,0,0,FALSE
2019-05-18 17:07:00,0,0.0677911239597623,0,0,FALSE
2019-05-18 17:08:00,0,0.0677911239597623,0,0,FALSE
2019-05-18 17:09:00,3,0.0670637513850867,20.4102199199112,2,FALSE
2019-05-18 17:10:00,2,0.0671001200138196,105.952435141084,2,FALSE
2019-05-18 17:11:00,2,0.0671364886425521,165.558580992538,0,FALSE
2019-05-18 17:12:00,0,0.0671364886425521,0,0,FALSE
2019-05-18 17:13:00,0,0.0671364886425521,0,0,FALSE
2019-05-18 17:14:00,1,0.0672092259000218,258.486682811484,0,FALSE
2019-05-18 17:15:00,0,0.0672092259000218,0,0,FALSE
2019-05-18 17:16:00,0,0.0672092259000218,0,0,FALSE
2019-05-18 17:17:00,0,0.0672092259000218,0,0,FALSE
2019-05-18 17:18:00,2,0.0672092259000217,220.244633274371,0,FALSE
2019-05-18 17:19:00,0,0.0672092259000217,0,0,FALSE
2019-05-18 17:20:00,0,0.0672092259000217,0,0,FALSE
2019-05-18 17:21:00,0,0.0672092259000217,0,0,FALSE
2019-05-18 17:22:00,0,0.0672092259000217,0,0,FALSE
2019-05-18 17:23:00,0,0.0672092259000217,0,0,FALSE
2019-05-18 17:24:00,0,0.0672092259000217,0,0,FALSE
2019-05-18 17:25:00,4,0.0672819631574893,1255.8851242977,0,FALSE
2019-05-18 17:26:00,0,0.0672819631574893,0,0,FALSE
2019-05-18 17:27:00,0,0.0672819631574893,0,0,FALSE
2019-05-18 17:28:00,0,0.0672819631574893,0,0,FALSE
2019-05-18 17:29:00,0,0.0672819631574893,0,0,FALSE
2019-05-18 17:30:00,0,0.0672819631574893,0,0,FALSE
2019-05-18 17:31:00,1,0.0672819631574894,8.41024539468617,0,FALSE
2019-05-18 17:32:00,22,0.067632424488924,2580.51634000845,15,FALSE
2019-05-18 17:33:00,1,0.0677911239597623,2.71164495839049,0,FALSE
2019-05-18 17:34:00,1,0.0676456494448272,23.6759773056895,0,FALSE
2019-05-18 17:35:00,0,0.0676456494448272,0,0,FALSE
2019-05-18 17:36:00,2,0.0676456494448272,51.9518587736273,0,FALSE
2019-05-18 17:37:00,0,0.0676456494448272,0,0,FALSE
2019-05-18 17:38:00,0,0.0676456494448272,0,0,FALSE
2019-05-18 17:39:00,0,0.0676456494448272,0,0,FALSE
2019-05-18 17:40:00,2,0.0669182768701516,28.0387580085935,0,FALSE
2019-05-18 17:41:00,0,0.0669182768701516,0,0,FALSE
2019-05-18 17:42:00,1,0.0669182768701516,8.69937599311971,0,FALSE
2019-05-18 17:43:00,1,0.0669182768701516,2.60981279793591,0,FALSE
2019-05-18 17:44:00,0,0.0669182768701516,0,0,FALSE
2019-05-18 17:45:00,1,0.0668455396126841,11.3637417341563,0,FALSE
2019-05-18 17:46:00,3,0.0665060990778355,346.476288534669,0,FALSE
2019-05-18 17:47:00,7,0.0664091160678787,780.712842219729,2,FALSE
2019-05-18 17:48:00,0,0.0664091160678787,0,0,FALSE
2019-05-18 17:49:00,0,0.0664091160678787,0,0,FALSE
2019-05-18 17:50:00,5,0.0664818533253463,228.312358923643,2,FALSE
2019-05-18 17:51:00,0,0.0664818533253463,0,0,FALSE
2019-05-18 17:52:00,0,0.0664818533253463,0,0,FALSE
2019-05-18 17:53:00,0,0.0664818533253463,0,0,FALSE
2019-05-18 17:54:00,1,0.0665545905828138,7.98655086993766,0,FALSE
2019-05-18 17:55:00,1,0.0665545905828138,2.46251985156411,0,FALSE
2019-05-18 17:56:00,6,0.0663848703153893,438.871080781862,4,FALSE
2019-05-18 17:57:00,0,0.0663848703153893,0,0,FALSE
2019-05-18 17:58:00,3,0.066215150047965,326.363709472314,0,FALSE
2019-05-18 17:59:00,1,0.0663363788104112,112.705507598889,0,FALSE
2019-05-18 18:00:00,0,0.0663363788104112,0,0,FALSE
2019-05-18 18:01:00,0,0.0663363788104112,0,0,FALSE
2019-05-18 18:02:00,3,0.0663848703153895,37.6442220179866,0,FALSE
2019-05-18 18:03:00,0,0.0663848703153895,0,0,FALSE
2019-05-18 18:04:00,1,0.0664091160678787,2.12509171417212,0,FALSE
2019-05-18 18:05:00,1,0.0663363788104112,7.56234718438687,0,FALSE
2019-05-18 18:06:00,3,0.0663848703153895,197.553809383823,0,FALSE
2019-05-18 18:07:00,0,0.0663848703153895,0,0,FALSE
2019-05-18 18:08:00,0,0.0663848703153895,0,0,FALSE
2019-05-18 18:09:00,0,0.0663848703153895,0,0,FALSE
2019-05-18 18:10:00,0,0.0663848703153895,0,0,FALSE
2019-05-18 18:11:00,0,0.0663848703153895,0,0,FALSE
2019-05-18 18:12:00,0,0.0663848703153895,0,0,FALSE
2019-05-18 18:13:00,0,0.0663848703153895,0,0,FALSE
2019-05-18 18:14:00,4,0.0664818533253463,91.214339295752,2,FALSE
2019-05-18 18:15:00,0,0.0664818533253463,0,0,FALSE
2019-05-18 18:16:00,0,0.0664818533253463,0,0,FALSE
2019-05-18 18:17:00,0,0.0664818533253463,0,0,FALSE
2019-05-18 18:18:00,1,0.0665545905828138,2.3959652609813,0,FALSE
2019-05-18 18:19:00,0,0.0665545905828138,0,0,FALSE
2019-05-18 18:20:00,0,0.0665545905828138,0,0,FALSE
2019-05-18 18:21:00,0,0.0665545905828138,0,0,FALSE
2019-05-18 18:22:00,0,0.0665545905828138,0,0,FALSE
2019-05-18 18:23:00,7,0.065744089713889,148.444740843798,0,FALSE
2019-05-18 18:24:00,9,0.0653180572058654,518.9519645006,0,FALSE
2019-05-18 18:25:00,1,0.0653907944633329,19.6172383389999,0,FALSE
2019-05-18 18:26:00,5,0.0653907944633329,225.276669483235,4,FALSE
2019-05-18 18:27:00,1,0.0653180572058654,14.5006086997021,0,FALSE
2019-05-18 18:28:00,0,0.0653180572058654,0,0,FALSE
2019-05-18 18:29:00,1,0.0653180572058654,67.6041892080707,0,FALSE
2019-05-18 18:30:00,0,0.0653180572058654,0,0,FALSE
2019-05-18 18:31:00,0,0.0653180572058654,0,0,FALSE
2019-05-18 18:32:00,0,0.0653180572058654,0,0,FALSE
2019-05-18 18:33:00,1,0.0653180572058654,23.3838644796998,0,FALSE
2019-05-18 18:34:00,1,0.0653180572058654,7.31562240705692,0,FALSE
2019-05-18 18:35:00,9,0.0653018933708726,79.8694365112798,2,FALSE
2019-05-18 18:36:00,20,0.0650161975873745,1824.66080089294,14,FALSE
2019-05-18 18:37:00,2,0.065208951319664,352.912372024429,0,FALSE
2019-05-18 18:38:00,0,0.065208951319664,0,0,FALSE
2019-05-18 18:39:00,0,0.065208951319664,0,0,FALSE
2019-05-18 18:40:00,0,0.065208951319664,0,0,FALSE
2019-05-18 18:41:00,0,0.065208951319664,0,0,FALSE
2019-05-18 18:42:00,0,0.065208951319664,0,0,FALSE
2019-05-18 18:43:00,0,0.065208951319664,0,0,FALSE
2019-05-18 18:44:00,0,0.065208951319664,0,0,FALSE
2019-05-18 18:45:00,0,0.065208951319664,0,0,FALSE
2019-05-18 18:46:00,4,0.0651362140621965,64.5494426062057,0,FALSE
2019-05-18 18:47:00,0,0.0651362140621965,0,0,FALSE
2019-05-18 18:48:00,0,0.0651362140621965,0,0,FALSE
2019-05-18 18:49:00,0,0.0651362140621965,0,0,FALSE
2019-05-18 18:50:00,0,0.0651362140621965,0,0,FALSE
2019-05-18 18:51:00,0,0.0651362140621965,0,0,FALSE
2019-05-18 18:52:00,1,0.0648088964035925,15.748561826073,0,FALSE
2019-05-18 18:53:00,1,0.0648088964035911,34.6079506795177,0,FALSE
2019-05-18 18:54:00,0,0.0648088964035911,0,0,FALSE
2019-05-18 18:55:00,0,0.0648088964035911,0,0,FALSE
2019-05-18 18:56:00,0,0.0648088964035911,0,0,FALSE
2019-05-18 18:57:00,0,0.0648088964035911,0,0,FALSE
2019-05-18 18:58:00,0,0.0648088964035911,0,0,FALSE
2019-05-18 18:59:00,0,0.0648088964035911,0,0,FALSE
2019-05-18 19:00:00,0,0.0648088964035911,0,0,FALSE
2019-05-18 19:01:00,0,0.0648088964035911,0,0,FALSE
2019-05-18 19:02:00,0,0.0648088964035911,0,0,FALSE
2019-05-18 19:03:00,5,0.0648525387580724,5170.25750995796,0,FALSE
2019-05-18 19:04:00,0,0.0648525387580724,0,0,FALSE
2019-05-18 19:05:00,0,0.0648525387580724,0,0,FALSE
2019-05-18 19:06:00,1,0.0651725826909303,8.47243574982093,0,FALSE
2019-05-18 19:07:00,0,0.0651725826909303,0,0,FALSE
2019-05-18 19:08:00,0,0.0651725826909303,0,0,FALSE
2019-05-18 19:09:00,0,0.0651725826909303,0,0,FALSE
2019-05-18 19:10:00,1,0.0651725826909303,9.12416157673024,0,FALSE
2019-05-18 19:11:00,5,0.0652307724969043,629.41425507919,5,FALSE
2019-05-18 19:12:00,5,0.065478079172294,921.645206375022,0,FALSE
2019-05-18 19:13:00,14,0.0660038656334143,915.274368205208,10,FALSE
2019-05-18 19:14:00,1,0.0661909042954746,33.0954521477373,0,FALSE
2019-05-18 19:15:00,0,0.0661909042954746,0,0,FALSE
2019-05-18 19:16:00,0,0.0661909042954746,0,0,FALSE
2019-05-18 19:17:00,1,0.066190904295476,44.1493331650825,0,FALSE
2019-05-18 19:18:00,4,0.0654635317208005,1008.72756028581,0,FALSE
2019-05-18 19:19:00,1,0.0656090062357356,23.5536332386291,0,FALSE
2019-05-18 19:20:00,0,0.0656090062357356,0,0,FALSE
2019-05-18 19:21:00,5,0.0650998454334627,235.140641705667,0,FALSE
2019-05-18 19:22:00,0,0.0650998454334627,0,0,FALSE
2019-05-18 19:23:00,2,0.0650998454334627,31.2479258080621,0,FALSE
2019-05-18 19:24:00,0,0.0650998454334627,0,0,FALSE
2019-05-18 19:25:00,1,0.0650998454334627,2.27849459017119,0,FALSE
2019-05-18 19:26:00,0,0.0650998454334627,0,0,FALSE
2019-05-18 19:27:00,0,0.0650998454334627,0,0,FALSE
2019-05-18 19:28:00,1,0.0650998454334627,7.55158207028167,0,FALSE
2019-05-18 19:29:00,1,0.0650998454334627,9.30927789698517,0,FALSE
2019-05-18 19:30:00,0,0.0650998454334627,0,0,FALSE
2019-05-18 19:31:00,1,0.0650998454334627,7.61668191571514,0,FALSE
2019-05-18 19:32:00,1,0.0650998454334627,97.6497681501941,0,FALSE
2019-05-18 19:33:00,0,0.0650998454334627,0,0,FALSE
2019-05-18 19:34:00,0,0.0650998454334627,0,0,FALSE
2019-05-18 19:35:00,2,0.0650998454334627,24.0218429649477,0,FALSE
2019-05-18 19:36:00,0,0.0650998454334627,0,0,FALSE
2019-05-18 19:37:00,0,0.0650998454334627,0,0,FALSE
2019-05-18 19:38:00,0,0.0650998454334627,0,0,FALSE
2019-05-18 19:39:00,0,0.0650998454334627,0,0,FALSE
2019-05-18 19:40:00,0,0.0650998454334627,0,0,FALSE
2019-05-18 19:41:00,0,0.0650998454334627,0,0,FALSE
2019-05-18 19:42:00,2,0.0654999003495343,57.3209594335949,0,FALSE
2019-05-18 19:43:00,0,0.0654999003495343,0,0,FALSE
2019-05-18 19:44:00,0,0.0654999003495343,0,0,FALSE
2019-05-18 19:45:00,0,0.0654999003495343,0,0,FALSE
2019-05-18 19:46:00,1,0.0654635317208005,2.35668714194882,0,FALSE
2019-05-18 19:47:00,1,0.0654635317208005,2.22576007850722,0,FALSE
2019-05-18 19:48:00,0,0.0654635317208005,0,0,FALSE
2019-05-18 19:49:00,1,0.0653907944633329,7.71611374667329,0,FALSE
2019-05-18 19:50:00,0,0.0653907944633329,0,0,FALSE
2019-05-18 19:51:00,0,0.0653907944633329,0,0,FALSE
2019-05-18 19:52:00,1,0.0653180572058654,12.4104308691144,0,FALSE
2019-05-18 19:53:00,1,0.0653907944633329,2.41945939514332,0,FALSE
2019-05-18 19:54:00,1,0.0653907944633329,58.1978070723663,0,FALSE
2019-05-18 19:55:00,0,0.0653907944633329,0,0,FALSE
2019-05-18 19:56:00,1,0.0653907944633329,2.61563177853332,0,FALSE
2019-05-18 19:57:00,0,0.0653907944633329,0,0,FALSE
2019-05-18 19:58:00,0,0.0653907944633329,0,0,FALSE
2019-05-18 19:59:00,0,0.0653907944633329,0,0,FALSE
2019-05-18 20:00:00,0,0.0653907944633329,0,0,FALSE
2019-05-18 20:01:00,0,0.0653907944633329,0,0,FALSE
2019-05-18 20:02:00,0,0.0653907944633329,0,0,FALSE
2019-05-18 20:03:00,1,0.0651725826909303,18.3134957361514,0,FALSE
2019-05-18 20:04:00,0,0.0651725826909303,0,0,FALSE
2019-05-18 20:05:00,0,0.0651725826909303,0,0,FALSE
2019-05-18 20:06:00,0,0.0651725826909303,0,0,FALSE
2019-05-18 20:07:00,0,0.0651725826909303,0,0,FALSE
2019-05-18 20:08:00,2,0.0651725826909303,31.3480122743375,0,FALSE
2019-05-18 20:09:00,0,0.0651725826909303,0,0,FALSE
2019-05-18 20:10:00,0,0.0651725826909303,0,0,FALSE
2019-05-18 20:11:00,1,0.0651725826909303,2.60690330763721,0,FALSE
2019-05-18 20:12:00,0,0.0651725826909303,0,0,FALSE
2019-05-18 20:13:00,0,0.0651725826909303,0,0,FALSE
2019-05-18 20:14:00,0,0.0651725826909303,0,0,FALSE
2019-05-18 20:15:00,7,0.0654739227575816,1600.80352625193,6,FALSE
2019-05-18 20:16:00,2,0.0658635866368718,164.303208665906,0,FALSE
2019-05-18 20:17:00,0,0.0658635866368718,0,0,FALSE
2019-05-18 20:18:00,0,0.0658635866368718,0,0,FALSE
2019-05-18 20:19:00,8,0.0663727474391449,1299.00311588915,8,FALSE
2019-05-18 20:20:00,1,0.0660454297805218,2.50972633165983,0,FALSE
2019-05-18 20:21:00,1,0.0659726925230734,108.722997278025,0,FALSE
2019-05-18 20:22:00,0,0.0659726925230734,0,0,FALSE
2019-05-18 20:23:00,0,0.0659726925230734,0,0,FALSE
2019-05-18 20:24:00,0,0.0659726925230734,0,0,FALSE
2019-05-18 20:25:00,1,0.0659726925230734,2.50696231587679,0,FALSE
2019-05-18 20:26:00,0,0.0659726925230734,0,0,FALSE
2019-05-18 20:27:00,1,0.0659726925230734,12.3368935018147,0,FALSE
2019-05-18 20:28:00,2,0.0658999552656058,81.8858587627954,0,FALSE
2019-05-18 20:29:00,2,0.0659726925230734,119.938355006947,0,FALSE
2019-05-18 20:30:00,0,0.0659726925230734,0,0,FALSE
2019-05-18 20:31:00,0,0.0659726925230734,0,0,FALSE
2019-05-18 20:32:00,1,0.0659726925230734,14.5139923550761,0,FALSE
2019-05-18 20:33:00,1,0.0659726925230547,2.57293500839913,0,FALSE
2019-05-18 20:34:00,0,0.0659726925230547,0,0,FALSE
2019-05-18 20:35:00,0,0.0659726925230547,0,0,FALSE
2019-05-18 20:36:00,0,0.0659726925230547,0,0,FALSE
2019-05-18 20:37:00,0,0.0659726925230547,0,0,FALSE
2019-05-18 20:38:00,0,0.0659726925230547,0,0,FALSE
2019-05-18 20:39:00,1,0.0659726925230734,36.3509535802134,0,FALSE
2019-05-18 20:40:00,0,0.0659726925230734,0,0,FALSE
2019-05-18 20:41:00,0,0.0659726925230734,0,0,FALSE
2019-05-18 20:42:00,3,0.0660211840280517,784.468994195353,3,FALSE
2019-05-18 20:43:00,0,0.0660211840280517,0,0,FALSE
2019-05-18 20:44:00,0,0.0660211840280517,0,0,FALSE
2019-05-18 20:45:00,0,0.0660211840280517,0,0,FALSE
2019-05-18 20:46:00,1,0.0660454297805175,2.04740832319604,0,FALSE
2019-05-18 20:47:00,3,0.0660939212855165,26.6394386494312,0,FALSE
2019-05-18 20:48:00,1,0.0659726925230734,2.17709885326142,0,FALSE
2019-05-18 20:49:00,1,0.0659726925230684,9.63201310836799,0,FALSE
2019-05-18 20:50:00,0,0.0659726925230684,0,0,FALSE
2019-05-18 20:51:00,0,0.0659726925230684,0,0,FALSE
2019-05-18 20:52:00,0,0.0659726925230684,0,0,FALSE
2019-05-18 20:53:00,0,0.0659726925230684,0,0,FALSE
2019-05-18 20:54:00,1,0.0660454297805409,157.188122877687,0,FALSE
2019-05-18 20:55:00,0,0.0660454297805409,0,0,FALSE
2019-05-18 20:56:00,0,0.0660454297805409,0,0,FALSE
2019-05-18 20:57:00,0,0.0660454297805409,0,0,FALSE
2019-05-18 20:58:00,0,0.0660454297805409,0,0,FALSE
2019-05-18 20:59:00,0,0.0660454297805409,0,0,FALSE
2019-05-18 21:00:00,0,0.0660454297805409,0,0,FALSE
2019-05-18 21:01:00,2,0.0673281146824417,4.17434311031138,0,FALSE
2019-05-18 21:02:00,3,0.0674022645885035,89.1777933447646,2,FALSE
2019-05-18 21:03:00,1,0.0674764144945408,74.0891031150058,0,FALSE
2019-05-18 21:04:00,3,0.0674764144945414,2054.24528938028,3,FALSE
2019-05-18 21:05:00,1,0.0675505644005795,7.5656632128649,0,FALSE
2019-05-18 21:06:00,0,0.0675505644005795,0,0,FALSE
2019-05-18 21:07:00,0,0.0675505644005795,0,0,FALSE
2019-05-18 21:08:00,0,0.0675505644005795,0,0,FALSE
2019-05-18 21:09:00,0,0.0675505644005795,0,0,FALSE
2019-05-18 21:10:00,0,0.0675505644005795,0,0,FALSE
2019-05-18 21:11:00,1,0.0676247143066174,24.0743982931558,0,FALSE
2019-05-18 21:12:00,1,0.0676247143066174,0.135249428613235,0,FALSE
2019-05-18 21:13:00,0,0.0676247143066174,0,0,FALSE
2019-05-18 21:14:00,0,0.0676247143066174,0,0,FALSE
2019-05-18 21:15:00,0,0.0676247143066174,0,0,FALSE
2019-05-18 21:16:00,0,0.0676247143066174,0,0,FALSE
2019-05-18 21:17:00,0,0.0676247143066174,0,0,FALSE
2019-05-18 21:18:00,0,0.0676247143066174,0,0,FALSE
2019-05-18 21:19:00,0,0.0676247143066174,0,0,FALSE
2019-05-18 21:20:00,0,0.0676247143066174,0,0,FALSE
2019-05-18 21:21:00,0,0.0676247143066174,0,0,FALSE
2019-05-18 21:22:00,0,0.0676247143066174,0,0,FALSE
2019-05-18 21:23:00,0,0.0676247143066174,0,0,FALSE
2019-05-18 21:24:00,0,0.0676247143066174,0,0,FALSE
2019-05-18 21:25:00,0,0.0676247143066174,0,0,FALSE
2019-05-18 21:26:00,0,0.0676247143066174,0,0,FALSE
2019-05-18 21:27:00,1,0.0676988642126554,82.5249154752269,0,FALSE
2019-05-18 21:28:00,0,0.0676988642126554,0,0,FALSE
2019-05-18 21:29:00,0,0.0676988642126554,0,0,FALSE
2019-05-18 21:30:00,0,0.0676988642126554,0,0,FALSE
2019-05-18 21:31:00,0,0.0676988642126554,0,0,FALSE
2019-05-18 21:32:00,2,0.0674393395415225,615.657994294156,2,FALSE
2019-05-18 21:33:00,0,0.0674393395415225,0,0,FALSE
2019-05-18 21:34:00,1,0.0674764144945415,7.42240559439957,0,FALSE
2019-05-18 21:35:00,1,0.0674764144945415,2.42915092180349,0,FALSE
2019-05-18 21:36:00,0,0.0674764144945415,0,0,FALSE
2019-05-18 21:37:00,0,0.0674764144945415,0,0,FALSE
2019-05-18 21:38:00,0,0.0674764144945415,0,0,FALSE
2019-05-18 21:39:00,0,0.0674764144945415,0,0,FALSE
2019-05-18 21:40:00,0,0.0674764144945415,0,0,FALSE
2019-05-18 21:41:00,1,0.067402264588485,2.6960905835394,0,FALSE
2019-05-18 21:42:00,0,0.067402264588485,0,0,FALSE
2019-05-18 21:43:00,0,0.067402264588485,0,0,FALSE
2019-05-18 21:44:00,0,0.067402264588485,0,0,FALSE
2019-05-18 21:45:00,2,0.0673281146824654,427.325315297501,2,FALSE
2019-05-18 21:46:00,0,0.0673281146824654,0,0,FALSE
2019-05-18 21:47:00,0,0.0673281146824654,0,0,FALSE
2019-05-18 21:48:00,2,0.0670685900113327,39.9103712759643,0,FALSE
2019-05-18 21:49:00,1,0.0676247143066174,21.3694097208911,0,FALSE
2019-05-18 21:50:00,0,0.0676247143066174,0,0,FALSE
2019-05-18 21:51:00,2,0.0672910397294461,387.891060568207,2,FALSE
2019-05-18 21:52:00,3,0.0677235808480014,84.6807498433745,0,FALSE
2019-05-18 21:53:00,0,0.0677235808480014,0,0,FALSE
2019-05-18 21:54:00,0,0.0677235808480014,0,0,FALSE
2019-05-18 21:55:00,0,0.0677235808480014,0,0,FALSE
2019-05-18 21:56:00,0,0.0677235808480014,0,0,FALSE
2019-05-18 21:57:00,0,0.0677235808480014,0,0,FALSE
2019-05-18 21:58:00,0,0.0677235808480014,0,0,FALSE
2019-05-18 21:59:00,0,0.0677235808480014,0,0,FALSE
2019-05-18 22:00:00,1,0.0677730141186933,2.23650946591688,0,FALSE
2019-05-18 22:01:00,0,0.0677730141186933,0,0,FALSE
2019-05-18 22:02:00,0,0.0677730141186933,0,0,FALSE
2019-05-18 22:03:00,0,0.0677730141186933,0,0,FALSE
2019-05-18 22:04:00,1,0.0677730141186933,2.57537453651035,0,FALSE
2019-05-18 22:05:00,0,0.0677730141186933,0,0,FALSE
2019-05-18 22:06:00,0,0.0677730141186933,0,0,FALSE
2019-05-18 22:07:00,0,0.0677730141186933,0,0,FALSE
2019-05-18 22:08:00,0,0.0677730141186933,0,0,FALSE
2019-05-18 22:09:00,1,0.0676988642126554,2.50485797586825,0,FALSE
2019-05-18 22:10:00,0,0.0676988642126554,0,0,FALSE
2019-05-18 22:11:00,1,0.0675505644005795,2.16161806081854,0,FALSE
2019-05-18 22:12:00,1,0.0676247143066174,70.1268287359623,0,FALSE
2019-05-18 22:13:00,1,0.0676247143066174,14.2011900043897,0,FALSE
2019-05-18 22:14:00,0,0.0676247143066174,0,0,FALSE
2019-05-18 22:15:00,3,0.0676494309419632,417.909686078895,3,FALSE
2019-05-18 22:16:00,0,0.0676494309419632,0,0,FALSE
2019-05-18 22:17:00,0,0.0676494309419632,0,0,FALSE
2019-05-18 22:18:00,0,0.0676494309419632,0,0,FALSE
2019-05-18 22:19:00,0,0.0676494309419632,0,0,FALSE
2019-05-18 22:20:00,0,0.0676494309419632,0,0,FALSE
2019-05-18 22:21:00,0,0.0676494309419632,0,0,FALSE
2019-05-18 22:22:00,0,0.0676494309419632,0,0,FALSE
2019-05-18 22:23:00,0,0.0676494309419632,0,0,FALSE
2019-05-18 22:24:00,0,0.0676494309419632,0,0,FALSE
2019-05-18 22:25:00,0,0.0676494309419632,0,0,FALSE
2019-05-18 22:26:00,0,0.0676494309419632,0,0,FALSE
2019-05-18 22:27:00,0,0.0676494309419632,0,0,FALSE
2019-05-18 22:28:00,2,0.0677730141186933,5.21852208713939,0,FALSE
2019-05-18 22:29:00,0,0.0677730141186933,0,0,FALSE
2019-05-18 22:30:00,0,0.0677730141186933,0,0,FALSE
2019-05-18 22:31:00,1,0.0677730141186933,7.45503155305627,0,FALSE
2019-05-18 22:32:00,0,0.0677730141186933,0,0,FALSE
2019-05-18 22:33:00,2,0.0672539647764276,253.412939277579,0,FALSE
2019-05-18 22:34:00,4,0.0674022645885035,75.22092728077,0,FALSE
2019-05-18 22:35:00,14,0.0676511964159166,992.709450848203,9,FALSE
2019-05-18 22:36:00,1,0.0679954638368072,148.774074874934,0,FALSE
2019-05-18 22:37:00,0,0.0679954638368072,0,0,FALSE
2019-05-18 22:38:00,0,0.0679954638368072,0,0,FALSE
2019-05-18 22:39:00,0,0.0679954638368072,0,0,FALSE
2019-05-18 22:40:00,0,0.0679954638368072,0,0,FALSE
2019-05-18 22:41:00,0,0.0679954638368072,0,0,FALSE
2019-05-18 22:42:00,1,0.0679213139307693,2.24140335971539,0,FALSE
2019-05-18 22:43:00,0,0.0679213139307693,0,0,FALSE
2019-05-18 22:44:00,1,0.0679213139307693,59.3632283754923,0,FALSE
2019-05-18 22:45:00,0,0.0679213139307693,0,0,FALSE
2019-05-18 22:46:00,0,0.0679213139307693,0,0,FALSE
2019-05-18 22:47:00,0,0.0679213139307693,0,0,FALSE
2019-05-18 22:48:00,0,0.0679213139307693,0,0,FALSE
2019-05-18 22:49:00,0,0.0679213139307693,0,0,FALSE
2019-05-18 22:50:00,0,0.0679213139307693,0,0,FALSE
2019-05-18 22:51:00,0,0.0679213139307693,0,0,FALSE
2019-05-18 22:52:00,0,0.0679213139307693,0,0,FALSE
2019-05-18 22:53:00,1,0.0679213139307693,2.51308861543846,0,FALSE
2019-05-18 22:54:00,0,0.0679213139307693,0,0,FALSE
2019-05-18 22:55:00,0,0.0679213139307693,0,0,FALSE
2019-05-18 22:56:00,1,0.0679213139307693,258.508520820508,0,FALSE
2019-05-18 22:57:00,5,0.0680992737052604,1783.66516385679,4,FALSE
2019-05-18 22:58:00,0,0.0680992737052604,0,0,FALSE
2019-05-18 22:59:00,0,0.0680992737052604,0,0,FALSE
2019-05-18 23:00:00,0,0.0680992737052604,0,0,FALSE
2019-05-18 23:01:00,0,0.0680992737052604,0,0,FALSE
2019-05-18 23:02:00,1,0.0681437636488831,2.79389430960421,0,FALSE
2019-05-18 23:03:00,1,0.0681437636488831,2.72575054595533,0,FALSE
2019-05-18 23:04:00,1,0.0681437636488831,231.348077587958,0,FALSE
2019-05-18 23:05:00,0,0.0681437636488831,0,0,FALSE
2019-05-18 23:06:00,2,0.0681808386019021,97.3242727716248,0,FALSE
2019-05-18 23:07:00,0,0.0681808386019021,0,0,FALSE
2019-05-18 23:08:00,1,0.0682179135549211,84.2491232403275,0,FALSE
2019-05-18 23:09:00,1,0.0682179135549211,7.50397049104132,0,FALSE
2019-05-18 23:10:00,0,0.0682179135549211,0,0,FALSE
2019-05-18 23:11:00,0,0.0682179135549211,0,0,FALSE
2019-05-18 23:12:00,0,0.0682179135549211,0,0,FALSE
2019-05-18 23:13:00,0,0.0682179135549211,0,0,FALSE
2019-05-18 23:14:00,4,0.0679213139307693,290.771144937623,0,FALSE
2019-05-18 23:15:00,2,0.0679213139307693,175.304911255315,0,FALSE
2019-05-18 23:16:00,0,0.0679213139307693,0,0,FALSE
2019-05-18 23:17:00,0,0.0679213139307693,0,0,FALSE
2019-05-18 23:18:00,5,0.0680992737052604,143.223509508557,2,FALSE
2019-05-18 23:19:00,0,0.0680992737052604,0,0,FALSE
2019-05-18 23:20:00,0,0.0680992737052604,0,0,FALSE
2019-05-18 23:21:00,0,0.0680992737052604,0,0,FALSE
2019-05-18 23:22:00,0,0.0680992737052604,0,0,FALSE
2019-05-18 23:23:00,0,0.0680992737052604,0,0,FALSE
2019-05-18 23:24:00,0,0.0680992737052604,0,0,FALSE
2019-05-18 23:25:00,2,0.0681808386019021,407.340210172433,2,FALSE
2019-05-18 23:26:00,4,0.068292063460957,98.0674031299342,0,FALSE
2019-05-18 23:27:00,0,0.068292063460957,0,0,FALSE
2019-05-18 23:28:00,0,0.068292063460957,0,0,FALSE
2019-05-18 23:29:00,0,0.068292063460957,0,0,FALSE
2019-05-18 23:30:00,0,0.068292063460957,0,0,FALSE
2019-05-18 23:31:00,0,0.068292063460957,0,0,FALSE
2019-05-18 23:32:00,0,0.068292063460957,0,0,FALSE
2019-05-18 23:33:00,0,0.068292063460957,0,0,FALSE
2019-05-18 23:34:00,0,0.068292063460957,0,0,FALSE
2019-05-18 23:35:00,0,0.068292063460957,0,0,FALSE
2019-05-18 23:36:00,0,0.068292063460957,0,0,FALSE
2019-05-18 23:37:00,0,0.068292063460957,0,0,FALSE
2019-05-18 23:38:00,0,0.068292063460957,0,0,FALSE
2019-05-18 23:39:00,0,0.068292063460957,0,0,FALSE
2019-05-18 23:40:00,0,0.068292063460957,0,0,FALSE
2019-05-18 23:41:00,0,0.068292063460957,0,0,FALSE
2019-05-18 23:42:00,0,0.068292063460957,0,0,FALSE
2019-05-18 23:43:00,0,0.068292063460957,0,0,FALSE
2019-05-18 23:44:00,0,0.068292063460957,0,0,FALSE
2019-05-18 23:45:00,0,0.068292063460957,0,0,FALSE
2019-05-18 23:46:00,0,0.068292063460957,0,0,FALSE
2019-05-18 23:47:00,0,0.068292063460957,0,0,FALSE
2019-05-18 23:48:00,0,0.068292063460957,0,0,FALSE
2019-05-18 23:49:00,0,0.068292063460957,0,0,FALSE
2019-05-18 23:50:00,0,0.068292063460957,0,0,FALSE
2019-05-18 23:51:00,0,0.068292063460957,0,0,FALSE
2019-05-18 23:52:00,0,0.068292063460957,0,0,FALSE
2019-05-18 23:53:00,0,0.068292063460957,0,0,FALSE
2019-05-18 23:54:00,4,0.0681437636488831,62.0108249204836,0,FALSE
2019-05-18 23:55:00,2,0.0681437636488831,347.396907082006,2,FALSE
2019-05-18 23:56:00,0,0.0681437636488831,0,0,FALSE
2019-05-18 23:57:00,1,0.0682920634609587,142.047491998794,0,FALSE
2019-05-18 23:58:00,6,0.0684897965437254,895.631948963873,2,FALSE
2019-05-18 23:59:00,0,0.0684897965437254,0,0,FALSE
2019-05-19,3,0.0684650799083809,88.9092223850951,2,FALSE
2019-05-19 00:01:00,3,0.0684897965437248,110.887106234933,2,FALSE
2019-05-19 00:02:00,0,0.0684897965437248,0,0,FALSE
2019-05-19 00:03:00,0,0.0684897965437248,0,0,FALSE
2019-05-19 00:04:00,0,0.0684897965437248,0,0,FALSE
2019-05-19 00:05:00,0,0.0684897965437248,0,0,FALSE
2019-05-19 00:06:00,0,0.0684897965437248,0,0,FALSE
2019-05-19 00:07:00,1,0.0684403632730349,66.7977945544821,0,FALSE
2019-05-19 00:08:00,1,0.068440363273035,513.302724547762,0,FALSE
2019-05-19 00:09:00,0,0.068440363273035,0,0,FALSE
2019-05-19 00:10:00,0,0.068440363273035,0,0,FALSE
2019-05-19 00:11:00,1,0.0684403632730349,21.3533933411869,0,FALSE
2019-05-19 00:12:00,0,0.0684403632730349,0,0,FALSE
2019-05-19 00:13:00,0,0.0684403632730349,0,0,FALSE
2019-05-19 00:14:00,0,0.0684403632730349,0,0,FALSE
2019-05-19 00:15:00,4,0.0686257380381297,521.00081949281,2,FALSE
2019-05-19 00:16:00,0,0.0686257380381297,0,0,FALSE
2019-05-19 00:17:00,1,0.0685886630851109,25.0348620260655,0,FALSE
2019-05-19 00:18:00,0,0.0685886630851109,0,0,FALSE
2019-05-19 00:19:00,0,0.0685886630851109,0,0,FALSE
2019-05-19 00:20:00,0,0.0685886630851109,0,0,FALSE
2019-05-19 00:21:00,0,0.0685886630851109,0,0,FALSE
2019-05-19 00:22:00,0,0.0685886630851109,0,0,FALSE
2019-05-19 00:23:00,9,0.0687369628971861,222.432811935293,0,FALSE
2019-05-19 00:24:00,8,0.0687369628971845,509.409632031048,0,FALSE
2019-05-19 00:25:00,9,0.0688111128032223,562.943713843175,0,FALSE
2019-05-19 00:26:00,1,0.0685145131790729,15.3472509521123,0,FALSE
2019-05-19 00:27:00,0,0.0685145131790729,0,0,FALSE
2019-05-19 00:28:00,0,0.0685145131790729,0,0,FALSE
2019-05-19 00:29:00,1,0.0688111128032246,328.160196958578,0,FALSE
2019-05-19 00:30:00,0,0.0688111128032246,0,0,FALSE
2019-05-19 00:31:00,0,0.0688111128032246,0,0,FALSE
2019-05-19 00:32:00,17,0.0685886630851109,315.987970833106,0,FALSE
2019-05-19 00:33:00,9,0.0684815576652782,614.728970121406,0,FALSE
2019-05-19 00:34:00,10,0.0685070981884682,896.900357256556,4,FALSE
2019-05-19 00:35:00,0,0.0685070981884682,0,0,FALSE
2019-05-19 00:36:00,2,0.0686628129911488,28.2890789523533,0,FALSE
2019-05-19 00:37:00,0,0.0686628129911488,0,0,FALSE
2019-05-19 00:38:00,1,0.0685886630850903,2.46919187106325,0,FALSE
2019-05-19 00:39:00,13,0.0687597782528891,1215.25838153635,2,FALSE
2019-05-19 00:40:00,2,0.0688852627092627,22.3877103805104,0,FALSE
2019-05-19 00:41:00,0,0.0688852627092627,0,0,FALSE
2019-05-19 00:42:00,2,0.0689223376622817,74.1639945201049,2,FALSE
2019-05-19 00:43:00,0,0.0689223376622817,0,0,FALSE
2019-05-19 00:44:00,1,0.0689594126153007,7.51657597506777,0,FALSE
2019-05-19 00:45:00,1,0.0689594126153007,116.748285557704,0,FALSE
2019-05-19 00:46:00,0,0.0689594126153007,0,0,FALSE
2019-05-19 00:47:00,0,0.0689594126153007,0,0,FALSE
2019-05-19 00:48:00,0,0.0689594126153007,0,0,FALSE
2019-05-19 00:49:00,1,0.0689594126153007,67.7181431882252,0,FALSE
2019-05-19 00:50:00,1,0.0689594126153007,7.51657597506777,0,FALSE
2019-05-19 00:51:00,1,0.0689594126153007,76.2691103525225,0,FALSE
2019-05-19 00:52:00,5,0.069018732540131,123.821000195229,2,FALSE
2019-05-19 00:53:00,2,0.0690706374743576,9.73610511250196,0,FALSE
2019-05-19 00:54:00,0,0.0690706374743576,0,0,FALSE
2019-05-19 00:55:00,0,0.0690706374743576,0,0,FALSE
2019-05-19 00:56:00,0,0.0690706374743576,0,0,FALSE
2019-05-19 00:57:00,0,0.0690706374743576,0,0,FALSE
2019-05-19 00:58:00,0,0.0690706374743576,0,0,FALSE
2019-05-19 00:59:00,0,0.0690706374743576,0,0,FALSE
2019-05-19 01:00:00,0,0.0690706374743576,0,0,FALSE
2019-05-19 01:01:00,0,0.0690706374743576,0,0,FALSE
2019-05-19 01:02:00,0,0.0690706374743576,0,0,FALSE
2019-05-19 01:03:00,0,0.0690706374743576,0,0,FALSE
2019-05-19 01:04:00,0,0.0690706374743576,0,0,FALSE
2019-05-19 01:05:00,5,0.069018732540131,213.535861309426,0,FALSE
2019-05-19 01:06:00,0,0.069018732540131,0,0,FALSE
2019-05-19 01:07:00,0,0.069018732540131,0,0,FALSE
2019-05-19 01:08:00,0,0.069018732540131,0,0,FALSE
2019-05-19 01:09:00,0,0.069018732540131,0,0,FALSE
2019-05-19 01:10:00,4,0.0691262499038861,316.962448898257,2,FALSE
2019-05-19 01:11:00,0,0.0691262499038861,0,0,FALSE
2019-05-19 01:12:00,2,0.0691818623334145,1284.15372863284,0,FALSE
2019-05-19 01:13:00,4,0.069311624668981,3151.04422797729,3,FALSE
2019-05-19 01:14:00,3,0.0695278952282583,265.041053392546,2,FALSE
2019-05-19 01:15:00,9,0.0697585838248203,3788.86422033798,5,FALSE
2019-05-19 01:16:00,17,0.0699102761162577,3827.37375158907,3,FALSE
2019-05-19 01:17:00,2,0.0698492114877562,60.6989647828601,0,FALSE
2019-05-19 01:18:00,4,0.0699604363468131,814.106870821662,4,FALSE
2019-05-19 01:19:00,0,0.0699604363468131,0,0,FALSE
2019-05-19 01:20:00,3,0.0699480780291401,415.662573176416,0,FALSE
2019-05-19 01:21:00,1,0.0699975112998321,130.965343641986,0,FALSE
2019-05-19 01:22:00,2,0.0699604363468131,902.021891266601,0,FALSE
2019-05-19 01:23:00,8,0.0700345862528497,2043.64845215848,5,FALSE
2019-05-19 01:24:00,0,0.0700345862528497,0,0,FALSE
2019-05-19 01:25:00,4,0.0696638367226613,203.80338954232,0,FALSE
2019-05-19 01:26:00,22,0.070213220117397,6475.3645516308,7,FALSE
2019-05-19 01:27:00,7,0.0704318178923401,906.332521904212,2,FALSE
2019-05-19 01:28:00,8,0.0703867983065313,2456.43445388007,2,FALSE
2019-05-19 01:29:00,40,0.0710319024890615,7891.65674956905,24,FALSE
2019-05-19 01:30:00,40,0.0721107836219138,16922.0516245902,20,FALSE
2019-05-19 01:31:00,23,0.0727668490949007,5023.8068066807,6,FALSE
2019-05-19 01:32:00,22,0.0728927280855869,13739.7322267945,8,FALSE
2019-05-19 01:33:00,40,0.0736512479198524,19482.7635362309,23,FALSE
2019-05-19 01:34:00,80,0.0757302259103909,20451.9772546526,39,FALSE
2019-05-19 01:35:00,73,0.0765988844414852,15455.5821110861,38,FALSE
2019-05-19 01:36:00,22,0.0802956503625894,2816.39513083022,4,FALSE
2019-05-19 01:37:00,30,0.0787809659142688,6113.76199989978,6,FALSE
2019-05-19 01:38:00,28,0.0785876012187139,6480.54275575762,11,FALSE
2019-05-19 01:39:00,14,0.078077073540893,1448.64349234864,9,FALSE
2019-05-19 01:40:00,11,0.0780286218631766,2223.64194376321,4,FALSE
2019-05-19 01:41:00,6,0.0778489256409146,1022.09408310762,2,FALSE
2019-05-19 01:42:00,2,0.0777180211081414,106.130457233219,0,FALSE
2019-05-19 01:43:00,13,0.0779808371316344,3132.38812204219,4,FALSE
2019-05-19 01:44:00,45,0.0796423177399245,4945.4915114253,21,FALSE
2019-05-19 01:45:00,28,0.0801247944464357,4011.9637698659,13,FALSE
2019-05-19 01:46:00,13,0.0792012701602686,385.119616929604,2,FALSE
2019-05-19 01:47:00,11,0.0786998051039491,664.374957902936,2,FALSE
2019-05-19 01:48:00,20,0.0792967297734001,4189.01531833292,10,FALSE
2019-05-19 01:49:00,11,0.0801278545523968,3151.35548195672,2,FALSE
2019-05-19 01:50:00,12,0.0801070288312736,1200.01831973284,0,FALSE
2019-05-19 01:51:00,2,0.0800350313382477,293.648529980031,0,FALSE
2019-05-19 01:52:00,28,0.0806100762500779,33254.4524729937,13,FALSE
2019-05-19 01:53:00,98,0.080959110478791,33374.6999630313,52,FALSE
2019-05-19 01:54:00,52,0.0812101512593831,8218.24764762971,35,FALSE
2019-05-19 01:55:00,19,0.0814777370836662,7950.72878817044,7,FALSE
2019-05-19 01:56:00,13,0.0814910925258758,2957.76189421569,4,FALSE
2019-05-19 01:57:00,55,0.0825384020213761,24972.7233790795,24,FALSE
2019-05-19 01:58:00,63,0.0841416935378542,12484.6919498624,22,FALSE
2019-05-19 01:59:00,54,0.0846850512413547,19674.1186446161,23,FALSE
2019-05-19 02:00:00,66,0.0851248375807563,25023.0251213761,29,FALSE
2019-05-19 02:01:00,57,0.0844857854525755,8526.38479602084,17,FALSE
2019-05-19 02:02:00,84,0.0826297461843107,10851.2584090491,29,FALSE
2019-05-19 02:03:00,38,0.0819737963657583,7069.27871834193,11,FALSE
2019-05-19 02:04:00,41,0.0821135398952259,6345.27836897648,11,FALSE
2019-05-19 02:05:00,18,0.0820422341741213,2625.26558529051,8,FALSE
2019-05-19 02:06:00,21,0.0820360006249414,4051.04725551277,13,FALSE
2019-05-19 02:07:00,16,0.0815617054517284,4151.69111106381,3,FALSE
2019-05-19 02:08:00,49,0.080200131340808,7199.32072114985,10,FALSE
2019-05-19 02:09:00,29,0.0800404480775345,2642.68290463245,13,FALSE
2019-05-19 02:10:00,31,0.0809142030712676,7601.95426496659,19,FALSE
2019-05-19 02:11:00,19,0.0797415295963428,2963.94956821359,2,FALSE
2019-05-19 02:12:00,14,0.0790812983137487,4573.42247425245,0,FALSE
2019-05-19 02:13:00,15,0.0787050412852601,3071.61420039002,4,FALSE
2019-05-19 02:14:00,12,0.0781238251597418,1447.35649134422,4,FALSE
2019-05-19 02:15:00,17,0.0778404553476186,18065.972717826,2,FALSE
2019-05-19 02:16:00,19,0.0789271656082414,1718.31952760352,8,FALSE
2019-05-19 02:17:00,42,0.0799190873235043,7126.59558218807,34,FALSE
2019-05-19 02:18:00,32,0.0790532473424395,1302.81895836588,19,FALSE
2019-05-19 02:19:00,24,0.0779143779073029,4123.77404387166,4,FALSE
2019-05-19 02:20:00,21,0.0778246147991135,5657.7481533465,4,FALSE
2019-05-19 02:21:00,16,0.0788617994632574,4921.41109900333,2,FALSE
2019-05-19 02:22:00,10,0.0794223981248636,3852.43612321141,4,FALSE
2019-05-19 02:23:00,7,0.0790812983137487,803.638897054834,5,FALSE
2019-05-19 02:24:00,14,0.0783463628654566,690.222110261046,7,FALSE
2019-05-19 02:25:00,7,0.0781500060662958,548.787564508495,3,FALSE
2019-05-19 02:26:00,8,0.0780321919867999,2051.02570267565,0,FALSE
2019-05-19 02:27:00,8,0.0776885675882672,190.460754281766,2,FALSE
2019-05-19 02:28:00,8,0.0777376567880576,1278.35117325052,0,FALSE
2019-05-19 02:29:00,14,0.0782173283974378,1754.7641349551,4,FALSE
2019-05-19 02:30:00,17,0.0796700386998062,7527.97102872123,11,FALSE
2019-05-19 02:31:00,20,0.0796226820600082,1595.70044014566,5,FALSE
2019-05-19 02:32:00,21,0.0800125905612006,2845.3579943347,6,FALSE
2019-05-19 02:33:00,14,0.079771352207945,2517.49052205023,2,FALSE
2019-05-19 02:34:00,9,0.0797906762104014,644.534360031173,4,FALSE
2019-05-19 02:35:00,34,0.0795406742203581,1799.35040208439,2,FALSE
2019-05-19 02:36:00,22,0.0799172172587507,3400.35946610947,12,FALSE
2019-05-19 02:37:00,5,0.0800193227943143,346.422797091642,2,FALSE
2019-05-19 02:38:00,10,0.0799486343466163,3584.09217248204,8,FALSE
2019-05-19 02:39:00,14,0.080629711929994,4212.36237738139,7,FALSE
2019-05-19 02:40:00,43,0.0814232282439477,11207.3100723153,18,FALSE
2019-05-19 02:41:00,28,0.0823267956941758,5146.29799128401,11,FALSE
2019-05-19 02:42:00,31,0.0822190256721477,3331.97216301204,17,FALSE
2019-05-19 02:43:00,1,0.0817629711708693,2.69817804863869,0,FALSE
2019-05-19 02:44:00,31,0.0802402558638228,1897.59242126809,8,FALSE
2019-05-19 02:45:00,32,0.0799883965984465,8288.38959508445,10,FALSE
2019-05-19 02:46:00,12,0.0800350313382468,266.306474038541,4,FALSE
2019-05-19 02:47:00,24,0.0792954207280725,4361.94282421851,8,FALSE
2019-05-19 02:48:00,21,0.0786362229023159,6148.58014461255,2,FALSE
2019-05-19 02:49:00,6,0.0792103327817657,239.515552360939,2,FALSE
2019-05-19 02:50:00,2,0.0787390764637814,311.305640245114,0,FALSE
2019-05-19 02:51:00,4,0.0786998051039491,294.305932543624,0,FALSE
2019-05-19 02:52:00,5,0.0790768101583393,580.43329023129,0,FALSE
2019-05-19 02:53:00,11,0.0786069818898,295.280176438344,0,FALSE
2019-05-19 02:54:00,6,0.0789092523563881,1052.43945556365,0,FALSE
2019-05-19 02:55:00,0,0.0789092523563881,0,0,FALSE
2019-05-19 02:56:00,16,0.0782580023058353,3197.80501802462,4,FALSE
2019-05-19 02:57:00,13,0.0787481390852812,4099.45839600429,7,FALSE
2019-05-19 02:58:00,5,0.0796737348277902,679.115384273273,4,FALSE
2019-05-19 02:59:00,1,0.0791710614219369,15.042501670168,0,FALSE
2019-05-19 03:00:00,11,0.0790568174660609,1725.44515875965,0,FALSE
2019-05-19 03:01:00,3,0.0795899559268144,281.314809625655,2,FALSE
2019-05-19 03:02:00,3,0.0796423177399231,103.057159155461,0,FALSE
2019-05-19 03:03:00,19,0.0795761765023104,675.059752400662,3,FALSE
2019-05-19 03:04:00,1,0.0794066895809307,157.066431991081,0,FALSE
2019-05-19 03:05:00,7,0.0789690944285135,735.097571684148,2,FALSE
2019-05-19 03:06:00,5,0.0788097649114796,1158.32870810478,0,FALSE
2019-05-19 03:07:00,13,0.0789535585059425,1026.29117041834,10,FALSE
2019-05-19 03:08:00,1,0.0788568905432784,2.20799293521179,0,FALSE
2019-05-19 03:09:00,3,0.0786212623842845,146.725576062757,0,FALSE
2019-05-19 03:10:00,2,0.0785427196646199,56.3936727191971,0,FALSE
2019-05-19 03:11:00,7,0.078587601218714,2124.94052821219,0,FALSE
2019-05-19 03:12:00,3,0.0786474432908393,319.29704780011,2,FALSE
2019-05-19 03:13:00,3,0.0786474432908394,511.446941810984,0,FALSE
2019-05-19 03:14:00,2,0.0785427196646193,74.6265011194215,0,FALSE
2019-05-19 03:15:00,10,0.078314945777591,1127.81847448017,0,FALSE
2019-05-19 03:16:00,2,0.0782678201457926,56.1962948646791,0,FALSE
2019-05-19 03:17:00,3,0.0783070915056257,293.181750597063,0,FALSE
2019-05-19 03:18:00,0,0.0783070915056257,0,0,FALSE
2019-05-19 03:19:00,1,0.078385634225288,23.5156902675864,0,FALSE
2019-05-19 03:20:00,2,0.078307091505625,42.9256384074253,0,FALSE
2019-05-19 03:21:00,2,0.0786212623842845,26.8143274080619,0,FALSE
2019-05-19 03:22:00,2,0.0785427196646199,946.204143799676,0,FALSE
2019-05-19 03:23:00,2,0.0784641769449553,49.6338150085419,0,FALSE
2019-05-19 03:24:00,1,0.0781500060662963,118.78800922077,0,FALSE
2019-05-19 03:25:00,12,0.0774431215893152,583.48019795524,4,FALSE
2019-05-19 03:26:00,13,0.0776606245053096,1118.92508233255,2,FALSE
2019-05-19 03:27:00,20,0.0783817070893072,1834.61498361573,13,FALSE
2019-05-19 03:28:00,4,0.0781892774261288,183.13185456714,2,FALSE
2019-05-19 03:29:00,2,0.0781500060662962,103.39245802571,0,FALSE
2019-05-19 03:30:00,10,0.07827567441776,569.557951095647,2,FALSE
2019-05-19 03:31:00,6,0.0780191015335216,279.227851021447,0,FALSE
2019-05-19 03:32:00,2,0.0781500060662956,103.939508068173,0,FALSE
2019-05-19 03:33:00,12,0.0786408980642005,3392.95100261982,5,FALSE
2019-05-19 03:34:00,4,0.0790925187022722,215.642492718879,0,FALSE
2019-05-19 03:35:00,0,0.0790925187022722,0,0,FALSE
2019-05-19 03:36:00,1,0.078935433262943,67.1740537067645,0,FALSE
2019-05-19 03:37:00,3,0.0790401568891625,235.025186534994,0,FALSE
2019-05-19 03:38:00,16,0.0796128642200503,2628.00460555337,5,FALSE
2019-05-19 03:39:00,8,0.0802215702974512,1162.56883682587,2,FALSE
2019-05-19 03:40:00,3,0.0802968404037964,214.701236766418,2,FALSE
2019-05-19 03:41:00,4,0.0798386745390858,289.823813703242,2,FALSE
2019-05-19 03:42:00,2,0.0797208604595892,139.511505804281,0,FALSE
2019-05-19 03:43:00,3,0.0798779458989154,84.0315990856598,0,FALSE
2019-05-19 03:44:00,7,0.0800125905611989,379.93296989383,3,FALSE
2019-05-19 03:45:00,6,0.0805062876562354,929.635085830106,2,FALSE
2019-05-19 03:46:00,11,0.0795209335368064,374.993339711405,2,FALSE
2019-05-19 03:47:00,14,0.0788681109318019,1035.34345448785,4,FALSE
2019-05-19 03:48:00,6,0.0782154583326825,489.159424050791,2,FALSE
2019-05-19 03:49:00,4,0.0780321919867998,1163.19018828114,2,FALSE
2019-05-19 03:50:00,4,0.0776198427085606,359.557339015718,2,FALSE
2019-05-19 03:51:00,9,0.0771813125237662,868.543930133206,2,FALSE
2019-05-19 03:52:00,4,0.076579151673004,958.948642577896,0,FALSE
2019-05-19 03:53:00,3,0.0764482471402279,197.768368919362,0,FALSE
2019-05-19 03:54:00,17,0.0762233993545235,3887.312310994,2,FALSE
2019-05-19 03:55:00,8,0.0765889695129622,9784.08928746768,3,FALSE
2019-05-19 03:56:00,6,0.0769587748180489,235.223663987586,2,FALSE
2019-05-19 03:57:00,0,0.0769587748180489,0,0,FALSE
2019-05-19 03:58:00,5,0.0761550209868155,3167.74797589249,4,FALSE
2019-05-19 03:59:00,1,0.0761078953550167,2.35934475600552,0,FALSE
2019-05-19 04:00:00,7,0.0765342701189093,1150.55431408421,0,FALSE
2019-05-19 04:01:00,9,0.0770416810221396,590.017544141083,4,FALSE
2019-05-19 04:02:00,5,0.077286036149986,385.435201577219,0,FALSE
2019-05-19 04:03:00,25,0.0763623737667298,1442.81185249898,13,FALSE
2019-05-19 04:04:00,5,0.0764220662336752,263.468804119779,0,FALSE
2019-05-19 04:05:00,5,0.0765006089533396,197.830574753336,0,FALSE
2019-05-19 04:06:00,3,0.0766838752992239,56.1860057684038,0,FALSE
2019-05-19 04:07:00,2,0.0764220662336752,86.6626231089876,0,FALSE
2019-05-19 04:08:00,8,0.0761668023947651,1589.56656791074,0,FALSE
2019-05-19 04:09:00,3,0.0763173426074557,247.194124263513,0,FALSE
2019-05-19 04:10:00,6,0.0763042521541782,266.97903534703,0,FALSE
2019-05-19 04:11:00,7,0.0762986419599165,517.001247317507,0,FALSE
2019-05-19 04:12:00,8,0.0755777319972805,833.563437618895,3,FALSE
2019-05-19 04:13:00,4,0.0755777319972744,298.514565634131,3,FALSE
2019-05-19 04:14:00,4,0.0754599179177825,433.599403758115,0,FALSE
2019-05-19 04:15:00,2,0.0756759103968612,783.486248957846,0,FALSE
2019-05-19 04:16:00,2,0.0756366390370289,398.983270920327,0,FALSE
2019-05-19 04:17:00,2,0.0756366390370277,271.006077669673,0,FALSE
2019-05-19 04:18:00,0,0.0756366390370277,0,0,FALSE
2019-05-19 04:19:00,2,0.0754010108780351,41.3197539611632,0,FALSE
2019-05-19 04:20:00,6,0.0756759103968601,2745.97372837891,2,FALSE
2019-05-19 04:21:00,0,0.0756759103968601,0,0,FALSE
2019-05-19 04:22:00,0,0.0756759103968601,0,0,FALSE
2019-05-19 04:23:00,9,0.0756628199435837,2237.68169053142,2,FALSE
2019-05-19 04:24:00,4,0.0754795535976995,346.602110120636,0,FALSE
2019-05-19 04:25:00,0,0.0754795535976995,0,0,FALSE
2019-05-19 04:26:00,6,0.0754141013313119,2322.29097132022,2,FALSE
2019-05-19 04:27:00,1,0.075636639037029,2.8741922834071,0,FALSE
2019-05-19 04:28:00,0,0.075636639037029,0,0,FALSE
2019-05-19 04:29:00,0,0.075636639037029,0,0,FALSE
2019-05-19 04:30:00,1,0.0755580963173609,17.2272459603583,0,FALSE
2019-05-19 04:31:00,13,0.0757937244763576,902.260827373554,2,FALSE
2019-05-19 04:32:00,1,0.075636639037029,46.2139864516247,0,FALSE
2019-05-19 04:33:00,1,0.0759508099156875,2.430425917302,0,FALSE
2019-05-19 04:34:00,5,0.0760607697232179,542.337400741481,0,FALSE
2019-05-19 04:35:00,2,0.0759900812755197,235.025107992275,0,FALSE
2019-05-19 04:36:00,4,0.0762257094345136,1095.73573706517,0,FALSE
2019-05-19 04:37:00,3,0.0763697044205654,1029.13488812652,0,FALSE
2019-05-19 04:38:00,41,0.0781385120097601,7929.83359720173,32,FALSE
2019-05-19 04:39:00,44,0.0785070184284086,4798.00949042945,27,FALSE
2019-05-19 04:40:00,34,0.079623837100003,7496.84030761127,14,FALSE
2019-05-19 04:41:00,9,0.0793630547366725,751.08054387958,0,FALSE
2019-05-19 04:42:00,9,0.0784816308826573,254.488386638764,0,FALSE
2019-05-19 04:43:00,12,0.0782154583326838,1104.13391736531,0,FALSE
2019-05-19 04:44:00,1,0.0782285487859614,14.4722815254029,0,FALSE
2019-05-19 04:45:00,3,0.0786212623842845,667.40922024902,3,FALSE
2019-05-19 04:46:00,8,0.078532901824661,550.827790194506,2,FALSE
2019-05-19 04:47:00,9,0.0777572924679737,4650.55841526516,2,FALSE
2019-05-19 04:48:00,10,0.0769718652713273,1012.62544408117,4,FALSE
2019-05-19 04:49:00,3,0.0768147798319982,243.502852067434,0,FALSE
2019-05-19 04:50:00,24,0.0760555335419068,1402.49595303785,9,FALSE
2019-05-19 04:51:00,5,0.076249272250413,791.472551236065,2,FALSE
2019-05-19 04:52:00,5,0.0761236038989496,312.493677422761,0,FALSE
2019-05-19 04:53:00,3,0.0761078953550167,447.742748373563,0,FALSE
2019-05-19 04:54:00,1,0.0761078953550167,209.677251703071,0,FALSE
2019-05-19 04:55:00,12,0.0764482471402294,873.898658589061,3,FALSE
2019-05-19 04:56:00,9,0.0763086156386038,1904.67453975753,4,FALSE
2019-05-19 04:57:00,2,0.0768147798319983,408.961887825559,0,FALSE
2019-05-19 04:58:00,2,0.0768933225516629,339.717997827473,2,FALSE
2019-05-19 04:59:00,7,0.0773757992581734,434.762385808188,5,FALSE
2019-05-19 05:00:00,7,0.0770055264368979,399.88164254785,0,FALSE
2019-05-19 05:01:00,4,0.0768933225516622,354.862683575923,0,FALSE
2019-05-19 05:02:00,1,0.0769718652713275,537.648478920223,0,FALSE
2019-05-19 05:03:00,1,0.0769718652713273,333.826979681747,0,FALSE
2019-05-19 05:04:00,1,0.0769718652713275,27.6328996324066,0,FALSE
2019-05-19 05:05:00,28,0.0778582759646853,25151.6913699064,17,FALSE
2019-05-19 05:06:00,35,0.0794358625910912,8441.80536146552,19,FALSE
2019-05-19 05:07:00,24,0.0800186682716508,6692.04424066762,15,FALSE
2019-05-19 05:08:00,8,0.079769949659375,970.526075084619,6,FALSE
2019-05-19 05:09:00,13,0.0788206400572793,1771.05067476203,0,FALSE
2019-05-19 05:10:00,1,0.0787783478236138,2.52090713035564,0,FALSE
2019-05-19 05:11:00,4,0.078051827666716,169.904160977543,0,FALSE
2019-05-19 05:12:00,5,0.0768933225516628,579.462345130795,0,FALSE
2019-05-19 05:13:00,28,0.0769410092028861,2391.20081913156,19,FALSE
2019-05-19 05:14:00,6,0.0772336743368754,2142.33946855774,2,FALSE
2019-05-19 05:15:00,8,0.0773743967096087,1391.47585966987,2,FALSE
2019-05-19 05:16:00,5,0.0772074934303211,497.503174246203,0,FALSE
2019-05-19 05:17:00,5,0.076626277304803,855.634962900009,2,FALSE
2019-05-19 05:18:00,3,0.0762649807943459,5455.0576692712,0,FALSE
2019-05-19 05:19:00,3,0.0766576943926683,1185.24121391242,2,FALSE
2019-05-19 05:20:00,0,0.0766576943926683,0,0,FALSE
2019-05-19 05:21:00,0,0.0766576943926683,0,0,FALSE
2019-05-19 05:22:00,3,0.0767885989254405,41.0054259970639,0,FALSE
2019-05-19 05:23:00,5,0.0770189909031261,164.056419870353,2,FALSE
2019-05-19 05:24:00,1,0.0771289507106478,6.78734766253701,0,FALSE
2019-05-19 05:25:00,1,0.0768933225516617,52.1336726900266,0,FALSE
2019-05-19 05:26:00,1,0.0770504079909668,2.38856264771997,0,FALSE
2019-05-19 05:27:00,0,0.0770504079909668,0,0,FALSE
2019-05-19 05:28:00,0,0.0770504079909668,0,0,FALSE
2019-05-19 05:29:00,3,0.0763173426074557,73.2285192521117,0,FALSE
2019-05-19 05:30:00,2,0.0768933225516593,435.79710759705,0,FALSE
2019-05-19 05:31:00,2,0.0771289507106567,78.2876129111492,0,FALSE
2019-05-19 05:32:00,4,0.0768933225516629,157.188644462879,2,FALSE
2019-05-19 05:33:00,1,0.0767362371123337,47.5764670096469,0,FALSE
2019-05-19 05:34:00,3,0.0767100562057787,453.502521634728,0,FALSE
2019-05-19 05:35:00,6,0.0766707848459459,82.4246150413233,0,FALSE
2019-05-19 05:36:00,3,0.0771027698041019,288.180071666101,0,FALSE
2019-05-19 05:37:00,6,0.0765267898598947,349.851815146761,2,FALSE
2019-05-19 05:38:00,2,0.0764220662336751,58.5393027349952,0,FALSE
2019-05-19 05:39:00,8,0.0772271291102375,1574.70777766186,7,FALSE
2019-05-19 05:40:00,12,0.0779012874540255,1178.09217702583,7,FALSE
2019-05-19 05:41:00,17,0.0785889212644221,2043.57215566491,9,FALSE
2019-05-19 05:42:00,16,0.0794017806609517,3107.2723594896,2,FALSE
2019-05-19 05:43:00,32,0.0798681280589601,5819.66287033704,0,FALSE
2019-05-19 05:44:00,6,0.0788045287301686,653.885891862605,0,FALSE
2019-05-19 05:45:00,9,0.0780540094089288,2225.39462455253,0,FALSE
2019-05-19 05:46:00,1,0.0776787497483091,209.965660569679,0,FALSE
2019-05-19 05:47:00,2,0.0776394783884768,141.118175677741,0,FALSE
2019-05-19 05:48:00,2,0.077796563827806,408.072941324395,0,FALSE
2019-05-19 05:49:00,0,0.077796563827806,0,0,FALSE
2019-05-19 05:50:00,1,0.0776002070286445,9.31202484343734,0,FALSE
2019-05-19 05:51:00,1,0.0776002070286445,2.0952055897734,0,FALSE
2019-05-19 05:52:00,9,0.0780889172843354,974.896820348517,4,FALSE
2019-05-19 05:53:00,6,0.0783201819589028,755.783446304937,3,FALSE
2019-05-19 05:54:00,8,0.0788274370234041,574.421473382721,4,FALSE
2019-05-19 05:55:00,2,0.0790925187022722,117.373297754172,0,FALSE
2019-05-19 05:56:00,1,0.0790139759826076,19.6744800196693,0,FALSE
2019-05-19 05:57:00,2,0.0790925187022722,48.7209915205997,0,FALSE
2019-05-19 05:58:00,0,0.0790925187022722,0,0,FALSE
2019-05-19 05:59:00,0,0.0790925187022722,0,0,FALSE
2019-05-19 06:00:00,2,0.078935433262943,30.7702100266902,0,FALSE
2019-05-19 06:01:00,1,0.0787783478236138,18.1190199994312,0,FALSE
2019-05-19 06:02:00,0,0.0787783478236138,0,0,FALSE
2019-05-19 06:03:00,0,0.0787783478236138,0,0,FALSE
2019-05-19 06:04:00,8,0.0791514257420207,1478.09339925777,0,FALSE
2019-05-19 06:05:00,3,0.0794328704874851,78.6278599727356,3,FALSE
2019-05-19 06:06:00,11,0.0788568905432784,808.429688783497,4,FALSE
2019-05-19 06:07:00,1,0.0786212623842845,847.930314814509,0,FALSE
2019-05-19 06:08:00,5,0.0786212623842845,672.919384747091,0,FALSE
2019-05-19 06:09:00,2,0.0785427196646199,25.4478411713368,2,FALSE
2019-05-19 06:10:00,0,0.0785427196646199,0,0,FALSE
2019-05-19 06:11:00,2,0.0800517760849478,90.895984317442,0,FALSE
2019-05-19 06:12:00,4,0.0800116699846993,681.556971401631,2,FALSE
2019-05-19 06:13:00,0,0.0800116699846993,0,0,FALSE
2019-05-19 06:14:00,0,0.0800116699846993,0,0,FALSE
2019-05-19 06:15:00,2,0.07924965408009,381.111586471153,0,FALSE
2019-05-19 06:16:00,0,0.07924965408009,0,0,FALSE
2019-05-19 06:17:00,4,0.079169441879604,91.0029071806905,2,FALSE
2019-05-19 06:18:00,1,0.0790090174786322,16.0388305481623,0,FALSE
2019-05-19 06:19:00,6,0.0792897601803329,405.828093716684,0,FALSE
2019-05-19 06:20:00,7,0.0797767628261401,637.76279439253,5,FALSE
2019-05-19 06:21:00,3,0.0797844020833284,53.9956448791018,0,FALSE
2019-05-19 06:22:00,0,0.0797844020833284,0,0,FALSE
2019-05-19 06:23:00,24,0.0799882747595642,2081.15102192489,4,FALSE
2019-05-19 06:24:00,2,0.080212200485921,88.1532083340272,0,FALSE
2019-05-19 06:25:00,1,0.0802924126864069,15.0949735850445,0,FALSE
2019-05-19 06:26:00,3,0.0802924126864069,844.756473873687,0,FALSE
2019-05-19 06:27:00,3,0.0803993622870548,1164.22041217598,0,FALSE
2019-05-19 06:28:00,1,0.0802924126864069,196.475533843638,0,FALSE
2019-05-19 06:29:00,0,0.0802924126864069,0,0,FALSE
2019-05-19 06:30:00,0,0.0802924126864069,0,0,FALSE
2019-05-19 06:31:00,4,0.080192147435799,115.155923717807,0,FALSE
2019-05-19 06:32:00,7,0.0806705559172691,2194.25375394687,6,FALSE
2019-05-19 06:33:00,0,0.0806705559172691,0,0,FALSE
2019-05-19 06:34:00,0,0.0806705559172691,0,0,FALSE
2019-05-19 06:35:00,3,0.0802122004859208,180.672206316101,0,FALSE
2019-05-19 06:36:00,1,0.080212200485921,12.8339520777474,0,FALSE
2019-05-19 06:37:00,0,0.080212200485921,0,0,FALSE
2019-05-19 06:38:00,0,0.080212200485921,0,0,FALSE
2019-05-19 06:39:00,1,0.0799715638844562,9.11675828282801,0,FALSE
2019-05-19 06:40:00,2,0.0800918821851915,52.789173171593,0,FALSE
2019-05-19 06:41:00,1,0.0798913516839773,15.4989222266916,0,FALSE
2019-05-19 06:42:00,3,0.0798111394834903,82.1256625285118,0,FALSE
2019-05-19 06:43:00,1,0.0798111394834914,2.39433418450474,0,FALSE
2019-05-19 06:44:00,0,0.0798111394834914,0,0,FALSE
2019-05-19 06:45:00,0,0.0798111394834914,0,0,FALSE
2019-05-19 06:46:00,0,0.0798111394834914,0,0,FALSE
2019-05-19 06:47:00,2,0.0793298662805759,91.0706864901011,0,FALSE
2019-05-19 06:48:00,8,0.0788485930776603,402.206673289145,0,FALSE
2019-05-19 06:49:00,1,0.07924965408009,17.59342320578,0,FALSE
2019-05-19 06:50:00,11,0.0788996372052419,263.228528149023,0,FALSE
2019-05-19 06:51:00,1,0.0790090174786322,9.48108209743586,0,FALSE
2019-05-19 06:52:00,1,0.0790090174786322,9.48108209743586,0,FALSE
2019-05-19 06:53:00,0,0.0790090174786322,0,0,FALSE
2019-05-19 06:54:00,7,0.0792840307374411,517.852613339722,4,FALSE
2019-05-19 06:55:00,1,0.0794100784810618,9.13215902532211,0,FALSE
2019-05-19 06:56:00,0,0.0794100784810618,0,0,FALSE
2019-05-19 06:57:00,0,0.0794100784810618,0,0,FALSE
2019-05-19 06:58:00,1,0.0794100784810618,31.8434414709058,0,FALSE
2019-05-19 06:59:00,4,0.0793699723808188,82.3731973792122,0,FALSE
2019-05-19 07:00:00,3,0.0794902906815477,57.0962474888859,2,FALSE
2019-05-19 07:01:00,0,0.0794902906815477,0,0,FALSE
2019-05-19 07:02:00,3,0.0794902906815477,171.699027872143,0,FALSE
2019-05-19 07:03:00,3,0.0794902906815477,216.134100363128,0,FALSE
2019-05-19 07:04:00,0,0.0794902906815477,0,0,FALSE
2019-05-19 07:05:00,1,0.0794902906815477,39.7451453407739,0,FALSE
2019-05-19 07:06:00,1,0.0794902906815477,15.3416261015387,0,FALSE
2019-05-19 07:07:00,2,0.0791293357793611,129.964780383719,0,FALSE
2019-05-19 07:08:00,1,0.0794100784810618,15.1673249898828,0,FALSE
2019-05-19 07:09:00,5,0.0794100784810618,96.6420655114522,2,FALSE
2019-05-19 07:10:00,4,0.0794902906815477,48.4095870250626,0,FALSE
2019-05-19 07:11:00,0,0.0794902906815477,0,0,FALSE
2019-05-19 07:12:00,0,0.0794902906815477,0,0,FALSE
2019-05-19 07:13:00,0,0.0794902906815477,0,0,FALSE
2019-05-19 07:14:00,0,0.0794902906815477,0,0,FALSE
2019-05-19 07:15:00,1,0.07924965408009,39.624827040045,0,FALSE
2019-05-19 07:16:00,1,0.0793298662805759,167.544677584576,0,FALSE
2019-05-19 07:17:00,1,0.0794902906815477,2.62317959249107,0,FALSE
2019-05-19 07:18:00,0,0.0794902906815477,0,0,FALSE
2019-05-19 07:19:00,4,0.0796106089822766,506.902284365986,0,FALSE
2019-05-19 07:20:00,6,0.0799849325845439,570.85242374979,0,FALSE
2019-05-19 07:21:00,4,0.0796908211827616,310.666905850601,0,FALSE
2019-05-19 07:22:00,0,0.0796908211827616,0,0,FALSE
2019-05-19 07:23:00,0,0.0796908211827616,0,0,FALSE
2019-05-19 07:24:00,2,0.07993145778422,108.829587465483,0,FALSE
2019-05-19 07:25:00,16,0.080638327801002,2956.52048211403,5,FALSE
2019-05-19 07:26:00,64,0.0816973795105429,4880.57189877722,37,FALSE
2019-05-19 07:27:00,31,0.0823339425632905,3001.72575215409,11,FALSE
2019-05-19 07:28:00,18,0.0825383543000119,1501.75070481812,6,FALSE
2019-05-19 07:29:00,13,0.0832972851199949,4138.15007007128,8,FALSE
2019-05-19 07:30:00,26,0.0836150488373045,4775.68425969243,10,FALSE
2019-05-19 07:31:00,3,0.0836613251068156,137.455557150498,0,FALSE
2019-05-19 07:32:00,3,0.083795012107625,53.2228003274199,2,FALSE
2019-05-19 07:33:00,0,0.083795012107625,0,0,FALSE
2019-05-19 07:34:00,19,0.0839061834030356,1298.1469533539,15,FALSE
2019-05-19 07:35:00,10,0.0837736221874954,2351.96706275448,6,FALSE
2019-05-19 07:36:00,1,0.083260264104386,55.867637214043,0,FALSE
2019-05-19 07:37:00,1,0.083260264104386,4.66257478984562,0,FALSE
2019-05-19 07:38:00,0,0.083260264104386,0,0,FALSE
2019-05-19 07:39:00,0,0.083260264104386,0,0,FALSE
2019-05-19 07:40:00,8,0.0824080094742231,4126.12401527683,0,FALSE
2019-05-19 07:41:00,2,0.0828190970017134,47.2181149990447,2,FALSE
2019-05-19 07:42:00,5,0.0829394153024371,92.0694888105486,4,FALSE
2019-05-19 07:43:00,2,0.0829795214026851,201.196904176439,2,FALSE
2019-05-19 07:44:00,1,0.0827789909014703,419.937820843159,0,FALSE
2019-05-19 07:45:00,13,0.0820570810970972,1114.38986601931,4,FALSE
2019-05-19 07:46:00,11,0.0823050097167809,4292.1499550574,2,FALSE
2019-05-19 07:47:00,0,0.0823050097167809,0,0,FALSE
2019-05-19 07:48:00,0,0.0823050097167809,0,0,FALSE
2019-05-19 07:49:00,0,0.0823050097167809,0,0,FALSE
2019-05-19 07:50:00,2,0.0819768688966113,129.277522249956,0,FALSE
2019-05-19 07:51:00,3,0.0820838184972592,146.418709069396,2,FALSE
2019-05-19 07:52:00,2,0.0821372932975831,116.881368362461,0,FALSE
2019-05-19 07:53:00,5,0.0818806142560281,571.192363055451,0,FALSE
2019-05-19 07:54:00,1,0.0817362322951535,31.2232407367486,0,FALSE
2019-05-19 07:55:00,1,0.0818966566961253,61.7500791488785,0,FALSE
2019-05-19 07:56:00,0,0.0818966566961253,0,0,FALSE
2019-05-19 07:57:00,1,0.0818164444956394,9.40889111699853,0,FALSE
2019-05-19 07:58:00,0,0.0818164444956394,0,0,FALSE
2019-05-19 07:59:00,1,0.0818164444956394,92.3707658355769,0,FALSE
2019-05-19 08:00:00,1,0.0818164444956394,12.4360995633372,0,FALSE
2019-05-19 08:01:00,7,0.0816674789804505,826.09895561626,2,FALSE
2019-05-19 08:02:00,3,0.0815490704940196,587.6747670723,0,FALSE
2019-05-19 08:03:00,7,0.0810028636049963,4560.91248334235,2,FALSE
2019-05-19 08:04:00,4,0.0808137919895654,385.230482966105,0,FALSE
2019-05-19 08:05:00,1,0.0807736858893224,236.989994399272,0,FALSE
2019-05-19 08:06:00,1,0.0808538980898084,243.936210536952,0,FALSE
2019-05-19 08:07:00,1,0.0810945346912661,11.6776129955423,0,FALSE
2019-05-19 08:08:00,0,0.0810945346912661,0,0,FALSE
2019-05-19 08:09:00,0,0.0810945346912661,0,0,FALSE
2019-05-19 08:10:00,0,0.0810945346912661,0,0,FALSE
2019-05-19 08:11:00,1,0.0808538980898084,31.6138741531151,0,FALSE
2019-05-19 08:12:00,0,0.0808538980898084,0,0,FALSE
2019-05-19 08:13:00,0,0.0808538980898084,0,0,FALSE
2019-05-19 08:14:00,0,0.0808538980898084,0,0,FALSE
2019-05-19 08:15:00,5,0.0812068317719461,401.316558500352,2,FALSE
2019-05-19 08:16:00,0,0.0812068317719461,0,0,FALSE
2019-05-19 08:17:00,7,0.0810486991481312,1949.15599053468,2,FALSE
2019-05-19 08:18:00,1,0.0808538980898084,11.5621074268426,0,FALSE
2019-05-19 08:19:00,2,0.0811747468917521,5.27635854796388,0,FALSE
2019-05-19 08:20:00,1,0.0805330492878647,201.976887613965,0,FALSE
2019-05-19 08:21:00,2,0.0807736858893224,64.3289013945009,2,FALSE
2019-05-19 08:22:00,1,0.0807736858893225,11.6314107680624,0,FALSE
2019-05-19 08:23:00,8,0.0810243490158406,675.824766918306,6,FALSE
2019-05-19 08:24:00,1,0.0813351712927207,20.089787309302,0,FALSE
2019-05-19 08:25:00,2,0.0811747468917517,251.560540617539,0,FALSE
2019-05-19 08:26:00,2,0.0810945346912661,73.6338374996697,0,FALSE
2019-05-19 08:27:00,10,0.0811747468917519,1090.05950030692,8,FALSE
2019-05-19 08:28:00,2,0.0815758078941806,40.2984490997249,0,FALSE
2019-05-19 08:29:00,1,0.0814153834932098,183.591689777188,0,FALSE
2019-05-19 08:30:00,1,0.0814153834932098,24.0989535139901,0,FALSE
2019-05-19 08:31:00,5,0.0807576434492253,183.157661560359,3,FALSE
2019-05-19 08:32:00,0,0.0807576434492253,0,0,FALSE
2019-05-19 08:33:00,2,0.0807335797890795,86.2203349389179,0,FALSE
2019-05-19 08:34:00,0,0.0807335797890795,0,0,FALSE
2019-05-19 08:35:00,8,0.0799314577842175,224.798381623014,0,FALSE
2019-05-19 08:36:00,12,0.0803325187866499,1300.26696181274,9,FALSE
2019-05-19 08:37:00,0,0.0803325187866499,0,0,FALSE
2019-05-19 08:38:00,1,0.0802924126864069,8.43070333207273,0,FALSE
2019-05-19 08:39:00,6,0.0797710333832483,891.802052429485,0,FALSE
2019-05-19 08:40:00,5,0.0796667575226167,185.44739903543,0,FALSE
2019-05-19 08:41:00,5,0.0793298662805759,170.856318493838,2,FALSE
2019-05-19 08:42:00,3,0.0794100784810618,112.524081207665,0,FALSE
2019-05-19 08:43:00,1,0.0793298662805759,9.44025408738853,0,FALSE
2019-05-19 08:44:00,0,0.0793298662805759,0,0,FALSE
2019-05-19 08:45:00,0,0.0793298662805759,0,0,FALSE
2019-05-19 08:46:00,5,0.07924965408009,1122.01660246591,0,FALSE
2019-05-19 08:47:00,6,0.0795303967817907,126.99684875354,5,FALSE
2019-05-19 08:48:00,1,0.0795705028820336,157.470025203545,0,FALSE
2019-05-19 08:49:00,0,0.0795705028820336,0,0,FALSE
2019-05-19 08:50:00,2,0.0794902906815477,57.7894413254852,0,FALSE
2019-05-19 08:51:00,0,0.0794902906815477,0,0,FALSE
2019-05-19 08:52:00,0,0.0794902906815477,0,0,FALSE
2019-05-19 08:53:00,1,0.0795705028820336,80.2070669050899,0,FALSE
2019-05-19 08:54:00,1,0.0794902906815477,11.6850727301875,0,FALSE
2019-05-19 08:55:00,3,0.0793833410808998,178.168943963337,0,FALSE
2019-05-19 08:56:00,6,0.0792763914802519,4012.38351604879,2,FALSE
2019-05-19 08:57:00,0,0.0792763914802519,0,0,FALSE
2019-05-19 08:58:00,1,0.0794902906815477,23.6086163324197,0,FALSE
2019-05-19 08:59:00,7,0.079478831795764,1776.66310251433,3,FALSE
2019-05-19 09:00:00,2,0.0796908211827623,188.400170559717,0,FALSE
2019-05-19 09:01:00,3,0.0799180890841369,159.613134776126,2,FALSE
2019-05-19 09:02:00,0,0.0799180890841369,0,0,FALSE
2019-05-19 09:03:00,0,0.0799180890841369,0,0,FALSE
2019-05-19 09:04:00,0,0.0799180890841369,0,0,FALSE
2019-05-19 09:05:00,0,0.0799180890841369,0,0,FALSE
2019-05-19 09:06:00,2,0.0799314577842203,82.3790528698477,0,FALSE
2019-05-19 09:07:00,3,0.0800517760849491,1120.56444078832,3,FALSE
2019-05-19 09:08:00,1,0.0801319882854351,326.617984251433,0,FALSE
2019-05-19 09:09:00,0,0.0801319882854351,0,0,FALSE
2019-05-19 09:10:00,2,0.0797309272830055,31.5734472040702,0,FALSE
2019-05-19 09:11:00,11,0.0797528033376835,520.344966833221,0,FALSE
2019-05-19 09:12:00,40,0.0798111394834913,3019.41502893944,0,FALSE
2019-05-19 09:13:00,15,0.079811139483491,306.315153337638,0,FALSE
2019-05-19 09:14:00,1,0.0798111394834913,793.961215581772,0,FALSE
2019-05-19 09:15:00,0,0.0798111394834913,0,0,FALSE
2019-05-19 09:16:00,0,0.0798111394834913,0,0,FALSE
2019-05-19 09:17:00,2,0.0798111394834911,103.993914746988,0,FALSE
2019-05-19 09:18:00,0,0.0798111394834911,0,0,FALSE
2019-05-19 09:19:00,1,0.0798111394834914,2.55395646347172,0,FALSE
2019-05-19 09:20:00,0,0.0798111394834914,0,0,FALSE
2019-05-19 09:21:00,1,0.0798111394834914,553.171007760079,0,FALSE
2019-05-19 09:22:00,0,0.0798111394834914,0,0,FALSE
2019-05-19 09:23:00,0,0.0798111394834914,0,0,FALSE
2019-05-19 09:24:00,1,0.0798111394834914,92.8203552193005,0,FALSE
2019-05-19 09:25:00,1,0.0798111394834914,2.7933898819222,0,FALSE
2019-05-19 09:26:00,0,0.0798111394834914,0,0,FALSE
2019-05-19 09:27:00,0,0.0798111394834914,0,0,FALSE
2019-05-19 09:28:00,1,0.0794902906815477,8.10800964951787,0,FALSE
2019-05-19 09:29:00,0,0.0794902906815477,0,0,FALSE
2019-05-19 09:30:00,0,0.0794902906815477,0,0,FALSE
2019-05-19 09:31:00,0,0.0794902906815477,0,0,FALSE
2019-05-19 09:32:00,0,0.0794902906815477,0,0,FALSE
2019-05-19 09:33:00,0,0.0794902906815477,0,0,FALSE
2019-05-19 09:34:00,1,0.0794902906815477,16.6134707524435,0,FALSE
2019-05-19 09:35:00,0,0.0794902906815477,0,0,FALSE
2019-05-19 09:36:00,0,0.0794902906815477,0,0,FALSE
2019-05-19 09:37:00,0,0.0794902906815477,0,0,FALSE
2019-05-19 09:38:00,1,0.0794902906815477,119.235436022322,0,FALSE
2019-05-19 09:39:00,0,0.0794902906815477,0,0,FALSE
2019-05-19 09:40:00,1,0.0794902906815477,16.6134707524435,0,FALSE
2019-05-19 09:41:00,1,0.0794100784810618,79.4100784810618,0,FALSE
2019-05-19 09:42:00,2,0.0794501845813048,375.335024640958,0,FALSE
2019-05-19 09:43:00,0,0.0794501845813048,0,0,FALSE
2019-05-19 09:44:00,1,0.0795705028820336,188.900373841948,0,FALSE
2019-05-19 09:45:00,2,0.0795705028820331,117.366491750999,0,FALSE
2019-05-19 09:46:00,1,0.0795705028820336,35.2497327767409,0,FALSE
2019-05-19 09:47:00,5,0.0796988424028111,31.6328844446302,4,FALSE
2019-05-19 09:48:00,2,0.0796507150825196,8.92088008924219,0,FALSE
2019-05-19 09:49:00,0,0.0796507150825196,0,0,FALSE
2019-05-19 09:50:00,9,0.0798289644169321,4974.76412326144,4,FALSE
2019-05-19 09:51:00,8,0.0803124657365283,512.713818715591,0,FALSE
2019-05-19 09:52:00,1,0.0804528370873788,374.186145293399,0,FALSE
2019-05-19 09:53:00,0,0.0804528370873788,0,0,FALSE
2019-05-19 09:54:00,0,0.0804528370873788,0,0,FALSE
2019-05-19 09:55:00,2,0.0803726248868928,33.5957572027212,0,FALSE
2019-05-19 09:56:00,0,0.0803726248868928,0,0,FALSE
2019-05-19 09:57:00,2,0.0804528370873788,27.9171344693204,0,FALSE
2019-05-19 09:58:00,4,0.0804127309871357,1944.33628004408,2,FALSE
2019-05-19 09:59:00,0,0.0804127309871357,0,0,FALSE
2019-05-19 10:00:00,0,0.0804127309871357,0,0,FALSE
2019-05-19 10:01:00,10,0.0800678185250442,387.202259278445,5,FALSE
2019-05-19 10:02:00,1,0.0801319882854351,15.8661336805161,0,FALSE
2019-05-19 10:03:00,1,0.0801319882854329,28.7673837944704,0,FALSE
2019-05-19 10:04:00,4,0.0799314577842186,95.6683696097512,0,FALSE
2019-05-19 10:05:00,2,0.0798512455837332,42.1690778272571,0,FALSE
2019-05-19 10:06:00,2,0.0798913516839762,43.5669358451252,2,FALSE
2019-05-19 10:07:00,0,0.0798913516839762,0,0,FALSE
2019-05-19 10:08:00,5,0.0799555214443647,246.801630974908,2,FALSE
2019-05-19 10:09:00,2,0.0799715638844632,1650.67420027209,2,FALSE
2019-05-19 10:10:00,4,0.0800517760849469,114.954350457984,0,FALSE
2019-05-19 10:11:00,6,0.0800651447850287,438.269837991011,2,FALSE
2019-05-19 10:12:00,0,0.0800651447850287,0,0,FALSE
2019-05-19 10:13:00,0,0.0800651447850287,0,0,FALSE
2019-05-19 10:14:00,0,0.0800651447850287,0,0,FALSE
2019-05-19 10:15:00,0,0.0800651447850287,0,0,FALSE
2019-05-19 10:16:00,0,0.0800651447850287,0,0,FALSE
2019-05-19 10:17:00,0,0.0800651447850287,0,0,FALSE
2019-05-19 10:18:00,0,0.0800651447850287,0,0,FALSE
2019-05-19 10:19:00,0,0.0800651447850287,0,0,FALSE
2019-05-19 10:20:00,4,0.0800317230348275,1451.16480036947,2,FALSE
2019-05-19 10:21:00,1,0.0800517760849443,13.2885948301008,0,FALSE
2019-05-19 10:22:00,0,0.0800517760849443,0,0,FALSE
2019-05-19 10:23:00,0,0.0800517760849443,0,0,FALSE
2019-05-19 10:24:00,0,0.0800517760849443,0,0,FALSE
2019-05-19 10:25:00,0,0.0800517760849443,0,0,FALSE
2019-05-19 10:26:00,0,0.0800517760849443,0,0,FALSE
2019-05-19 10:27:00,0,0.0800517760849443,0,0,FALSE
2019-05-19 10:28:00,1,0.0798111394834911,240.630585542726,0,FALSE
2019-05-19 10:29:00,0,0.0798111394834911,0,0,FALSE
2019-05-19 10:30:00,0,0.0798111394834911,0,0,FALSE
2019-05-19 10:31:00,1,0.0798111394834914,124.265944175796,0,FALSE
2019-05-19 10:32:00,0,0.0798111394834914,0,0,FALSE
2019-05-19 10:33:00,1,0.0798111394834913,752.459423050356,0,FALSE
2019-05-19 10:34:00,0,0.0798111394834913,0,0,FALSE
2019-05-19 10:35:00,0,0.0798111394834913,0,0,FALSE
2019-05-19 10:36:00,0,0.0798111394834913,0,0,FALSE
2019-05-19 10:37:00,3,0.0798913516839772,227.523350497923,0,FALSE
2019-05-19 10:38:00,10,0.0800517760849487,581.194022334037,2,FALSE
2019-05-19 10:39:00,24,0.0802255691860019,5647.86271812183,3,FALSE
2019-05-19 10:40:00,4,0.0803325187866499,517.228081146739,0,FALSE
2019-05-19 10:41:00,14,0.0804585665302706,1276.24854134804,8,FALSE
2019-05-19 10:42:00,5,0.0806934736888365,150.331941482302,0,FALSE
2019-05-19 10:43:00,0,0.0806934736888365,0,0,FALSE
2019-05-19 10:44:00,2,0.0806934736888365,104.175274532288,0,FALSE
2019-05-19 10:45:00,0,0.0806934736888365,0,0,FALSE
2019-05-19 10:46:00,12,0.0793276261113783,1434.86362405761,0,FALSE
2019-05-19 10:47:00,3,0.079439494186359,38.6870336687569,2,FALSE
2019-05-19 10:48:00,0,0.079439494186359,0,0,FALSE
2019-05-19 10:49:00,2,0.0789262171364446,59.9229635033095,0,FALSE
2019-05-19 10:50:00,6,0.0786498371864937,294.258258223671,2,FALSE
2019-05-19 10:51:00,0,0.0786498371864937,0,0,FALSE
2019-05-19 10:52:00,1,0.0783339743865489,15.7451288516963,0,FALSE
2019-05-19 10:53:00,4,0.0783339743865489,635.014047501759,0,FALSE
2019-05-19 10:54:00,0,0.0783339743865489,0,0,FALSE
2019-05-19 10:55:00,0,0.0783339743865489,0,0,FALSE
2019-05-19 10:56:00,2,0.0784129400865353,32.9365934643443,0,FALSE
2019-05-19 10:57:00,0,0.0784129400865353,0,0,FALSE
2019-05-19 10:58:00,3,0.0785708714865082,92.3993448681336,0,FALSE
2019-05-19 10:59:00,1,0.0785708714865082,36.4568843697398,0,FALSE
2019-05-19 11:00:00,0,0.0785708714865082,0,0,FALSE
2019-05-19 11:01:00,0,0.0785708714865082,0,0,FALSE
2019-05-19 11:02:00,7,0.0781083581008733,675.566093072795,0,FALSE
2019-05-19 11:03:00,9,0.0782550086865624,557.253916857011,0,FALSE
2019-05-19 11:04:00,3,0.0782550086865624,78.4897737126221,0,FALSE
2019-05-19 11:05:00,0,0.0782550086865624,0,0,FALSE
2019-05-19 11:06:00,4,0.0781168187115862,229.130270605755,0,FALSE
2019-05-19 11:07:00,0,0.0781168187115862,0,0,FALSE
2019-05-19 11:08:00,3,0.078123399186585,123.481034039796,0,FALSE
2019-05-19 11:09:00,4,0.078176042986576,234.293600830768,0,FALSE
2019-05-19 11:10:00,6,0.078123399186585,1944.18583481705,0,FALSE
2019-05-19 11:11:00,25,0.0780970772865896,424.145226743468,0,FALSE
2019-05-19 11:12:00,1,0.078176042986576,196.143691853319,0,FALSE
2019-05-19 11:13:00,1,0.0782550086865624,46.4834751598181,0,FALSE
2019-05-19 11:14:00,0,0.0782550086865624,0,0,FALSE
2019-05-19 11:15:00,3,0.0782550086865624,101.731511292531,0,FALSE
2019-05-19 11:16:00,4,0.0780970772865896,472.23407458401,2,FALSE
2019-05-19 11:17:00,0,0.0780970772865896,0,0,FALSE
2019-05-19 11:18:00,0,0.0780970772865896,0,0,FALSE
2019-05-19 11:19:00,4,0.0780378530115997,315.102991980492,2,FALSE
2019-05-19 11:20:00,1,0.0782550086865624,236.721401276851,0,FALSE
2019-05-19 11:21:00,0,0.0782550086865624,0,0,FALSE
2019-05-19 11:22:00,0,0.0782550086865624,0,0,FALSE
2019-05-19 11:23:00,0,0.0782550086865624,0,0,FALSE
2019-05-19 11:24:00,0,0.0782550086865624,0,0,FALSE
2019-05-19 11:25:00,2,0.0780970772865895,62.5557589065582,0,FALSE
2019-05-19 11:26:00,1,0.0780970772865896,223.670029348792,0,FALSE
2019-05-19 11:27:00,1,0.0780970772865896,46.4677609855208,0,FALSE
2019-05-19 11:28:00,1,0.0780970772865896,89.4211534931451,0,FALSE
2019-05-19 11:29:00,0,0.0780970772865896,0,0,FALSE
2019-05-19 11:30:00,5,0.0778601801866302,103.702811026993,0,FALSE
2019-05-19 11:31:00,2,0.0777812144866438,264.611691683562,0,FALSE
2019-05-19 11:32:00,0,0.0777812144866438,0,0,FALSE
2019-05-19 11:33:00,0,0.0777812144866438,0,0,FALSE
2019-05-19 11:34:00,6,0.0778338582866348,822.018801998547,0,FALSE
2019-05-19 11:35:00,0,0.0778338582866348,0,0,FALSE
2019-05-19 11:36:00,25,0.0778254352786362,768.696107562903,8,FALSE
2019-05-19 11:37:00,10,0.0779391458866167,288.240361193405,6,FALSE
2019-05-19 11:38:00,8,0.0779292751741184,213.369032751261,2,FALSE
2019-05-19 11:39:00,1,0.0778601801866302,100.05033153982,0,FALSE
2019-05-19 11:40:00,0,0.0778601801866302,0,0,FALSE
2019-05-19 11:41:00,2,0.0778996630366235,497.844151437913,2,FALSE
2019-05-19 11:42:00,0,0.0778996630366235,0,0,FALSE
2019-05-19 11:43:00,0,0.0778996630366235,0,0,FALSE
2019-05-19 11:44:00,0,0.0778996630366235,0,0,FALSE
2019-05-19 11:45:00,2,0.0779391458866167,61.2601686668807,0,FALSE
2019-05-19 11:46:00,0,0.0779391458866167,0,0,FALSE
2019-05-19 11:47:00,4,0.0779391458866167,61.7278035422004,0,FALSE
2019-05-19 11:48:00,2,0.0779391458866167,24.0052569330779,0,FALSE
2019-05-19 11:49:00,0,0.0779391458866167,0,0,FALSE
2019-05-19 11:50:00,0,0.0779391458866167,0,0,FALSE
2019-05-19 11:51:00,0,0.0779391458866167,0,0,FALSE
2019-05-19 11:52:00,0,0.0779391458866167,0,0,FALSE
2019-05-19 11:53:00,0,0.0779391458866167,0,0,FALSE
2019-05-19 11:54:00,0,0.0779391458866167,0,0,FALSE
2019-05-19 11:55:00,0,0.0779391458866167,0,0,FALSE
2019-05-19 11:56:00,2,0.0777812144866438,88.9039281582339,0,FALSE
2019-05-19 11:57:00,1,0.0777812144866438,8.94483966596404,0,FALSE
2019-05-19 11:58:00,0,0.0777812144866438,0,0,FALSE
2019-05-19 11:59:00,0,0.0777812144866438,0,0,FALSE
2019-05-19 12:00:00,1,0.0777812144866438,24.5010825632928,0,FALSE
2019-05-19 12:01:00,0,0.0777812144866438,0,0,FALSE
2019-05-19 12:02:00,0,0.0777812144866438,0,0,FALSE
2019-05-19 12:03:00,1,0.0777022487866574,683.779789322585,0,FALSE
2019-05-19 12:04:00,0,0.0777022487866574,0,0,FALSE
2019-05-19 12:05:00,0,0.0777022487866574,0,0,FALSE
2019-05-19 12:06:00,0,0.0777022487866574,0,0,FALSE
2019-05-19 12:07:00,2,0.0776627659366638,111.185205929207,0,FALSE
2019-05-19 12:08:00,0,0.0776627659366638,0,0,FALSE
2019-05-19 12:09:00,0,0.0776627659366638,0,0,FALSE
2019-05-19 12:10:00,0,0.0776627659366638,0,0,FALSE
2019-05-19 12:11:00,0,0.0776627659366638,0,0,FALSE
2019-05-19 12:12:00,0,0.0776627659366638,0,0,FALSE
2019-05-19 12:13:00,0,0.0776627659366638,0,0,FALSE
2019-05-19 12:14:00,0,0.0776627659366638,0,0,FALSE
2019-05-19 12:15:00,1,0.0776232830866709,40.9850934697622,0,FALSE
2019-05-19 12:16:00,1,0.0776232830866709,72.888262818384,0,FALSE
2019-05-19 12:17:00,1,0.0777812144866438,86.7260541526078,0,FALSE
2019-05-19 12:18:00,0,0.0777812144866438,0,0,FALSE
2019-05-19 12:19:00,0,0.0777812144866438,0,0,FALSE
2019-05-19 12:20:00,0,0.0777812144866438,0,0,FALSE
2019-05-19 12:21:00,1,0.0777812144866438,78.6368078459969,0,FALSE
2019-05-19 12:22:00,3,0.0777812144866438,106.534836891306,2,FALSE
2019-05-19 12:23:00,0,0.0777812144866438,0,0,FALSE
2019-05-19 12:24:00,0,0.0777812144866438,0,0,FALSE
2019-05-19 12:25:00,0,0.0777812144866438,0,0,FALSE
2019-05-19 12:26:00,0,0.0777812144866438,0,0,FALSE
2019-05-19 12:27:00,0,0.0777812144866438,0,0,FALSE
2019-05-19 12:28:00,0,0.0777812144866438,0,0,FALSE
2019-05-19 12:29:00,0,0.0777812144866438,0,0,FALSE
2019-05-19 12:30:00,0,0.0777812144866438,0,0,FALSE
2019-05-19 12:31:00,0,0.0777812144866438,0,0,FALSE
2019-05-19 12:32:00,0,0.0777812144866438,0,0,FALSE
2019-05-19 12:33:00,1,0.0777022487866574,9.55737660075886,0,FALSE
2019-05-19 12:34:00,0,0.0777022487866574,0,0,FALSE
2019-05-19 12:35:00,10,0.077465351686698,702.998066556785,0,FALSE
2019-05-19 12:36:00,0,0.077465351686698,0,0,FALSE
2019-05-19 12:37:00,2,0.0774653516866979,375.939351735545,0,FALSE
2019-05-19 12:38:00,0,0.0774653516866979,0,0,FALSE
2019-05-19 12:39:00,1,0.0776232830866709,81.7373170902645,0,FALSE
2019-05-19 12:40:00,1,0.0776232830866709,718.636354816399,0,FALSE
2019-05-19 12:41:00,0,0.0776232830866709,0,0,FALSE
2019-05-19 12:42:00,0,0.0776232830866709,0,0,FALSE
2019-05-19 12:43:00,1,0.0775443173866845,18.1453702684842,0,FALSE
2019-05-19 12:44:00,2,0.0775443173866811,38.8497030107273,0,FALSE
2019-05-19 12:45:00,2,0.0775443173866845,207.198416057221,0,FALSE
2019-05-19 12:46:00,2,0.0775048345366904,85.5707859618054,2,FALSE
2019-05-19 12:47:00,0,0.0775048345366904,0,0,FALSE
2019-05-19 12:48:00,0,0.0775048345366904,0,0,FALSE
2019-05-19 12:49:00,0,0.0775048345366904,0,0,FALSE
2019-05-19 12:50:00,2,0.0775443173866838,222.474646582396,0,FALSE
2019-05-19 12:51:00,0,0.0775443173866838,0,0,FALSE
2019-05-19 12:52:00,7,0.0776007214581021,1127.90104815732,4,FALSE
2019-05-19 12:53:00,4,0.0776232830866709,531.098502879002,0,FALSE
2019-05-19 12:54:00,7,0.0776232830866709,2319.69419176207,0,FALSE
2019-05-19 12:55:00,11,0.0776232830866709,1922.03011250906,0,FALSE
2019-05-19 12:56:00,18,0.0776847008533269,2274.48459127444,5,FALSE
2019-05-19 12:57:00,1,0.0779391458866167,210.045998164432,0,FALSE
2019-05-19 12:58:00,2,0.0779391458866167,322.122489949387,0,FALSE
2019-05-19 12:59:00,6,0.0781497210865805,986.86601797624,2,FALSE
2019-05-19 13:00:00,5,0.0784919057865218,2854.7087616348,0,FALSE
2019-05-19 13:01:00,2,0.0786103543365003,120.176635358162,0,FALSE
2019-05-19 13:02:00,1,0.0788077685864675,33.9661482607675,0,FALSE
2019-05-19 13:03:00,2,0.0790051828364336,477.809526797253,0,FALSE
2019-05-19 13:04:00,1,0.0790446656864268,72.2468244373941,0,FALSE
2019-05-19 13:05:00,20,0.079463183896355,2829.02895806781,15,FALSE
2019-05-19 13:06:00,3,0.079834322686291,146.680446004512,0,FALSE
2019-05-19 13:07:00,15,0.0801449211062371,1870.70817201397,6,FALSE
2019-05-19 13:08:00,23,0.0808437103295958,4070.16397724049,7,FALSE
2019-05-19 13:09:00,21,0.0812181025717659,2642.7377376361,7,FALSE
2019-05-19 13:10:00,7,0.0807931919004123,263.69276783282,0,FALSE
2019-05-19 13:11:00,1,0.0805450139861692,104.789063196006,0,FALSE
2019-05-19 13:12:00,3,0.079965932186267,70.9885849738094,0,FALSE
2019-05-19 13:13:00,15,0.0796342762463252,1967.7683883581,2,FALSE
2019-05-19 13:14:00,2,0.0799132883862777,132.336405567676,0,FALSE
2019-05-19 13:15:00,3,0.0798080007862957,730.134313494324,0,FALSE
2019-05-19 13:16:00,4,0.0795382013113421,1482.79288221848,2,FALSE
2019-05-19 13:17:00,2,0.079439494186359,157.290988145991,0,FALSE
2019-05-19 13:18:00,1,0.0795974255863319,8.03933998421952,0,FALSE
2019-05-19 13:19:00,0,0.0795974255863319,0,0,FALSE
2019-05-19 13:20:00,4,0.0788472514364605,948.916997739556,4,FALSE
2019-05-19 13:21:00,4,0.0785511300615106,82.6795358225019,2,FALSE
2019-05-19 13:22:00,0,0.0785511300615106,0,0,FALSE
2019-05-19 13:23:00,4,0.0783339743865489,43.5483990570221,2,FALSE
2019-05-19 13:24:00,5,0.0783339743865487,662.470421387043,0,FALSE
2019-05-19 13:25:00,1,0.0779391458866167,39.9827818398344,0,FALSE
2019-05-19 13:26:00,4,0.0779983701616065,308.050012554803,0,FALSE
2019-05-19 13:27:00,4,0.0783734572365421,12.5488342133452,3,FALSE
2019-05-19 13:28:00,1,0.0784129400865081,2.27397526250873,0,FALSE
2019-05-19 13:29:00,2,0.0783339743865489,193.724261771435,0,FALSE
2019-05-19 13:30:00,0,0.0783339743865489,0,0,FALSE
2019-05-19 13:31:00,0,0.0783339743865489,0,0,FALSE
2019-05-19 13:32:00,3,0.0777812144866438,423.052025592856,0,FALSE
2019-05-19 13:33:00,0,0.0777812144866438,0,0,FALSE
2019-05-19 13:34:00,0,0.0777812144866438,0,0,FALSE
2019-05-19 13:35:00,0,0.0777812144866438,0,0,FALSE
2019-05-19 13:36:00,3,0.0782023648865715,514.2258227972,2,FALSE
2019-05-19 13:37:00,13,0.0786012429095798,5131.89216363767,10,FALSE
2019-05-19 13:38:00,5,0.0788077685864659,140.032007859853,2,FALSE
2019-05-19 13:39:00,4,0.0791433728114099,323.447455429459,3,FALSE
2019-05-19 13:40:00,3,0.0790709875864223,187.381026057224,0,FALSE
2019-05-19 13:41:00,0,0.0790709875864223,0,0,FALSE
2019-05-19 13:42:00,1,0.0788867342864461,7.88867342864461,0,FALSE
2019-05-19 13:43:00,1,0.078886734286454,428.90717431545,0,FALSE
2019-05-19 13:44:00,0,0.078886734286454,0,0,FALSE
2019-05-19 13:45:00,0,0.078886734286454,0,0,FALSE
2019-05-19 13:46:00,0,0.078886734286454,0,0,FALSE
2019-05-19 13:47:00,1,0.0787288028864811,69.9111769631952,0,FALSE
2019-05-19 13:48:00,1,0.0787288028864811,118.093204329722,0,FALSE
2019-05-19 13:49:00,1,0.0787288028864811,201.939379403824,0,FALSE
2019-05-19 13:50:00,0,0.0787288028864811,0,0,FALSE
2019-05-19 13:51:00,0,0.0787288028864811,0,0,FALSE
2019-05-19 13:52:00,4,0.0788077685864665,149.025490397008,2,FALSE
2019-05-19 13:53:00,0,0.0788077685864665,0,0,FALSE
2019-05-19 13:54:00,2,0.0786103543364991,15.795035174087,0,FALSE
2019-05-19 13:55:00,0,0.0786103543364991,0,0,FALSE
2019-05-19 13:56:00,0,0.0786103543364991,0,0,FALSE
2019-05-19 13:57:00,0,0.0786103543364991,0,0,FALSE
2019-05-19 13:58:00,0,0.0786103543364991,0,0,FALSE
2019-05-19 13:59:00,0,0.0786103543364991,0,0,FALSE
2019-05-19 14:00:00,0,0.0786103543364991,0,0,FALSE
2019-05-19 14:01:00,0,0.0786103543364991,0,0,FALSE
2019-05-19 14:02:00,5,0.0778759733266275,308.836747823768,4,FALSE
2019-05-19 14:03:00,1,0.0776232830866709,70.3266944765239,0,FALSE
2019-05-19 14:04:00,0,0.0776232830866709,0,0,FALSE
2019-05-19 14:05:00,0,0.0776232830866709,0,0,FALSE
2019-05-19 14:06:00,1,0.0777022487866574,8.70265186410562,0,FALSE
2019-05-19 14:07:00,2,0.0777022487866574,176.850318238432,0,FALSE
2019-05-19 14:08:00,1,0.0777022487866574,3.18579220025295,0,FALSE
2019-05-19 14:09:00,0,0.0777022487866574,0,0,FALSE
2019-05-19 14:10:00,0,0.0777022487866574,0,0,FALSE
2019-05-19 14:11:00,2,0.0778601801866302,88.2155841514521,0,FALSE
2019-05-19 14:12:00,2,0.0779391458866167,86.8458451194873,0,FALSE
2019-05-19 14:13:00,4,0.0780773358615929,126.945101366802,3,FALSE
2019-05-19 14:14:00,4,0.0779983701616065,1681.43520675077,0,FALSE
2019-05-19 14:15:00,3,0.0779654677866122,2480.71157129042,0,FALSE
2019-05-19 14:16:00,0,0.0779654677866122,0,0,FALSE
2019-05-19 14:17:00,0,0.0779654677866122,0,0,FALSE
2019-05-19 14:18:00,0,0.0779654677866122,0,0,FALSE
2019-05-19 14:19:00,6,0.0778601801866302,650.288224918736,0,FALSE
2019-05-19 14:20:00,1,0.0778601801866302,10.2775437846352,0,FALSE
2019-05-19 14:21:00,1,0.0778601801866302,155.72036037326,0,FALSE
2019-05-19 14:22:00,1,0.0778601801866302,26.8617621643874,0,FALSE
2019-05-19 14:23:00,0,0.0778601801866302,0,0,FALSE
2019-05-19 14:24:00,0,0.0778601801866302,0,0,FALSE
2019-05-19 14:25:00,0,0.0778601801866302,0,0,FALSE
2019-05-19 14:26:00,5,0.077465351686698,1076.98909757656,0,FALSE
2019-05-19 14:27:00,0,0.077465351686698,0,0,FALSE
2019-05-19 14:28:00,2,0.0772284545867387,311.539585802904,0,FALSE
2019-05-19 14:29:00,0,0.0772284545867387,0,0,FALSE
2019-05-19 14:30:00,0,0.0772284545867387,0,0,FALSE
2019-05-19 14:31:00,1,0.0772284545867387,239.253752309717,0,FALSE
2019-05-19 14:32:00,0,0.0772284545867387,0,0,FALSE
2019-05-19 14:33:00,4,0.0770310403367723,402.228533609331,0,FALSE
2019-05-19 14:34:00,8,0.0770014281992767,1515.75356022132,0,FALSE
2019-05-19 14:35:00,2,0.0769520746367862,447.924878671685,0,FALSE
2019-05-19 14:36:00,0,0.0769520746367862,0,0,FALSE
2019-05-19 14:37:00,5,0.0771494888867523,848.164976989656,2,FALSE
2019-05-19 14:38:00,2,0.0772679374367319,524.514026951332,0,FALSE
2019-05-19 14:39:00,4,0.0776430245116653,87.3760208291946,3,FALSE
2019-05-19 14:40:00,0,0.0776430245116653,0,0,FALSE
2019-05-19 14:41:00,0,0.0776430245116653,0,0,FALSE
2019-05-19 14:42:00,0,0.0776430245116653,0,0,FALSE
2019-05-19 14:43:00,0,0.0776430245116653,0,0,FALSE
2019-05-19 14:44:00,0,0.0776430245116653,0,0,FALSE
2019-05-19 14:45:00,0,0.0776430245116653,0,0,FALSE
2019-05-19 14:46:00,0,0.0776430245116653,0,0,FALSE
2019-05-19 14:47:00,0,0.0776430245116653,0,0,FALSE
2019-05-19 14:48:00,4,0.0772087131617421,5326.39321099988,0,FALSE
2019-05-19 14:49:00,46,0.0762928827064643,21426.8618691734,6,FALSE
2019-05-19 14:50:00,12,0.0761887395369171,931.089622344917,0,FALSE
2019-05-19 14:51:00,5,0.0762808661869014,448.684054911354,0,FALSE
2019-05-19 14:52:00,1,0.0762808661869014,78.950696503443,0,FALSE
2019-05-19 14:53:00,4,0.076300607611898,1191.22103710835,2,FALSE
2019-05-19 14:54:00,5,0.0763914181668824,502.46301316152,0,FALSE
2019-05-19 14:55:00,3,0.0764914413868653,94.7623144745279,2,FALSE
2019-05-19 14:56:00,2,0.0763598318868879,86.0575305365226,0,FALSE
2019-05-19 14:57:00,1,0.0763598318868879,2.67259411604108,0,FALSE
2019-05-19 14:58:00,0,0.0763598318868879,0,0,FALSE
2019-05-19 14:59:00,1,0.0763598318868879,127.673638914877,0,FALSE
2019-05-19 15:00:00,8,0.076428926874376,145.495486710516,0,FALSE
2019-05-19 15:01:00,9,0.0764475715535395,824.394800945439,0,FALSE
2019-05-19 15:02:00,1,0.0764387975868743,16.2050250884174,0,FALSE
2019-05-19 15:03:00,1,0.0765177632868607,16.2217658168145,0,FALSE
2019-05-19 15:04:00,1,0.0763598318868879,1390.58889849212,0,FALSE
2019-05-19 15:05:00,1,0.0764387975868743,9.32553330559867,0,FALSE
2019-05-19 15:06:00,2,0.0764387975868743,247.279510193538,0,FALSE
2019-05-19 15:07:00,2,0.0764387975868743,109.001725358883,0,FALSE
2019-05-19 15:08:00,3,0.0764387975868743,165.948629561104,0,FALSE
2019-05-19 15:09:00,1,0.0764387975868743,78.9612779072412,0,FALSE
2019-05-19 15:10:00,1,0.0764387975868743,25.9891911795373,0,FALSE
2019-05-19 15:11:00,2,0.0763598318868879,116.891662238728,0,FALSE
2019-05-19 15:12:00,2,0.0762808661869014,105.038752739363,0,FALSE
2019-05-19 15:13:00,2,0.0762808661869014,741.75514280143,0,FALSE
2019-05-19 15:14:00,0,0.0762808661869014,0,0,FALSE
2019-05-19 15:15:00,2,0.0761229347869255,18.8784878271575,0,FALSE
2019-05-19 15:16:00,4,0.0761031933619305,896.565028653846,0,FALSE
2019-05-19 15:17:00,2,0.0760439690869421,532.231739639507,0,FALSE
2019-05-19 15:18:00,3,0.0761492566869235,498.031221181179,2,FALSE
2019-05-19 15:19:00,2,0.0760439690869421,77.6616604168643,0,FALSE
2019-05-19 15:20:00,1,0.0759650033869547,63.5067428314942,0,FALSE
2019-05-19 15:21:00,0,0.0759650033869547,0,0,FALSE
2019-05-19 15:22:00,0,0.0759650033869547,0,0,FALSE
2019-05-19 15:23:00,3,0.0768268967921262,373.200438567283,2,FALSE
2019-05-19 15:24:00,0,0.0768268967921262,0,0,FALSE
2019-05-19 15:25:00,0,0.0768268967921262,0,0,FALSE
2019-05-19 15:26:00,1,0.076826896792123,15.5190331520088,0,FALSE
2019-05-19 15:27:00,2,0.0770261366696999,323.406488060206,2,FALSE
2019-05-19 15:28:00,0,0.0770261366696999,0,0,FALSE
2019-05-19 15:29:00,2,0.0768268967921251,67.8381498674465,0,FALSE
2019-05-19 15:30:00,1,0.0769065927431561,2.30719778229468,0,FALSE
2019-05-19 15:31:00,1,0.0768268967921269,166.483885348539,0,FALSE
2019-05-19 15:32:00,2,0.0767870488166123,117.579261958995,0,FALSE
2019-05-19 15:33:00,3,0.0767472008410977,1760.35054569226,0,FALSE
2019-05-19 15:34:00,0,0.0767472008410977,0,0,FALSE
2019-05-19 15:35:00,0,0.0767472008410977,0,0,FALSE
2019-05-19 15:36:00,0,0.0767472008410977,0,0,FALSE
2019-05-19 15:37:00,0,0.0767472008410977,0,0,FALSE
2019-05-19 15:38:00,1,0.0767472008410977,79.6635944730595,0,FALSE
2019-05-19 15:39:00,1,0.0767472008410977,2.22566882439183,0,FALSE
2019-05-19 15:40:00,5,0.0767472008410976,339.913352525221,0,FALSE
2019-05-19 15:41:00,2,0.0767472008410945,89.1035001765137,0,FALSE
2019-05-19 15:42:00,0,0.0767472008410945,0,0,FALSE
2019-05-19 15:43:00,2,0.0767472008410977,81.1217912890403,0,FALSE
2019-05-19 15:44:00,0,0.0767472008410977,0,0,FALSE
2019-05-19 15:45:00,0,0.0767472008410977,0,0,FALSE
2019-05-19 15:46:00,0,0.0767472008410977,0,0,FALSE
2019-05-19 15:47:00,0,0.0767472008410977,0,0,FALSE
2019-05-19 15:48:00,0,0.0767472008410977,0,0,FALSE
2019-05-19 15:49:00,4,0.0764483410247383,674.505406400226,2,FALSE
2019-05-19 15:50:00,0,0.0764483410247383,0,0,FALSE
2019-05-19 15:51:00,0,0.0764483410247383,0,0,FALSE
2019-05-19 15:52:00,0,0.0764483410247383,0,0,FALSE
2019-05-19 15:53:00,0,0.0764483410247383,0,0,FALSE
2019-05-19 15:54:00,1,0.0762690251349227,683.904348384852,0,FALSE
2019-05-19 15:55:00,1,0.0763487210859519,35.8838989103974,0,FALSE
2019-05-19 15:56:00,1,0.0761096332328643,11.796993151094,0,FALSE
2019-05-19 15:57:00,0,0.0761096332328643,0,0,FALSE
2019-05-19 15:58:00,0,0.0761096332328643,0,0,FALSE
2019-05-19 15:59:00,1,0.0761096332328643,2.81605642961598,0,FALSE
2019-05-19 16:00:00,0,0.0761096332328643,0,0,FALSE
2019-05-19 16:01:00,29,0.0757029090689913,2108.30593693988,9,FALSE
2019-05-19 16:02:00,2,0.0760299372818352,534.262369279456,0,FALSE
2019-05-19 16:03:00,10,0.0763327818957455,2144.69136247011,5,FALSE
2019-05-19 16:04:00,7,0.0764170319011197,2602.17226164952,0,FALSE
2019-05-19 16:05:00,2,0.076428417036981,700.466442143931,0,FALSE
2019-05-19 16:06:00,11,0.0762690251349225,1083.70498422309,5,FALSE
2019-05-19 16:07:00,0,0.0762690251349225,0,0,FALSE
2019-05-19 16:08:00,0,0.0762690251349225,0,0,FALSE
2019-05-19 16:09:00,0,0.0762690251349225,0,0,FALSE
2019-05-19 16:10:00,1,0.0761893291838935,8.68558352696386,0,FALSE
2019-05-19 16:11:00,9,0.0765435334106891,357.610316626955,7,FALSE
2019-05-19 16:12:00,0,0.0765435334106891,0,0,FALSE
2019-05-19 16:13:00,2,0.0761494812083789,227.832234531779,2,FALSE
2019-05-19 16:14:00,0,0.0761494812083789,0,0,FALSE
2019-05-19 16:15:00,0,0.0761494812083789,0,0,FALSE
2019-05-19 16:16:00,0,0.0761494812083789,0,0,FALSE
2019-05-19 16:17:00,0,0.0761494812083789,0,0,FALSE
2019-05-19 16:18:00,1,0.0765878089390378,37.9109654248237,0,FALSE
2019-05-19 16:19:00,4,0.0765479609635238,301.418295475304,0,FALSE
2019-05-19 16:20:00,5,0.0765081129880102,62.5836364241923,0,FALSE
2019-05-19 16:21:00,2,0.0765081129880102,30.144196517276,0,FALSE
2019-05-19 16:22:00,3,0.0764549823539908,30.113991751836,2,FALSE
2019-05-19 16:23:00,0,0.0764549823539908,0,0,FALSE
2019-05-19 16:24:00,1,0.076428417036981,8.8656963762898,0,FALSE
2019-05-19 16:25:00,0,0.076428417036981,0,0,FALSE
2019-05-19 16:26:00,2,0.0761096332328643,62.7904474171131,0,FALSE
2019-05-19 16:27:00,0,0.0761096332328643,0,0,FALSE
2019-05-19 16:28:00,0,0.0761096332328643,0,0,FALSE
2019-05-19 16:29:00,0,0.0761096332328643,0,0,FALSE
2019-05-19 16:30:00,0,0.0761096332328643,0,0,FALSE
2019-05-19 16:31:00,0,0.0761096332328643,0,0,FALSE
2019-05-19 16:32:00,2,0.0760299372818351,404.251176527517,0,FALSE
2019-05-19 16:33:00,1,0.0760299372818352,2.28089811845505,0,FALSE
2019-05-19 16:34:00,0,0.0760299372818352,0,0,FALSE
2019-05-19 16:35:00,1,0.0760299372818352,253.179691148511,0,FALSE
2019-05-19 16:36:00,5,0.0757908494287476,262.223906455106,2,FALSE
2019-05-19 16:37:00,1,0.0757908494287476,19.9329933997606,0,FALSE
2019-05-19 16:38:00,0,0.0757908494287476,0,0,FALSE
2019-05-19 16:39:00,0,0.0757908494287476,0,0,FALSE
2019-05-19 16:40:00,3,0.0758439800627671,195.809126273039,0,FALSE
2019-05-19 16:41:00,0,0.0758439800627671,0,0,FALSE
2019-05-19 16:42:00,1,0.0758705453797768,11.9875461700047,0,FALSE
2019-05-19 16:43:00,2,0.0758705453797768,31.8656290595063,2,FALSE
2019-05-19 16:44:00,2,0.0759103933552914,378.680013376247,0,FALSE
2019-05-19 16:45:00,2,0.075950241330806,134.204076431534,0,FALSE
2019-05-19 16:46:00,3,0.0760299372818351,5376.00083526128,0,FALSE
2019-05-19 16:47:00,0,0.0760299372818351,0,0,FALSE
2019-05-19 16:48:00,6,0.0762823077934275,933.062422452528,2,FALSE
2019-05-19 16:49:00,0,0.0762823077934275,0,0,FALSE
2019-05-19 16:50:00,0,0.0762823077934275,0,0,FALSE
2019-05-19 16:51:00,2,0.0765081129880102,75.5135075191661,0,FALSE
2019-05-19 16:52:00,1,0.0763487210859519,35.6548527471395,0,FALSE
2019-05-19 16:53:00,0,0.0763487210859519,0,0,FALSE
2019-05-19 16:54:00,4,0.0762690251349227,306.754019092659,0,FALSE
2019-05-19 16:55:00,2,0.0762690251349227,24.7874331688499,0,FALSE
2019-05-19 16:56:00,0,0.0762690251349227,0,0,FALSE
2019-05-19 16:57:00,1,0.0764284170369808,317.636501205692,0,FALSE
2019-05-19 16:58:00,2,0.0764284170369809,1258.92888543315,0,FALSE
2019-05-19 16:59:00,0,0.0764284170369809,0,0,FALSE
2019-05-19 17:00:00,0,0.0764284170369809,0,0,FALSE
2019-05-19 17:01:00,1,0.076428417036981,87.7398227584542,0,FALSE
2019-05-19 17:02:00,1,0.076428417036981,8.10141220591999,0,FALSE
2019-05-19 17:03:00,0,0.076428417036981,0,0,FALSE
2019-05-19 17:04:00,1,0.0764284170369755,11.0056920533245,0,FALSE
2019-05-19 17:05:00,1,0.076428417036981,339.189314810122,0,FALSE
2019-05-19 17:06:00,6,0.0764815476710005,653.498669452249,0,FALSE
2019-05-19 17:07:00,1,0.0766675048900686,402.04439564352,0,FALSE
2019-05-19 17:08:00,0,0.0766675048900686,0,0,FALSE
2019-05-19 17:09:00,2,0.0766675048900684,372.450738755952,0,FALSE
2019-05-19 17:10:00,0,0.0766675048900684,0,0,FALSE
2019-05-19 17:11:00,0,0.0766675048900684,0,0,FALSE
2019-05-19 17:12:00,9,0.07650811298801,801.345975436416,0,FALSE
2019-05-19 17:13:00,0,0.07650811298801,0,0,FALSE
2019-05-19 17:14:00,2,0.0767870488166123,15.9641350385076,2,FALSE
2019-05-19 17:15:00,6,0.0766675048900673,986.404117915619,0,FALSE
2019-05-19 17:16:00,0,0.0766675048900673,0,0,FALSE
2019-05-19 17:17:00,3,0.0768003314751158,433.084613738215,2,FALSE
2019-05-19 17:18:00,1,0.0769065927431561,637.94018680448,0,FALSE
2019-05-19 17:19:00,0,0.0769065927431561,0,0,FALSE
2019-05-19 17:20:00,0,0.0769065927431561,0,0,FALSE
2019-05-19 17:21:00,0,0.0769065927431561,0,0,FALSE
2019-05-19 17:22:00,0,0.0769065927431561,0,0,FALSE
2019-05-19 17:23:00,0,0.0769065927431561,0,0,FALSE
2019-05-19 17:24:00,2,0.0766276569145524,41.0730616738084,0,FALSE
2019-05-19 17:25:00,2,0.076627656914554,400.506263788656,0,FALSE
2019-05-19 17:26:00,0,0.076627656914554,0,0,FALSE
2019-05-19 17:27:00,0,0.076627656914554,0,0,FALSE
2019-05-19 17:28:00,0,0.076627656914554,0,0,FALSE
2019-05-19 17:29:00,7,0.0765991940749007,138.247609898902,4,FALSE
2019-05-19 17:30:00,15,0.0761840161204914,816.614922694098,6,FALSE
2019-05-19 17:31:00,0,0.0761840161204914,0,0,FALSE
2019-05-19 17:32:00,3,0.0766143742560482,280.95699761617,2,FALSE
2019-05-19 17:33:00,8,0.0764483410247367,192.103742725884,2,FALSE
2019-05-19 17:34:00,9,0.0764372721426487,246.968826292898,0,FALSE
2019-05-19 17:35:00,0,0.0764372721426487,0,0,FALSE
2019-05-19 17:36:00,9,0.0758971106967865,976.375338830013,2,FALSE
2019-05-19 17:37:00,16,0.0760996712389857,503.176804188623,0,FALSE
2019-05-19 17:38:00,0,0.0760996712389857,0,0,FALSE
2019-05-19 17:39:00,9,0.0761893291838935,230.472720781278,0,FALSE
2019-05-19 17:40:00,0,0.0761893291838935,0,0,FALSE
2019-05-19 17:41:00,0,0.0761893291838935,0,0,FALSE
2019-05-19 17:42:00,0,0.0761893291838935,0,0,FALSE
2019-05-19 17:43:00,10,0.0760936940426585,1006.65135245029,4,FALSE
2019-05-19 17:44:00,0,0.0760936940426585,0,0,FALSE
2019-05-19 17:45:00,0,0.0760936940426585,0,0,FALSE
2019-05-19 17:46:00,0,0.0760936940426585,0,0,FALSE
2019-05-19 17:47:00,17,0.0754345616476756,1265.06850210853,2,FALSE
2019-05-19 17:48:00,4,0.075611533538932,75.6314575266893,0,FALSE
2019-05-19 17:49:00,0,0.075611533538932,0,0,FALSE
2019-05-19 17:50:00,1,0.0757908494287476,2.65267973000617,0,FALSE
2019-05-19 17:51:00,0,0.0757908494287476,0,0,FALSE
2019-05-19 17:52:00,13,0.0755824138645171,304.223592951531,2,FALSE
2019-05-19 17:53:00,9,0.0754100798849412,365.036385343853,0,FALSE
2019-05-19 17:54:00,7,0.0757339237494411,741.889767522514,0,FALSE
2019-05-19 17:55:00,7,0.0754151399453231,190.052608034249,2,FALSE
2019-05-19 17:56:00,1,0.0755517615756601,15.8658699308886,0,FALSE
2019-05-19 17:57:00,0,0.0755517615756601,0,0,FALSE
2019-05-19 17:58:00,1,0.0755517615756601,15.110352315132,0,FALSE
2019-05-19 17:59:00,0,0.0755517615756601,0,0,FALSE
2019-05-19 18:00:00,7,0.0757453088853024,177.035071393145,2,FALSE
2019-05-19 18:01:00,8,0.0757609634471117,118.745054330649,2,FALSE
2019-05-19 18:02:00,0,0.0757609634471117,0,0,FALSE
2019-05-19 18:03:00,0,0.0757609634471117,0,0,FALSE
2019-05-19 18:04:00,0,0.0757609634471117,0,0,FALSE
2019-05-19 18:05:00,3,0.075658022843699,70.127017581006,0,FALSE
2019-05-19 18:06:00,3,0.0754986309416395,71.9831362804748,0,FALSE
2019-05-19 18:07:00,2,0.0754720656246309,80.6041660871058,0,FALSE
2019-05-19 18:08:00,1,0.0753126737225725,17.0206642613014,0,FALSE
2019-05-19 18:09:00,24,0.07567462616683,1974.36246626821,2,FALSE
2019-05-19 18:10:00,10,0.0758944541650855,269.743219434709,2,FALSE
2019-05-19 18:11:00,4,0.0758306974042622,106.843021916099,0,FALSE
2019-05-19 18:12:00,0,0.0758306974042622,0,0,FALSE
2019-05-19 18:13:00,20,0.0762132379692016,2197.82760177145,16,FALSE
2019-05-19 18:14:00,17,0.0764565450196969,1771.61429323501,2,FALSE
2019-05-19 18:15:00,2,0.076428417036981,181.670347296904,0,FALSE
2019-05-19 18:16:00,2,0.0764284170369788,54.8756034325508,0,FALSE
2019-05-19 18:17:00,12,0.0763287970981945,1188.16916169692,5,FALSE
2019-05-19 18:18:00,1,0.0762690251349227,147.80937071148,0,FALSE
2019-05-19 18:19:00,0,0.0762690251349227,0,0,FALSE
2019-05-19 18:20:00,2,0.0762690251349206,292.415442367292,0,FALSE
2019-05-19 18:21:00,0,0.0762690251349206,0,0,FALSE
2019-05-19 18:22:00,1,0.076667504890047,2.83669768093174,0,FALSE
2019-05-19 18:23:00,1,0.0763487210859448,8.62740548271176,0,FALSE
2019-05-19 18:24:00,0,0.0763487210859448,0,0,FALSE
2019-05-19 18:25:00,0,0.0763487210859448,0,0,FALSE
2019-05-19 18:26:00,0,0.0763487210859448,0,0,FALSE
2019-05-19 18:27:00,3,0.0764018517199713,331.690643081836,0,FALSE
2019-05-19 18:28:00,2,0.0763487210859519,40.9229145020702,0,FALSE
2019-05-19 18:29:00,0,0.0763487210859519,0,0,FALSE
2019-05-19 18:30:00,1,0.0763487210859519,8.32201059836875,0,FALSE
2019-05-19 18:31:00,1,0.0765081129880091,56.0804468202107,0,FALSE
2019-05-19 18:32:00,0,0.0765081129880091,0,0,FALSE
2019-05-19 18:33:00,0,0.0765081129880091,0,0,FALSE
2019-05-19 18:34:00,0,0.0765081129880091,0,0,FALSE
2019-05-19 18:35:00,1,0.076508112988003,8.41589242868033,0,FALSE
2019-05-19 18:36:00,0,0.076508112988003,0,0,FALSE
2019-05-19 18:37:00,0,0.076508112988003,0,0,FALSE
2019-05-19 18:38:00,0,0.076508112988003,0,0,FALSE
2019-05-19 18:39:00,1,0.076428417036981,9.32426687851169,0,FALSE
2019-05-19 18:40:00,0,0.076428417036981,0,0,FALSE
2019-05-19 18:41:00,3,0.0764815476709954,8.56476446520283,2,FALSE
2019-05-19 18:42:00,0,0.0764815476709954,0,0,FALSE
2019-05-19 18:43:00,0,0.0764815476709954,0,0,FALSE
2019-05-19 18:44:00,0,0.0764815476709954,0,0,FALSE
2019-05-19 18:45:00,0,0.0764815476709954,0,0,FALSE
2019-05-19 18:46:00,0,0.0764815476709954,0,0,FALSE
2019-05-19 18:47:00,0,0.0764815476709954,0,0,FALSE
2019-05-19 18:48:00,1,0.075950241330806,20.2027641939944,0,FALSE
2019-05-19 18:49:00,0,0.075950241330806,0,0,FALSE
2019-05-19 18:50:00,0,0.075950241330806,0,0,FALSE
2019-05-19 18:51:00,0,0.075950241330806,0,0,FALSE
2019-05-19 18:52:00,0,0.075950241330806,0,0,FALSE
2019-05-19 18:53:00,0,0.075950241330806,0,0,FALSE
2019-05-19 18:54:00,1,0.0758705453797768,11.3047112615867,0,FALSE
2019-05-19 18:55:00,0,0.0758705453797768,0,0,FALSE
2019-05-19 18:56:00,0,0.0758705453797768,0,0,FALSE
2019-05-19 18:57:00,0,0.0758705453797768,0,0,FALSE
2019-05-19 18:58:00,0,0.0758705453797768,0,0,FALSE
2019-05-19 18:59:00,1,0.0758705453797768,13.58082762298,0,FALSE
2019-05-19 19:00:00,0,0.0758705453797768,0,0,FALSE
2019-05-19 19:01:00,2,0.0759103933552914,99.6587507146228,2,FALSE
2019-05-19 19:02:00,0,0.0759103933552914,0,0,FALSE
2019-05-19 19:03:00,0,0.0759103933552914,0,0,FALSE
2019-05-19 19:04:00,0,0.0759103933552914,0,0,FALSE
2019-05-19 19:05:00,0,0.0759103933552914,0,0,FALSE
2019-05-19 19:06:00,0,0.0759103933552914,0,0,FALSE
2019-05-19 19:07:00,0,0.0759103933552914,0,0,FALSE
2019-05-19 19:08:00,0,0.0759103933552914,0,0,FALSE
2019-05-19 19:09:00,1,0.0757908494287476,33.5753462969352,0,FALSE
2019-05-19 19:10:00,0,0.0757908494287476,0,0,FALSE
2019-05-19 19:11:00,0,0.0757908494287476,0,0,FALSE
2019-05-19 19:12:00,0,0.0757908494287476,0,0,FALSE
2019-05-19 19:13:00,0,0.0757908494287476,0,0,FALSE
2019-05-19 19:14:00,0,0.0757908494287476,0,0,FALSE
2019-05-19 19:15:00,0,0.0757908494287476,0,0,FALSE
2019-05-19 19:16:00,1,0.0757111534777184,39.8997778827576,0,FALSE
2019-05-19 19:17:00,0,0.0757111534777184,0,0,FALSE
2019-05-19 19:18:00,0,0.0757111534777184,0,0,FALSE
2019-05-19 19:19:00,0,0.0757111534777184,0,0,FALSE
2019-05-19 19:20:00,1,0.0757111534777184,8.25251572907131,0,FALSE
2019-05-19 19:21:00,0,0.0757111534777184,0,0,FALSE
2019-05-19 19:22:00,0,0.0757111534777184,0,0,FALSE
2019-05-19 19:23:00,0,0.0757111534777184,0,0,FALSE
2019-05-19 19:24:00,1,0.0756314575266893,8.77324907309595,0,FALSE
2019-05-19 19:25:00,1,0.0756314575266893,2.34457518332737,0,FALSE
2019-05-19 19:26:00,0,0.0756314575266893,0,0,FALSE
2019-05-19 19:27:00,1,0.0756314575266893,10.9665613413699,0,FALSE
2019-05-19 19:28:00,0,0.0756314575266893,0,0,FALSE
2019-05-19 19:29:00,1,0.0756314575266893,1572.60489635245,0,FALSE
2019-05-19 19:30:00,0,0.0756314575266893,0,0,FALSE
2019-05-19 19:31:00,0,0.0756314575266893,0,0,FALSE
2019-05-19 19:32:00,0,0.0756314575266893,0,0,FALSE
2019-05-19 19:33:00,1,0.0756314575266893,68.0683117740203,0,FALSE
2019-05-19 19:34:00,0,0.0756314575266893,0,0,FALSE
2019-05-19 19:35:00,0,0.0756314575266893,0,0,FALSE
2019-05-19 19:36:00,0,0.0756314575266893,0,0,FALSE
2019-05-19 19:37:00,1,0.0751532818205142,20.1410795278978,0,FALSE
2019-05-19 19:38:00,1,0.0751532818205142,15.8573424641285,0,FALSE
2019-05-19 19:39:00,0,0.0751532818205142,0,0,FALSE
2019-05-19 19:40:00,0,0.0751532818205142,0,0,FALSE
2019-05-19 19:41:00,1,0.0751532818205142,15.932495745949,0,FALSE
2019-05-19 19:42:00,3,0.0751532818205137,86.8020405026931,0,FALSE
2019-05-19 19:43:00,0,0.0751532818205137,0,0,FALSE
2019-05-19 19:44:00,11,0.0745954101633099,630.87099655629,5,FALSE
2019-05-19 19:45:00,2,0.0744758662367662,395.42899414049,0,FALSE
2019-05-19 19:46:00,2,0.0744360182612516,47.5646156689398,0,FALSE
2019-05-19 19:47:00,3,0.0744360182612516,37.8134972767158,0,FALSE
2019-05-19 19:48:00,1,0.0744360182612516,72.6495538229816,0,FALSE
2019-05-19 19:49:00,0,0.0744360182612516,0,0,FALSE
2019-05-19 19:50:00,12,0.0743231156639603,1478.0242122455,4,FALSE
2019-05-19 19:51:00,4,0.0741172344571349,73.9689999882206,0,FALSE
2019-05-19 19:52:00,2,0.0741172344571349,27.7939629214256,0,FALSE
2019-05-19 19:53:00,2,0.0739578425550734,66.6138606677371,0,FALSE
2019-05-19 19:54:00,2,0.073798450653018,190.547599586092,0,FALSE
2019-05-19 19:55:00,2,0.0737984506530176,120.734265268337,0,FALSE
2019-05-19 19:56:00,1,0.0747032792621077,73.2839169561276,0,FALSE
2019-05-19 19:57:00,22,0.0747692845157255,2650.78632787712,2,FALSE
2019-05-19 19:58:00,0,0.0747692845157255,0,0,FALSE
2019-05-19 19:59:00,1,0.0748646254376198,31.2185488074874,0,FALSE
2019-05-19 20:00:00,2,0.0743805869110834,20.529041987459,0,FALSE
2019-05-19 20:01:00,0,0.0743805869110834,0,0,FALSE
2019-05-19 20:02:00,0,0.0743805869110834,0,0,FALSE
2019-05-19 20:03:00,2,0.0744612599988395,40.8792317393629,0,FALSE
2019-05-19 20:04:00,4,0.0745621013585331,253.971384584663,2,FALSE
2019-05-19 20:05:00,0,0.0745621013585331,0,0,FALSE
2019-05-19 20:06:00,2,0.0745822696304736,66.9159867741034,0,FALSE
2019-05-19 20:07:00,1,0.0745419330865956,15.9519736805315,0,FALSE
2019-05-19 20:08:00,6,0.0747301702913596,2022.96625453345,3,FALSE
2019-05-19 20:09:00,4,0.0747637840779238,1587.12231466111,2,FALSE
2019-05-19 20:10:00,1,0.0747032792621077,13.0730738708688,0,FALSE
2019-05-19 20:11:00,11,0.0750039698619255,5668.91651210131,5,FALSE
2019-05-19 20:12:00,1,0.075187317788644,8.72172886348271,0,FALSE
2019-05-19 20:13:00,0,0.075187317788644,0,0,FALSE
2019-05-19 20:14:00,1,0.0751066447008879,34.9996964306138,0,FALSE
2019-05-19 20:15:00,1,0.075106644700888,24.9354060406948,0,FALSE
2019-05-19 20:16:00,1,0.0751066447008879,225.995893904972,0,FALSE
2019-05-19 20:17:00,0,0.0751066447008879,0,0,FALSE
2019-05-19 20:18:00,4,0.075207486060583,601.414561624798,2,FALSE
2019-05-19 20:19:00,0,0.075207486060583,0,0,FALSE
2019-05-19 20:20:00,4,0.075187317788644,129.021437325313,0,FALSE
2019-05-19 20:21:00,0,0.075187317788644,0,0,FALSE
2019-05-19 20:22:00,2,0.075227654332522,331.808087248306,2,FALSE
2019-05-19 20:23:00,1,0.0752679908764001,19.946017582246,0,FALSE
2019-05-19 20:24:00,0,0.0752679908764001,0,0,FALSE
2019-05-19 20:25:00,1,0.075187317788644,241.952788643856,0,FALSE
2019-05-19 20:26:00,1,0.075187317788644,348.944341857097,0,FALSE
2019-05-19 20:27:00,1,0.075187317788644,9.62397667694643,0,FALSE
2019-05-19 20:28:00,0,0.075187317788644,0,0,FALSE
2019-05-19 20:29:00,0,0.075187317788644,0,0,FALSE
2019-05-19 20:30:00,0,0.075187317788644,0,0,FALSE
2019-05-19 20:31:00,0,0.075187317788644,0,0,FALSE
2019-05-19 20:32:00,0,0.075187317788644,0,0,FALSE
2019-05-19 20:33:00,0,0.075187317788644,0,0,FALSE
2019-05-19 20:34:00,0,0.075187317788644,0,0,FALSE
2019-05-19 20:35:00,0,0.075187317788644,0,0,FALSE
2019-05-19 20:36:00,0,0.075187317788644,0,0,FALSE
2019-05-19 20:37:00,0,0.075187317788644,0,0,FALSE
2019-05-19 20:38:00,0,0.075187317788644,0,0,FALSE
2019-05-19 20:39:00,0,0.075187317788644,0,0,FALSE
2019-05-19 20:40:00,0,0.075187317788644,0,0,FALSE
2019-05-19 20:41:00,0,0.075187317788644,0,0,FALSE
2019-05-19 20:42:00,1,0.0750259716131319,16.1305838968234,0,FALSE
2019-05-19 20:43:00,0,0.0750259716131319,0,0,FALSE
2019-05-19 20:44:00,0,0.0750259716131319,0,0,FALSE
2019-05-19 20:45:00,0,0.0750259716131319,0,0,FALSE
2019-05-19 20:46:00,0,0.0750259716131319,0,0,FALSE
2019-05-19 20:47:00,1,0.0749452985253758,115.115978534977,0,FALSE
2019-05-19 20:48:00,0,0.0749452985253758,0,0,FALSE
2019-05-19 20:49:00,1,0.0749452985253758,29.303611723422,0,FALSE
2019-05-19 20:50:00,0,0.0749452985253758,0,0,FALSE
2019-05-19 20:51:00,8,0.0750763922929794,6883.44129692143,6,FALSE
2019-05-19 20:52:00,0,0.0750763922929794,0,0,FALSE
2019-05-19 20:53:00,3,0.0749452985253758,394.586996736104,0,FALSE
2019-05-19 20:54:00,2,0.0750259716131319,48.1666737756307,0,FALSE
2019-05-19 20:55:00,0,0.0750259716131319,0,0,FALSE
2019-05-19 20:56:00,0,0.0750259716131319,0,0,FALSE
2019-05-19 20:57:00,0,0.0750259716131319,0,0,FALSE
2019-05-19 20:58:00,1,0.0750259716131319,250.586745187861,0,FALSE
2019-05-19 20:59:00,2,0.0750259716131319,422.621298096772,0,FALSE
2019-05-19 21:00:00,1,0.0750259716131319,40.7391025859306,0,FALSE
2019-05-19 21:01:00,0,0.0750259716131319,0,0,FALSE
2019-05-19 21:02:00,0,0.0750259716131319,0,0,FALSE
2019-05-19 21:03:00,0,0.0750259716131319,0,0,FALSE
2019-05-19 21:04:00,0,0.0750259716131319,0,0,FALSE
2019-05-19 21:05:00,0,0.0750259716131319,0,0,FALSE
2019-05-19 21:06:00,0,0.0750259716131319,0,0,FALSE
2019-05-19 21:07:00,0,0.0750259716131319,0,0,FALSE
2019-05-19 21:08:00,1,0.0750259716131319,218.100499479374,0,FALSE
2019-05-19 21:09:00,0,0.0750259716131319,0,0,FALSE
2019-05-19 21:10:00,1,0.0750259716131319,8.25285687744451,0,FALSE
2019-05-19 21:11:00,0,0.0750259716131319,0,0,FALSE
2019-05-19 21:12:00,0,0.0750259716131319,0,0,FALSE
2019-05-19 21:13:00,0,0.0750259716131319,0,0,FALSE
2019-05-19 21:14:00,0,0.0750259716131319,0,0,FALSE
2019-05-19 21:15:00,0,0.0750259716131319,0,0,FALSE
2019-05-19 21:16:00,0,0.0750259716131319,0,0,FALSE
2019-05-19 21:17:00,0,0.0750259716131319,0,0,FALSE
2019-05-19 21:18:00,0,0.0750259716131319,0,0,FALSE
2019-05-19 21:19:00,1,0.0750259716131319,197.693435200603,0,FALSE
2019-05-19 21:20:00,0,0.0750259716131319,0,0,FALSE
2019-05-19 21:21:00,0,0.0750259716131319,0,0,FALSE
2019-05-19 21:22:00,0,0.0750259716131319,0,0,FALSE
2019-05-19 21:23:00,0,0.0750259716131319,0,0,FALSE
2019-05-19 21:24:00,0,0.0750259716131319,0,0,FALSE
2019-05-19 21:25:00,0,0.0750259716131319,0,0,FALSE
2019-05-19 21:26:00,3,0.0749452985253758,813.456270194429,0,FALSE
2019-05-19 21:27:00,1,0.0749452985253758,386.717740390939,0,FALSE
2019-05-19 21:28:00,3,0.0750797536716359,275.989087060487,3,FALSE
2019-05-19 21:29:00,2,0.0749452985253758,1005.46612501644,0,FALSE
2019-05-19 21:30:00,1,0.0749452985253758,466.009866230787,0,FALSE
2019-05-19 21:31:00,1,0.0752679908764001,27.7738886333916,0,FALSE
2019-05-19 21:32:00,0,0.0752679908764001,0,0,FALSE
2019-05-19 21:33:00,1,0.075187317788644,7.89466836780762,0,FALSE
2019-05-19 21:34:00,0,0.075187317788644,0,0,FALSE
2019-05-19 21:35:00,2,0.0750259716131319,45.9158946272367,2,FALSE
2019-05-19 21:36:00,0,0.0750259716131319,0,0,FALSE
2019-05-19 21:37:00,0,0.0750259716131319,0,0,FALSE
2019-05-19 21:38:00,0,0.0750259716131319,0,0,FALSE
2019-05-19 21:39:00,0,0.0750259716131319,0,0,FALSE
2019-05-19 21:40:00,1,0.0749452985253758,55.234685013202,0,FALSE
2019-05-19 21:41:00,1,0.0749452985253758,86.5618197968091,0,FALSE
2019-05-19 21:42:00,0,0.0749452985253758,0,0,FALSE
2019-05-19 21:43:00,0,0.0749452985253758,0,0,FALSE
2019-05-19 21:44:00,1,0.0749452985253758,239.37528349005,0,FALSE
2019-05-19 21:45:00,3,0.075214208817896,493.557789545374,0,FALSE
2019-05-19 21:46:00,2,0.0752679908764001,24.2362930622008,0,FALSE
2019-05-19 21:47:00,0,0.0752679908764001,0,0,FALSE
2019-05-19 21:48:00,0,0.0752679908764001,0,0,FALSE
2019-05-19 21:49:00,0,0.0752679908764001,0,0,FALSE
2019-05-19 21:50:00,1,0.0749452985253758,94.5809667390243,0,FALSE
2019-05-19 21:51:00,1,0.0749452985253758,46.7658662798345,0,FALSE
2019-05-19 21:52:00,1,0.0749452985253758,149.965542349277,0,FALSE
2019-05-19 21:53:00,0,0.0749452985253758,0,0,FALSE
2019-05-19 21:54:00,0,0.0749452985253758,0,0,FALSE
2019-05-19 21:55:00,0,0.0749452985253758,0,0,FALSE
2019-05-19 21:56:00,0,0.0749452985253758,0,0,FALSE
2019-05-19 21:57:00,1,0.075187317788644,128.871062689736,0,FALSE
2019-05-19 21:58:00,0,0.075187317788644,0,0,FALSE
2019-05-19 21:59:00,0,0.075187317788644,0,0,FALSE
2019-05-19 22:00:00,0,0.075187317788644,0,0,FALSE
2019-05-19 22:01:00,0,0.075187317788644,0,0,FALSE
2019-05-19 22:02:00,0,0.075187317788644,0,0,FALSE
2019-05-19 22:03:00,0,0.075187317788644,0,0,FALSE
2019-05-19 22:04:00,2,0.0749452985253758,57.033372177811,0,FALSE
2019-05-19 22:05:00,0,0.0749452985253758,0,0,FALSE
2019-05-19 22:06:00,1,0.075187317788644,80.6008046694264,0,FALSE
2019-05-19 22:07:00,0,0.075187317788644,0,0,FALSE
2019-05-19 22:08:00,0,0.075187317788644,0,0,FALSE
2019-05-19 22:09:00,0,0.075187317788644,0,0,FALSE
2019-05-19 22:10:00,7,0.0752910403300446,1549.25154371035,5,FALSE
2019-05-19 22:11:00,0,0.0752910403300446,0,0,FALSE
2019-05-19 22:12:00,0,0.0752910403300446,0,0,FALSE
2019-05-19 22:13:00,1,0.0749452985253758,515.248927361959,0,FALSE
2019-05-19 22:14:00,0,0.0749452985253758,0,0,FALSE
2019-05-19 22:15:00,0,0.0749452985253758,0,0,FALSE
2019-05-19 22:16:00,0,0.0749452985253758,0,0,FALSE
2019-05-19 22:17:00,0,0.0749452985253758,0,0,FALSE
2019-05-19 22:18:00,1,0.0749452985253758,210.521343557781,0,FALSE
2019-05-19 22:19:00,0,0.0749452985253758,0,0,FALSE
2019-05-19 22:20:00,0,0.0749452985253758,0,0,FALSE
2019-05-19 22:21:00,0,0.0749452985253758,0,0,FALSE
2019-05-19 22:22:00,0,0.0749452985253758,0,0,FALSE
2019-05-19 22:23:00,0,0.0749452985253758,0,0,FALSE
2019-05-19 22:24:00,0,0.0749452985253758,0,0,FALSE
2019-05-19 22:25:00,0,0.0749452985253758,0,0,FALSE
2019-05-19 22:26:00,0,0.0749452985253758,0,0,FALSE
2019-05-19 22:27:00,1,0.0749452985253758,14.4644426153975,0,FALSE
2019-05-19 22:28:00,0,0.0749452985253758,0,0,FALSE
2019-05-19 22:29:00,0,0.0749452985253758,0,0,FALSE
2019-05-19 22:30:00,0,0.0749452985253758,0,0,FALSE
2019-05-19 22:31:00,2,0.0747436158059832,23.9927410102645,0,FALSE
2019-05-19 22:32:00,1,0.0744612599988395,533.663850411683,0,FALSE
2019-05-19 22:33:00,10,0.0749695004517027,579.314088560939,0,FALSE
2019-05-19 22:34:00,2,0.0749856350692539,23.1742318618923,0,FALSE
2019-05-19 22:35:00,2,0.0749452985253758,74.9452985253758,2,FALSE
2019-05-19 22:36:00,0,0.0749452985253758,0,0,FALSE
2019-05-19 22:37:00,0,0.0749452985253758,0,0,FALSE
2019-05-19 22:38:00,0,0.0749452985253758,0,0,FALSE
2019-05-19 22:39:00,0,0.0749452985253758,0,0,FALSE
2019-05-19 22:40:00,2,0.0744612599988395,116.904178198178,0,FALSE
2019-05-19 22:41:00,3,0.0743268048525786,105.977492500146,0,FALSE
2019-05-19 22:42:00,6,0.0740578945600592,1277.79491273926,0,FALSE
2019-05-19 22:43:00,1,0.0742999138233274,34.4751600140239,0,FALSE
2019-05-19 22:44:00,11,0.0734491794433535,287.571241596533,0,FALSE
2019-05-19 22:45:00,5,0.0733963752404555,244.425902822104,0,FALSE
2019-05-19 22:46:00,2,0.0734528464018888,85.3160659756801,0,FALSE
2019-05-19 22:47:00,10,0.0732915002263765,1682.51469131679,3,FALSE
2019-05-19 22:48:00,0,0.0732915002263765,0,0,FALSE
2019-05-19 22:49:00,5,0.0732188944473943,548.938896212851,2,FALSE
2019-05-19 22:50:00,1,0.0734125098580108,71.7974346411345,0,FALSE
2019-05-19 22:51:00,4,0.0732511636824983,206.42177925728,0,FALSE
2019-05-19 22:52:00,0,0.0732511636824983,0,0,FALSE
2019-05-19 22:53:00,3,0.0730898175069865,2050.52595611885,3,FALSE
2019-05-19 22:54:00,0,0.0730898175069865,0,0,FALSE
2019-05-19 22:55:00,0,0.0730898175069865,0,0,FALSE
2019-05-19 22:56:00,0,0.0730898175069865,0,0,FALSE
2019-05-19 22:57:00,1,0.0731704905947364,9.43899328672099,0,FALSE
2019-05-19 22:58:00,0,0.0731704905947364,0,0,FALSE
2019-05-19 22:59:00,0,0.0731704905947364,0,0,FALSE
2019-05-19 23:00:00,0,0.0731704905947364,0,0,FALSE
2019-05-19 23:01:00,0,0.0731704905947364,0,0,FALSE
2019-05-19 23:02:00,0,0.0731704905947364,0,0,FALSE
2019-05-19 23:03:00,1,0.0731704905947426,961.752928377296,0,FALSE
2019-05-19 23:04:00,4,0.0730494809631084,1507.90182652319,4,FALSE
2019-05-19 23:05:00,8,0.0727469568840233,747.47633325756,3,FALSE
2019-05-19 23:06:00,7,0.0722254629953145,1933.50391453947,2,FALSE
2019-05-19 23:07:00,1,0.0722024135416699,201.372531367717,0,FALSE
2019-05-19 23:08:00,6,0.07233686868793,166.156711735005,0,FALSE
2019-05-19 23:09:00,2,0.072323423173304,207.101853387065,0,FALSE
2019-05-19 23:10:00,2,0.0723637597171821,150.371892692304,0,FALSE
2019-05-19 23:11:00,1,0.0724444328049381,16.0826640826963,0,FALSE
2019-05-19 23:12:00,0,0.0724444328049381,0,0,FALSE
2019-05-19 23:13:00,0,0.0724444328049381,0,0,FALSE
2019-05-19 23:14:00,0,0.0724444328049381,0,0,FALSE
2019-05-19 23:15:00,0,0.0724444328049381,0,0,FALSE
2019-05-19 23:16:00,0,0.0724444328049381,0,0,FALSE
2019-05-19 23:17:00,0,0.0724444328049381,0,0,FALSE
2019-05-19 23:18:00,0,0.0724444328049381,0,0,FALSE
2019-05-19 23:19:00,3,0.0724444328049381,103.160872314232,0,FALSE
2019-05-19 23:20:00,0,0.0724444328049381,0,0,FALSE
2019-05-19 23:21:00,0,0.0724444328049381,0,0,FALSE
2019-05-19 23:22:00,0,0.0724444328049381,0,0,FALSE
2019-05-19 23:23:00,1,0.0724444328049381,248.556848953743,0,FALSE
2019-05-19 23:24:00,1,0.0724444328049381,159.377752170864,0,FALSE
2019-05-19 23:25:00,0,0.0724444328049381,0,0,FALSE
2019-05-19 23:26:00,4,0.0724444328049381,80.9928758759208,0,FALSE
2019-05-19 23:27:00,0,0.0724444328049381,0,0,FALSE
2019-05-19 23:28:00,3,0.0724175417756861,2001.06020361109,0,FALSE
2019-05-19 23:29:00,2,0.072363759717182,3645.39675951276,0,FALSE
2019-05-19 23:30:00,0,0.072363759717182,0,0,FALSE
2019-05-19 23:31:00,5,0.0723153558645284,109.869242926587,0,FALSE
2019-05-19 23:32:00,5,0.0724928366575917,925.959005397725,0,FALSE
2019-05-19 23:33:00,0,0.0724928366575917,0,0,FALSE
2019-05-19 23:34:00,2,0.0726057789804502,168.445407234645,2,FALSE
2019-05-19 23:35:00,0,0.0726057789804502,0,0,FALSE
2019-05-19 23:36:00,1,0.0726057789804502,81.5362897950456,0,FALSE
2019-05-19 23:37:00,0,0.0726057789804502,0,0,FALSE
2019-05-19 23:38:00,1,0.0726057789804502,2.39599070635486,0,FALSE
2019-05-19 23:39:00,0,0.0726057789804502,0,0,FALSE
2019-05-19 23:40:00,0,0.0726057789804502,0,0,FALSE
2019-05-19 23:41:00,0,0.0726057789804502,0,0,FALSE
2019-05-19 23:42:00,0,0.0726057789804502,0,0,FALSE
2019-05-19 23:43:00,0,0.0726057789804502,0,0,FALSE
2019-05-19 23:44:00,0,0.0726057789804502,0,0,FALSE
2019-05-19 23:45:00,3,0.0724175417756861,727.45028797226,2,FALSE
2019-05-19 23:46:00,5,0.0722992212469772,291.052769371737,4,FALSE
2019-05-19 23:47:00,0,0.0722992212469772,0,0,FALSE
2019-05-19 23:48:00,0,0.0722992212469772,0,0,FALSE
2019-05-19 23:49:00,2,0.0724444328049381,82.1519868007998,0,FALSE
2019-05-19 23:50:00,0,0.0724444328049381,0,0,FALSE
2019-05-19 23:51:00,0,0.0724444328049381,0,0,FALSE
2019-05-19 23:52:00,0,0.0724444328049381,0,0,FALSE
2019-05-19 23:53:00,0,0.0724444328049381,0,0,FALSE
2019-05-19 23:54:00,0,0.0724444328049381,0,0,FALSE
2019-05-19 23:55:00,0,0.0724444328049381,0,0,FALSE
2019-05-19 23:56:00,0,0.0724444328049381,0,0,FALSE
2019-05-19 23:57:00,0,0.0724444328049381,0,0,FALSE
2019-05-19 23:58:00,0,0.0724444328049381,0,0,FALSE
2019-05-19 23:59:00,0,0.0724444328049381,0,0,FALSE
2019-05-20,0,0.0724444328049381,0,0,FALSE
2019-05-20 00:01:00,1,0.0723637597171821,546.491113384159,0,FALSE
2019-05-20 00:02:00,1,0.072363759717182,62.811743434514,0,FALSE
2019-05-20 00:03:00,1,0.0722024135416699,210.54223788751,0,FALSE
2019-05-20 00:04:00,1,0.07220241354167,9.31411134687542,0,FALSE
2019-05-20 00:05:00,2,0.0720814039100356,383.743727010812,0,FALSE
2019-05-20 00:06:00,2,0.0718797211906443,163.526365708718,0,FALSE
2019-05-20 00:07:00,2,0.0718797211906453,757.612261349405,0,FALSE
2019-05-20 00:08:00,2,0.0722024135416699,57.1843115250026,0,FALSE
2019-05-20 00:09:00,0,0.0722024135416699,0,0,FALSE
2019-05-20 00:10:00,1,0.072283086629426,213.307388643436,0,FALSE
2019-05-20 00:11:00,0,0.072283086629426,0,0,FALSE
2019-05-20 00:12:00,1,0.0721217404539139,12.1164523962575,0,FALSE
2019-05-20 00:13:00,4,0.0719402260064613,890.395242737519,2,FALSE
2019-05-20 00:14:00,1,0.0722024135416699,26.4260833562512,0,FALSE
2019-05-20 00:15:00,19,0.0713914367121222,5289.37004450027,0,FALSE
2019-05-20 00:16:00,0,0.0713914367121222,0,0,FALSE
2019-05-20 00:17:00,6,0.0716645929566289,691.852400595933,2,FALSE
2019-05-20 00:18:00,3,0.0718528301613937,218.403104231547,0,FALSE
2019-05-20 00:19:00,1,0.0719603942784011,81.3872059288716,0,FALSE
2019-05-20 00:20:00,0,0.0719603942784011,0,0,FALSE
2019-05-20 00:21:00,0,0.0719603942784011,0,0,FALSE
2019-05-20 00:22:00,2,0.0719603942784018,83.0422949972756,0,FALSE
2019-05-20 00:23:00,0,0.0719603942784018,0,0,FALSE
2019-05-20 00:24:00,25,0.0711181672422286,12595.3359931593,7,FALSE
2019-05-20 00:25:00,6,0.0715301378103694,1659.92501664878,4,FALSE
2019-05-20 00:26:00,14,0.0718624341004123,8852.60900874992,12,FALSE
2019-05-20 00:27:00,3,0.0717452660443856,876.157975537243,0,FALSE
2019-05-20 00:28:00,2,0.0718393846467644,35.9213864582251,0,FALSE
2019-05-20 00:29:00,0,0.0718393846467644,0,0,FALSE
2019-05-20 00:30:00,0,0.0718393846467644,0,0,FALSE
2019-05-20 00:31:00,0,0.0718393846467644,0,0,FALSE
2019-05-20 00:32:00,0,0.0718393846467644,0,0,FALSE
2019-05-20 00:33:00,0,0.0718393846467644,0,0,FALSE
2019-05-20 00:34:00,0,0.0718393846467644,0,0,FALSE
2019-05-20 00:35:00,0,0.0718393846467644,0,0,FALSE
2019-05-20 00:36:00,0,0.0718393846467644,0,0,FALSE
2019-05-20 00:37:00,0,0.0718393846467644,0,0,FALSE
2019-05-20 00:38:00,0,0.0718393846467644,0,0,FALSE
2019-05-20 00:39:00,8,0.0712075133458454,2739.16822746839,5,FALSE
2019-05-20 00:40:00,0,0.0712075133458454,0,0,FALSE
2019-05-20 00:41:00,3,0.0714078721341005,524.797610201544,2,FALSE
2019-05-20 00:42:00,0,0.0714078721341005,0,0,FALSE
2019-05-20 00:43:00,1,0.0714880156494025,3.00249665727491,0,FALSE
2019-05-20 00:44:00,0,0.0714880156494025,0,0,FALSE
2019-05-20 00:45:00,0,0.0714880156494025,0,0,FALSE
2019-05-20 00:46:00,3,0.0714613011442929,204.140840885667,0,FALSE
2019-05-20 00:47:00,0,0.0714613011442929,0,0,FALSE
2019-05-20 00:48:00,0,0.0714613011442929,0,0,FALSE
2019-05-20 00:49:00,0,0.0714613011442929,0,0,FALSE
2019-05-20 00:50:00,0,0.0714613011442929,0,0,FALSE
2019-05-20 00:51:00,0,0.0714613011442929,0,0,FALSE
2019-05-20 00:52:00,0,0.0714613011442929,0,0,FALSE
2019-05-20 00:53:00,0,0.0714613011442929,0,0,FALSE
2019-05-20 00:54:00,2,0.0715681591647042,150.221566086714,0,FALSE
2019-05-20 00:55:00,0,0.0715681591647042,0,0,FALSE
2019-05-20 00:56:00,0,0.0715681591647042,0,0,FALSE
2019-05-20 00:57:00,3,0.071862018720812,971.215824159896,3,FALSE
2019-05-20 00:58:00,0,0.071862018720812,0,0,FALSE
2019-05-20 00:59:00,0,0.071862018720812,0,0,FALSE
2019-05-20 01:00:00,0,0.071862018720812,0,0,FALSE
2019-05-20 01:01:00,1,0.0719688767412147,2.23103517897765,0,FALSE
2019-05-20 01:02:00,0,0.0719688767412147,0,0,FALSE
2019-05-20 01:03:00,2,0.0719688767412147,10.7953315111822,0,FALSE
2019-05-20 01:04:00,0,0.0719688767412147,0,0,FALSE
2019-05-20 01:05:00,0,0.0719688767412147,0,0,FALSE
2019-05-20 01:06:00,0,0.0719688767412147,0,0,FALSE
2019-05-20 01:07:00,0,0.0719688767412147,0,0,FALSE
2019-05-20 01:08:00,0,0.0719688767412147,0,0,FALSE
2019-05-20 01:09:00,0,0.0719688767412147,0,0,FALSE
2019-05-20 01:10:00,0,0.0719688767412147,0,0,FALSE
2019-05-20 01:11:00,1,0.0719688767412147,128.248538352845,0,FALSE
2019-05-20 01:12:00,0,0.0719688767412147,0,0,FALSE
2019-05-20 01:13:00,0,0.0719688767412147,0,0,FALSE
2019-05-20 01:14:00,1,0.0719688767412147,56.1357238581474,0,FALSE
2019-05-20 01:15:00,2,0.0720089484988657,871.527549494141,2,FALSE
2019-05-20 01:16:00,1,0.0719688767412147,46.2040188678598,0,FALSE
2019-05-20 01:17:00,0,0.0719688767412147,0,0,FALSE
2019-05-20 01:18:00,1,0.0719688767412147,2.23103517897765,0,FALSE
2019-05-20 01:19:00,2,0.0719688767412147,40.0146954681154,0,FALSE
2019-05-20 01:20:00,2,0.0719688767412147,22.454289543259,0,FALSE
2019-05-20 01:21:00,3,0.0719688767412147,45.7722056074125,0,FALSE
2019-05-20 01:22:00,0,0.0719688767412147,0,0,FALSE
2019-05-20 01:23:00,0,0.0719688767412147,0,0,FALSE
2019-05-20 01:24:00,0,0.0719688767412147,0,0,FALSE
2019-05-20 01:25:00,0,0.0719688767412147,0,0,FALSE
2019-05-20 01:26:00,1,0.0719688767412147,92.3360688589784,0,FALSE
2019-05-20 01:27:00,0,0.0719688767412147,0,0,FALSE
2019-05-20 01:28:00,0,0.0719688767412147,0,0,FALSE
2019-05-20 01:29:00,0,0.0719688767412147,0,0,FALSE
2019-05-20 01:30:00,0,0.0719688767412147,0,0,FALSE
2019-05-20 01:31:00,0,0.0719688767412147,0,0,FALSE
2019-05-20 01:32:00,0,0.0719688767412147,0,0,FALSE
2019-05-20 01:33:00,0,0.0719688767412147,0,0,FALSE
2019-05-20 01:34:00,0,0.0719688767412147,0,0,FALSE
2019-05-20 01:35:00,0,0.0719688767412147,0,0,FALSE
2019-05-20 01:36:00,1,0.0719688767412147,8.56429633220455,0,FALSE
2019-05-20 01:37:00,1,0.0719688767412147,184.600168841216,0,FALSE
2019-05-20 01:38:00,0,0.0719688767412147,0,0,FALSE
2019-05-20 01:39:00,1,0.0718085897106106,61.970812920257,0,FALSE
2019-05-20 01:40:00,0,0.0718085897106106,0,0,FALSE
2019-05-20 01:41:00,0,0.0718085897106106,0,0,FALSE
2019-05-20 01:42:00,2,0.0716483026800066,67.4210528218862,0,FALSE
2019-05-20 01:43:00,0,0.0716483026800066,0,0,FALSE
2019-05-20 01:44:00,2,0.0715681591647025,675.460286196481,0,FALSE
2019-05-20 01:45:00,2,0.0718085897106106,583.588408578133,0,FALSE
2019-05-20 01:46:00,0,0.0718085897106106,0,0,FALSE
2019-05-20 01:47:00,0,0.0718085897106106,0,0,FALSE
2019-05-20 01:48:00,1,0.0714078721341005,333.546170738384,0,FALSE
2019-05-20 01:49:00,5,0.0714078721340996,1320.04592427098,0,FALSE
2019-05-20 01:50:00,2,0.0713277286187985,754.647368786888,0,FALSE
2019-05-20 01:51:00,2,0.0713277286187982,101.214046910074,0,FALSE
2019-05-20 01:52:00,0,0.0713277286187982,0,0,FALSE
2019-05-20 01:53:00,3,0.0713811576289984,711.462676714515,0,FALSE
2019-05-20 01:54:00,4,0.0712876568611475,806.842596284666,0,FALSE
2019-05-20 01:55:00,7,0.0710872980728923,1368.35940060511,0,FALSE
2019-05-20 01:56:00,3,0.0710071545575904,993.10606364246,0,FALSE
2019-05-20 01:57:00,0,0.0710071545575904,0,0,FALSE
2019-05-20 01:58:00,0,0.0710071545575904,0,0,FALSE
2019-05-20 01:59:00,0,0.0710071545575904,0,0,FALSE
2019-05-20 02:00:00,1,0.0713277286187985,24.1087722731539,0,FALSE
2019-05-20 02:01:00,0,0.0713277286187985,0,0,FALSE
2019-05-20 02:02:00,3,0.0712742996085957,54.9345328507992,0,FALSE
2019-05-20 02:03:00,0,0.0712742996085957,0,0,FALSE
2019-05-20 02:04:00,1,0.0713277286187983,231.743790282476,0,FALSE
2019-05-20 02:05:00,0,0.0713277286187983,0,0,FALSE
2019-05-20 02:06:00,0,0.0713277286187983,0,0,FALSE
2019-05-20 02:07:00,0,0.0713277286187983,0,0,FALSE
2019-05-20 02:08:00,0,0.0713277286187983,0,0,FALSE
2019-05-20 02:09:00,1,0.0713277286187984,512.989024226398,0,FALSE
2019-05-20 02:10:00,0,0.0713277286187984,0,0,FALSE
2019-05-20 02:11:00,1,0.0714078721341005,2.99913062963222,0,FALSE
2019-05-20 02:12:00,0,0.0714078721341005,0,0,FALSE
2019-05-20 02:13:00,8,0.0716983923770703,1592.92914411532,8,FALSE
2019-05-20 02:14:00,3,0.0720490202565167,1600.80757224357,3,FALSE
2019-05-20 02:15:00,0,0.0720490202565167,0,0,FALSE
2019-05-20 02:16:00,0,0.0720490202565167,0,0,FALSE
2019-05-20 02:17:00,4,0.0719889126200402,530.703706418212,4,FALSE
2019-05-20 02:18:00,0,0.0719889126200402,0,0,FALSE
2019-05-20 02:19:00,1,0.0720490202565167,50.4343141795617,0,FALSE
2019-05-20 02:20:00,1,0.0720490202565167,13.2570197271991,0,FALSE
2019-05-20 02:21:00,0,0.0720490202565167,0,0,FALSE
2019-05-20 02:22:00,1,0.0720490202565167,11.2396471600166,0,FALSE
2019-05-20 02:23:00,0,0.0720490202565167,0,0,FALSE
2019-05-20 02:24:00,1,0.0720490202565167,2.66581374949112,0,FALSE
2019-05-20 02:25:00,0,0.0720490202565167,0,0,FALSE
2019-05-20 02:26:00,0,0.0720490202565167,0,0,FALSE
2019-05-20 02:27:00,0,0.0720490202565167,0,0,FALSE
2019-05-20 02:28:00,0,0.0720490202565167,0,0,FALSE
2019-05-20 02:29:00,0,0.0720490202565167,0,0,FALSE
2019-05-20 02:30:00,0,0.0720490202565167,0,0,FALSE
2019-05-20 02:31:00,2,0.0720490202565167,155.33768767305,0,FALSE
2019-05-20 02:32:00,1,0.0720490202565167,67.4378829600996,0,FALSE
2019-05-20 02:33:00,0,0.0720490202565167,0,0,FALSE
2019-05-20 02:34:00,6,0.0721825927820201,882.227349935083,0,FALSE
2019-05-20 02:35:00,4,0.0723896301965503,300.375330759484,2,FALSE
2019-05-20 02:36:00,2,0.0725298813483288,24.2975102516902,0,FALSE
2019-05-20 02:37:00,2,0.0724497378329934,77.3763200056718,0,FALSE
2019-05-20 02:38:00,0,0.0724497378329934,0,0,FALSE
2019-05-20 02:39:00,1,0.0722894508024228,66.8677419922411,0,FALSE
2019-05-20 02:40:00,0,0.0722894508024228,0,0,FALSE
2019-05-20 02:41:00,0,0.0722894508024228,0,0,FALSE
2019-05-20 02:42:00,0,0.0722894508024228,0,0,FALSE
2019-05-20 02:43:00,3,0.0721291637718187,234.60675707961,3,FALSE
2019-05-20 02:44:00,2,0.0721291637718187,384.641508632156,0,FALSE
2019-05-20 02:45:00,0,0.0721291637718187,0,0,FALSE
2019-05-20 02:46:00,0,0.0721291637718187,0,0,FALSE
2019-05-20 02:47:00,0,0.0721291637718187,0,0,FALSE
2019-05-20 02:48:00,0,0.0721291637718187,0,0,FALSE
2019-05-20 02:49:00,1,0.0722093072871207,191.282455003583,0,FALSE
2019-05-20 02:50:00,0,0.0722093072871207,0,0,FALSE
2019-05-20 02:51:00,0,0.0722093072871207,0,0,FALSE
2019-05-20 02:52:00,0,0.0722093072871207,0,0,FALSE
2019-05-20 02:53:00,0,0.0722093072871207,0,0,FALSE
2019-05-20 02:54:00,1,0.0722093072871207,2.59953506233635,0,FALSE
2019-05-20 02:55:00,0,0.0722093072871207,0,0,FALSE
2019-05-20 02:56:00,0,0.0722093072871207,0,0,FALSE
2019-05-20 02:57:00,0,0.0722093072871207,0,0,FALSE
2019-05-20 02:58:00,0,0.0722093072871207,0,0,FALSE
2019-05-20 02:59:00,0,0.0722093072871207,0,0,FALSE
2019-05-20 03:00:00,1,0.0720490202565167,142.440913047134,0,FALSE
2019-05-20 03:01:00,1,0.0720490202565167,499.083563316891,0,FALSE
2019-05-20 03:02:00,1,0.0719688767412147,16.1929972667733,0,FALSE
2019-05-20 03:03:00,3,0.072022305751416,171.899986258335,0,FALSE
2019-05-20 03:04:00,0,0.072022305751416,0,0,FALSE
2019-05-20 03:05:00,1,0.0721291637718187,60.0114642581532,0,FALSE
2019-05-20 03:06:00,0,0.0721291637718187,0,0,FALSE
2019-05-20 03:07:00,0,0.0721291637718187,0,0,FALSE
2019-05-20 03:08:00,0,0.0721291637718187,0,0,FALSE
2019-05-20 03:09:00,1,0.0721291637718187,271.854818255985,0,FALSE
2019-05-20 03:10:00,0,0.0721291637718187,0,0,FALSE
2019-05-20 03:11:00,0,0.0721291637718187,0,0,FALSE
2019-05-20 03:12:00,0,0.0721291637718187,0,0,FALSE
2019-05-20 03:13:00,0,0.0721291637718187,0,0,FALSE
2019-05-20 03:14:00,0,0.0721291637718187,0,0,FALSE
2019-05-20 03:15:00,0,0.0721291637718187,0,0,FALSE
2019-05-20 03:16:00,0,0.0721291637718187,0,0,FALSE
2019-05-20 03:17:00,0,0.0721291637718187,0,0,FALSE
2019-05-20 03:18:00,0,0.0721291637718187,0,0,FALSE
2019-05-20 03:19:00,6,0.0717150889427581,408.705640967286,0,FALSE
2019-05-20 03:20:00,3,0.0715948736698052,206.385901179825,0,FALSE
2019-05-20 03:21:00,0,0.0715948736698052,0,0,FALSE
2019-05-20 03:22:00,0,0.0715948736698052,0,0,FALSE
2019-05-20 03:23:00,0,0.0715948736698052,0,0,FALSE
2019-05-20 03:24:00,5,0.0720009341473355,199.300973996581,5,FALSE
2019-05-20 03:25:00,0,0.0720009341473355,0,0,FALSE
2019-05-20 03:26:00,2,0.0716483026800066,64.770065622726,0,FALSE
2019-05-20 03:27:00,0,0.0716483026800066,0,0,FALSE
2019-05-20 03:28:00,2,0.0715681591647038,255.498328217994,0,FALSE
2019-05-20 03:29:00,3,0.0717017316902076,64.2452858845275,0,FALSE
2019-05-20 03:30:00,0,0.0717017316902076,0,0,FALSE
2019-05-20 03:31:00,0,0.0717017316902076,0,0,FALSE
2019-05-20 03:32:00,1,0.0716483026800066,9.60087255912088,0,FALSE
2019-05-20 03:33:00,0,0.0716483026800066,0,0,FALSE
2019-05-20 03:34:00,0,0.0716483026800066,0,0,FALSE
2019-05-20 03:35:00,0,0.0716483026800066,0,0,FALSE
2019-05-20 03:36:00,0,0.0716483026800066,0,0,FALSE
2019-05-20 03:37:00,0,0.0716483026800066,0,0,FALSE
2019-05-20 03:38:00,0,0.0716483026800066,0,0,FALSE
2019-05-20 03:39:00,0,0.0716483026800066,0,0,FALSE
2019-05-20 03:40:00,0,0.0716483026800066,0,0,FALSE
2019-05-20 03:41:00,0,0.0716483026800066,0,0,FALSE
2019-05-20 03:42:00,16,0.0715280874070531,826.81203613598,0,FALSE
2019-05-20 03:43:00,0,0.0715280874070531,0,0,FALSE
2019-05-20 03:44:00,8,0.0714980335888153,142.272371234453,0,FALSE
2019-05-20 03:45:00,4,0.071147405709365,158.185827919852,2,FALSE
2019-05-20 03:46:00,2,0.0715681591647038,277.612889399887,0,FALSE
2019-05-20 03:47:00,4,0.0716883744376576,344.444406523214,2,FALSE
2019-05-20 03:48:00,1,0.0718085897106106,43.0133452366558,0,FALSE
2019-05-20 03:49:00,2,0.0718486614682616,41.9399029927005,2,FALSE
2019-05-20 03:50:00,4,0.0717484820741341,153.573328183676,4,FALSE
2019-05-20 03:51:00,0,0.0717484820741341,0,0,FALSE
2019-05-20 03:52:00,0,0.0717484820741341,0,0,FALSE
2019-05-20 03:53:00,0,0.0717484820741341,0,0,FALSE
2019-05-20 03:54:00,17,0.0718180183594697,398.874275658158,0,FALSE
2019-05-20 03:55:00,2,0.0718486614682616,21.5553197321162,2,FALSE
2019-05-20 03:56:00,0,0.0718486614682616,0,0,FALSE
2019-05-20 03:57:00,0,0.0718486614682616,0,0,FALSE
2019-05-20 03:58:00,2,0.0718486614682616,188.265292083008,0,FALSE
2019-05-20 03:59:00,1,0.0718887332259126,172.101627342835,0,FALSE
2019-05-20 04:00:00,1,0.0715681591647046,16.3175402895526,0,FALSE
2019-05-20 04:01:00,0,0.0715681591647046,0,0,FALSE
2019-05-20 04:02:00,2,0.0717685179529596,454.435851372681,0,FALSE
2019-05-20 04:03:00,0,0.0717685179529596,0,0,FALSE
2019-05-20 04:04:00,0,0.0717685179529596,0,0,FALSE
2019-05-20 04:05:00,0,0.0717685179529596,0,0,FALSE
2019-05-20 04:06:00,1,0.0718085897106106,178.80338837942,0,FALSE
2019-05-20 04:07:00,1,0.0718085897106106,731.51410338199,0,FALSE
2019-05-20 04:08:00,0,0.0718085897106106,0,0,FALSE
2019-05-20 04:09:00,0,0.0718085897106106,0,0,FALSE
2019-05-20 04:10:00,0,0.0718085897106106,0,0,FALSE
2019-05-20 04:11:00,1,0.0714880156493815,2.7165445946765,0,FALSE
2019-05-20 04:12:00,0,0.0714880156493815,0,0,FALSE
2019-05-20 04:13:00,0,0.0714880156493815,0,0,FALSE
2019-05-20 04:14:00,1,0.0714078721340991,40.5596713721683,0,FALSE
2019-05-20 04:15:00,0,0.0714078721340991,0,0,FALSE
2019-05-20 04:16:00,0,0.0714078721340991,0,0,FALSE
2019-05-20 04:17:00,1,0.0714078721341005,58.8400866384988,0,FALSE
2019-05-20 04:18:00,0,0.0714078721341005,0,0,FALSE
2019-05-20 04:19:00,0,0.0714078721341005,0,0,FALSE
2019-05-20 04:20:00,0,0.0714078721341005,0,0,FALSE
2019-05-20 04:21:00,0,0.0714078721341005,0,0,FALSE
2019-05-20 04:22:00,3,0.0714078721341005,53.5559041005754,2,FALSE
2019-05-20 04:23:00,0,0.0714078721341005,0,0,FALSE
2019-05-20 04:24:00,0,0.0714078721341005,0,0,FALSE
2019-05-20 04:25:00,2,0.0713678003764468,58.5004384206481,0,FALSE
2019-05-20 04:26:00,0,0.0713678003764468,0,0,FALSE
2019-05-20 04:27:00,0,0.0713678003764468,0,0,FALSE
2019-05-20 04:28:00,0,0.0713678003764468,0,0,FALSE
2019-05-20 04:29:00,0,0.0713678003764468,0,0,FALSE
2019-05-20 04:30:00,1,0.0711674415881945,392.915445008422,0,FALSE
2019-05-20 04:31:00,1,0.0711674415881945,8.32659066581875,0,FALSE
2019-05-20 04:32:00,0,0.0711674415881945,0,0,FALSE
2019-05-20 04:33:00,2,0.0712475851034965,66.2602541462517,0,FALSE
2019-05-20 04:34:00,1,0.0712475851034965,430.477909195326,0,FALSE
2019-05-20 04:35:00,3,0.0712475851034963,431.546622971877,0,FALSE
2019-05-20 04:36:00,0,0.0712475851034963,0,0,FALSE
2019-05-20 04:37:00,0,0.0712475851034963,0,0,FALSE
2019-05-20 04:38:00,0,0.0712475851034963,0,0,FALSE
2019-05-20 04:39:00,1,0.0711674415881945,96.7165531183563,0,FALSE
2019-05-20 04:40:00,0,0.0711674415881945,0,0,FALSE
2019-05-20 04:41:00,0,0.0711674415881945,0,0,FALSE
2019-05-20 04:42:00,0,0.0711674415881945,0,0,FALSE
2019-05-20 04:43:00,0,0.0711674415881945,0,0,FALSE
2019-05-20 04:44:00,0,0.0711674415881945,0,0,FALSE
2019-05-20 04:45:00,1,0.0713277286187985,57.6328047239892,0,FALSE
2019-05-20 04:46:00,0,0.0713277286187985,0,0,FALSE
2019-05-20 04:47:00,3,0.0715414446596022,535.498131934122,0,FALSE
2019-05-20 04:48:00,0,0.0715414446596022,0,0,FALSE
2019-05-20 04:49:00,1,0.0715681591647039,85.3092457243271,0,FALSE
2019-05-20 04:50:00,0,0.0715681591647039,0,0,FALSE
2019-05-20 04:51:00,0,0.0715681591647039,0,0,FALSE
2019-05-20 04:52:00,7,0.071865835078683,889.899969516036,6,FALSE
2019-05-20 04:53:00,2,0.0718486614682616,106.069141067072,0,FALSE
2019-05-20 04:54:00,0,0.0718486614682616,0,0,FALSE
2019-05-20 04:55:00,1,0.0718085897106106,8.83245653440511,0,FALSE
2019-05-20 04:56:00,2,0.0716483026800066,79.5296159748073,0,FALSE
2019-05-20 04:57:00,0,0.0716483026800066,0,0,FALSE
2019-05-20 04:58:00,0,0.0716483026800066,0,0,FALSE
2019-05-20 04:59:00,0,0.0716483026800066,0,0,FALSE
2019-05-20 05:00:00,0,0.0716483026800066,0,0,FALSE
2019-05-20 05:01:00,0,0.0716483026800066,0,0,FALSE
2019-05-20 05:02:00,0,0.0716483026800066,0,0,FALSE
2019-05-20 05:03:00,2,0.0714880156493997,56.6899964099746,0,FALSE
2019-05-20 05:04:00,0,0.0714880156493997,0,0,FALSE
2019-05-20 05:05:00,1,0.0714880156494025,16.7281956619602,0,FALSE
2019-05-20 05:06:00,4,0.070386308716222,197.776682522206,4,FALSE
2019-05-20 05:07:00,0,0.070386308716222,0,0,FALSE
2019-05-20 05:08:00,0,0.070386308716222,0,0,FALSE
2019-05-20 05:09:00,0,0.070386308716222,0,0,FALSE
2019-05-20 05:10:00,0,0.070386308716222,0,0,FALSE
2019-05-20 05:11:00,2,0.0698949214730198,375.237450861477,0,FALSE
2019-05-20 05:12:00,1,0.0699735434319325,2.51904756354957,0,FALSE
2019-05-20 05:13:00,6,0.0697507812150144,718.073848991697,0,FALSE
2019-05-20 05:14:00,15,0.0695542263177336,2082.97291261352,6,FALSE
2019-05-20 05:15:00,1,0.0699735434319325,31.4181210009377,0,FALSE
2019-05-20 05:16:00,0,0.0699735434319325,0,0,FALSE
2019-05-20 05:17:00,0,0.0699735434319325,0,0,FALSE
2019-05-20 05:18:00,1,0.0693445677606342,10.2629960285739,0,FALSE
2019-05-20 05:19:00,0,0.0693445677606342,0,0,FALSE
2019-05-20 05:20:00,2,0.0691873238428097,80.5340449530304,0,FALSE
2019-05-20 05:21:00,6,0.0692135311624471,415.661795877777,0,FALSE
2019-05-20 05:22:00,3,0.0693183604409968,72.6018755183701,2,FALSE
2019-05-20 05:23:00,0,0.0693183604409968,0,0,FALSE
2019-05-20 05:24:00,0,0.0693183604409968,0,0,FALSE
2019-05-20 05:25:00,0,0.0693183604409968,0,0,FALSE
2019-05-20 05:26:00,2,0.0691873238428097,361.157830459466,0,FALSE
2019-05-20 05:27:00,0,0.0691873238428097,0,0,FALSE
2019-05-20 05:28:00,0,0.0691873238428097,0,0,FALSE
2019-05-20 05:29:00,0,0.0691873238428097,0,0,FALSE
2019-05-20 05:30:00,2,0.0690300799249851,450.283211350678,0,FALSE
2019-05-20 05:31:00,2,0.0690300799249851,67.0282076071605,0,FALSE
2019-05-20 05:32:00,2,0.0690300799249851,188.866298674759,0,FALSE
2019-05-20 05:33:00,0,0.0690300799249851,0,0,FALSE
2019-05-20 05:34:00,3,0.0689514579660728,47.0938457908277,0,FALSE
2019-05-20 05:35:00,4,0.0689514579660728,435.42845705575,0,FALSE
2019-05-20 05:36:00,0,0.0689514579660728,0,0,FALSE
2019-05-20 05:37:00,0,0.0689514579660728,0,0,FALSE
2019-05-20 05:38:00,0,0.0689514579660728,0,0,FALSE
2019-05-20 05:39:00,1,0.0690300799249851,135.298956652971,0,FALSE
2019-05-20 05:40:00,3,0.0688728360071605,163.572985517006,0,FALSE
2019-05-20 05:41:00,0,0.0688728360071605,0,0,FALSE
2019-05-20 05:42:00,3,0.0689514579660728,633.732850166175,0,FALSE
2019-05-20 05:43:00,0,0.0689514579660728,0,0,FALSE
2019-05-20 05:44:00,0,0.0689514579660728,0,0,FALSE
2019-05-20 05:45:00,5,0.068684143305771,841.536426974341,0,FALSE
2019-05-20 05:46:00,8,0.0687352475790631,1216.88803692016,4,FALSE
2019-05-20 05:47:00,5,0.0689200091825078,938.696343090716,0,FALSE
2019-05-20 05:48:00,3,0.0688204213678847,558.448786519512,0,FALSE
2019-05-20 05:49:00,6,0.0690300799249851,915.714751390862,5,FALSE
2019-05-20 05:50:00,0,0.0690300799249851,0,0,FALSE
2019-05-20 05:51:00,6,0.0693314641008155,62.7490502494417,5,FALSE
2019-05-20 05:52:00,0,0.0693314641008155,0,0,FALSE
2019-05-20 05:53:00,0,0.0693314641008155,0,0,FALSE
2019-05-20 05:54:00,0,0.0693314641008155,0,0,FALSE
2019-05-20 05:55:00,1,0.0690300799249851,15.7388582228966,0,FALSE
2019-05-20 05:56:00,1,0.0690300799249851,76.0021179974086,0,FALSE
2019-05-20 05:57:00,0,0.0690300799249851,0,0,FALSE
2019-05-20 05:58:00,0,0.0690300799249851,0,0,FALSE
2019-05-20 05:59:00,0,0.0690300799249851,0,0,FALSE
2019-05-20 06:00:00,0,0.0690300799249851,0,0,FALSE
2019-05-20 06:01:00,0,0.0690300799249851,0,0,FALSE
2019-05-20 06:02:00,1,0.0690300799249851,11.3899631876225,0,FALSE
2019-05-20 06:03:00,0,0.0690300799249851,0,0,FALSE
2019-05-20 06:04:00,0,0.0690300799249851,0,0,FALSE
2019-05-20 06:05:00,0,0.0690300799249851,0,0,FALSE
2019-05-20 06:06:00,1,0.0691087018838974,17.2771754709743,0,FALSE
2019-05-20 06:07:00,1,0.0691087018838974,9.39878345621004,0,FALSE
2019-05-20 06:08:00,1,0.0691087018838974,11.6102619164948,0,FALSE
2019-05-20 06:09:00,1,0.0692659458017219,2.90916972367232,0,FALSE
2019-05-20 06:10:00,0,0.0692659458017219,0,0,FALSE
2019-05-20 06:11:00,0,0.0692659458017219,0,0,FALSE
2019-05-20 06:12:00,0,0.0692659458017219,0,0,FALSE
2019-05-20 06:13:00,0,0.0692659458017219,0,0,FALSE
2019-05-20 06:14:00,2,0.0691480128633535,71.0707914905123,2,FALSE
2019-05-20 06:15:00,5,0.0693131189770693,189.044849143449,5,FALSE
2019-05-20 06:16:00,0,0.0693131189770693,0,0,FALSE
2019-05-20 06:17:00,0,0.0693131189770693,0,0,FALSE
2019-05-20 06:18:00,0,0.0693131189770693,0,0,FALSE
2019-05-20 06:19:00,2,0.0692266348222658,69.235440481664,2,FALSE
2019-05-20 06:20:00,0,0.0692266348222658,0,0,FALSE
2019-05-20 06:21:00,2,0.0691873238428097,28.366802775552,2,FALSE
2019-05-20 06:22:00,0,0.0691873238428097,0,0,FALSE
2019-05-20 06:23:00,0,0.0691873238428097,0,0,FALSE
2019-05-20 06:24:00,0,0.0691873238428097,0,0,FALSE
2019-05-20 06:25:00,1,0.0691087018838974,255.080218653465,0,FALSE
2019-05-20 06:26:00,1,0.0690300799249851,9.250030709948,0,FALSE
2019-05-20 06:27:00,0,0.0690300799249851,0,0,FALSE
2019-05-20 06:28:00,0,0.0690300799249851,0,0,FALSE
2019-05-20 06:29:00,0,0.0690300799249851,0,0,FALSE
2019-05-20 06:30:00,1,0.0689514579660728,19.0995538566022,0,FALSE
2019-05-20 06:31:00,2,0.0689514579660728,110.804992951479,0,FALSE
2019-05-20 06:32:00,1,0.0690300799249851,8.76682015047311,0,FALSE
2019-05-20 06:33:00,1,0.0690300799249851,55.638244419538,0,FALSE
2019-05-20 06:34:00,2,0.0690693909044412,522.368461977035,0,FALSE
2019-05-20 06:35:00,0,0.0690693909044412,0,0,FALSE
2019-05-20 06:36:00,0,0.0690693909044412,0,0,FALSE
2019-05-20 06:37:00,0,0.0690693909044412,0,0,FALSE
2019-05-20 06:38:00,0,0.0690693909044412,0,0,FALSE
2019-05-20 06:39:00,0,0.0690693909044412,0,0,FALSE
2019-05-20 06:40:00,0,0.0690693909044412,0,0,FALSE
2019-05-20 06:41:00,0,0.0690693909044412,0,0,FALSE
2019-05-20 06:42:00,0,0.0690693909044412,0,0,FALSE
2019-05-20 06:43:00,0,0.0690693909044412,0,0,FALSE
2019-05-20 06:44:00,2,0.0688728360071605,92.220727413588,0,FALSE
2019-05-20 06:45:00,1,0.0688728360071605,82.4407847005711,0,FALSE
2019-05-20 06:46:00,0,0.0688728360071605,0,0,FALSE
2019-05-20 06:47:00,2,0.0688728360071605,55.4426329857642,0,FALSE
2019-05-20 06:48:00,0,0.0688728360071605,0,0,FALSE
2019-05-20 06:49:00,6,0.0691218055437161,942.103976033893,4,FALSE
2019-05-20 06:50:00,2,0.0690693909044412,109.586588454215,2,FALSE
2019-05-20 06:51:00,0,0.0690693909044412,0,0,FALSE
2019-05-20 06:52:00,0,0.0690693909044412,0,0,FALSE
2019-05-20 06:53:00,2,0.0688728360071605,166.810008809343,0,FALSE
2019-05-20 06:54:00,0,0.0688728360071605,0,0,FALSE
2019-05-20 06:55:00,0,0.0688728360071605,0,0,FALSE
2019-05-20 06:56:00,2,0.0688728360071605,364.475048149893,0,FALSE
2019-05-20 06:57:00,2,0.0688728360071605,256.964551142716,0,FALSE
2019-05-20 06:58:00,1,0.0689514579660728,2.89596123457506,0,FALSE
2019-05-20 06:59:00,2,0.0690693909044412,69.058855561947,2,FALSE
2019-05-20 07:00:00,1,0.0691087018838974,360.194554218873,0,FALSE
2019-05-20 07:01:00,0,0.0691087018838974,0,0,FALSE
2019-05-20 07:02:00,1,0.0691873238428097,875.081271963856,0,FALSE
2019-05-20 07:03:00,0,0.0691873238428097,0,0,FALSE
2019-05-20 07:04:00,0,0.0691873238428097,0,0,FALSE
2019-05-20 07:05:00,1,0.0691087018838974,235.66067342409,0,FALSE
2019-05-20 07:06:00,0,0.0691087018838974,0,0,FALSE
2019-05-20 07:07:00,1,0.0691087018838974,10.3663052825846,0,FALSE
2019-05-20 07:08:00,0,0.0691087018838974,0,0,FALSE
2019-05-20 07:09:00,1,0.0691087018838974,786.180592631216,0,FALSE
2019-05-20 07:10:00,0,0.0691087018838974,0,0,FALSE
2019-05-20 07:11:00,0,0.0691087018838974,0,0,FALSE
2019-05-20 07:12:00,2,0.0692266348222658,79.7195214586992,0,FALSE
2019-05-20 07:13:00,0,0.0692266348222658,0,0,FALSE
2019-05-20 07:14:00,0,0.0692266348222658,0,0,FALSE
2019-05-20 07:15:00,0,0.0692266348222658,0,0,FALSE
2019-05-20 07:16:00,0,0.0692266348222658,0,0,FALSE
2019-05-20 07:17:00,0,0.0692266348222658,0,0,FALSE
2019-05-20 07:18:00,4,0.0692069793325377,1293.25637600218,3,FALSE
2019-05-20 07:19:00,1,0.0692659458017219,223.936802776967,0,FALSE
2019-05-20 07:20:00,0,0.0692659458017219,0,0,FALSE
2019-05-20 07:21:00,4,0.0692069793325377,674.548260806104,4,FALSE
2019-05-20 07:22:00,0,0.0692069793325377,0,0,FALSE
2019-05-20 07:23:00,5,0.069438914111329,1857.57248344944,4,FALSE
2019-05-20 07:24:00,0,0.069438914111329,0,0,FALSE
2019-05-20 07:25:00,0,0.069438914111329,0,0,FALSE
2019-05-20 07:26:00,2,0.0693838787400904,25.8129256842042,2,FALSE
2019-05-20 07:27:00,0,0.0693838787400904,0,0,FALSE
2019-05-20 07:28:00,3,0.0693183604409968,32.3021463069474,0,FALSE
2019-05-20 07:29:00,0,0.0693183604409968,0,0,FALSE
2019-05-20 07:30:00,0,0.0693183604409968,0,0,FALSE
2019-05-20 07:31:00,1,0.0694231897195465,19.0219539831557,0,FALSE
2019-05-20 07:32:00,0,0.0694231897195465,0,0,FALSE
2019-05-20 07:33:00,0,0.0694231897195465,0,0,FALSE
2019-05-20 07:34:00,0,0.0694231897195465,0,0,FALSE
2019-05-20 07:35:00,4,0.0695018116784588,1010.48683999311,0,FALSE
2019-05-20 07:36:00,0,0.0695018116784588,0,0,FALSE
2019-05-20 07:37:00,0,0.0695018116784588,0,0,FALSE
2019-05-20 07:38:00,0,0.0695018116784588,0,0,FALSE
2019-05-20 07:39:00,0,0.0695018116784588,0,0,FALSE
2019-05-20 07:40:00,0,0.0695018116784588,0,0,FALSE
2019-05-20 07:41:00,0,0.0695018116784588,0,0,FALSE
2019-05-20 07:42:00,0,0.0695018116784588,0,0,FALSE
2019-05-20 07:43:00,1,0.0695804336373711,984.284814234251,0,FALSE
2019-05-20 07:44:00,0,0.0695804336373711,0,0,FALSE
2019-05-20 07:45:00,2,0.0695804336373711,885.898081071008,0,FALSE
2019-05-20 07:46:00,0,0.0695804336373711,0,0,FALSE
2019-05-20 07:47:00,2,0.0692659458017219,78.1678384776064,2,FALSE
2019-05-20 07:48:00,0,0.0692659458017219,0,0,FALSE
2019-05-20 07:49:00,4,0.0694035342298184,90.4981202938198,0,FALSE
2019-05-20 07:50:00,0,0.0694035342298184,0,0,FALSE
2019-05-20 07:51:00,0,0.0694035342298184,0,0,FALSE
2019-05-20 07:52:00,1,0.0695018116784588,0.973025363498423,0,FALSE
2019-05-20 07:53:00,2,0.0695411226579149,119.701146224363,0,FALSE
2019-05-20 07:54:00,1,0.0695804336373711,20.804549657574,0,FALSE
2019-05-20 07:55:00,0,0.0695804336373711,0,0,FALSE
2019-05-20 07:56:00,0,0.0695804336373711,0,0,FALSE
2019-05-20 07:57:00,0,0.0695804336373711,0,0,FALSE
2019-05-20 07:58:00,0,0.0695804336373711,0,0,FALSE
2019-05-20 07:59:00,0,0.0695804336373711,0,0,FALSE
2019-05-20 08:00:00,1,0.0695804336373711,167.828005933339,0,FALSE
2019-05-20 08:01:00,1,0.069580433637371,509.954998128292,0,FALSE
2019-05-20 08:02:00,1,0.0696590555962834,128.93891190872,0,FALSE
2019-05-20 08:03:00,0,0.0696590555962834,0,0,FALSE
2019-05-20 08:04:00,1,0.0696590555962834,75.71939343316,0,FALSE
2019-05-20 08:05:00,1,0.0696590555962796,14.698060730815,0,FALSE
2019-05-20 08:06:00,2,0.0696590555962834,79.3416643241667,0,FALSE
2019-05-20 08:07:00,5,0.0699106458648024,858.900872819707,5,FALSE
2019-05-20 08:08:00,3,0.0699473361122932,812.529562831283,3,FALSE
2019-05-20 08:09:00,8,0.069983371176789,818.036087589581,0,FALSE
2019-05-20 08:10:00,0,0.069983371176789,0,0,FALSE
2019-05-20 08:11:00,2,0.0699342324524763,285.701348856909,0,FALSE
2019-05-20 08:12:00,2,0.0699735434319324,750.536226850907,0,FALSE
2019-05-20 08:13:00,0,0.0699735434319324,0,0,FALSE
2019-05-20 08:14:00,5,0.0698791970812375,650.763860283794,0,FALSE
2019-05-20 08:15:00,1,0.0698949214730202,19.7802627768647,0,FALSE
2019-05-20 08:16:00,2,0.0699735434319325,145.405023251556,0,FALSE
2019-05-20 08:17:00,5,0.0699892678237147,1106.71917423824,2,FALSE
2019-05-20 08:18:00,1,0.0699735434319274,10.8458992319487,0,FALSE
2019-05-20 08:19:00,0,0.0699735434319274,0,0,FALSE
2019-05-20 08:20:00,3,0.0698949214730193,222.615324891568,0,FALSE
2019-05-20 08:21:00,2,0.0699735434319322,88.5165324413938,0,FALSE
2019-05-20 08:22:00,2,0.0699735434319324,461.825386650754,0,FALSE
2019-05-20 08:23:00,0,0.0699735434319324,0,0,FALSE
2019-05-20 08:24:00,1,0.0699735434319325,71.2330672137073,0,FALSE
2019-05-20 08:25:00,1,0.070130787349757,786.166126190776,0,FALSE
2019-05-20 08:26:00,2,0.0700521653908448,174.920256980939,0,FALSE
2019-05-20 08:27:00,0,0.0700521653908448,0,0,FALSE
2019-05-20 08:28:00,8,0.0700521653908445,631.2400623369,0,FALSE
2019-05-20 08:29:00,3,0.0700783727104818,182.65422045718,0,FALSE
2019-05-20 08:30:00,5,0.0702251337004517,643.028953344045,3,FALSE
2019-05-20 08:31:00,0,0.0702251337004517,0,0,FALSE
2019-05-20 08:32:00,1,0.0702094093086691,226.495554429767,0,FALSE
2019-05-20 08:33:00,0,0.0702094093086691,0,0,FALSE
2019-05-20 08:34:00,6,0.0703142385872191,721.89951489041,2,FALSE
2019-05-20 08:35:00,6,0.0704845861648623,267.565621594613,5,FALSE
2019-05-20 08:36:00,3,0.0702880312675816,63.1889401095559,0,FALSE
2019-05-20 08:37:00,2,0.0702880312675816,462.143805584349,0,FALSE
2019-05-20 08:38:00,4,0.0706418300826869,2139.17982966187,4,FALSE
2019-05-20 08:39:00,3,0.0708907996192425,245.920131464513,0,FALSE
2019-05-20 08:40:00,2,0.0706025191032308,70.7437241414372,0,FALSE
2019-05-20 08:41:00,6,0.0708907996192425,2635.83041990303,5,FALSE
2019-05-20 08:42:00,0,0.0708907996192425,0,0,FALSE
2019-05-20 08:43:00,2,0.070681141062143,19.0839080867786,0,FALSE
2019-05-20 08:44:00,3,0.0707073483817805,486.987794246918,2,FALSE
2019-05-20 08:45:00,8,0.0708875237042878,917.00871159064,5,FALSE
2019-05-20 08:46:00,3,0.0708907996192425,357.684312314722,0,FALSE
2019-05-20 08:47:00,3,0.0707597630210553,235.417731571051,0,FALSE
2019-05-20 08:48:00,1,0.0707597630210553,200.250129349587,0,FALSE
2019-05-20 08:49:00,2,0.0708776959594238,723.46078975049,0,FALSE
2019-05-20 08:50:00,1,0.071231494774529,28.9912183732333,0,FALSE
2019-05-20 08:51:00,2,0.0711528728156167,341.249178023698,0,FALSE
2019-05-20 08:52:00,1,0.0711528728156167,22.4131549369193,0,FALSE
2019-05-20 08:53:00,1,0.0711528728156167,29.3861364728497,0,FALSE
2019-05-20 08:54:00,0,0.0711528728156167,0,0,FALSE
2019-05-20 08:55:00,0,0.0711528728156167,0,0,FALSE
2019-05-20 08:56:00,1,0.0710742508567045,35.3239026757821,0,FALSE
2019-05-20 08:57:00,1,0.0710742508567044,271.361489770898,0,FALSE
2019-05-20 08:58:00,0,0.0710742508567044,0,0,FALSE
2019-05-20 08:59:00,0,0.0710742508567044,0,0,FALSE
2019-05-20 09:00:00,0,0.0710742508567044,0,0,FALSE
2019-05-20 09:01:00,1,0.0710742508567045,356.081996792089,0,FALSE
2019-05-20 09:02:00,1,0.0710742508567045,11.7983256422129,0,FALSE
2019-05-20 09:03:00,2,0.071113561836157,78.4018174273285,0,FALSE
2019-05-20 09:04:00,1,0.0710742508567045,161.409623695576,0,FALSE
2019-05-20 09:05:00,0,0.0710742508567045,0,0,FALSE
2019-05-20 09:06:00,1,0.0711528728156167,213.529771319666,0,FALSE
2019-05-20 09:07:00,0,0.0711528728156167,0,0,FALSE
2019-05-20 09:08:00,0,0.0711528728156167,0,0,FALSE
2019-05-20 09:09:00,1,0.0711528728156167,330.50509422854,0,FALSE
2019-05-20 09:10:00,2,0.0712314947745267,1137.42450855968,0,FALSE
2019-05-20 09:11:00,2,0.071231494774529,1818.0414411303,0,FALSE
2019-05-20 09:12:00,2,0.0712314947745289,482.165988128786,0,FALSE
2019-05-20 09:13:00,14,0.0713831228381449,489.643408153097,3,FALSE
2019-05-20 09:14:00,2,0.0713887386923536,714.04974126869,2,FALSE
2019-05-20 09:15:00,1,0.0713101167334413,117.519072376711,0,FALSE
2019-05-20 09:16:00,0,0.0713101167334413,0,0,FALSE
2019-05-20 09:17:00,2,0.0713887386923494,197.543647035989,0,FALSE
2019-05-20 09:18:00,3,0.0713887386923535,894.448219102719,0,FALSE
2019-05-20 09:19:00,3,0.0713887386923511,281.913421498473,2,FALSE
2019-05-20 09:20:00,11,0.0713530014383017,1411.38846379253,2,FALSE
2019-05-20 09:21:00,13,0.0718060398588861,2744.58786117855,9,FALSE
2019-05-20 09:22:00,8,0.0714771883961288,1343.13021563819,0,FALSE
2019-05-20 09:23:00,8,0.0715066716307219,2165.90099621543,0,FALSE
2019-05-20 09:24:00,1,0.071781848486915,9.25985845481204,0,FALSE
2019-05-20 09:25:00,3,0.0717032265280027,116.30263342842,0,FALSE
2019-05-20 09:26:00,3,0.071781848486915,841.704127612701,0,FALSE
2019-05-20 09:27:00,1,0.0719390924047396,128.55515812727,0,FALSE
2019-05-20 09:28:00,0,0.0719390924047396,0,0,FALSE
2019-05-20 09:29:00,5,0.0719705411883045,841.335862357156,4,FALSE
2019-05-20 09:30:00,4,0.0719784033841957,1238.62692993745,0,FALSE
2019-05-20 09:31:00,3,0.0719390924047396,680.543814148836,0,FALSE
2019-05-20 09:32:00,5,0.0719705411883045,944.248625829102,0,FALSE
2019-05-20 09:33:00,1,0.0719390924047396,251.49906704697,0,FALSE
2019-05-20 09:34:00,0,0.0719390924047396,0,0,FALSE
2019-05-20 09:35:00,1,0.0719390924047396,13.0209757252579,0,FALSE
2019-05-20 09:36:00,0,0.0719390924047396,0,0,FALSE
2019-05-20 09:37:00,0,0.0719390924047396,0,0,FALSE
2019-05-20 09:38:00,0,0.0719390924047396,0,0,FALSE
2019-05-20 09:39:00,0,0.0719390924047396,0,0,FALSE
2019-05-20 09:40:00,0,0.0719390924047396,0,0,FALSE
2019-05-20 09:41:00,0,0.0719390924047396,0,0,FALSE
2019-05-20 09:42:00,4,0.0703978600509892,486.308417232234,2,FALSE
2019-05-20 09:43:00,0,0.0703978600509892,0,0,FALSE
2019-05-20 09:44:00,6,0.0699331877074185,861.087340241443,0,FALSE
2019-05-20 09:45:00,7,0.0701655238791993,82.7953181774552,0,FALSE
2019-05-20 09:46:00,6,0.0701655238792001,72.2704895955762,0,FALSE
2019-05-20 09:47:00,0,0.0701655238792001,0,0,FALSE
2019-05-20 09:48:00,0,0.0701655238792001,0,0,FALSE
2019-05-20 09:49:00,2,0.0701655238792039,278.416798752681,0,FALSE
2019-05-20 09:50:00,0,0.0701655238792039,0,0,FALSE
2019-05-20 09:51:00,1,0.0701655238792039,42.3799764230392,0,FALSE
2019-05-20 09:52:00,1,0.0700880784886087,266.615050570668,0,FALSE
2019-05-20 09:53:00,10,0.0701732684182627,890.161888778672,6,FALSE
2019-05-20 09:54:00,1,0.0704753054415845,90.4902921869945,0,FALSE
2019-05-20 09:55:00,0,0.0704753054415845,0,0,FALSE
2019-05-20 09:56:00,0,0.0704753054415845,0,0,FALSE
2019-05-20 09:57:00,3,0.0704753054415838,174.919708106011,0,FALSE
2019-05-20 09:58:00,0,0.0704753054415838,0,0,FALSE
2019-05-20 09:59:00,0,0.0704753054415838,0,0,FALSE
2019-05-20 10:00:00,0,0.0704753054415838,0,0,FALSE
2019-05-20 10:01:00,0,0.0704753054415838,0,0,FALSE
2019-05-20 10:02:00,4,0.0703204146603937,393.794322098207,0,FALSE
2019-05-20 10:03:00,1,0.0703204146603942,149.219919909356,0,FALSE
2019-05-20 10:04:00,0,0.0703204146603942,0,0,FALSE
2019-05-20 10:05:00,1,0.0703204146603942,70.3204146603942,0,FALSE
2019-05-20 10:06:00,5,0.070320414660393,250.129714947021,0,FALSE
2019-05-20 10:07:00,6,0.0703204146603933,296.752149866862,0,FALSE
2019-05-20 10:08:00,1,0.0703204146603942,21.0961243981183,0,FALSE
2019-05-20 10:09:00,0,0.0703204146603942,0,0,FALSE
2019-05-20 10:10:00,3,0.0703204146603942,392.317593390339,0,FALSE
2019-05-20 10:11:00,2,0.0703204146603942,64.5541406582419,0,FALSE
2019-05-20 10:12:00,0,0.0703204146603942,0,0,FALSE
2019-05-20 10:13:00,0,0.0703204146603942,0,0,FALSE
2019-05-20 10:14:00,3,0.0700106330980136,850.957560596989,0,FALSE
2019-05-20 10:15:00,9,0.0701827339660028,247.27306426953,0,FALSE
2019-05-20 10:16:00,2,0.0702429692697875,19.8085173340818,0,FALSE
2019-05-20 10:17:00,0,0.0702429692697875,0,0,FALSE
2019-05-20 10:18:00,0,0.0702429692697875,0,0,FALSE
2019-05-20 10:19:00,3,0.0702429692697987,186.003382626427,2,FALSE
2019-05-20 10:20:00,0,0.0702429692697987,0,0,FALSE
2019-05-20 10:21:00,0,0.0702429692697987,0,0,FALSE
2019-05-20 10:22:00,0,0.0702429692697987,0,0,FALSE
2019-05-20 10:23:00,0,0.0702429692697987,0,0,FALSE
2019-05-20 10:24:00,2,0.0701268011839063,170.886274718427,0,FALSE
2019-05-20 10:25:00,1,0.0701655238792039,8.77069048490049,0,FALSE
2019-05-20 10:26:00,2,0.0701655238792034,61.5351644420611,0,FALSE
2019-05-20 10:27:00,2,0.0701655238792039,290.625599907663,0,FALSE
2019-05-20 10:28:00,7,0.0703314782876211,860.404349341783,0,FALSE
2019-05-20 10:29:00,0,0.0703314782876211,0,0,FALSE
2019-05-20 10:30:00,1,0.070320414660394,241.409983529133,0,FALSE
2019-05-20 10:31:00,4,0.0706108348751259,262.703206446315,0,FALSE
2019-05-20 10:32:00,2,0.0705527508321786,61.6631042273242,0,FALSE
2019-05-20 10:33:00,2,0.0705527508321795,304.717330844183,0,FALSE
2019-05-20 10:34:00,8,0.0706882802657212,307.264896967811,0,FALSE
2019-05-20 10:35:00,15,0.0707179676654493,606.575300422204,0,FALSE
2019-05-20 10:36:00,4,0.0707270029610187,532.931316824419,0,FALSE
2019-05-20 10:37:00,3,0.0709916080455522,143.897485440705,0,FALSE
2019-05-20 10:38:00,2,0.0709787004804529,478.206545140514,0,FALSE
2019-05-20 10:39:00,0,0.0709787004804529,0,0,FALSE
2019-05-20 10:40:00,2,0.0708625323945602,1012.69645045066,0,FALSE
2019-05-20 10:41:00,3,0.0710948685663457,19.8971148609242,2,FALSE
2019-05-20 10:42:00,3,0.0710174231757505,107.520378688086,0,FALSE
2019-05-20 10:43:00,6,0.07118522152204,1851.78163266941,4,FALSE
2019-05-20 10:44:00,2,0.070978700480453,509.714582741025,0,FALSE
2019-05-20 10:45:00,0,0.070978700480453,0,0,FALSE
2019-05-20 10:46:00,18,0.0710174231757505,201.476429549604,0,FALSE
2019-05-20 10:47:00,28,0.0709925300144878,1090.41576539234,0,FALSE
2019-05-20 10:48:00,5,0.0706921525352508,449.898008961659,0,FALSE
2019-05-20 10:49:00,6,0.0707334567435683,698.76265345331,0,FALSE
2019-05-20 10:50:00,0,0.0707334567435683,0,0,FALSE
2019-05-20 10:51:00,3,0.070397860050983,97.0082511502626,0,FALSE
2019-05-20 10:52:00,1,0.0704753054415845,298.392443239669,0,FALSE
2019-05-20 10:53:00,0,0.0704753054415845,0,0,FALSE
2019-05-20 10:54:00,4,0.0705333894845234,769.782632326949,0,FALSE
2019-05-20 10:55:00,7,0.0704089236782166,157.433313363533,0,FALSE
2019-05-20 10:56:00,0,0.0704089236782166,0,0,FALSE
2019-05-20 10:57:00,2,0.070281691965095,26.2193693221583,0,FALSE
2019-05-20 10:58:00,1,0.0701655238792032,78.024062553674,0,FALSE
2019-05-20 10:59:00,2,0.0701655238792039,61.956157585337,0,FALSE
2019-05-20 11:00:00,0,0.0701655238792039,0,0,FALSE
2019-05-20 11:01:00,1,0.0701655238792039,51.0103358601812,0,FALSE
2019-05-20 11:02:00,3,0.0701655238792033,201.304888009434,0,FALSE
2019-05-20 11:03:00,4,0.0701655238792036,363.387248170396,0,FALSE
2019-05-20 11:04:00,0,0.0701655238792036,0,0,FALSE
2019-05-20 11:05:00,1,0.0701655238792039,340.864115005173,0,FALSE
2019-05-20 11:06:00,1,0.0701655238792039,95.9162711428717,0,FALSE
2019-05-20 11:07:00,2,0.0702816919650939,114.824021138942,0,FALSE
2019-05-20 11:08:00,4,0.0702429692697991,100.868903871431,0,FALSE
2019-05-20 11:09:00,3,0.070242969269799,688.4513418133,0,FALSE
2019-05-20 11:10:00,0,0.070242969269799,0,0,FALSE
2019-05-20 11:11:00,0,0.070242969269799,0,0,FALSE
2019-05-20 11:12:00,0,0.070242969269799,0,0,FALSE
2019-05-20 11:13:00,0,0.070242969269799,0,0,FALSE
2019-05-20 11:14:00,1,0.070242969269799,507.856667820647,0,FALSE
2019-05-20 11:15:00,0,0.070242969269799,0,0,FALSE
2019-05-20 11:16:00,7,0.0701655238792036,1587.63530881475,0,FALSE
2019-05-20 11:17:00,1,0.0701655238792032,77.3925728387611,0,FALSE
2019-05-20 11:18:00,1,0.0700106330980136,6.86104204360533,0,FALSE
2019-05-20 11:19:00,3,0.0701655238792039,102.862658006913,2,FALSE
2019-05-20 11:20:00,0,0.0701655238792039,0,0,FALSE
2019-05-20 11:21:00,0,0.0701655238792039,0,0,FALSE
2019-05-20 11:22:00,0,0.0701655238792039,0,0,FALSE
2019-05-20 11:23:00,0,0.0701655238792039,0,0,FALSE
2019-05-20 11:24:00,0,0.0701655238792039,0,0,FALSE
2019-05-20 11:25:00,0,0.0701655238792039,0,0,FALSE
2019-05-20 11:26:00,2,0.0700880784886077,96.2309317648591,0,FALSE
2019-05-20 11:27:00,1,0.0700880784886088,168.28147645115,0,FALSE
2019-05-20 11:28:00,7,0.0700106330980136,175.936720975308,0,FALSE
2019-05-20 11:29:00,0,0.0700106330980136,0,0,FALSE
2019-05-20 11:30:00,3,0.0699590028376168,72.2080686107603,0,FALSE
2019-05-20 11:31:00,0,0.0699590028376168,0,0,FALSE
2019-05-20 11:32:00,4,0.0699138263597697,65.6545622132083,0,FALSE
2019-05-20 11:33:00,4,0.0700106330980136,233.835514547365,0,FALSE
2019-05-20 11:34:00,1,0.0701655238792039,8.41986286550447,0,FALSE
2019-05-20 11:35:00,7,0.070099142115835,262.971554724726,2,FALSE
2019-05-20 11:36:00,15,0.07005193730633,276.734297641998,0,FALSE
2019-05-20 11:37:00,0,0.07005193730633,0,0,FALSE
2019-05-20 11:38:00,0,0.07005193730633,0,0,FALSE
2019-05-20 11:39:00,0,0.07005193730633,0,0,FALSE
2019-05-20 11:40:00,0,0.07005193730633,0,0,FALSE
2019-05-20 11:41:00,1,0.0700880784886088,11.4944448721318,0,FALSE
2019-05-20 11:42:00,2,0.0700880784886081,171.855968454067,0,FALSE
2019-05-20 11:43:00,8,0.0701848852268514,368.95735299817,4,FALSE
2019-05-20 11:44:00,2,0.0701655238792039,92.6184915205492,0,FALSE
2019-05-20 11:45:00,0,0.0701655238792039,0,0,FALSE
2019-05-20 11:46:00,1,0.0700880784886088,58.5235455379883,0,FALSE
2019-05-20 11:47:00,15,0.0701448717750445,224.133698131339,0,FALSE
2019-05-20 11:48:00,8,0.0701655238792001,87.7069048490002,0,FALSE
2019-05-20 11:49:00,0,0.0701655238792001,0,0,FALSE
2019-05-20 11:50:00,6,0.0701397087490043,286.264107845515,0,FALSE
2019-05-20 11:51:00,0,0.0701397087490043,0,0,FALSE
2019-05-20 11:52:00,1,0.0702429692697991,2.87996174006176,0,FALSE
2019-05-20 11:53:00,8,0.0704462634201098,744.246253904445,5,FALSE
2019-05-20 11:54:00,1,0.0703978600509893,1540.6571672159,0,FALSE
2019-05-20 11:55:00,0,0.0703978600509893,0,0,FALSE
2019-05-20 11:56:00,2,0.0704753054415842,224.252421915121,0,FALSE
2019-05-20 11:57:00,0,0.0704753054415842,0,0,FALSE
2019-05-20 11:58:00,0,0.0704753054415842,0,0,FALSE
2019-05-20 11:59:00,0,0.0704753054415842,0,0,FALSE
2019-05-20 12:00:00,1,0.0705527508321741,9.87738511650438,0,FALSE
2019-05-20 12:01:00,0,0.0705527508321741,0,0,FALSE
2019-05-20 12:02:00,1,0.0705527508321772,22.2241165121358,0,FALSE
2019-05-20 12:03:00,1,0.0705527508321742,10.0184906181687,0,FALSE
2019-05-20 12:04:00,0,0.0705527508321742,0,0,FALSE
2019-05-20 12:05:00,1,0.0704753054415801,12.2627031468349,0,FALSE
2019-05-20 12:06:00,0,0.0704753054415801,0,0,FALSE
2019-05-20 12:07:00,0,0.0704753054415801,0,0,FALSE
2019-05-20 12:08:00,1,0.0703204146603933,60.4755566079382,0,FALSE
2019-05-20 12:09:00,0,0.0703204146603933,0,0,FALSE
2019-05-20 12:10:00,1,0.0701655238792039,15.5065807773041,0,FALSE
2019-05-20 12:11:00,3,0.070165523879197,24.978926500995,0,FALSE
2019-05-20 12:12:00,9,0.0702429692697977,175.607423174495,0,FALSE
2019-05-20 12:13:00,2,0.0703204146603929,42.6844916988585,0,FALSE
2019-05-20 12:14:00,1,0.0703204146603942,21.4477264714202,0,FALSE
2019-05-20 12:15:00,0,0.0703204146603942,0,0,FALSE
2019-05-20 12:16:00,2,0.0703591373556918,126.599670224326,2,FALSE
2019-05-20 12:17:00,0,0.0703591373556918,0,0,FALSE
2019-05-20 12:18:00,0,0.0703591373556918,0,0,FALSE
2019-05-20 12:19:00,0,0.0703591373556918,0,0,FALSE
2019-05-20 12:20:00,0,0.0703591373556918,0,0,FALSE
2019-05-20 12:21:00,1,0.0703204146603942,9.91517846711558,0,FALSE
2019-05-20 12:22:00,16,0.0703058936496543,304.634619167019,2,FALSE
2019-05-20 12:23:00,4,0.0703784987033402,243.337754191827,2,FALSE
2019-05-20 12:24:00,0,0.0703784987033402,0,0,FALSE
2019-05-20 12:25:00,1,0.0703204146603938,156.884845107339,0,FALSE
2019-05-20 12:26:00,0,0.0703204146603938,0,0,FALSE
2019-05-20 12:27:00,0,0.0703204146603938,0,0,FALSE
2019-05-20 12:28:00,1,0.0703978600509892,366.772850865654,0,FALSE
2019-05-20 12:29:00,1,0.0703978600509894,10.9116683079033,0,FALSE
2019-05-20 12:30:00,1,0.0703978600509893,2.25273152163166,0,FALSE
2019-05-20 12:31:00,1,0.0703978600509868,21.330551595449,0,FALSE
2019-05-20 12:32:00,0,0.0703978600509868,0,0,FALSE
2019-05-20 12:33:00,0,0.0703978600509868,0,0,FALSE
2019-05-20 12:34:00,3,0.0703462297905895,275.943889985587,2,FALSE
2019-05-20 12:35:00,0,0.0703462297905895,0,0,FALSE
2019-05-20 12:36:00,2,0.0703204146603942,72.8519495881684,0,FALSE
2019-05-20 12:37:00,0,0.0703204146603942,0,0,FALSE
2019-05-20 12:38:00,0,0.0703204146603942,0,0,FALSE
2019-05-20 12:39:00,0,0.0703204146603942,0,0,FALSE
2019-05-20 12:40:00,4,0.0703204146603942,43.1064141868216,0,FALSE
2019-05-20 12:41:00,12,0.0703204146603942,129.319242560465,0,FALSE
2019-05-20 12:42:00,0,0.0703204146603942,0,0,FALSE
2019-05-20 12:43:00,0,0.0703204146603942,0,0,FALSE
2019-05-20 12:44:00,4,0.0702429692697991,198.997557487435,0,FALSE
2019-05-20 12:45:00,3,0.0701913390094013,92.0157340455456,2,FALSE
2019-05-20 12:46:00,10,0.0701577793401425,872.684167919938,2,FALSE
2019-05-20 12:47:00,17,0.070242969269799,234.11981657624,0,FALSE
2019-05-20 12:48:00,10,0.0702042465745009,529.074304036607,4,FALSE
2019-05-20 12:49:00,4,0.0701655238792039,356.824370880583,0,FALSE
2019-05-20 12:50:00,7,0.0701876511336597,630.309602050946,0,FALSE
2019-05-20 12:51:00,4,0.0701655238792032,203.760681345206,0,FALSE
2019-05-20 12:52:00,0,0.0701655238792032,0,0,FALSE
2019-05-20 12:53:00,5,0.069685362457514,106.860931187169,0,FALSE
2019-05-20 12:54:00,10,0.0692284346530024,328.360479248195,2,FALSE
2019-05-20 12:55:00,11,0.0693136245826573,419.624683223407,0,FALSE
2019-05-20 12:56:00,5,0.0692206901139429,227.175365846963,0,FALSE
2019-05-20 12:57:00,2,0.0690812884108707,149.699151986358,0,FALSE
2019-05-20 12:58:00,5,0.0691122665671096,1938.98661394197,2,FALSE
2019-05-20 12:59:00,3,0.0691845489316654,72.6868360154195,0,FALSE
2019-05-20 13:00:00,0,0.0691845489316654,0,0,FALSE
2019-05-20 13:01:00,0,0.0691845489316654,0,0,FALSE
2019-05-20 13:02:00,0,0.0691845489316654,0,0,FALSE
2019-05-20 13:03:00,2,0.0690038430202767,328.613803120832,0,FALSE
2019-05-20 13:04:00,1,0.0690038430202746,25.393414231461,0,FALSE
2019-05-20 13:05:00,0,0.0690038430202746,0,0,FALSE
2019-05-20 13:06:00,3,0.0690554732806731,72.6197683071634,2,FALSE
2019-05-20 13:07:00,5,0.0685546597548248,324.786219581448,3,FALSE
2019-05-20 13:08:00,3,0.0687198765880945,100.131081635231,2,FALSE
2019-05-20 13:09:00,0,0.0687198765880945,0,0,FALSE
2019-05-20 13:10:00,4,0.0686553387625985,133.173777095776,0,FALSE
2019-05-20 13:11:00,0,0.0686553387625985,0,0,FALSE
2019-05-20 13:12:00,3,0.068616616067301,30.9460938463527,0,FALSE
2019-05-20 13:13:00,2,0.0686553387625985,70.8232675815285,0,FALSE
2019-05-20 13:14:00,2,0.0687327841531937,21.8556313436849,0,FALSE
2019-05-20 13:15:00,1,0.0686940614578961,57.8403997475485,0,FALSE
2019-05-20 13:16:00,3,0.0687456917182929,158.268252119541,0,FALSE
2019-05-20 13:17:00,5,0.0689573757859195,1624.66225983985,2,FALSE
2019-05-20 13:18:00,0,0.0689573757859195,0,0,FALSE
2019-05-20 13:19:00,2,0.0690425657155724,24.1024770156305,0,FALSE
2019-05-20 13:20:00,0,0.0690425657155724,0,0,FALSE
2019-05-20 13:21:00,0,0.0690425657155724,0,0,FALSE
2019-05-20 13:22:00,0,0.0690425657155724,0,0,FALSE
2019-05-20 13:23:00,3,0.069365254843054,555.494566701972,2,FALSE
2019-05-20 13:24:00,2,0.0693136245826573,567.401330833633,0,FALSE
2019-05-20 13:25:00,5,0.0693600918170144,4444.4249233381,4,FALSE
2019-05-20 13:26:00,5,0.0691432447233474,780.210576725195,2,FALSE
2019-05-20 13:27:00,2,0.0690812884108716,117.438190298481,0,FALSE
2019-05-20 13:28:00,4,0.0692942632350082,939.457428800296,0,FALSE
2019-05-20 13:29:00,1,0.0693910699732524,78.2037358598555,0,FALSE
2019-05-20 13:30:00,0,0.0693910699732524,0,0,FALSE
2019-05-20 13:31:00,2,0.0691587338014668,170.614596288218,0,FALSE
2019-05-20 13:32:00,3,0.0693394397128557,52.8263528242469,0,FALSE
2019-05-20 13:33:00,6,0.0695072380591451,164.028253045055,0,FALSE
2019-05-20 13:34:00,1,0.0694685153638476,33.2059503439191,0,FALSE
2019-05-20 13:35:00,0,0.0694685153638476,0,0,FALSE
2019-05-20 13:36:00,0,0.0694685153638476,0,0,FALSE
2019-05-20 13:37:00,1,0.0694685153638476,7.98887926684247,0,FALSE
2019-05-20 13:38:00,1,0.0694685153638476,15.4220104107742,0,FALSE
2019-05-20 13:39:00,3,0.0695975910148395,55.1104497290696,2,FALSE
2019-05-20 13:40:00,1,0.069700851535633,15.1250847832324,0,FALSE
2019-05-20 13:41:00,1,0.069700851535633,9.82782006652426,0,FALSE
2019-05-20 13:42:00,1,0.069700851535633,7.87619622352653,0,FALSE
2019-05-20 13:43:00,1,0.069700851535633,47.1177756380879,0,FALSE
2019-05-20 13:44:00,1,0.0696234061450379,185.337507158091,0,FALSE
2019-05-20 13:45:00,4,0.0697589355785794,77.5647339420549,2,FALSE
2019-05-20 13:46:00,0,0.0697589355785794,0,0,FALSE
2019-05-20 13:47:00,1,0.0696234061450379,7.7281980820992,0,FALSE
2019-05-20 13:48:00,0,0.0696234061450379,0,0,FALSE
2019-05-20 13:49:00,5,0.0695924279887998,201.360338909102,4,FALSE
2019-05-20 13:50:00,0,0.0695924279887998,0,0,FALSE
2019-05-20 13:51:00,1,0.0696234061450379,38.8498606289311,0,FALSE
2019-05-20 13:52:00,0,0.0696234061450379,0,0,FALSE
2019-05-20 13:53:00,1,0.0696234061450379,7.7281980820992,0,FALSE
2019-05-20 13:54:00,0,0.0696234061450379,0,0,FALSE
2019-05-20 13:55:00,0,0.0696234061450379,0,0,FALSE
2019-05-20 13:56:00,1,0.0696234061450379,7.79782148824424,0,FALSE
2019-05-20 13:57:00,2,0.0697782969262282,102.20909635568,2,FALSE
2019-05-20 13:58:00,1,0.0700106330980136,7.84119090697753,0,FALSE
2019-05-20 13:59:00,0,0.0700106330980136,0,0,FALSE
2019-05-20 14:00:00,0,0.0700106330980136,0,0,FALSE
2019-05-20 14:01:00,2,0.0697782969262282,15.5605602145489,0,FALSE
2019-05-20 14:02:00,1,0.0697782969262282,7.74539095881133,0,FALSE
2019-05-20 14:03:00,0,0.0697782969262282,0,0,FALSE
2019-05-20 14:04:00,1,0.069700851535633,266.605757123796,0,FALSE
2019-05-20 14:05:00,4,0.0695653221020915,372.877638670098,0,FALSE
2019-05-20 14:06:00,2,0.0696234061450379,54.9328674484349,0,FALSE
2019-05-20 14:07:00,3,0.0695975910148395,18.507976889819,2,FALSE
2019-05-20 14:08:00,3,0.0694685153638476,190.552137643034,0,FALSE
2019-05-20 14:09:00,1,0.0695459607544427,7.71960164374314,0,FALSE
2019-05-20 14:10:00,1,0.0695459607544427,7.71960164374314,0,FALSE
2019-05-20 14:11:00,1,0.0693910699732524,7.70240876703102,0,FALSE
2019-05-20 14:12:00,1,0.0695459607544427,2.36456266565105,0,FALSE
2019-05-20 14:13:00,0,0.0695459607544427,0,0,FALSE
2019-05-20 14:14:00,3,0.069365254843054,573.03292730154,0,FALSE
2019-05-20 14:15:00,2,0.06942979266855,201.104614229357,0,FALSE
2019-05-20 14:16:00,2,0.0691357754309408,15.3481421456689,2,FALSE
2019-05-20 14:17:00,0,0.0691357754309408,0,0,FALSE
2019-05-20 14:18:00,1,0.0691357754309409,7.74320684826538,0,FALSE
2019-05-20 14:19:00,2,0.0691357754309408,15.4172779210998,0,FALSE
2019-05-20 14:20:00,0,0.0691357754309408,0,0,FALSE
2019-05-20 14:21:00,0,0.0691357754309408,0,0,FALSE
2019-05-20 14:22:00,1,0.0691357754309409,860.671268339783,0,FALSE
2019-05-20 14:23:00,0,0.0691357754309409,0,0,FALSE
2019-05-20 14:24:00,2,0.0692128498740077,229.302171632587,0,FALSE
2019-05-20 14:25:00,0,0.0692128498740077,0,0,FALSE
2019-05-20 14:26:00,1,0.0692899243170745,142.806534017491,0,FALSE
2019-05-20 14:27:00,3,0.0693156157980968,465.264654188351,2,FALSE
2019-05-20 14:28:00,0,0.0693156157980968,0,0,FALSE
2019-05-20 14:29:00,1,0.0692899243170745,7.76047152351234,0,FALSE
2019-05-20 14:30:00,0,0.0692899243170745,0,0,FALSE
2019-05-20 14:31:00,0,0.0692899243170745,0,0,FALSE
2019-05-20 14:32:00,1,0.0693669987601413,9.71137982641979,0,FALSE
2019-05-20 14:33:00,1,0.0693669987601413,7.69973686237569,0,FALSE
2019-05-20 14:34:00,2,0.0692128498740077,167.805244253999,0,FALSE
2019-05-20 14:35:00,1,0.069058700987874,791.205537218073,0,FALSE
2019-05-20 14:36:00,0,0.069058700987874,0,0,FALSE
2019-05-20 14:37:00,1,0.0693669987601413,7.69973686237569,0,FALSE
2019-05-20 14:38:00,1,0.0693669987601413,42.4526032412065,0,FALSE
2019-05-20 14:39:00,1,0.0693669987601413,34.6834993800707,0,FALSE
2019-05-20 14:40:00,1,0.0693669987601413,7.90783785865611,0,FALSE
2019-05-20 14:41:00,1,0.0693669987601413,7.83847085989597,0,FALSE
2019-05-20 14:42:00,0,0.0693669987601413,0,0,FALSE
2019-05-20 14:43:00,0,0.0693669987601413,0,0,FALSE
2019-05-20 14:44:00,1,0.0693669987601413,33.0186914098273,0,FALSE
2019-05-20 14:45:00,0,0.0693669987601413,0,0,FALSE
2019-05-20 14:46:00,1,0.0693669987601413,74.9163586609526,0,FALSE
2019-05-20 14:47:00,1,0.0694440732032082,7.70829212555611,0,FALSE
2019-05-20 14:48:00,1,0.0693669987601413,26.012624535053,0,FALSE
2019-05-20 14:49:00,0,0.0693669987601413,0,0,FALSE
2019-05-20 14:50:00,2,0.0692899243170745,131.858725975393,0,FALSE
2019-05-20 14:51:00,1,0.0692899243170745,7.69118159919527,0,FALSE
2019-05-20 14:52:00,0,0.0692899243170745,0,0,FALSE
2019-05-20 14:53:00,0,0.0692899243170745,0,0,FALSE
2019-05-20 14:54:00,0,0.0692899243170745,0,0,FALSE
2019-05-20 14:55:00,0,0.0692899243170745,0,0,FALSE
2019-05-20 14:56:00,0,0.0692899243170745,0,0,FALSE
2019-05-20 14:57:00,0,0.0692899243170745,0,0,FALSE
2019-05-20 14:58:00,1,0.0692128498740077,131.781266160111,0,FALSE
2019-05-20 14:59:00,5,0.0692128498740077,700.434040724958,0,FALSE
2019-05-20 15:00:00,0,0.0692128498740077,0,0,FALSE
2019-05-20 15:01:00,3,0.0692642328360522,136.146146019871,0,FALSE
2019-05-20 15:02:00,0,0.0692642328360522,0,0,FALSE
2019-05-20 15:03:00,0,0.0692642328360522,0,0,FALSE
2019-05-20 15:04:00,0,0.0692642328360522,0,0,FALSE
2019-05-20 15:05:00,0,0.0692642328360522,0,0,FALSE
2019-05-20 15:06:00,0,0.0692642328360522,0,0,FALSE
2019-05-20 15:07:00,1,0.0691357754309408,119.881434597251,0,FALSE
2019-05-20 15:08:00,1,0.0691357754309409,7.74320684826538,0,FALSE
2019-05-20 15:09:00,0,0.0691357754309409,0,0,FALSE
2019-05-20 15:10:00,0,0.0691357754309409,0,0,FALSE
2019-05-20 15:11:00,1,0.0692128498740077,69.2128498740077,0,FALSE
2019-05-20 15:12:00,1,0.0692128498740077,9.96665038185711,0,FALSE
2019-05-20 15:13:00,0,0.0692128498740077,0,0,FALSE
2019-05-20 15:14:00,0,0.0692128498740077,0,0,FALSE
2019-05-20 15:15:00,0,0.0692128498740077,0,0,FALSE
2019-05-20 15:16:00,0,0.0692128498740077,0,0,FALSE
2019-05-20 15:17:00,0,0.0692128498740077,0,0,FALSE
2019-05-20 15:18:00,0,0.0692128498740077,0,0,FALSE
2019-05-20 15:19:00,1,0.0692128498740077,7.68262633601485,0,FALSE
2019-05-20 15:20:00,0,0.0692128498740077,0,0,FALSE
2019-05-20 15:21:00,0,0.0692128498740077,0,0,FALSE
2019-05-20 15:22:00,2,0.0691743126524743,111.262353777975,0,FALSE
2019-05-20 15:23:00,0,0.0691743126524743,0,0,FALSE
2019-05-20 15:24:00,5,0.0689816265448072,780.389141101404,2,FALSE
2019-05-20 15:25:00,0,0.0689816265448072,0,0,FALSE
2019-05-20 15:26:00,2,0.0689816265448072,156.864218762892,0,FALSE
2019-05-20 15:27:00,1,0.0689816265448072,41.3199943003395,0,FALSE
2019-05-20 15:28:00,1,0.0689816265448072,41.3199943003395,0,FALSE
2019-05-20 15:29:00,1,0.0689816265448072,41.3199943003395,0,FALSE
2019-05-20 15:30:00,0,0.0689816265448072,0,0,FALSE
2019-05-20 15:31:00,0,0.0689816265448072,0,0,FALSE
2019-05-20 15:32:00,1,0.0691357754309409,7.74320684826538,0,FALSE
2019-05-20 15:33:00,0,0.0691357754309409,0,0,FALSE
2019-05-20 15:34:00,2,0.0689430893232738,158.478465898483,2,FALSE
2019-05-20 15:35:00,0,0.0689430893232738,0,0,FALSE
2019-05-20 15:36:00,0,0.0689430893232738,0,0,FALSE
2019-05-20 15:37:00,0,0.0689430893232738,0,0,FALSE
2019-05-20 15:38:00,0,0.0689430893232738,0,0,FALSE
2019-05-20 15:39:00,0,0.0689430893232738,0,0,FALSE
2019-05-20 15:40:00,0,0.0689430893232738,0,0,FALSE
2019-05-20 15:41:00,0,0.0689430893232738,0,0,FALSE
2019-05-20 15:42:00,0,0.0689430893232738,0,0,FALSE
2019-05-20 15:43:00,0,0.0689430893232738,0,0,FALSE
2019-05-20 15:44:00,0,0.0689430893232738,0,0,FALSE
2019-05-20 15:45:00,0,0.0689430893232738,0,0,FALSE
2019-05-20 15:46:00,0,0.0689430893232738,0,0,FALSE
2019-05-20 15:47:00,0,0.0689430893232738,0,0,FALSE
2019-05-20 15:48:00,0,0.0689430893232738,0,0,FALSE
2019-05-20 15:49:00,0,0.0689430893232738,0,0,FALSE
2019-05-20 15:50:00,0,0.0689430893232738,0,0,FALSE
2019-05-20 15:51:00,0,0.0689430893232738,0,0,FALSE
2019-05-20 15:52:00,0,0.0689430893232738,0,0,FALSE
2019-05-20 15:53:00,1,0.0689045521017404,60.4981967453281,0,FALSE
2019-05-20 15:54:00,0,0.0689045521017404,0,0,FALSE
2019-05-20 15:55:00,1,0.0686733287725399,10.9190592748338,0,FALSE
2019-05-20 15:56:00,1,0.0686733287725399,7.76008615129701,0,FALSE
2019-05-20 15:57:00,0,0.0686733287725399,0,0,FALSE
2019-05-20 15:58:00,1,0.0686733287725399,14.1467057271432,0,FALSE
2019-05-20 15:59:00,0,0.0686733287725399,0,0,FALSE
2019-05-20 16:00:00,0,0.0686733287725399,0,0,FALSE
2019-05-20 16:01:00,0,0.0686733287725399,0,0,FALSE
2019-05-20 16:02:00,1,0.0687504032156033,15.4688407235107,0,FALSE
2019-05-20 16:03:00,0,0.0687504032156033,0,0,FALSE
2019-05-20 16:04:00,0,0.0687504032156033,0,0,FALSE
2019-05-20 16:05:00,0,0.0687504032156033,0,0,FALSE
2019-05-20 16:06:00,2,0.0686733287725399,16.0695589327743,0,FALSE
2019-05-20 16:07:00,3,0.0687247117345844,1269.0184502588,2,FALSE
2019-05-20 16:08:00,0,0.0687247117345844,0,0,FALSE
2019-05-20 16:09:00,0,0.0687247117345844,0,0,FALSE
2019-05-20 16:10:00,0,0.0687247117345844,0,0,FALSE
2019-05-20 16:11:00,0,0.0687247117345844,0,0,FALSE
2019-05-20 16:12:00,2,0.0687504032156061,154.138404009389,2,FALSE
2019-05-20 16:13:00,0,0.0687504032156061,0,0,FALSE
2019-05-20 16:14:00,0,0.0687504032156061,0,0,FALSE
2019-05-20 16:15:00,0,0.0687504032156061,0,0,FALSE
2019-05-20 16:16:00,2,0.0687504032156067,46.3385425117496,0,FALSE
2019-05-20 16:17:00,0,0.0687504032156067,0,0,FALSE
2019-05-20 16:18:00,0,0.0687504032156067,0,0,FALSE
2019-05-20 16:19:00,2,0.0687504032156064,2014.3381802437,2,FALSE
2019-05-20 16:20:00,0,0.0687504032156064,0,0,FALSE
2019-05-20 16:21:00,0,0.0687504032156064,0,0,FALSE
2019-05-20 16:22:00,0,0.0687504032156064,0,0,FALSE
2019-05-20 16:23:00,0,0.0687504032156064,0,0,FALSE
2019-05-20 16:24:00,1,0.0688274776586734,384.676772634326,0,FALSE
2019-05-20 16:25:00,0,0.0688274776586734,0,0,FALSE
2019-05-20 16:26:00,0,0.0688274776586734,0,0,FALSE
2019-05-20 16:27:00,1,0.0688274776586702,16.0368022944702,0,FALSE
2019-05-20 16:28:00,0,0.0688274776586702,0,0,FALSE
2019-05-20 16:29:00,2,0.0688274776586736,3856.33474573782,0,FALSE
2019-05-20 16:30:00,0,0.0688274776586736,0,0,FALSE
2019-05-20 16:31:00,0,0.0688274776586736,0,0,FALSE
2019-05-20 16:32:00,13,0.0685191798864063,388.161154056491,0,FALSE
2019-05-20 16:33:00,0,0.0685191798864063,0,0,FALSE
2019-05-20 16:34:00,2,0.0686733287725399,28.9114714132393,0,FALSE
2019-05-20 16:35:00,5,0.0686733287725397,693.463273945106,0,FALSE
2019-05-20 16:36:00,1,0.0686733287725399,83.0260544860007,0,FALSE
2019-05-20 16:37:00,5,0.0688274776586735,798.380936644264,5,FALSE
2019-05-20 16:38:00,4,0.0689430893232738,1415.53380647667,2,FALSE
2019-05-20 16:39:00,0,0.0689430893232738,0,0,FALSE
2019-05-20 16:40:00,0,0.0689430893232738,0,0,FALSE
2019-05-20 16:41:00,0,0.0689430893232738,0,0,FALSE
2019-05-20 16:42:00,0,0.0689430893232738,0,0,FALSE
2019-05-20 16:43:00,0,0.0689430893232738,0,0,FALSE
2019-05-20 16:44:00,1,0.068442105443339,126.275684542961,0,FALSE
2019-05-20 16:45:00,1,0.0686733287725399,23.5549517689812,0,FALSE
2019-05-20 16:46:00,0,0.0686733287725399,0,0,FALSE
2019-05-20 16:47:00,7,0.0684200841738894,368.06661355788,0,FALSE
2019-05-20 16:48:00,0,0.0684200841738894,0,0,FALSE
2019-05-20 16:49:00,1,0.0685191798864063,392.614900749108,0,FALSE
2019-05-20 16:50:00,0,0.0685191798864063,0,0,FALSE
2019-05-20 16:51:00,8,0.0679314872580217,539.017497056767,0,FALSE
2019-05-20 16:52:00,4,0.0680374646172386,166.367651741917,0,FALSE
2019-05-20 16:53:00,0,0.0680374646172386,0,0,FALSE
2019-05-20 16:54:00,0,0.0680374646172386,0,0,FALSE
2019-05-20 16:55:00,0,0.0680374646172386,0,0,FALSE
2019-05-20 16:56:00,2,0.0681338076710721,5.17816938300148,0,FALSE
2019-05-20 16:57:00,0,0.0681338076710721,0,0,FALSE
2019-05-20 16:58:00,0,0.0681338076710721,0,0,FALSE
2019-05-20 16:59:00,0,0.0681338076710721,0,0,FALSE
2019-05-20 17:00:00,0,0.0681338076710721,0,0,FALSE
2019-05-20 17:01:00,8,0.0678062412880381,234.438104220788,0,FALSE
2019-05-20 17:02:00,7,0.0679025843418717,211.85606314664,0,FALSE
2019-05-20 17:03:00,1,0.0679025843418717,15.8213021516561,0,FALSE
2019-05-20 17:04:00,1,0.0679025843418717,11.0681212477251,0,FALSE
2019-05-20 17:05:00,2,0.0679411215634051,276.780491008409,2,FALSE
2019-05-20 17:06:00,1,0.0679025843418717,8.41992045839209,0,FALSE
2019-05-20 17:07:00,0,0.0679025843418717,0,0,FALSE
2019-05-20 17:08:00,6,0.0677355897152269,228.477012645114,0,FALSE
2019-05-20 17:09:00,0,0.0677355897152269,0,0,FALSE
2019-05-20 17:10:00,2,0.0680567332280053,4.35563092659234,2,FALSE
2019-05-20 17:11:00,0,0.0680567332280053,0,0,FALSE
2019-05-20 17:12:00,0,0.0680567332280053,0,0,FALSE
2019-05-20 17:13:00,0,0.0680567332280053,0,0,FALSE
2019-05-20 17:14:00,2,0.0677098982342046,12.1156400034463,0,FALSE
2019-05-20 17:15:00,2,0.0676328237911378,70.9188926712918,2,FALSE
2019-05-20 17:16:00,3,0.0675172121265376,504.758677857995,0,FALSE
2019-05-20 17:17:00,0,0.0675172121265376,0,0,FALSE
2019-05-20 17:18:00,9,0.0673973185484331,1784.63144485945,0,FALSE
2019-05-20 17:19:00,0,0.0673973185484331,0,0,FALSE
2019-05-20 17:20:00,2,0.0675172121265372,122.194130335914,0,FALSE
2019-05-20 17:21:00,0,0.0675172121265372,0,0,FALSE
2019-05-20 17:22:00,0,0.0675172121265372,0,0,FALSE
2019-05-20 17:23:00,4,0.0677869726772714,512.593988665725,0,FALSE
2019-05-20 17:24:00,0,0.0677869726772714,0,0,FALSE
2019-05-20 17:25:00,0,0.0677869726772714,0,0,FALSE
2019-05-20 17:26:00,25,0.0676713610126712,713.323816434567,0,FALSE
2019-05-20 17:27:00,24,0.067748435455738,239.016480287844,0,FALSE
2019-05-20 17:28:00,0,0.067748435455738,0,0,FALSE
2019-05-20 17:29:00,0,0.067748435455738,0,0,FALSE
2019-05-20 17:30:00,4,0.0676713610126712,438.480052031541,2,FALSE
2019-05-20 17:31:00,8,0.0675268464319209,513.608596634257,0,FALSE
2019-05-20 17:32:00,3,0.0675685950885821,137.896660770805,0,FALSE
2019-05-20 17:33:00,0,0.0675685950885821,0,0,FALSE
2019-05-20 17:34:00,11,0.0676713610126712,688.012723480308,4,FALSE
2019-05-20 17:35:00,0,0.0676713610126712,0,0,FALSE
2019-05-20 17:36:00,1,0.0675942865696044,10.8826801377063,0,FALSE
2019-05-20 17:37:00,0,0.0675942865696044,0,0,FALSE
2019-05-20 17:38:00,0,0.0675942865696044,0,0,FALSE
2019-05-20 17:39:00,0,0.0675942865696044,0,0,FALSE
2019-05-20 17:40:00,10,0.0676174089025244,401.382581094617,2,FALSE
2019-05-20 17:41:00,2,0.0675942865696044,105.447087048583,0,FALSE
2019-05-20 17:42:00,0,0.0675942865696044,0,0,FALSE
2019-05-20 17:43:00,0,0.0675942865696044,0,0,FALSE
2019-05-20 17:44:00,3,0.0676713610126712,110.085349957901,0,FALSE
2019-05-20 17:45:00,1,0.0678255098988048,11.5303366827968,0,FALSE
2019-05-20 17:46:00,0,0.0678255098988048,0,0,FALSE
2019-05-20 17:47:00,0,0.0678255098988048,0,0,FALSE
2019-05-20 17:48:00,0,0.0678255098988048,0,0,FALSE
2019-05-20 17:49:00,0,0.0678255098988048,0,0,FALSE
2019-05-20 17:50:00,0,0.0678255098988048,0,0,FALSE
2019-05-20 17:51:00,0,0.0678255098988048,0,0,FALSE
2019-05-20 17:52:00,0,0.0678255098988048,0,0,FALSE
2019-05-20 17:53:00,0,0.0678255098988048,0,0,FALSE
2019-05-20 17:54:00,0,0.0678255098988048,0,0,FALSE
2019-05-20 17:55:00,0,0.0678255098988048,0,0,FALSE
2019-05-20 17:56:00,0,0.0678255098988048,0,0,FALSE
2019-05-20 17:57:00,0,0.0678255098988048,0,0,FALSE
2019-05-20 17:58:00,0,0.0678255098988048,0,0,FALSE
2019-05-20 17:59:00,1,0.0673630632404039,225.262083475911,0,FALSE
2019-05-20 18:00:00,0,0.0673630632404039,0,0,FALSE
2019-05-20 18:01:00,2,0.0675942865696044,89.2244582718778,0,FALSE
2019-05-20 18:02:00,0,0.0675942865696044,0,0,FALSE
2019-05-20 18:03:00,1,0.0675942865696044,142.623944661865,0,FALSE
2019-05-20 18:04:00,3,0.0675172121265376,312.064554448857,0,FALSE
2019-05-20 18:05:00,0,0.0675172121265376,0,0,FALSE
2019-05-20 18:06:00,0,0.0675172121265376,0,0,FALSE
2019-05-20 18:07:00,0,0.0675172121265376,0,0,FALSE
2019-05-20 18:08:00,0,0.0675172121265376,0,0,FALSE
2019-05-20 18:09:00,0,0.0675172121265376,0,0,FALSE
2019-05-20 18:10:00,5,0.0675172121265376,602.996221502107,2,FALSE
2019-05-20 18:11:00,1,0.067748435455738,13.4141902202361,0,FALSE
2019-05-20 18:12:00,1,0.067748435455738,37.2616395006559,0,FALSE
2019-05-20 18:13:00,0,0.067748435455738,0,0,FALSE
2019-05-20 18:14:00,0,0.067748435455738,0,0,FALSE
2019-05-20 18:15:00,0,0.067748435455738,0,0,FALSE
2019-05-20 18:16:00,0,0.067748435455738,0,0,FALSE
2019-05-20 18:17:00,0,0.067748435455738,0,0,FALSE
2019-05-20 18:18:00,2,0.0678640471203383,18.9718741608987,2,FALSE
2019-05-20 18:19:00,1,0.0675942865696044,46.640057733027,0,FALSE
2019-05-20 18:20:00,4,0.0676520924019045,1464.08268986669,2,FALSE
2019-05-20 18:21:00,3,0.0675942865696044,296.198163748006,0,FALSE
2019-05-20 18:22:00,4,0.0676713610126712,750.536359514989,0,FALSE
2019-05-20 18:23:00,0,0.0676713610126712,0,0,FALSE
2019-05-20 18:24:00,4,0.067555749348071,309.614280829319,0,FALSE
2019-05-20 18:25:00,2,0.0675942865696044,1933.6021616101,0,FALSE
2019-05-20 18:26:00,1,0.0679796587849385,8.2935183717625,0,FALSE
2019-05-20 18:27:00,0,0.0679796587849385,0,0,FALSE
2019-05-20 18:28:00,1,0.0678255098988049,11.462511172898,0,FALSE
2019-05-20 18:29:00,0,0.0678255098988049,0,0,FALSE
2019-05-20 18:30:00,1,0.0679796587849385,8.22553871297756,0,FALSE
2019-05-20 18:31:00,0,0.0679796587849385,0,0,FALSE
2019-05-20 18:32:00,1,0.0679796587849385,38.4085072134903,0,FALSE
2019-05-20 18:33:00,1,0.0679796587849385,8.15755905419262,0,FALSE
2019-05-20 18:34:00,1,0.0679796587849385,8.22553871297756,0,FALSE
2019-05-20 18:35:00,4,0.0680181960064719,195.940036504454,2,FALSE
2019-05-20 18:36:00,2,0.0679796587849385,16.587036743525,0,FALSE
2019-05-20 18:37:00,0,0.0679796587849385,0,0,FALSE
2019-05-20 18:38:00,1,0.0679796587849385,8.22553871297756,0,FALSE
2019-05-20 18:39:00,1,0.0679025843418717,8.35201787405022,0,FALSE
2019-05-20 18:40:00,2,0.0678255098988049,156.337800316745,0,FALSE
2019-05-20 18:41:00,2,0.067748435455738,49.7951000599675,0,FALSE
2019-05-20 18:42:00,2,0.0676328237911378,64.1563039621657,0,FALSE
2019-05-20 18:43:00,0,0.0676328237911378,0,0,FALSE
2019-05-20 18:44:00,1,0.0675942865696044,8.31409724806134,0,FALSE
2019-05-20 18:45:00,2,0.0675942865696044,10.6123029914279,0,FALSE
2019-05-20 18:46:00,1,0.0675942865696044,8.17890867492213,0,FALSE
2019-05-20 18:47:00,5,0.0676559461240578,410.231189605347,0,FALSE
2019-05-20 18:48:00,1,0.0676713610126712,288.889040163093,0,FALSE
2019-05-20 18:49:00,14,0.0675062014918132,451.678125513416,2,FALSE
2019-05-20 18:50:00,0,0.0675062014918132,0,0,FALSE
2019-05-20 18:51:00,0,0.0675062014918132,0,0,FALSE
2019-05-20 18:52:00,5,0.0690096113313146,149.326899742071,0,FALSE
2019-05-20 18:53:00,7,0.0691835585642752,126.683714025913,0,FALSE
2019-05-20 18:54:00,0,0.0691835585642752,0,0,FALSE
2019-05-20 18:55:00,0,0.0691835585642752,0,0,FALSE
2019-05-20 18:56:00,3,0.0693944036951396,245.350437285402,0,FALSE
2019-05-20 18:57:00,2,0.0694602927985342,111.568964552336,0,FALSE
2019-05-20 18:58:00,3,0.0694734706192131,230.134561215933,2,FALSE
2019-05-20 18:59:00,0,0.0694734706192131,0,0,FALSE
2019-05-20 19:00:00,1,0.0694998262605709,25.3674365851084,0,FALSE
2019-05-20 19:01:00,1,0.0691835585642771,122.247347983078,0,FALSE
2019-05-20 19:02:00,0,0.0691835585642771,0,0,FALSE
2019-05-20 19:03:00,1,0.0691835585642771,12.3838569830056,0,FALSE
2019-05-20 19:04:00,2,0.069341692412424,99.3170702656095,0,FALSE
2019-05-20 19:05:00,0,0.069341692412424,0,0,FALSE
2019-05-20 19:06:00,1,0.0694998262605709,34.1244146939403,0,FALSE
2019-05-20 19:07:00,5,0.0696579601087178,752.954792353099,2,FALSE
2019-05-20 19:08:00,0,0.0696579601087178,0,0,FALSE
2019-05-20 19:09:00,0,0.0696579601087178,0,0,FALSE
2019-05-20 19:10:00,0,0.0696579601087178,0,0,FALSE
2019-05-20 19:11:00,1,0.0698951608809382,19.221169242258,0,FALSE
2019-05-20 19:12:00,1,0.0698951608809382,2.58612095259471,0,FALSE
2019-05-20 19:13:00,0,0.0698951608809382,0,0,FALSE
2019-05-20 19:14:00,4,0.0700137612670484,1935.80641332603,2,FALSE
2019-05-20 19:15:00,1,0.0700532947290851,396.64175475608,0,FALSE
2019-05-20 19:16:00,0,0.0700532947290851,0,0,FALSE
2019-05-20 19:17:00,1,0.0700532947290851,19.8250824083311,0,FALSE
2019-05-20 19:18:00,0,0.0700532947290851,0,0,FALSE
2019-05-20 19:19:00,0,0.0700532947290851,0,0,FALSE
2019-05-20 19:20:00,0,0.0700532947290851,0,0,FALSE
2019-05-20 19:21:00,0,0.0700532947290851,0,0,FALSE
2019-05-20 19:22:00,2,0.0701323616531586,62.321814625486,2,FALSE
2019-05-20 19:23:00,0,0.0701323616531586,0,0,FALSE
2019-05-20 19:24:00,1,0.0701323616531586,166.07343239468,0,FALSE
2019-05-20 19:25:00,0,0.0701323616531586,0,0,FALSE
2019-05-20 19:26:00,2,0.0700928281911218,8.61663431860154,2,FALSE
2019-05-20 19:27:00,0,0.0700928281911218,0,0,FALSE
2019-05-20 19:28:00,0,0.0700928281911218,0,0,FALSE
2019-05-20 19:29:00,1,0.0698951608809382,11.3929112235929,0,FALSE
2019-05-20 19:30:00,0,0.0698951608809382,0,0,FALSE
2019-05-20 19:31:00,0,0.0698951608809382,0,0,FALSE
2019-05-20 19:32:00,0,0.0698951608809382,0,0,FALSE
2019-05-20 19:33:00,0,0.0698951608809382,0,0,FALSE
2019-05-20 19:34:00,0,0.0698951608809382,0,0,FALSE
2019-05-20 19:35:00,0,0.0698951608809382,0,0,FALSE
2019-05-20 19:36:00,0,0.0698951608809382,0,0,FALSE
2019-05-20 19:37:00,2,0.0696579601087178,49.875099437842,0,FALSE
2019-05-20 19:38:00,0,0.0696579601087178,0,0,FALSE
2019-05-20 19:39:00,0,0.0696579601087178,0,0,FALSE
2019-05-20 19:40:00,0,0.0696579601087178,0,0,FALSE
2019-05-20 19:41:00,0,0.0696579601087178,0,0,FALSE
2019-05-20 19:42:00,0,0.0696579601087178,0,0,FALSE
2019-05-20 19:43:00,0,0.0696579601087178,0,0,FALSE
2019-05-20 19:44:00,4,0.0700928281911218,567.236787337748,4,FALSE
2019-05-20 19:45:00,4,0.0703695624253788,1502.48290328378,3,FALSE
2019-05-20 19:46:00,0,0.0703695624253788,0,0,FALSE
2019-05-20 19:47:00,0,0.0703695624253788,0,0,FALSE
2019-05-20 19:48:00,3,0.0704749849908102,341.631258599667,0,FALSE
2019-05-20 19:49:00,0,0.0704749849908102,0,0,FALSE
2019-05-20 19:50:00,1,0.0705276962735259,253.476540407052,0,FALSE
2019-05-20 19:51:00,0,0.0705276962735259,0,0,FALSE
2019-05-20 19:52:00,0,0.0705276962735259,0,0,FALSE
2019-05-20 19:53:00,0,0.0705276962735259,0,0,FALSE
2019-05-20 19:54:00,2,0.0705276962735254,323.228432021568,0,FALSE
2019-05-20 19:55:00,0,0.0705276962735254,0,0,FALSE
2019-05-20 19:56:00,0,0.0705276962735254,0,0,FALSE
2019-05-20 19:57:00,0,0.0705276962735254,0,0,FALSE
2019-05-20 19:58:00,1,0.070448629349451,39.5921296943915,0,FALSE
2019-05-20 19:59:00,0,0.070448629349451,0,0,FALSE
2019-05-20 20:00:00,0,0.070448629349451,0,0,FALSE
2019-05-20 20:01:00,0,0.070448629349451,0,0,FALSE
2019-05-20 20:02:00,0,0.070448629349451,0,0,FALSE
2019-05-20 20:03:00,0,0.070448629349451,0,0,FALSE
2019-05-20 20:04:00,0,0.070448629349451,0,0,FALSE
2019-05-20 20:05:00,0,0.070448629349451,0,0,FALSE
2019-05-20 20:06:00,0,0.070448629349451,0,0,FALSE
2019-05-20 20:07:00,0,0.070448629349451,0,0,FALSE
2019-05-20 20:08:00,9,0.0699127313085101,188.232254133963,4,FALSE
2019-05-20 20:09:00,5,0.0698951608809382,54.9375964524174,0,FALSE
2019-05-20 20:10:00,0,0.0698951608809382,0,0,FALSE
2019-05-20 20:11:00,0,0.0698951608809382,0,0,FALSE
2019-05-20 20:12:00,0,0.0698951608809382,0,0,FALSE
2019-05-20 20:13:00,0,0.0698951608809382,0,0,FALSE
2019-05-20 20:14:00,0,0.0698951608809382,0,0,FALSE
2019-05-20 20:15:00,1,0.0700532947290851,49.2474661945468,0,FALSE
2019-05-20 20:16:00,0,0.0700532947290851,0,0,FALSE
2019-05-20 20:17:00,0,0.0700532947290851,0,0,FALSE
2019-05-20 20:18:00,0,0.0700532947290851,0,0,FALSE
2019-05-20 20:19:00,1,0.0699742278050117,10.2862114873367,0,FALSE
2019-05-20 20:20:00,1,0.0698951608809382,22.646032125424,0,FALSE
2019-05-20 20:21:00,1,0.0698951608809382,47.6684997207999,0,FALSE
2019-05-20 20:22:00,0,0.0698951608809382,0,0,FALSE
2019-05-20 20:23:00,0,0.0698951608809382,0,0,FALSE
2019-05-20 20:24:00,0,0.0698951608809382,0,0,FALSE
2019-05-20 20:25:00,2,0.0698951608809382,14.1887176588305,0,FALSE
2019-05-20 20:26:00,0,0.0698951608809382,0,0,FALSE
2019-05-20 20:27:00,0,0.0698951608809382,0,0,FALSE
2019-05-20 20:28:00,9,0.069491041046785,854.03181328166,0,FALSE
2019-05-20 20:29:00,0,0.069491041046785,0,0,FALSE
2019-05-20 20:30:00,1,0.0698160939568647,92.7855888686732,0,FALSE
2019-05-20 20:31:00,0,0.0698160939568647,0,0,FALSE
2019-05-20 20:32:00,0,0.0698160939568647,0,0,FALSE
2019-05-20 20:33:00,2,0.0698160939568647,53.6187601588721,0,FALSE
2019-05-20 20:34:00,2,0.0699742278050117,17.4235827234479,0,FALSE
2019-05-20 20:35:00,0,0.0699742278050117,0,0,FALSE
2019-05-20 20:36:00,2,0.0700532947290851,59.3858225338662,2,FALSE
2019-05-20 20:37:00,0,0.0700532947290851,0,0,FALSE
2019-05-20 20:38:00,0,0.0700532947290851,0,0,FALSE
2019-05-20 20:39:00,0,0.0700532947290851,0,0,FALSE
2019-05-20 20:40:00,0,0.0700532947290851,0,0,FALSE
2019-05-20 20:41:00,0,0.0700532947290851,0,0,FALSE
2019-05-20 20:42:00,0,0.0700532947290851,0,0,FALSE
2019-05-20 20:43:00,1,0.0700532947290851,15.0614583667533,0,FALSE
2019-05-20 20:44:00,0,0.0700532947290851,0,0,FALSE
2019-05-20 20:45:00,0,0.0700532947290851,0,0,FALSE
2019-05-20 20:46:00,2,0.0699742278050117,624.030163565094,0,FALSE
2019-05-20 20:47:00,3,0.0700796503704425,935.606819253653,0,FALSE
2019-05-20 20:48:00,0,0.0700796503704425,0,0,FALSE
2019-05-20 20:49:00,0,0.0700796503704425,0,0,FALSE
2019-05-20 20:50:00,0,0.0700796503704425,0,0,FALSE
2019-05-20 20:51:00,0,0.0700796503704425,0,0,FALSE
2019-05-20 20:52:00,2,0.0698160939568647,493.289446598045,0,FALSE
2019-05-20 20:53:00,5,0.0700849214987145,227.13832012817,4,FALSE
2019-05-20 20:54:00,0,0.0700849214987145,0,0,FALSE
2019-05-20 20:55:00,0,0.0700849214987145,0,0,FALSE
2019-05-20 20:56:00,1,0.070211428577232,71.4752342916222,0,FALSE
2019-05-20 20:57:00,0,0.070211428577232,0,0,FALSE
2019-05-20 20:58:00,1,0.0698951608809382,527.42888400756,0,FALSE
2019-05-20 20:59:00,0,0.0698951608809382,0,0,FALSE
2019-05-20 21:00:00,0,0.0698951608809382,0,0,FALSE
2019-05-20 21:01:00,1,0.0698951608809382,195.706450466627,0,FALSE
2019-05-20 21:02:00,0,0.0698951608809382,0,0,FALSE
2019-05-20 21:03:00,0,0.0698951608809382,0,0,FALSE
2019-05-20 21:04:00,2,0.0700137612670484,59.2678546831486,0,FALSE
2019-05-20 21:05:00,1,0.0698951608809382,45.4318545726098,0,FALSE
2019-05-20 21:06:00,0,0.0698951608809382,0,0,FALSE
2019-05-20 21:07:00,0,0.0698951608809382,0,0,FALSE
2019-05-20 21:08:00,0,0.0698951608809382,0,0,FALSE
2019-05-20 21:09:00,1,0.0691835585642734,14.9436486498831,0,FALSE
2019-05-20 21:10:00,5,0.0686933436350216,303.338514735498,0,FALSE
2019-05-20 21:11:00,6,0.0688145795852675,849.799598036779,3,FALSE
2019-05-20 21:12:00,3,0.0689463577920554,315.744589524166,3,FALSE
2019-05-20 21:13:00,0,0.0689463577920554,0,0,FALSE
2019-05-20 21:14:00,0,0.0689463577920554,0,0,FALSE
2019-05-20 21:15:00,0,0.0689463577920554,0,0,FALSE
2019-05-20 21:16:00,0,0.0689463577920554,0,0,FALSE
2019-05-20 21:17:00,4,0.0687684572128913,570.468885060022,3,FALSE
2019-05-20 21:18:00,2,0.0689463577920567,562.050708720846,0,FALSE
2019-05-20 21:19:00,1,0.0687882239439098,141.772529548398,0,FALSE
2019-05-20 21:20:00,1,0.0686300900957628,35.2072362191263,0,FALSE
2019-05-20 21:21:00,1,0.0686300900957628,162.378793166575,0,FALSE
2019-05-20 21:22:00,1,0.0686300900957628,2.4020531533517,0,FALSE
2019-05-20 21:23:00,1,0.0686300900957628,79.1304938804146,0,FALSE
2019-05-20 21:24:00,1,0.0686300900957628,67.3261183839434,0,FALSE
2019-05-20 21:25:00,22,0.0697585907393563,5508.81841533307,18,FALSE
2019-05-20 21:26:00,9,0.0694998262605709,1016.28077855891,2,FALSE
2019-05-20 21:27:00,2,0.0694207593364974,47.2755371081548,0,FALSE
2019-05-20 21:28:00,0,0.0694207593364974,0,0,FALSE
2019-05-20 21:29:00,2,0.0690254247161301,39.1374158140458,0,FALSE
2019-05-20 21:30:00,4,0.0693219256814056,696.819015733273,2,FALSE
2019-05-20 21:31:00,4,0.0694998262605709,1579.12966787827,3,FALSE
2019-05-20 21:32:00,0,0.0694998262605709,0,0,FALSE
2019-05-20 21:33:00,0,0.0694998262605709,0,0,FALSE
2019-05-20 21:34:00,0,0.0694998262605709,0,0,FALSE
2019-05-20 21:35:00,1,0.069341692412424,8.3903447819033,0,FALSE
2019-05-20 21:36:00,1,0.069341692412424,373.196988563666,0,FALSE
2019-05-20 21:37:00,0,0.069341692412424,0,0,FALSE
2019-05-20 21:38:00,1,0.0692626254883505,32.1378582265946,0,FALSE
2019-05-20 21:39:00,0,0.0692626254883505,0,0,FALSE
2019-05-20 21:40:00,16,0.0687140987025909,6076.67769656406,0,FALSE
2019-05-20 21:41:00,3,0.0689463577920559,254.258986687682,2,FALSE
2019-05-20 21:42:00,0,0.0689463577920559,0,0,FALSE
2019-05-20 21:43:00,0,0.0689463577920559,0,0,FALSE
2019-05-20 21:44:00,0,0.0689463577920559,0,0,FALSE
2019-05-20 21:45:00,0,0.0689463577920559,0,0,FALSE
2019-05-20 21:46:00,0,0.0689463577920559,0,0,FALSE
2019-05-20 21:47:00,0,0.0689463577920559,0,0,FALSE
2019-05-20 21:48:00,0,0.0689463577920559,0,0,FALSE
2019-05-20 21:49:00,0,0.0689463577920559,0,0,FALSE
2019-05-20 21:50:00,0,0.0689463577920559,0,0,FALSE
2019-05-20 21:51:00,0,0.0689463577920559,0,0,FALSE
2019-05-20 21:52:00,0,0.0689463577920559,0,0,FALSE
2019-05-20 21:53:00,0,0.0689463577920559,0,0,FALSE
2019-05-20 21:54:00,0,0.0689463577920559,0,0,FALSE
2019-05-20 21:55:00,0,0.0689463577920559,0,0,FALSE
2019-05-20 21:56:00,0,0.0689463577920559,0,0,FALSE
2019-05-20 21:57:00,1,0.0687091570198363,8.93219041257872,0,FALSE
2019-05-20 21:58:00,8,0.0687091570198363,308.641533333105,0,FALSE
2019-05-20 21:59:00,0,0.0687091570198363,0,0,FALSE
2019-05-20 22:00:00,2,0.0685510231716894,16.6578986307205,0,FALSE
2019-05-20 22:01:00,1,0.0685510231716894,12.4077351940758,0,FALSE
2019-05-20 22:02:00,0,0.0685510231716894,0,0,FALSE
2019-05-20 22:03:00,2,0.0685905566337261,160.527441139395,0,FALSE
2019-05-20 22:04:00,2,0.0687882239439098,40.1188735425696,0,FALSE
2019-05-20 22:05:00,0,0.0687882239439098,0,0,FALSE
2019-05-20 22:06:00,0,0.0687882239439098,0,0,FALSE
2019-05-20 22:07:00,0,0.0687882239439098,0,0,FALSE
2019-05-20 22:08:00,3,0.068603734454405,134.024998859212,2,FALSE
2019-05-20 22:09:00,0,0.068603734454405,0,0,FALSE
2019-05-20 22:10:00,0,0.068603734454405,0,0,FALSE
2019-05-20 22:11:00,1,0.0685510231716894,23.3758989015461,0,FALSE
2019-05-20 22:12:00,0,0.0685510231716894,0,0,FALSE
2019-05-20 22:13:00,0,0.0685510231716894,0,0,FALSE
2019-05-20 22:14:00,1,0.0685510231716894,104.197555220968,0,FALSE
2019-05-20 22:15:00,1,0.0689463577920567,8.41145565063091,0,FALSE
2019-05-20 22:16:00,0,0.0689463577920567,0,0,FALSE
2019-05-20 22:17:00,0,0.0689463577920567,0,0,FALSE
2019-05-20 22:18:00,6,0.0683533558615057,226.042294426663,2,FALSE
2019-05-20 22:19:00,5,0.068108248396878,200.913877153029,0,FALSE
2019-05-20 22:20:00,2,0.0681556885513221,13.0858922018538,0,FALSE
2019-05-20 22:21:00,3,0.0681556885513221,32.4421077504293,0,FALSE
2019-05-20 22:22:00,1,0.0681556885513221,9.67810777428774,0,FALSE
2019-05-20 22:23:00,5,0.0681873153209515,125.563177577946,0,FALSE
2019-05-20 22:24:00,0,0.0681873153209515,0,0,FALSE
2019-05-20 22:25:00,4,0.0682347554753956,88.6369473625388,0,FALSE
2019-05-20 22:26:00,2,0.0682347554753956,16.7175150914719,0,FALSE
2019-05-20 22:27:00,1,0.0682347554753956,22.7221735733067,0,FALSE
2019-05-20 22:28:00,0,0.0682347554753956,0,0,FALSE
2019-05-20 22:29:00,0,0.0682347554753956,0,0,FALSE
2019-05-20 22:30:00,0,0.0682347554753956,0,0,FALSE
2019-05-20 22:31:00,0,0.0682347554753956,0,0,FALSE
2019-05-20 22:32:00,1,0.0682347554753956,25.178624770421,0,FALSE
2019-05-20 22:33:00,0,0.0682347554753956,0,0,FALSE
2019-05-20 22:34:00,1,0.0682347554753956,8.25640541252286,0,FALSE
2019-05-20 22:35:00,2,0.0681556885513221,34.0568124738575,0,FALSE
2019-05-20 22:36:00,1,0.0680766216272486,8.30534783852433,0,FALSE
2019-05-20 22:37:00,0,0.0680766216272486,0,0,FALSE
2019-05-20 22:38:00,0,0.0680766216272486,0,0,FALSE
2019-05-20 22:39:00,8,0.0679679046066473,963.175479004965,5,FALSE
2019-05-20 22:40:00,1,0.0677603539309501,11.4514998143306,0,FALSE
2019-05-20 22:41:00,0,0.0677603539309501,0,0,FALSE
2019-05-20 22:42:00,0,0.0677603539309501,0,0,FALSE
2019-05-20 22:43:00,0,0.0677603539309501,0,0,FALSE
2019-05-20 22:44:00,1,0.0677603539309548,8.26676317957648,0,FALSE
2019-05-20 22:45:00,2,0.0677998873929915,463.361983300848,2,FALSE
2019-05-20 22:46:00,0,0.0677998873929915,0,0,FALSE
2019-05-20 22:47:00,0,0.0677998873929915,0,0,FALSE
2019-05-20 22:48:00,1,0.0678394208550269,39.4825429376257,0,FALSE
2019-05-20 22:49:00,0,0.0678394208550269,0,0,FALSE
2019-05-20 22:50:00,3,0.0678657764963856,63.7787017684627,0,FALSE
2019-05-20 22:51:00,3,0.0679184877791017,120.691152783464,0,FALSE
2019-05-20 22:52:00,2,0.0679184877791017,39.6643968629954,0,FALSE
2019-05-20 22:53:00,0,0.0679184877791017,0,0,FALSE
2019-05-20 22:54:00,0,0.0679184877791017,0,0,FALSE
2019-05-20 22:55:00,0,0.0679184877791017,0,0,FALSE
2019-05-20 22:56:00,2,0.0679184877791017,70.0239609002539,0,FALSE
2019-05-20 22:57:00,0,0.0679184877791017,0,0,FALSE
2019-05-20 22:58:00,2,0.0679975547031752,16.6594009022779,0,FALSE
2019-05-20 22:59:00,4,0.0680370881652119,906.790878775081,2,FALSE
2019-05-20 23:00:00,0,0.0680370881652119,0,0,FALSE
2019-05-20 23:01:00,2,0.0682347554753956,16.7175150914719,0,FALSE
2019-05-20 23:02:00,0,0.0682347554753956,0,0,FALSE
2019-05-20 23:03:00,1,0.0681556885513221,8.24683831470997,0,FALSE
2019-05-20 23:04:00,0,0.0681556885513221,0,0,FALSE
2019-05-20 23:05:00,0,0.0681556885513221,0,0,FALSE
2019-05-20 23:06:00,3,0.0680766216272486,265.634977589524,0,FALSE
2019-05-20 23:07:00,2,0.0680766216272486,20.1506800016656,2,FALSE
2019-05-20 23:08:00,1,0.0680766216272486,8.37342446015158,0,FALSE
2019-05-20 23:09:00,1,0.0680766216272486,11.0964893252415,0,FALSE
2019-05-20 23:10:00,1,0.0680766216272486,8.23727121689708,0,FALSE
2019-05-20 23:11:00,1,0.0680766216272486,8.30534783852433,0,FALSE
2019-05-20 23:12:00,8,0.0680766216272486,365.162998408562,0,FALSE
2019-05-20 23:13:00,0,0.0680766216272486,0,0,FALSE
2019-05-20 23:14:00,1,0.0680766216272486,276.186853941748,0,FALSE
2019-05-20 23:15:00,0,0.0680766216272486,0,0,FALSE
2019-05-20 23:16:00,0,0.0680766216272486,0,0,FALSE
2019-05-20 23:17:00,0,0.0680766216272486,0,0,FALSE
2019-05-20 23:18:00,0,0.0680766216272486,0,0,FALSE
2019-05-20 23:19:00,1,0.0680766216272486,247.662749479931,0,FALSE
2019-05-20 23:20:00,1,0.0680766216272486,128.052125280855,0,FALSE
2019-05-20 23:21:00,0,0.0680766216272486,0,0,FALSE
2019-05-20 23:22:00,0,0.0680766216272486,0,0,FALSE
2019-05-20 23:23:00,0,0.0680766216272486,0,0,FALSE
2019-05-20 23:24:00,0,0.0680766216272486,0,0,FALSE
2019-05-20 23:25:00,0,0.0680766216272486,0,0,FALSE
2019-05-20 23:26:00,0,0.0680766216272486,0,0,FALSE
2019-05-20 23:27:00,0,0.0680766216272486,0,0,FALSE
2019-05-20 23:28:00,0,0.0680766216272486,0,0,FALSE
2019-05-20 23:29:00,0,0.0680766216272486,0,0,FALSE
2019-05-20 23:30:00,0,0.0680766216272486,0,0,FALSE
2019-05-20 23:31:00,0,0.0680766216272486,0,0,FALSE
2019-05-20 23:32:00,1,0.0681832323388634,25.0914295007017,0,FALSE
2019-05-20 23:33:00,0,0.0681832323388634,0,0,FALSE
2019-05-20 23:34:00,0,0.0681832323388634,0,0,FALSE
2019-05-20 23:35:00,0,0.0681832323388634,0,0,FALSE
2019-05-20 23:36:00,3,0.0680252178954361,176.32136478497,0,FALSE
2019-05-20 23:37:00,2,0.0680252178954361,44.760593375197,0,FALSE
2019-05-20 23:38:00,0,0.0680252178954361,0,0,FALSE
2019-05-20 23:39:00,0,0.0680252178954361,0,0,FALSE
2019-05-20 23:40:00,0,0.0680252178954361,0,0,FALSE
2019-05-20 23:41:00,3,0.0681042251171497,470.059391126875,3,FALSE
2019-05-20 23:42:00,1,0.0680252178954361,54.8283256237215,0,FALSE
2019-05-20 23:43:00,0,0.0680252178954361,0,0,FALSE
2019-05-20 23:44:00,0,0.0680252178954361,0,0,FALSE
2019-05-20 23:45:00,5,0.068262239560577,925.095164008794,5,FALSE
2019-05-20 23:46:00,8,0.0680252178954361,71.6985796617897,0,FALSE
2019-05-20 23:47:00,0,0.0680252178954361,0,0,FALSE
2019-05-20 23:48:00,0,0.0680252178954361,0,0,FALSE
2019-05-20 23:49:00,0,0.0680252178954361,0,0,FALSE
2019-05-20 23:50:00,0,0.0680252178954361,0,0,FALSE
2019-05-20 23:51:00,1,0.0681042251171497,25.9477097696341,0,FALSE
2019-05-20 23:52:00,0,0.0681042251171497,0,0,FALSE
2019-05-20 23:53:00,0,0.0681042251171497,0,0,FALSE
2019-05-20 23:54:00,0,0.0681042251171497,0,0,FALSE
2019-05-20 23:55:00,1,0.0680252178954361,75.7800927355158,0,FALSE
2019-05-20 23:56:00,0,0.0680252178954361,0,0,FALSE
2019-05-20 23:57:00,0,0.0680252178954361,0,0,FALSE
2019-05-20 23:58:00,0,0.0680252178954361,0,0,FALSE
2019-05-20 23:59:00,0,0.0680252178954361,0,0,FALSE
2019-05-21,1,0.0679462106737225,13.4533497133971,0,FALSE
2019-05-21 00:01:00,0,0.0679462106737225,0,0,FALSE
2019-05-21 00:02:00,2,0.0679462106737225,25.8875062666883,0,FALSE
2019-05-21 00:03:00,1,0.0679462106737225,16.2391443510197,0,FALSE
2019-05-21 00:04:00,0,0.0679462106737225,0,0,FALSE
2019-05-21 00:05:00,0,0.0679462106737225,0,0,FALSE
2019-05-21 00:06:00,4,0.0679462106737225,47.0867239968897,2,FALSE
2019-05-21 00:07:00,0,0.0679462106737225,0,0,FALSE
2019-05-21 00:08:00,0,0.0679462106737225,0,0,FALSE
2019-05-21 00:09:00,0,0.0679462106737225,0,0,FALSE
2019-05-21 00:10:00,0,0.0679462106737225,0,0,FALSE
2019-05-21 00:11:00,0,0.0679462106737225,0,0,FALSE
2019-05-21 00:12:00,2,0.0684202540040043,108.751702529935,2,FALSE
2019-05-21 00:13:00,3,0.0682095680794346,1281.9854798325,2,FALSE
2019-05-21 00:14:00,7,0.0683412467822906,487.136407064168,0,FALSE
2019-05-21 00:15:00,0,0.0683412467822906,0,0,FALSE
2019-05-21 00:16:00,4,0.0683412467822906,149.667330453216,0,FALSE
2019-05-21 00:17:00,0,0.0683412467822906,0,0,FALSE
2019-05-21 00:18:00,16,0.0684202540040043,165.782275451702,0,FALSE
2019-05-21 00:19:00,1,0.0684202540040043,9.85251657657662,0,FALSE
2019-05-21 00:20:00,0,0.0684202540040043,0,0,FALSE
2019-05-21 00:21:00,0,0.0684202540040043,0,0,FALSE
2019-05-21 00:22:00,1,0.0684202540040043,360.095796823074,0,FALSE
2019-05-21 00:23:00,0,0.0684202540040043,0,0,FALSE
2019-05-21 00:24:00,19,0.0684202540040043,2574.85941893269,0,FALSE
2019-05-21 00:25:00,16,0.0684202540040043,1430.05172893769,0,FALSE
2019-05-21 00:26:00,0,0.0684202540040043,0,0,FALSE
2019-05-21 00:27:00,1,0.0684202540040043,398.205878303305,0,FALSE
2019-05-21 00:28:00,0,0.0684202540040043,0,0,FALSE
2019-05-21 00:29:00,0,0.0684202540040043,0,0,FALSE
2019-05-21 00:30:00,1,0.0684202540040043,342.169690274025,0,FALSE
2019-05-21 00:31:00,1,0.0684202540040043,10.2630381006006,0,FALSE
2019-05-21 00:32:00,2,0.0684992612257179,20.5497783677154,0,FALSE
2019-05-21 00:33:00,4,0.0686177720582857,31.2780109897643,2,FALSE
2019-05-21 00:34:00,5,0.0684992612257179,223.924084946872,0,FALSE
2019-05-21 00:35:00,0,0.0684992612257179,0,0,FALSE
2019-05-21 00:36:00,3,0.0683149110417194,64.8302448565586,0,FALSE
2019-05-21 00:37:00,2,0.0682227359497202,91.6644156538196,0,FALSE
2019-05-21 00:38:00,4,0.068262239560577,58.1594281056116,0,FALSE
2019-05-21 00:39:00,1,0.0683412467822906,79.002481280328,0,FALSE
2019-05-21 00:40:00,5,0.068262239560577,70.7196801847578,0,FALSE
2019-05-21 00:41:00,1,0.0683412467822906,10.2511870173436,0,FALSE
2019-05-21 00:42:00,6,0.0682227359497202,427.77196081298,0,FALSE
2019-05-21 00:43:00,3,0.068262239560577,92.9049080419453,0,FALSE
2019-05-21 00:44:00,1,0.068262239560577,14.6081192659635,0,FALSE
2019-05-21 00:45:00,2,0.068262239560577,121.984622094751,0,FALSE
2019-05-21 00:46:00,0,0.068262239560577,0,0,FALSE
2019-05-21 00:47:00,0,0.068262239560577,0,0,FALSE
2019-05-21 00:48:00,0,0.068262239560577,0,0,FALSE
2019-05-21 00:49:00,0,0.068262239560577,0,0,FALSE
2019-05-21 00:50:00,1,0.068262239560577,30.2401721253356,0,FALSE
2019-05-21 00:51:00,2,0.068262239560577,68.3305018001376,0,FALSE
2019-05-21 00:52:00,3,0.0683675825228618,69.2845930095514,0,FALSE
2019-05-21 00:53:00,0,0.0683675825228618,0,0,FALSE
2019-05-21 00:54:00,0,0.0683675825228618,0,0,FALSE
2019-05-21 00:55:00,0,0.0683675825228618,0,0,FALSE
2019-05-21 00:56:00,0,0.0683675825228618,0,0,FALSE
2019-05-21 00:57:00,0,0.0683675825228618,0,0,FALSE
2019-05-21 00:58:00,0,0.0683675825228618,0,0,FALSE
2019-05-21 00:59:00,0,0.0683675825228618,0,0,FALSE
2019-05-21 01:00:00,0,0.0683675825228618,0,0,FALSE
2019-05-21 01:01:00,1,0.0684202540040043,38.5890232582584,0,FALSE
2019-05-21 01:02:00,0,0.0684202540040043,0,0,FALSE
2019-05-21 01:03:00,1,0.0684202540040043,43.3784410385387,0,FALSE
2019-05-21 01:04:00,1,0.0684202540040043,18.3366280730731,0,FALSE
2019-05-21 01:05:00,0,0.0684202540040043,0,0,FALSE
2019-05-21 01:06:00,0,0.0684202540040043,0,0,FALSE
2019-05-21 01:07:00,0,0.0684202540040043,0,0,FALSE
2019-05-21 01:08:00,0,0.0684202540040043,0,0,FALSE
2019-05-21 01:09:00,1,0.0686572756691452,44.6272291849444,0,FALSE
2019-05-21 01:10:00,2,0.0686177720582883,278.784092466501,2,FALSE
2019-05-21 01:11:00,0,0.0686177720582883,0,0,FALSE
2019-05-21 01:12:00,3,0.0686572756691443,151.792703724533,3,FALSE
2019-05-21 01:13:00,0,0.0686572756691443,0,0,FALSE
2019-05-21 01:14:00,0,0.0686572756691443,0,0,FALSE
2019-05-21 01:15:00,0,0.0686572756691443,0,0,FALSE
2019-05-21 01:16:00,1,0.0686572756691452,23.7554173815242,0,FALSE
2019-05-21 01:17:00,0,0.0686572756691452,0,0,FALSE
2019-05-21 01:18:00,0,0.0686572756691452,0,0,FALSE
2019-05-21 01:19:00,0,0.0686572756691452,0,0,FALSE
2019-05-21 01:20:00,8,0.0681239769225782,609.650456551622,2,FALSE
2019-05-21 01:21:00,5,0.0681832323388634,300.210771988015,0,FALSE
2019-05-21 01:22:00,1,0.0681832323388634,62.4558408223989,0,FALSE
2019-05-21 01:23:00,2,0.0681832323388634,41.5917717267067,0,FALSE
2019-05-21 01:24:00,0,0.0681832323388634,0,0,FALSE
2019-05-21 01:25:00,0,0.0681832323388634,0,0,FALSE
2019-05-21 01:26:00,5,0.0681516294501779,934.486673446672,2,FALSE
2019-05-21 01:27:00,2,0.0681832323388634,95.5247085067476,0,FALSE
2019-05-21 01:28:00,5,0.068436055448347,314.2149600512,2,FALSE
2019-05-21 01:29:00,3,0.0683412467822906,176.93548791935,0,FALSE
2019-05-21 01:30:00,2,0.0683412467822906,133.197089978684,0,FALSE
2019-05-21 01:31:00,1,0.0681832323388634,10.5684010125238,0,FALSE
2019-05-21 01:32:00,4,0.0682424877551486,418.31163608499,0,FALSE
2019-05-21 01:33:00,1,0.0684992612257179,102.269397009997,0,FALSE
2019-05-21 01:34:00,0,0.0684992612257179,0,0,FALSE
2019-05-21 01:35:00,0,0.0684992612257179,0,0,FALSE
2019-05-21 01:36:00,0,0.0684992612257179,0,0,FALSE
2019-05-21 01:37:00,0,0.0684992612257179,0,0,FALSE
2019-05-21 01:38:00,5,0.0679304092293796,5320.41204420436,0,FALSE
2019-05-21 01:39:00,11,0.0681975972882659,754.989455370479,0,FALSE
2019-05-21 01:40:00,1,0.0681832323388634,11.6593327299456,0,FALSE
2019-05-21 01:41:00,0,0.0681832323388634,0,0,FALSE
2019-05-21 01:42:00,0,0.0681832323388634,0,0,FALSE
2019-05-21 01:43:00,0,0.0681832323388634,0,0,FALSE
2019-05-21 01:44:00,0,0.0681832323388634,0,0,FALSE
2019-05-21 01:45:00,0,0.0681832323388634,0,0,FALSE
2019-05-21 01:46:00,0,0.0681832323388634,0,0,FALSE
2019-05-21 01:47:00,0,0.0681832323388634,0,0,FALSE
2019-05-21 01:48:00,0,0.0681832323388634,0,0,FALSE
2019-05-21 01:49:00,0,0.0681832323388634,0,0,FALSE
2019-05-21 01:50:00,0,0.0681832323388634,0,0,FALSE
2019-05-21 01:51:00,0,0.0681832323388634,0,0,FALSE
2019-05-21 01:52:00,0,0.0681832323388634,0,0,FALSE
2019-05-21 01:53:00,0,0.0681832323388634,0,0,FALSE
2019-05-21 01:54:00,0,0.0681832323388634,0,0,FALSE
2019-05-21 01:55:00,1,0.0684202540040043,2.25786838213214,0,FALSE
2019-05-21 01:56:00,4,0.068360998587719,60.2355008705807,0,FALSE
2019-05-21 01:57:00,1,0.0684202540040043,10.3314583546046,0,FALSE
2019-05-21 01:58:00,0,0.0684202540040043,0,0,FALSE
2019-05-21 01:59:00,0,0.0684202540040043,0,0,FALSE
2019-05-21 02:00:00,0,0.0684202540040043,0,0,FALSE
2019-05-21 02:01:00,2,0.0684597576148611,148.428734238412,0,FALSE
2019-05-21 02:02:00,1,0.0684202540040043,56.7888108233235,0,FALSE
2019-05-21 02:03:00,0,0.0684202540040043,0,0,FALSE
2019-05-21 02:04:00,2,0.0684992612257179,684.992612257179,2,FALSE
2019-05-21 02:05:00,0,0.0684992612257179,0,0,FALSE
2019-05-21 02:06:00,1,0.0684202540040043,2.94207092217218,0,FALSE
2019-05-21 02:07:00,1,0.0684992612257179,8.28841060831187,0,FALSE
2019-05-21 02:08:00,0,0.0684992612257179,0,0,FALSE
2019-05-21 02:09:00,0,0.0684992612257179,0,0,FALSE
2019-05-21 02:10:00,1,0.0684202540040043,9.51041530655659,0,FALSE
2019-05-21 02:11:00,0,0.0684202540040043,0,0,FALSE
2019-05-21 02:12:00,2,0.0682227359497202,94.0254674675097,0,FALSE
2019-05-21 02:13:00,2,0.0681042251171498,23.3597492151824,0,FALSE
2019-05-21 02:14:00,0,0.0681042251171498,0,0,FALSE
2019-05-21 02:15:00,0,0.0681042251171498,0,0,FALSE
2019-05-21 02:16:00,0,0.0681042251171498,0,0,FALSE
2019-05-21 02:17:00,2,0.0681042251171498,175.981317702715,0,FALSE
2019-05-21 02:18:00,0,0.0681042251171498,0,0,FALSE
2019-05-21 02:19:00,0,0.0681042251171498,0,0,FALSE
2019-05-21 02:20:00,0,0.0681042251171498,0,0,FALSE
2019-05-21 02:21:00,0,0.0681042251171498,0,0,FALSE
2019-05-21 02:22:00,0,0.0681042251171498,0,0,FALSE
2019-05-21 02:23:00,1,0.0681832323388634,451.168448386259,0,FALSE
2019-05-21 02:24:00,0,0.0681832323388634,0,0,FALSE
2019-05-21 02:25:00,0,0.0681832323388634,0,0,FALSE
2019-05-21 02:26:00,2,0.0681832323388634,76.2970369871881,0,FALSE
2019-05-21 02:27:00,0,0.0681832323388634,0,0,FALSE
2019-05-21 02:28:00,0,0.0681832323388634,0,0,FALSE
2019-05-21 02:29:00,0,0.0681832323388634,0,0,FALSE
2019-05-21 02:30:00,0,0.0681832323388634,0,0,FALSE
2019-05-21 02:31:00,0,0.0681832323388634,0,0,FALSE
2019-05-21 02:32:00,2,0.0680252178954361,71.0183274828353,0,FALSE
2019-05-21 02:33:00,5,0.0680252178954361,194.96027448832,0,FALSE
2019-05-21 02:34:00,1,0.0680252178954361,41.2913072625297,0,FALSE
2019-05-21 02:35:00,0,0.0680252178954361,0,0,FALSE
2019-05-21 02:36:00,0,0.0680252178954361,0,0,FALSE
2019-05-21 02:37:00,1,0.0677881962302919,15.8624379178883,0,FALSE
2019-05-21 02:38:00,3,0.0679725464142937,1410.96682346777,2,FALSE
2019-05-21 02:39:00,0,0.0679725464142937,0,0,FALSE
2019-05-21 02:40:00,0,0.0679725464142937,0,0,FALSE
2019-05-21 02:41:00,0,0.0679725464142937,0,0,FALSE
2019-05-21 02:42:00,0,0.0679725464142937,0,0,FALSE
2019-05-21 02:43:00,6,0.068196400209149,9258.69482185921,2,FALSE
2019-05-21 02:44:00,1,0.0679462106737225,40.4959415615386,0,FALSE
2019-05-21 02:45:00,0,0.0679462106737225,0,0,FALSE
2019-05-21 02:46:00,2,0.0681832323388634,82.5698943623636,0,FALSE
2019-05-21 02:47:00,2,0.0683412467822906,24.8028951270035,0,FALSE
2019-05-21 02:48:00,3,0.068262239560577,30.7862700418202,0,FALSE
2019-05-21 02:49:00,4,0.0683807503931474,363.218004210754,0,FALSE
2019-05-21 02:50:00,6,0.0684465897445755,588.535618534211,5,FALSE
2019-05-21 02:51:00,0,0.0684465897445755,0,0,FALSE
2019-05-21 02:52:00,0,0.0684465897445755,0,0,FALSE
2019-05-21 02:53:00,0,0.0684465897445755,0,0,FALSE
2019-05-21 02:54:00,0,0.0684465897445755,0,0,FALSE
2019-05-21 02:55:00,2,0.0683807503931474,147.013951919186,0,FALSE
2019-05-21 02:56:00,0,0.0683807503931474,0,0,FALSE
2019-05-21 02:57:00,1,0.0683412467822906,10.3195282641259,0,FALSE
2019-05-21 02:58:00,8,0.0683412467822906,524.450727807298,0,FALSE
2019-05-21 02:59:00,4,0.0683807503931474,71.5088043152335,0,FALSE
2019-05-21 03:00:00,12,0.0683939182634331,1275.50033005258,0,FALSE
2019-05-21 03:01:00,9,0.068350025362481,375.620320853694,0,FALSE
2019-05-21 03:02:00,9,0.0682973538813386,418.913355085561,0,FALSE
2019-05-21 03:03:00,1,0.0683412467822906,364.668892830303,0,FALSE
2019-05-21 03:04:00,2,0.0683017431714338,151.652702927658,0,FALSE
2019-05-21 03:05:00,3,0.0683149110417194,2338.01575706232,0,FALSE
2019-05-21 03:06:00,2,0.0683017431714338,486.513909164286,0,FALSE
2019-05-21 03:07:00,3,0.0684465897445755,511.451827633198,2,FALSE
2019-05-21 03:08:00,3,0.0683675825228618,511.443373860475,0,FALSE
2019-05-21 03:09:00,1,0.0683412467822906,65.607596910999,0,FALSE
2019-05-21 03:10:00,1,0.0683412467822906,22.4159289445913,0,FALSE
2019-05-21 03:11:00,0,0.0683412467822906,0,0,FALSE
2019-05-21 03:12:00,3,0.0683412467822906,177.140511659697,0,FALSE
2019-05-21 03:13:00,0,0.0683412467822906,0,0,FALSE
2019-05-21 03:14:00,0,0.0683412467822906,0,0,FALSE
2019-05-21 03:15:00,4,0.0684202540040043,774.517275325328,0,FALSE
2019-05-21 03:16:00,0,0.0684202540040043,0,0,FALSE
2019-05-21 03:17:00,8,0.068311619074148,823.899870177994,0,FALSE
2019-05-21 03:18:00,1,0.0683412467822906,32.6671159619349,0,FALSE
2019-05-21 03:19:00,0,0.0683412467822906,0,0,FALSE
2019-05-21 03:20:00,1,0.0684202540040043,67.3939501939442,0,FALSE
2019-05-21 03:21:00,2,0.0683017431714338,231.078978945258,0,FALSE
2019-05-21 03:22:00,0,0.0683017431714338,0,0,FALSE
2019-05-21 03:23:00,0,0.0683017431714338,0,0,FALSE
2019-05-21 03:24:00,0,0.0683017431714338,0,0,FALSE
2019-05-21 03:25:00,6,0.0681832323388634,213.686250149998,0,FALSE
2019-05-21 03:26:00,6,0.0682359038200058,838.81516952198,2,FALSE
2019-05-21 03:27:00,2,0.0681832323388634,94.842876183359,0,FALSE
2019-05-21 03:28:00,0,0.0681832323388634,0,0,FALSE
2019-05-21 03:29:00,0,0.0681832323388634,0,0,FALSE
2019-05-21 03:30:00,0,0.0681832323388634,0,0,FALSE
2019-05-21 03:31:00,1,0.0681832323388634,27.6823923295785,0,FALSE
2019-05-21 03:32:00,0,0.0681832323388634,0,0,FALSE
2019-05-21 03:33:00,0,0.0681832323388634,0,0,FALSE
2019-05-21 03:34:00,0,0.0681832323388634,0,0,FALSE
2019-05-21 03:35:00,0,0.0681832323388634,0,0,FALSE
2019-05-21 03:36:00,0,0.0681832323388634,0,0,FALSE
2019-05-21 03:37:00,1,0.0679462106737225,100.424499375762,0,FALSE
2019-05-21 03:38:00,0,0.0679462106737225,0,0,FALSE
2019-05-21 03:39:00,0,0.0679462106737225,0,0,FALSE
2019-05-21 03:40:00,4,0.0681832323388634,390.553554837009,0,FALSE
2019-05-21 03:41:00,8,0.0681832323388634,426.077018885557,0,FALSE
2019-05-21 03:42:00,0,0.0681832323388634,0,0,FALSE
2019-05-21 03:43:00,0,0.0681832323388634,0,0,FALSE
2019-05-21 03:44:00,1,0.0683412467822906,20.5707152814695,0,FALSE
2019-05-21 03:45:00,32,0.0685832063987886,1761.21207889481,2,FALSE
2019-05-21 03:46:00,18,0.0685738791573363,1699.9471139253,0,FALSE
2019-05-21 03:47:00,17,0.0684109590367438,405.59724091628,0,FALSE
2019-05-21 03:48:00,15,0.0683939182634331,574.346237543329,0,FALSE
2019-05-21 03:49:00,12,0.0683675825228618,730.905841989956,0,FALSE
2019-05-21 03:50:00,0,0.0683675825228618,0,0,FALSE
2019-05-21 03:51:00,3,0.0682359038200058,77.997667434574,0,FALSE
2019-05-21 03:52:00,3,0.0680515536360073,419.622681922106,0,FALSE
2019-05-21 03:53:00,4,0.0678079480357236,473.71718847055,0,FALSE
2019-05-21 03:54:00,9,0.068306132461529,2002.32884635156,2,FALSE
2019-05-21 03:55:00,0,0.068306132461529,0,0,FALSE
2019-05-21 03:56:00,0,0.068306132461529,0,0,FALSE
2019-05-21 03:57:00,0,0.068306132461529,0,0,FALSE
2019-05-21 03:58:00,0,0.068306132461529,0,0,FALSE
2019-05-21 03:59:00,4,0.0683412467822906,914.679246934178,0,FALSE
2019-05-21 04:00:00,1,0.0683412467822906,78.3874100592874,0,FALSE
2019-05-21 04:01:00,0,0.0683412467822906,0,0,FALSE
2019-05-21 04:02:00,0,0.0683412467822906,0,0,FALSE
2019-05-21 04:03:00,11,0.0682762824702469,1548.5031128947,6,FALSE
2019-05-21 04:04:00,6,0.0683277566294835,968.560447979732,2,FALSE
2019-05-21 04:05:00,4,0.068400179574456,1093.20157405133,2,FALSE
2019-05-21 04:06:00,1,0.0683409244376603,163.061445708258,0,FALSE
2019-05-21 04:07:00,0,0.0683409244376603,0,0,FALSE
2019-05-21 04:08:00,1,0.0683409244376603,409.840523852649,0,FALSE
2019-05-21 04:09:00,0,0.0683409244376603,0,0,FALSE
2019-05-21 04:10:00,0,0.0683409244376603,0,0,FALSE
2019-05-21 04:11:00,2,0.0683409244376603,154.382148304675,0,FALSE
2019-05-21 04:12:00,6,0.0683409244376603,1361.32664366814,2,FALSE
2019-05-21 04:13:00,6,0.0682750853967763,1681.20238452256,2,FALSE
2019-05-21 04:14:00,1,0.0683409244376603,31.5735070901991,0,FALSE
2019-05-21 04:15:00,0,0.0683409244376603,0,0,FALSE
2019-05-21 04:16:00,0,0.0683409244376603,0,0,FALSE
2019-05-21 04:17:00,7,0.0683409244376603,691.131768838059,0,FALSE
2019-05-21 04:18:00,8,0.0683409244376603,579.394357382484,0,FALSE
2019-05-21 04:19:00,0,0.0683409244376603,0,0,FALSE
2019-05-21 04:20:00,0,0.0683409244376603,0,0,FALSE
2019-05-21 04:21:00,1,0.0684199312867212,10.3998295555816,0,FALSE
2019-05-21 04:22:00,0,0.0684199312867212,0,0,FALSE
2019-05-21 04:23:00,0,0.0684199312867212,0,0,FALSE
2019-05-21 04:24:00,1,0.0682619175885995,11.8775736604163,0,FALSE
2019-05-21 04:25:00,0,0.0682619175885995,0,0,FALSE
2019-05-21 04:26:00,1,0.0682619175885995,38.8410311079131,0,FALSE
2019-05-21 04:27:00,0,0.0682619175885995,0,0,FALSE
2019-05-21 04:28:00,0,0.0682619175885995,0,0,FALSE
2019-05-21 04:29:00,0,0.0682619175885995,0,0,FALSE
2019-05-21 04:30:00,0,0.0682619175885995,0,0,FALSE
2019-05-21 04:31:00,2,0.0683409244376603,428.770959921881,0,FALSE
2019-05-21 04:32:00,0,0.0683409244376603,0,0,FALSE
2019-05-21 04:33:00,0,0.0683409244376603,0,0,FALSE
2019-05-21 04:34:00,1,0.0684199312867212,201.428277708107,0,FALSE
2019-05-21 04:35:00,1,0.0684199312867212,139.234560168478,0,FALSE
2019-05-21 04:36:00,2,0.0684594347112517,151.83678464848,0,FALSE
2019-05-21 04:37:00,1,0.0684199312867212,465.187112818418,0,FALSE
2019-05-21 04:38:00,1,0.0684199312867212,576.164241365479,0,FALSE
2019-05-21 04:39:00,1,0.0684199312867212,17.1049828216803,0,FALSE
2019-05-21 04:40:00,0,0.0684199312867212,0,0,FALSE
2019-05-21 04:41:00,0,0.0684199312867212,0,0,FALSE
2019-05-21 04:42:00,3,0.0682619175885995,294.686698229984,0,FALSE
2019-05-21 04:43:00,1,0.0682619175885995,225.127804207201,0,FALSE
2019-05-21 04:44:00,0,0.0682619175885995,0,0,FALSE
2019-05-21 04:45:00,0,0.0682619175885995,0,0,FALSE
2019-05-21 04:46:00,0,0.0682619175885995,0,0,FALSE
2019-05-21 04:47:00,0,0.0682619175885995,0,0,FALSE
2019-05-21 04:48:00,0,0.0682619175885995,0,0,FALSE
2019-05-21 04:49:00,0,0.0682619175885995,0,0,FALSE
2019-05-21 04:50:00,1,0.0682619175885995,79.0473005675982,0,FALSE
2019-05-21 04:51:00,2,0.0683409244376603,65.9489920823422,0,FALSE
2019-05-21 04:52:00,0,0.0683409244376603,0,0,FALSE
2019-05-21 04:53:00,0,0.0683409244376603,0,0,FALSE
2019-05-21 04:54:00,0,0.0683409244376603,0,0,FALSE
2019-05-21 04:55:00,2,0.0684594347112517,307.430186956107,0,FALSE
2019-05-21 04:56:00,0,0.0684594347112517,0,0,FALSE
2019-05-21 04:57:00,2,0.0685384415603125,246.611504617533,2,FALSE
2019-05-21 04:58:00,0,0.0685384415603125,0,0,FALSE
2019-05-21 04:59:00,1,0.0686569518339039,8.8567467865736,0,FALSE
2019-05-21 05:00:00,4,0.0687557103952285,690.291451991446,2,FALSE
2019-05-21 05:01:00,5,0.0688623696414614,442.249370357967,2,FALSE
2019-05-21 05:02:00,2,0.0688149655320249,207.339491147992,0,FALSE
2019-05-21 05:03:00,4,0.0688939723810831,312.296376803463,2,FALSE
2019-05-21 05:04:00,1,0.0688939723810865,14.6744161171714,0,FALSE
2019-05-21 05:05:00,1,0.0688939723810862,168.859126306042,0,FALSE
2019-05-21 05:06:00,2,0.0689729792301451,25.657948273614,0,FALSE
2019-05-21 05:07:00,1,0.0689729792301473,596.892162257695,0,FALSE
2019-05-21 05:08:00,10,0.0690519860792069,788.228421094158,0,FALSE
2019-05-21 05:09:00,0,0.0690519860792069,0,0,FALSE
2019-05-21 05:10:00,8,0.0690519860792078,751.699920458259,0,FALSE
2019-05-21 05:11:00,1,0.069051986079208,232.290881170456,0,FALSE
2019-05-21 05:12:00,2,0.0690914895037383,1101.12675108062,0,FALSE
2019-05-21 05:13:00,5,0.0691941984075178,1724.07845342571,0,FALSE
2019-05-21 05:14:00,3,0.0693416778590981,710.149665489201,0,FALSE
2019-05-21 05:15:00,0,0.0693416778590981,0,0,FALSE
2019-05-21 05:16:00,2,0.0693680134754518,590.668634743472,0,FALSE
2019-05-21 05:17:00,4,0.0693680134754518,42.3144882200256,0,FALSE
2019-05-21 05:18:00,1,0.0693680134754518,11.0988821560723,0,FALSE
2019-05-21 05:19:00,2,0.0693680134754518,19.8392518539792,0,FALSE
2019-05-21 05:20:00,0,0.0693680134754518,0,0,FALSE
2019-05-21 05:21:00,1,0.0694470203245126,327.859382952024,0,FALSE
2019-05-21 05:22:00,2,0.0694865237490431,108.350150815788,0,FALSE
2019-05-21 05:23:00,0,0.0694865237490431,0,0,FALSE
2019-05-21 05:24:00,0,0.0694865237490431,0,0,FALSE
2019-05-21 05:25:00,0,0.0694865237490431,0,0,FALSE
2019-05-21 05:26:00,1,0.0694470203245127,23.9592220119569,0,FALSE
2019-05-21 05:27:00,1,0.0694470203245126,20.8341060973538,0,FALSE
2019-05-21 05:28:00,0,0.0694470203245126,0,0,FALSE
2019-05-21 05:29:00,0,0.0694470203245126,0,0,FALSE
2019-05-21 05:30:00,0,0.0694470203245126,0,0,FALSE
2019-05-21 05:31:00,1,0.0694470203245127,323.623114712229,0,FALSE
2019-05-21 05:32:00,11,0.0699138789780542,8280.85393373464,7,FALSE
2019-05-21 05:33:00,9,0.0703073171253963,736.16022133017,0,FALSE
2019-05-21 05:34:00,3,0.0705267805950112,290.907010570911,0,FALSE
2019-05-21 05:35:00,0,0.0705267805950112,0,0,FALSE
2019-05-21 05:36:00,3,0.0705004449786576,266.700497121393,0,FALSE
2019-05-21 05:37:00,1,0.0701580819660576,18.5918917210053,0,FALSE
2019-05-21 05:38:00,0,0.0701580819660576,0,0,FALSE
2019-05-21 05:39:00,9,0.0700176253455071,586.825504584603,0,FALSE
2019-05-21 05:40:00,4,0.0704543576500377,1013.96671122406,2,FALSE
2019-05-21 05:41:00,1,0.070474109362304,1420.54662241596,0,FALSE
2019-05-21 05:42:00,0,0.070474109362304,0,0,FALSE
2019-05-21 05:43:00,0,0.070474109362304,0,0,FALSE
2019-05-21 05:44:00,1,0.0704741093623022,29.0353330572685,0,FALSE
2019-05-21 05:45:00,14,0.0709199337248619,2322.61901458221,13,FALSE
2019-05-21 05:46:00,4,0.0711259158670563,158.157174559653,2,FALSE
2019-05-21 05:47:00,0,0.0711259158670563,0,0,FALSE
2019-05-21 05:48:00,2,0.0709876538811998,1266.92862835541,0,FALSE
2019-05-21 05:49:00,3,0.0711061641547911,29.8645889450123,0,FALSE
2019-05-21 05:50:00,1,0.071185171003852,426.755100168093,0,FALSE
2019-05-21 05:51:00,15,0.0715380682629901,1837.83978333367,2,FALSE
2019-05-21 05:52:00,20,0.0721688062746595,4827.92137888489,15,FALSE
2019-05-21 05:53:00,25,0.0727431860673325,17556.0959704344,10,FALSE
2019-05-21 05:54:00,36,0.0739723570679437,9099.09887394455,16,FALSE
2019-05-21 05:55:00,34,0.0737412749440569,6574.71667162107,17,FALSE
2019-05-21 05:56:00,20,0.0739622617483411,2136.11355052472,9,FALSE
2019-05-21 05:57:00,20,0.0746891247597013,1805.64836367697,14,FALSE
2019-05-21 05:58:00,5,0.0745508627738454,120.342205400493,0,FALSE
2019-05-21 05:59:00,43,0.0744281265525136,8223.12607833818,26,FALSE
2019-05-21 06:00:00,12,0.0750499227037458,537.468819880382,7,FALSE
2019-05-21 06:01:00,14,0.0748025560215674,860.465331272709,0,FALSE
2019-05-21 06:02:00,6,0.0744902908562319,731.102439873843,2,FALSE
2019-05-21 06:03:00,7,0.0746050388989151,273.325932476789,2,FALSE
2019-05-21 06:04:00,3,0.0746614723625305,146.908653431458,2,FALSE
2019-05-21 06:05:00,1,0.074424451815348,76.136214207101,0,FALSE
2019-05-21 06:06:00,0,0.074424451815348,0,0,FALSE
2019-05-21 06:07:00,0,0.074424451815348,0,0,FALSE
2019-05-21 06:08:00,1,0.074424451815348,12.2800345495324,0,FALSE
2019-05-21 06:09:00,10,0.0730813353813127,971.104784546886,0,FALSE
2019-05-21 06:10:00,12,0.0725612069583289,359.689109253727,0,FALSE
2019-05-21 06:11:00,8,0.0723208944591021,1060.92340487435,0,FALSE
2019-05-21 06:12:00,2,0.0722912668907043,133.088222345787,0,FALSE
2019-05-21 06:13:00,3,0.0725282874378869,358.144683368286,0,FALSE
2019-05-21 06:14:00,0,0.0725282874378869,0,0,FALSE
2019-05-21 06:15:00,8,0.0720443704873886,382.081309421409,0,FALSE
2019-05-21 06:16:00,8,0.0716789638104822,869.508455216219,0,FALSE
2019-05-21 06:17:00,10,0.0717619210019963,317.446517266347,0,FALSE
2019-05-21 06:18:00,0,0.0717619210019963,0,0,FALSE
2019-05-21 06:19:00,1,0.0720542463435216,2.6660071147103,0,FALSE
2019-05-21 06:20:00,5,0.0719752394944524,214.414238453996,0,FALSE
2019-05-21 06:21:00,1,0.0719752394944608,19.3613394240099,0,FALSE
2019-05-21 06:22:00,0,0.0719752394944608,0,0,FALSE
2019-05-21 06:23:00,4,0.0720739980557869,179.032285211669,2,FALSE
2019-05-21 06:24:00,2,0.072172756617113,1483.30018248804,2,FALSE
2019-05-21 06:25:00,2,0.0722912668907043,658.211985039863,0,FALSE
2019-05-21 06:26:00,3,0.0723966093561188,109.23328937459,2,FALSE
2019-05-21 06:27:00,0,0.0723966093561188,0,0,FALSE
2019-05-21 06:28:00,1,0.0723702737397652,2.67770012837131,0,FALSE
2019-05-21 06:29:00,0,0.0723702737397652,0,0,FALSE
2019-05-21 06:30:00,2,0.0722912668907043,19.5909333273809,0,FALSE
2019-05-21 06:31:00,0,0.0722912668907043,0,0,FALSE
2019-05-21 06:32:00,2,0.0722912668907043,280.056367934588,2,FALSE
2019-05-21 06:33:00,0,0.0722912668907043,0,0,FALSE
2019-05-21 06:34:00,0,0.0722912668907043,0,0,FALSE
2019-05-21 06:35:00,8,0.0724196530204282,1516.13448087555,7,FALSE
2019-05-21 06:36:00,0,0.0724196530204282,0,0,FALSE
2019-05-21 06:37:00,1,0.072449280588826,11.0847399300904,0,FALSE
2019-05-21 06:38:00,0,0.072449280588826,0,0,FALSE
2019-05-21 06:39:00,0,0.072449280588826,0,0,FALSE
2019-05-21 06:40:00,1,0.0725282874378869,2.53849006032604,0,FALSE
2019-05-21 06:41:00,0,0.0725282874378869,0,0,FALSE
2019-05-21 06:42:00,0,0.0725282874378869,0,0,FALSE
2019-05-21 06:43:00,0,0.0725282874378869,0,0,FALSE
2019-05-21 06:44:00,1,0.072449280588826,39.6297564820878,0,FALSE
2019-05-21 06:45:00,1,0.072449280588826,2.24592769825361,0,FALSE
2019-05-21 06:46:00,0,0.072449280588826,0,0,FALSE
2019-05-21 06:47:00,0,0.072449280588826,0,0,FALSE
2019-05-21 06:48:00,1,0.0722912668907043,11.8557677700755,0,FALSE
2019-05-21 06:49:00,1,0.0722122600416434,393.917878527165,0,FALSE
2019-05-21 06:50:00,0,0.0722122600416434,0,0,FALSE
2019-05-21 06:51:00,0,0.0722122600416434,0,0,FALSE
2019-05-21 06:52:00,0,0.0722122600416434,0,0,FALSE
2019-05-21 06:53:00,0,0.0722122600416434,0,0,FALSE
2019-05-21 06:54:00,1,0.0721332531925825,46.8144813219861,0,FALSE
2019-05-21 06:55:00,0,0.0721332531925825,0,0,FALSE
2019-05-21 06:56:00,12,0.0720542463435216,1244.08055866864,9,FALSE
2019-05-21 06:57:00,2,0.0718172257963371,31.3841276729994,0,FALSE
2019-05-21 06:58:00,0,0.0718172257963371,0,0,FALSE
2019-05-21 06:59:00,0,0.0718172257963371,0,0,FALSE
2019-05-21 07:00:00,1,0.0720542463435217,2.59395286836678,0,FALSE
2019-05-21 07:01:00,0,0.0720542463435217,0,0,FALSE
2019-05-21 07:02:00,0,0.0720542463435217,0,0,FALSE
2019-05-21 07:03:00,4,0.0713431847019737,198.356017375526,0,FALSE
2019-05-21 07:04:00,2,0.0714616949755651,140.924990710984,2,FALSE
2019-05-21 07:05:00,1,0.0715011984000955,130.132181088174,0,FALSE
2019-05-21 07:06:00,1,0.0717382189472781,16.7867432336631,0,FALSE
2019-05-21 07:07:00,1,0.0717382189472526,2.22388478736483,0,FALSE
2019-05-21 07:08:00,0,0.0717382189472526,0,0,FALSE
2019-05-21 07:09:00,2,0.0718567292208683,118.522045611828,0,FALSE
2019-05-21 07:10:00,0,0.0718567292208683,0,0,FALSE
2019-05-21 07:11:00,4,0.0723505220274999,99.1031101948532,4,FALSE
2019-05-21 07:12:00,1,0.0723702737397652,11.0726518821841,0,FALSE
2019-05-21 07:13:00,0,0.0723702737397652,0,0,FALSE
2019-05-21 07:14:00,1,0.0715011984000955,69.4991648448928,0,FALSE
2019-05-21 07:15:00,0,0.0715011984000955,0,0,FALSE
2019-05-21 07:16:00,1,0.0715802052491564,25.8404540949454,0,FALSE
2019-05-21 07:17:00,0,0.0715802052491564,0,0,FALSE
2019-05-21 07:18:00,0,0.0715802052491564,0,0,FALSE
2019-05-21 07:19:00,0,0.0715802052491564,0,0,FALSE
2019-05-21 07:20:00,1,0.0715802052491309,2.21898636272306,0,FALSE
2019-05-21 07:21:00,2,0.0715802052491564,19.2550752120231,0,FALSE
2019-05-21 07:22:00,0,0.0715802052491564,0,0,FALSE
2019-05-21 07:23:00,0,0.0715802052491564,0,0,FALSE
2019-05-21 07:24:00,5,0.0716750134680294,1532.56877455555,4,FALSE
2019-05-21 07:25:00,0,0.0716750134680294,0,0,FALSE
2019-05-21 07:26:00,1,0.0718172257963193,2.87268903185277,0,FALSE
2019-05-21 07:27:00,0,0.0718172257963193,0,0,FALSE
2019-05-21 07:28:00,0,0.0718172257963193,0,0,FALSE
2019-05-21 07:29:00,0,0.0718172257963193,0,0,FALSE
2019-05-21 07:30:00,0,0.0718172257963193,0,0,FALSE
2019-05-21 07:31:00,0,0.0718172257963193,0,0,FALSE
2019-05-21 07:32:00,0,0.0718172257963193,0,0,FALSE
2019-05-21 07:33:00,0,0.0718172257963193,0,0,FALSE
2019-05-21 07:34:00,2,0.0715802052491465,22.1182834219885,0,FALSE
2019-05-21 07:35:00,0,0.0715802052491465,0,0,FALSE
2019-05-21 07:36:00,1,0.0715802052491309,2.21898636272306,0,FALSE
2019-05-21 07:37:00,0,0.0715802052491309,0,0,FALSE
2019-05-21 07:38:00,0,0.0715802052491309,0,0,FALSE
2019-05-21 07:39:00,1,0.0716592120982173,2.5080724234376,0,FALSE
2019-05-21 07:40:00,0,0.0716592120982173,0,0,FALSE
2019-05-21 07:41:00,1,0.0715802052491564,258.619281565202,0,FALSE
2019-05-21 07:42:00,8,0.0710666607302607,375.492691257677,0,FALSE
2019-05-21 07:43:00,0,0.0710666607302607,0,0,FALSE
2019-05-21 07:44:00,0,0.0710666607302607,0,0,FALSE
2019-05-21 07:45:00,3,0.0710271573057302,121.365581116379,0,FALSE
2019-05-21 07:46:00,2,0.0710271573057302,106.327654486678,0,FALSE
2019-05-21 07:47:00,1,0.0711061641547911,34.4864896150737,0,FALSE
2019-05-21 07:48:00,0,0.0711061641547911,0,0,FALSE
2019-05-21 07:49:00,1,0.0710271573057302,2.62800482031202,0,FALSE
2019-05-21 07:50:00,2,0.071185171003852,191.784701711736,0,FALSE
2019-05-21 07:51:00,0,0.071185171003852,0,0,FALSE
2019-05-21 07:52:00,0,0.071185171003852,0,0,FALSE
2019-05-21 07:53:00,0,0.071185171003852,0,0,FALSE
2019-05-21 07:54:00,0,0.071185171003852,0,0,FALSE
2019-05-21 07:55:00,2,0.071185171003852,19.2195221299457,2,FALSE
2019-05-21 07:56:00,2,0.0713036812774433,125.933362094833,0,FALSE
2019-05-21 07:57:00,0,0.0713036812774433,0,0,FALSE
2019-05-21 07:58:00,0,0.0713036812774433,0,0,FALSE
2019-05-21 07:59:00,0,0.0713036812774433,0,0,FALSE
2019-05-21 08:00:00,0,0.0713036812774433,0,0,FALSE
2019-05-21 08:01:00,1,0.071185171003852,68.1953938216902,0,FALSE
2019-05-21 08:02:00,0,0.071185171003852,0,0,FALSE
2019-05-21 08:03:00,1,0.071185171003852,200.813367401866,0,FALSE
2019-05-21 08:04:00,8,0.0711160400109237,685.581300670985,0,FALSE
2019-05-21 08:05:00,0,0.0711160400109237,0,0,FALSE
2019-05-21 08:06:00,5,0.0710271573057302,53.5544766085206,0,FALSE
2019-05-21 08:07:00,1,0.0710271573057302,19.4614411017701,0,FALSE
2019-05-21 08:08:00,0,0.0710271573057302,0,0,FALSE
2019-05-21 08:09:00,52,0.0716455378358797,10083.5953194073,30,FALSE
2019-05-21 08:10:00,0,0.0716455378358797,0,0,FALSE
2019-05-21 08:11:00,2,0.0715802052491564,47.4576760801907,0,FALSE
2019-05-21 08:12:00,1,0.0715802052491564,191.691789657241,0,FALSE
2019-05-21 08:13:00,0,0.0715802052491564,0,0,FALSE
2019-05-21 08:14:00,1,0.0715802052491564,11.7391536608616,0,FALSE
2019-05-21 08:15:00,1,0.0715802052491559,109.016652594464,0,FALSE
2019-05-21 08:16:00,0,0.0715802052491559,0,0,FALSE
2019-05-21 08:17:00,4,0.0715011984000955,119.90750971696,0,FALSE
2019-05-21 08:18:00,6,0.0711720031956752,426.85204157189,0,FALSE
2019-05-21 08:19:00,8,0.0713530605581063,700.258245007326,0,FALSE
2019-05-21 08:20:00,6,0.0715538696328025,377.899239880071,0,FALSE
2019-05-21 08:21:00,0,0.0715538696328025,0,0,FALSE
2019-05-21 08:22:00,1,0.0717382189472778,179.489023806089,0,FALSE
2019-05-21 08:23:00,1,0.0718962326453993,98.6416311894879,0,FALSE
2019-05-21 08:24:00,4,0.0718962326453939,192.336406538728,0,FALSE
2019-05-21 08:25:00,0,0.0718962326453939,0,0,FALSE
2019-05-21 08:26:00,0,0.0718962326453939,0,0,FALSE
2019-05-21 08:27:00,0,0.0718962326453939,0,0,FALSE
2019-05-21 08:28:00,1,0.0719752394944537,7.98925158388436,0,FALSE
2019-05-21 08:29:00,1,0.0720542463435216,21.4001111640259,0,FALSE
2019-05-21 08:30:00,1,0.0720542463435217,66.578123621414,0,FALSE
2019-05-21 08:31:00,0,0.0720542463435217,0,0,FALSE
2019-05-21 08:32:00,0,0.0720542463435217,0,0,FALSE
2019-05-21 08:33:00,0,0.0720542463435217,0,0,FALSE
2019-05-21 08:34:00,1,0.0720542463435216,66.8663406067881,0,FALSE
2019-05-21 08:35:00,0,0.0720542463435216,0,0,FALSE
2019-05-21 08:36:00,0,0.0720542463435216,0,0,FALSE
2019-05-21 08:37:00,1,0.0713845506344209,9.63691433564682,0,FALSE
2019-05-21 08:38:00,0,0.0713845506344209,0,0,FALSE
2019-05-21 08:39:00,0,0.0713845506344209,0,0,FALSE
2019-05-21 08:40:00,0,0.0713845506344209,0,0,FALSE
2019-05-21 08:41:00,0,0.0713845506344209,0,0,FALSE
2019-05-21 08:42:00,1,0.07154126754032,11.7327678766125,0,FALSE
2019-05-21 08:43:00,0,0.07154126754032,0,0,FALSE
2019-05-21 08:44:00,17,0.0718685293143915,7201.19847896149,16,FALSE
2019-05-21 08:45:00,1,0.07154126754032,16.311408999193,0,FALSE
2019-05-21 08:46:00,0,0.07154126754032,0,0,FALSE
2019-05-21 08:47:00,1,0.0717763428991601,34.4526445915968,0,FALSE
2019-05-21 08:48:00,0,0.0717763428991601,0,0,FALSE
2019-05-21 08:49:00,0,0.0717763428991601,0,0,FALSE
2019-05-21 08:50:00,0,0.0717763428991601,0,0,FALSE
2019-05-21 08:51:00,0,0.0717763428991601,0,0,FALSE
2019-05-21 08:52:00,1,0.0717763428991601,328.089663392061,0,FALSE
2019-05-21 08:53:00,0,0.0717763428991601,0,0,FALSE
2019-05-21 08:54:00,0,0.0717763428991601,0,0,FALSE
2019-05-21 08:55:00,0,0.0717763428991601,0,0,FALSE
2019-05-21 08:56:00,0,0.0717763428991601,0,0,FALSE
2019-05-21 08:57:00,2,0.0718938805785801,71.8038467161443,2,FALSE
2019-05-21 08:58:00,0,0.0718938805785801,0,0,FALSE
2019-05-21 08:59:00,0,0.0718938805785801,0,0,FALSE
2019-05-21 09:00:00,1,0.0716979844462134,11.3999795269479,0,FALSE
2019-05-21 09:01:00,0,0.0716979844462134,0,0,FALSE
2019-05-21 09:02:00,0,0.0716979844462134,0,0,FALSE
2019-05-21 09:03:00,2,0.0714237298609,454.46515764458,0,FALSE
2019-05-21 09:04:00,1,0.0716196259932667,23.8493354557578,0,FALSE
2019-05-21 09:05:00,1,0.0716196259932667,15.8995569705052,0,FALSE
2019-05-21 09:06:00,1,0.0716196259932667,15.6846980925254,0,FALSE
2019-05-21 09:07:00,1,0.0716196259932667,50.0621185692934,0,FALSE
2019-05-21 09:08:00,0,0.0716196259932667,0,0,FALSE
2019-05-21 09:09:00,0,0.0716196259932667,0,0,FALSE
2019-05-21 09:10:00,0,0.0716196259932667,0,0,FALSE
2019-05-21 09:11:00,0,0.0716196259932667,0,0,FALSE
2019-05-21 09:12:00,2,0.0714629090873733,26.0839618168913,0,FALSE
2019-05-21 09:13:00,0,0.0714629090873733,0,0,FALSE
2019-05-21 09:14:00,0,0.0714629090873733,0,0,FALSE
2019-05-21 09:15:00,2,0.0713453714079525,125.527734150088,0,FALSE
2019-05-21 09:16:00,3,0.0713845506344256,75.881777324394,0,FALSE
2019-05-21 09:17:00,1,0.0713845506344267,20.0590587282739,0,FALSE
2019-05-21 09:18:00,0,0.0713845506344267,0,0,FALSE
2019-05-21 09:19:00,3,0.0712278337285301,51.7114072869136,0,FALSE
2019-05-21 09:20:00,0,0.0712278337285301,0,0,FALSE
2019-05-21 09:21:00,0,0.0712278337285301,0,0,FALSE
2019-05-21 09:22:00,1,0.0713061921814776,23.5310434198876,0,FALSE
2019-05-21 09:23:00,0,0.0713061921814776,0,0,FALSE
2019-05-21 09:24:00,0,0.0713061921814776,0,0,FALSE
2019-05-21 09:25:00,0,0.0713061921814776,0,0,FALSE
2019-05-21 09:26:00,0,0.0713061921814776,0,0,FALSE
2019-05-21 09:27:00,2,0.0712278337285317,49.5745722750584,0,FALSE
2019-05-21 09:28:00,5,0.0712278337285296,125.930810032045,0,FALSE
2019-05-21 09:29:00,1,0.0712278337285323,54.9878876384269,0,FALSE
2019-05-21 09:30:00,6,0.0712147739863733,101.774074365377,4,FALSE
2019-05-21 09:31:00,1,0.0710711168226376,24.3063219533421,0,FALSE
2019-05-21 09:32:00,0,0.0710711168226376,0,0,FALSE
2019-05-21 09:33:00,4,0.0710711168226399,254.647811575519,0,FALSE
2019-05-21 09:34:00,5,0.071588282612088,1539.3850321216,5,FALSE
2019-05-21 09:35:00,0,0.071588282612088,0,0,FALSE
2019-05-21 09:36:00,0,0.071588282612088,0,0,FALSE
2019-05-21 09:37:00,2,0.0718547013521068,246.532148245378,0,FALSE
2019-05-21 09:38:00,0,0.0718547013521068,0,0,FALSE
2019-05-21 09:39:00,0,0.0718547013521068,0,0,FALSE
2019-05-21 09:40:00,0,0.0718547013521068,0,0,FALSE
2019-05-21 09:41:00,1,0.0719330598050534,2.73345627259203,0,FALSE
2019-05-21 09:42:00,0,0.0719330598050534,0,0,FALSE
2019-05-21 09:43:00,0,0.0719330598050534,0,0,FALSE
2019-05-21 09:44:00,1,0.0718547013521068,2.29935044326742,0,FALSE
2019-05-21 09:45:00,1,0.0716979844462134,297.761729405124,0,FALSE
2019-05-21 09:46:00,0,0.0716979844462134,0,0,FALSE
2019-05-21 09:47:00,0,0.0716979844462134,0,0,FALSE
2019-05-21 09:48:00,0,0.0716979844462134,0,0,FALSE
2019-05-21 09:49:00,0,0.0716979844462134,0,0,FALSE
2019-05-21 09:50:00,0,0.0716979844462134,0,0,FALSE
2019-05-21 09:51:00,1,0.0716979844462134,49.9734951590107,0,FALSE
2019-05-21 09:52:00,0,0.0716979844462134,0,0,FALSE
2019-05-21 09:53:00,0,0.0716979844462134,0,0,FALSE
2019-05-21 09:54:00,0,0.0716979844462134,0,0,FALSE
2019-05-21 09:55:00,1,0.07154126754032,42.7816779891114,0,FALSE
2019-05-21 09:56:00,0,0.07154126754032,0,0,FALSE
2019-05-21 09:57:00,4,0.0716783948329767,970.212032226718,3,FALSE
2019-05-21 09:58:00,0,0.0716783948329767,0,0,FALSE
2019-05-21 09:59:00,0,0.0716783948329767,0,0,FALSE
2019-05-21 10:00:00,1,0.0717763428991601,2.58394834436976,0,FALSE
2019-05-21 10:01:00,0,0.0717763428991601,0,0,FALSE
2019-05-21 10:02:00,1,0.0717763428991601,15.6472427520169,0,FALSE
2019-05-21 10:03:00,1,0.0716979844462134,269.154233611085,0,FALSE
2019-05-21 10:04:00,0,0.0716979844462134,0,0,FALSE
2019-05-21 10:05:00,0,0.0716979844462134,0,0,FALSE
2019-05-21 10:06:00,0,0.0716979844462134,0,0,FALSE
2019-05-21 10:07:00,3,0.07154126754032,167.263483509268,0,FALSE
2019-05-21 10:08:00,2,0.0716588052197401,35.9578321142496,2,FALSE
2019-05-21 10:09:00,0,0.0716588052197401,0,0,FALSE
2019-05-21 10:10:00,0,0.0716588052197401,0,0,FALSE
2019-05-21 10:11:00,0,0.0716588052197401,0,0,FALSE
2019-05-21 10:12:00,1,0.0717763428991601,16.8674405813026,0,FALSE
2019-05-21 10:13:00,1,0.0716979844462134,2.93961736229475,0,FALSE
2019-05-21 10:14:00,0,0.0716979844462134,0,0,FALSE
2019-05-21 10:15:00,0,0.0716979844462134,0,0,FALSE
2019-05-21 10:16:00,0,0.0716979844462134,0,0,FALSE
2019-05-21 10:17:00,1,0.07154126754032,2.36086182883056,0,FALSE
2019-05-21 10:18:00,0,0.07154126754032,0,0,FALSE
2019-05-21 10:19:00,0,0.07154126754032,0,0,FALSE
2019-05-21 10:20:00,0,0.07154126754032,0,0,FALSE
2019-05-21 10:21:00,0,0.07154126754032,0,0,FALSE
2019-05-21 10:22:00,2,0.0716196259932667,411.096653201351,0,FALSE
2019-05-21 10:23:00,0,0.0716196259932667,0,0,FALSE
2019-05-21 10:24:00,0,0.0716196259932667,0,0,FALSE
2019-05-21 10:25:00,0,0.0716196259932667,0,0,FALSE
2019-05-21 10:26:00,0,0.0716196259932667,0,0,FALSE
2019-05-21 10:27:00,2,0.0716196259932667,112.299573557442,2,FALSE
2019-05-21 10:28:00,0,0.0716196259932667,0,0,FALSE
2019-05-21 10:29:00,0,0.0716196259932667,0,0,FALSE
2019-05-21 10:30:00,0,0.0716196259932667,0,0,FALSE
2019-05-21 10:31:00,0,0.0716196259932667,0,0,FALSE
2019-05-21 10:32:00,0,0.0716196259932667,0,0,FALSE
2019-05-21 10:33:00,0,0.0716196259932667,0,0,FALSE
2019-05-21 10:34:00,0,0.0716196259932667,0,0,FALSE
2019-05-21 10:35:00,0,0.0716196259932667,0,0,FALSE
2019-05-21 10:36:00,0,0.0716196259932667,0,0,FALSE
2019-05-21 10:37:00,1,0.0716979844462134,7.95847627352969,0,FALSE
2019-05-21 10:38:00,0,0.0716979844462134,0,0,FALSE
2019-05-21 10:39:00,0,0.0716979844462134,0,0,FALSE
2019-05-21 10:40:00,0,0.0716979844462134,0,0,FALSE
2019-05-21 10:41:00,0,0.0716979844462134,0,0,FALSE
2019-05-21 10:42:00,0,0.0716979844462134,0,0,FALSE
2019-05-21 10:43:00,0,0.0716979844462134,0,0,FALSE
2019-05-21 10:44:00,0,0.0716979844462134,0,0,FALSE
2019-05-21 10:45:00,3,0.0715151480560045,84.1720232877015,0,FALSE
2019-05-21 10:46:00,2,0.0715020883138467,87.44121630309,0,FALSE
2019-05-21 10:47:00,0,0.0715020883138467,0,0,FALSE
2019-05-21 10:48:00,0,0.0715020883138467,0,0,FALSE
2019-05-21 10:49:00,0,0.0715020883138467,0,0,FALSE
2019-05-21 10:50:00,1,0.0716979844462134,7.95847627352969,0,FALSE
2019-05-21 10:51:00,0,0.0716979844462134,0,0,FALSE
2019-05-21 10:52:00,0,0.0716979844462134,0,0,FALSE
2019-05-21 10:53:00,1,0.0716979844462134,34.7018244719673,0,FALSE
2019-05-21 10:54:00,0,0.0716979844462134,0,0,FALSE
2019-05-21 10:55:00,1,0.0716979844462134,8.38866418020697,0,FALSE
2019-05-21 10:56:00,0,0.0716979844462134,0,0,FALSE
2019-05-21 10:57:00,0,0.0716979844462134,0,0,FALSE
2019-05-21 10:58:00,0,0.0716979844462134,0,0,FALSE
2019-05-21 10:59:00,0,0.0716979844462134,0,0,FALSE
2019-05-21 11:00:00,0,0.0716979844462134,0,0,FALSE
2019-05-21 11:01:00,0,0.0716979844462134,0,0,FALSE
2019-05-21 11:02:00,2,0.0717371636726867,819.731048735758,2,FALSE
2019-05-21 11:03:00,0,0.0717371636726867,0,0,FALSE
2019-05-21 11:04:00,3,0.0718285818677912,405.685375157759,2,FALSE
2019-05-21 11:05:00,0,0.0718285818677912,0,0,FALSE
2019-05-21 11:06:00,0,0.0718285818677912,0,0,FALSE
2019-05-21 11:07:00,0,0.0718285818677912,0,0,FALSE
2019-05-21 11:08:00,0,0.0718285818677912,0,0,FALSE
2019-05-21 11:09:00,0,0.0718285818677912,0,0,FALSE
2019-05-21 11:10:00,0,0.0718285818677912,0,0,FALSE
2019-05-21 11:11:00,0,0.0718285818677912,0,0,FALSE
2019-05-21 11:12:00,2,0.0718938805785801,221.437932047656,2,FALSE
2019-05-21 11:13:00,0,0.0718938805785801,0,0,FALSE
2019-05-21 11:14:00,0,0.0718938805785801,0,0,FALSE
2019-05-21 11:15:00,0,0.0718938805785801,0,0,FALSE
2019-05-21 11:16:00,0,0.0718938805785801,0,0,FALSE
2019-05-21 11:17:00,0,0.0718938805785801,0,0,FALSE
2019-05-21 11:18:00,3,0.071959179289369,351.98131241241,0,FALSE
2019-05-21 11:19:00,1,0.0720897767109468,556.172627324955,0,FALSE
2019-05-21 11:20:00,1,0.0722464936168402,9.39204417018922,0,FALSE
2019-05-21 11:21:00,2,0.0722464936168402,41.108254867982,0,FALSE
2019-05-21 11:22:00,0,0.0722464936168402,0,0,FALSE
2019-05-21 11:23:00,1,0.0722464936168402,19.867785744631,0,FALSE
2019-05-21 11:24:00,0,0.0722464936168402,0,0,FALSE
2019-05-21 11:25:00,1,0.0722464936168402,139.074500212417,0,FALSE
2019-05-21 11:26:00,8,0.0722464936168396,450.529134194614,0,FALSE
2019-05-21 11:27:00,2,0.0721681351638935,65.2399941881597,2,FALSE
2019-05-21 11:28:00,4,0.0722464936168402,692.304454195412,2,FALSE
2019-05-21 11:29:00,32,0.0724791202740252,6634.12673934082,6,FALSE
2019-05-21 11:30:00,5,0.0724502255945014,975.352660173831,0,FALSE
2019-05-21 11:31:00,1,0.0719330598050534,8.20036881777609,0,FALSE
2019-05-21 11:32:00,0,0.0719330598050534,0,0,FALSE
2019-05-21 11:33:00,1,0.0720114182580001,138.98203723794,0,FALSE
2019-05-21 11:34:00,1,0.0719330598050534,146.527642822894,0,FALSE
2019-05-21 11:35:00,0,0.0719330598050534,0,0,FALSE
2019-05-21 11:36:00,0,0.0719330598050534,0,0,FALSE
2019-05-21 11:37:00,0,0.0719330598050534,0,0,FALSE
2019-05-21 11:38:00,0,0.0719330598050534,0,0,FALSE
2019-05-21 11:39:00,1,0.0718547013521068,93.9140946672035,0,FALSE
2019-05-21 11:40:00,0,0.0718547013521068,0,0,FALSE
2019-05-21 11:41:00,3,0.0716979844462134,549.437483218828,0,FALSE
2019-05-21 11:42:00,0,0.0716979844462134,0,0,FALSE
2019-05-21 11:43:00,5,0.0711964903473527,686.408137328079,0,FALSE
2019-05-21 11:44:00,0,0.0711964903473527,0,0,FALSE
2019-05-21 11:45:00,0,0.0711964903473527,0,0,FALSE
2019-05-21 11:46:00,0,0.0711964903473527,0,0,FALSE
2019-05-21 11:47:00,0,0.0711964903473527,0,0,FALSE
2019-05-21 11:48:00,0,0.0711964903473527,0,0,FALSE
2019-05-21 11:49:00,0,0.0711964903473527,0,0,FALSE
2019-05-21 11:50:00,0,0.0711964903473527,0,0,FALSE
2019-05-21 11:51:00,1,0.0710711168226399,85.4274824208132,0,FALSE
2019-05-21 11:52:00,0,0.0710711168226399,0,0,FALSE
2019-05-21 11:53:00,0,0.0710711168226399,0,0,FALSE
2019-05-21 11:54:00,7,0.0713957446991333,4960.34144544198,4,FALSE
2019-05-21 11:55:00,1,0.0716979844462134,40.7961531498954,0,FALSE
2019-05-21 11:56:00,1,0.0716979844462134,11.758469449179,0,FALSE
2019-05-21 11:57:00,0,0.0716979844462134,0,0,FALSE
2019-05-21 11:58:00,1,0.0716979844462134,25.882972385083,0,FALSE
2019-05-21 11:59:00,1,0.0716979844462134,162.754424692904,0,FALSE
2019-05-21 12:00:00,9,0.07224649361684,832.518364672126,5,FALSE
2019-05-21 12:01:00,6,0.0720767169687889,263.593290922364,2,FALSE
2019-05-21 12:02:00,1,0.0723248520697309,1.01254792897623,0,FALSE
2019-05-21 12:03:00,0,0.0723248520697309,0,0,FALSE
2019-05-21 12:04:00,3,0.0724815689756802,64.3632414581393,0,FALSE
2019-05-21 12:05:00,2,0.0719330598050534,35.1033331848661,0,FALSE
2019-05-21 12:06:00,0,0.0719330598050534,0,0,FALSE
2019-05-21 12:07:00,1,0.0720897767109468,8.57868342860267,0,FALSE
2019-05-21 12:08:00,2,0.0722073143903668,10.9858551031247,2,FALSE
2019-05-21 12:09:00,0,0.0722073143903668,0,0,FALSE
2019-05-21 12:10:00,0,0.0722073143903668,0,0,FALSE
2019-05-21 12:11:00,1,0.0722464936168402,32.3664291403444,0,FALSE
2019-05-21 12:12:00,1,0.0722464936168402,13.9435732680502,0,FALSE
2019-05-21 12:13:00,1,0.0723248520697868,17.4302893488186,0,FALSE
2019-05-21 12:14:00,0,0.0723248520697868,0,0,FALSE
2019-05-21 12:15:00,1,0.0723248520697868,9.40223076907229,0,FALSE
2019-05-21 12:16:00,0,0.0723248520697868,0,0,FALSE
2019-05-21 12:17:00,0,0.0723248520697868,0,0,FALSE
2019-05-21 12:18:00,0,0.0723248520697868,0,0,FALSE
2019-05-21 12:19:00,1,0.0719330598050534,11.7970218080288,0,FALSE
2019-05-21 12:20:00,0,0.0719330598050534,0,0,FALSE
2019-05-21 12:21:00,0,0.0719330598050534,0,0,FALSE
2019-05-21 12:22:00,0,0.0719330598050534,0,0,FALSE
2019-05-21 12:23:00,0,0.0719330598050534,0,0,FALSE
2019-05-21 12:24:00,0,0.0719330598050534,0,0,FALSE
2019-05-21 12:25:00,1,0.0719330598050534,71.2137292070029,0,FALSE
2019-05-21 12:26:00,0,0.0719330598050534,0,0,FALSE
2019-05-21 12:27:00,2,0.0722464936168402,33.3778800509802,2,FALSE
2019-05-21 12:28:00,0,0.0722464936168402,0,0,FALSE
2019-05-21 12:29:00,0,0.0722464936168402,0,0,FALSE
2019-05-21 12:30:00,0,0.0722464936168402,0,0,FALSE
2019-05-21 12:31:00,0,0.0722464936168402,0,0,FALSE
2019-05-21 12:32:00,0,0.0722464936168402,0,0,FALSE
2019-05-21 12:33:00,0,0.0722464936168402,0,0,FALSE
2019-05-21 12:34:00,4,0.0717763428991601,161.126919625202,3,FALSE
2019-05-21 12:35:00,0,0.0717763428991601,0,0,FALSE
2019-05-21 12:36:00,0,0.0717763428991601,0,0,FALSE
2019-05-21 12:37:00,0,0.0717763428991601,0,0,FALSE
2019-05-21 12:38:00,3,0.0723770910384159,157.95340228086,3,FALSE
2019-05-21 12:39:00,1,0.0724815689756754,11.7420141740594,0,FALSE
2019-05-21 12:40:00,0,0.0724815689756754,0,0,FALSE
2019-05-21 12:41:00,2,0.0718938805785801,260.993827604312,2,FALSE
2019-05-21 12:42:00,1,0.0718547013521068,21.7719745096883,0,FALSE
2019-05-21 12:43:00,0,0.0718547013521068,0,0,FALSE
2019-05-21 12:44:00,0,0.0718547013521068,0,0,FALSE
2019-05-21 12:45:00,0,0.0718547013521068,0,0,FALSE
2019-05-21 12:46:00,4,0.0711690648888203,40.6390444517358,0,FALSE
2019-05-21 12:47:00,0,0.0711690648888203,0,0,FALSE
2019-05-21 12:48:00,1,0.0714629090873733,166.722966900842,0,FALSE
2019-05-21 12:49:00,0,0.0714629090873733,0,0,FALSE
2019-05-21 12:50:00,0,0.0714629090873733,0,0,FALSE
2019-05-21 12:51:00,1,0.0714629090873733,15.6503770901348,0,FALSE
2019-05-21 12:52:00,1,0.0714629090873733,54.3118109064037,0,FALSE
2019-05-21 12:53:00,0,0.0714629090873733,0,0,FALSE
2019-05-21 12:54:00,0,0.0714629090873733,0,0,FALSE
2019-05-21 12:55:00,1,0.0711494752755818,11.5262149946442,0,FALSE
2019-05-21 12:56:00,0,0.0711494752755818,0,0,FALSE
2019-05-21 12:57:00,0,0.0711494752755818,0,0,FALSE
2019-05-21 12:58:00,0,0.0711494752755818,0,0,FALSE
2019-05-21 12:59:00,0,0.0711494752755818,0,0,FALSE
2019-05-21 13:00:00,0,0.0711494752755818,0,0,FALSE
2019-05-21 13:01:00,3,0.0710449973383234,61.9462749769981,0,FALSE
2019-05-21 13:02:00,0,0.0710449973383234,0,0,FALSE
2019-05-21 13:03:00,1,0.0708360414637999,34.0721359440877,0,FALSE
2019-05-21 13:04:00,3,0.0705748466206443,1309.22024081082,0,FALSE
2019-05-21 13:05:00,5,0.0704129058178878,3032.37143842453,0,FALSE
2019-05-21 13:06:00,10,0.0703110398290571,887.891854257505,0,FALSE
2019-05-21 13:07:00,9,0.0701221088925079,949.645054006443,0,FALSE
2019-05-21 13:08:00,0,0.0701221088925079,0,0,FALSE
2019-05-21 13:09:00,1,0.0702875322931731,183.731609414355,0,FALSE
2019-05-21 13:10:00,6,0.0703397712618042,1084.0176552498,0,FALSE
2019-05-21 13:11:00,0,0.0703397712618042,0,0,FALSE
2019-05-21 13:12:00,1,0.0706007955476116,847.77435293572,0,FALSE
2019-05-21 13:13:00,0,0.0706007955476116,0,0,FALSE
2019-05-21 13:14:00,0,0.0706007955476116,0,0,FALSE
2019-05-21 13:15:00,21,0.0701425195669352,2724.5181468162,9,FALSE
2019-05-21 13:16:00,5,0.0701748242672102,224.041488131541,3,FALSE
2019-05-21 13:17:00,3,0.0702063776953895,69.2936947853495,0,FALSE
2019-05-21 13:18:00,0,0.0702063776953895,0,0,FALSE
2019-05-21 13:19:00,0,0.0702063776953895,0,0,FALSE
2019-05-21 13:20:00,0,0.0702063776953895,0,0,FALSE
2019-05-21 13:21:00,3,0.0700486105545018,476.540697602276,0,FALSE
2019-05-21 13:22:00,1,0.0700486105545018,2.66184720107107,0,FALSE
2019-05-21 13:23:00,0,0.0700486105545018,0,0,FALSE
2019-05-21 13:24:00,1,0.0700486105545018,536.152065184157,0,FALSE
2019-05-21 13:25:00,0,0.0700486105545018,0,0,FALSE
2019-05-21 13:26:00,2,0.070127494124935,32.8897947445981,0,FALSE
2019-05-21 13:27:00,2,0.0701274941249426,31.4171173679743,2,FALSE
2019-05-21 13:28:00,1,0.0701274941249461,2.87522725912279,0,FALSE
2019-05-21 13:29:00,0,0.0701274941249461,0,0,FALSE
2019-05-21 13:30:00,1,0.0701274941249461,9.53733920099267,0,FALSE
2019-05-21 13:31:00,0,0.0701274941249461,0,0,FALSE
2019-05-21 13:32:00,0,0.0701274941249461,0,0,FALSE
2019-05-21 13:33:00,1,0.0702852612658133,2.60055466683509,0,FALSE
2019-05-21 13:34:00,0,0.0702852612658133,0,0,FALSE
2019-05-21 13:35:00,0,0.0702852612658133,0,0,FALSE
2019-05-21 13:36:00,0,0.0702852612658133,0,0,FALSE
2019-05-21 13:37:00,2,0.0701274941249426,10.5191241187411,0,FALSE
2019-05-21 13:38:00,0,0.0701274941249426,0,0,FALSE
2019-05-21 13:39:00,0,0.0701274941249426,0,0,FALSE
2019-05-21 13:40:00,0,0.0701274941249426,0,0,FALSE
2019-05-21 13:41:00,1,0.0702063776953903,187.099996558215,0,FALSE
2019-05-21 13:42:00,0,0.0702063776953903,0,0,FALSE
2019-05-21 13:43:00,1,0.0702063776953903,295.358230964507,0,FALSE
2019-05-21 13:44:00,3,0.0703115557893153,555.984183629547,2,FALSE
2019-05-21 13:45:00,3,0.0695753091318363,150.352243033898,2,FALSE
2019-05-21 13:46:00,1,0.0700486105545018,20.0339026185875,0,FALSE
2019-05-21 13:47:00,3,0.0700486105545017,195.406752060277,0,FALSE
2019-05-21 13:48:00,1,0.0703641448362777,50.3807277027749,0,FALSE
2019-05-21 13:49:00,0,0.0703641448362777,0,0,FALSE
2019-05-21 13:50:00,0,0.0703641448362777,0,0,FALSE
2019-05-21 13:51:00,1,0.0702063776953903,23.7297556610419,0,FALSE
2019-05-21 13:52:00,5,0.0703168146940122,440.86244752604,3,FALSE
2019-05-21 13:53:00,0,0.0703168146940122,0,0,FALSE
2019-05-21 13:54:00,1,0.0704430284067199,17.3994280164598,0,FALSE
2019-05-21 13:55:00,2,0.0700486105545018,31.4009462360348,0,FALSE
2019-05-21 13:56:00,6,0.0696278981787991,264.728371629565,3,FALSE
2019-05-21 13:57:00,1,0.0695753091318363,32.3525187463039,0,FALSE
2019-05-21 13:58:00,1,0.0696541927022805,15.0453056236926,0,FALSE
2019-05-21 13:59:00,1,0.0696541927022805,36.0808718197813,0,FALSE
2019-05-21 14:00:00,1,0.0696541927022805,320.827211586704,0,FALSE
2019-05-21 14:01:00,1,0.0696541927022805,78.8485461389816,0,FALSE
2019-05-21 14:02:00,0,0.0696541927022805,0,0,FALSE
2019-05-21 14:03:00,1,0.069811959843169,24.5039979049523,0,FALSE
2019-05-21 14:04:00,0,0.069811959843169,0,0,FALSE
2019-05-21 14:05:00,0,0.069811959843169,0,0,FALSE
2019-05-21 14:06:00,1,0.0696541927022805,14.9756514309903,0,FALSE
2019-05-21 14:07:00,0,0.0696541927022805,0,0,FALSE
2019-05-21 14:08:00,0,0.0696541927022805,0,0,FALSE
2019-05-21 14:09:00,0,0.0696541927022805,0,0,FALSE
2019-05-21 14:10:00,2,0.0696541927022805,4.94544768186192,0,FALSE
2019-05-21 14:11:00,0,0.0696541927022805,0,0,FALSE
2019-05-21 14:12:00,0,0.0696541927022805,0,0,FALSE
2019-05-21 14:13:00,0,0.0696541927022805,0,0,FALSE
2019-05-21 14:14:00,0,0.0696541927022805,0,0,FALSE
2019-05-21 14:15:00,0,0.0696541927022805,0,0,FALSE
2019-05-21 14:16:00,0,0.0696541927022805,0,0,FALSE
2019-05-21 14:17:00,4,0.0698514016283912,977.897298747041,4,FALSE
2019-05-21 14:18:00,0,0.0698514016283912,0,0,FALSE
2019-05-21 14:19:00,1,0.069811959843169,47.9608164122571,0,FALSE
2019-05-21 14:20:00,0,0.069811959843169,0,0,FALSE
2019-05-21 14:21:00,1,0.0697330762727248,15.7596752376358,0,FALSE
2019-05-21 14:22:00,0,0.0697330762727248,0,0,FALSE
2019-05-21 14:23:00,1,0.0696541927022805,2.1592799737707,0,FALSE
2019-05-21 14:24:00,0,0.0696541927022805,0,0,FALSE
2019-05-21 14:25:00,0,0.0696541927022805,0,0,FALSE
2019-05-21 14:26:00,2,0.0696541927022805,69.6541927022805,2,FALSE
2019-05-21 14:27:00,1,0.0696541927022805,41.8621698140706,0,FALSE
2019-05-21 14:28:00,0,0.0696541927022805,0,0,FALSE
2019-05-21 14:29:00,0,0.0696541927022805,0,0,FALSE
2019-05-21 14:30:00,3,0.0697330762727248,35.0757373651806,0,FALSE
2019-05-21 14:31:00,0,0.0697330762727248,0,0,FALSE
2019-05-21 14:32:00,0,0.0697330762727248,0,0,FALSE
2019-05-21 14:33:00,0,0.0697330762727248,0,0,FALSE
2019-05-21 14:34:00,1,0.0696541927022805,36.3594885905904,0,FALSE
2019-05-21 14:35:00,0,0.0696541927022805,0,0,FALSE
2019-05-21 14:36:00,1,0.0696541927022805,14.2791095039675,0,FALSE
2019-05-21 14:37:00,5,0.0695122022754809,528.880183242753,0,FALSE
2019-05-21 14:38:00,4,0.0694372628835588,162.531708543351,0,FALSE
2019-05-21 14:39:00,0,0.0694372628835588,0,0,FALSE
2019-05-21 14:40:00,0,0.0694372628835588,0,0,FALSE
2019-05-21 14:41:00,9,0.0694526013555896,1713.24434169492,0,FALSE
2019-05-21 14:42:00,0,0.0694526013555896,0,0,FALSE
2019-05-21 14:43:00,1,0.0695753091318363,10.2275704423799,0,FALSE
2019-05-21 14:44:00,0,0.0695753091318363,0,0,FALSE
2019-05-21 14:45:00,0,0.0695753091318363,0,0,FALSE
2019-05-21 14:46:00,3,0.069811959843169,1568.55231037468,2,FALSE
2019-05-21 14:47:00,1,0.0697330762727248,67.8502832133612,0,FALSE
2019-05-21 14:48:00,0,0.0697330762727248,0,0,FALSE
2019-05-21 14:49:00,0,0.0697330762727248,0,0,FALSE
2019-05-21 14:50:00,3,0.0698382543666505,294.334716637993,0,FALSE
2019-05-21 14:51:00,8,0.0698809829673078,8583.80659176517,2,FALSE
2019-05-21 14:52:00,5,0.0700643872685906,7729.3684703326,2,FALSE
2019-05-21 14:53:00,0,0.0700643872685906,0,0,FALSE
2019-05-21 14:54:00,2,0.0702063776953868,84.458272367553,0,FALSE
2019-05-21 14:55:00,0,0.0702063776953868,0,0,FALSE
2019-05-21 14:56:00,1,0.0701274941249461,50.0009033110866,0,FALSE
2019-05-21 14:57:00,0,0.0701274941249461,0,0,FALSE
2019-05-21 14:58:00,1,0.0701274941249459,339.907964023613,0,FALSE
2019-05-21 14:59:00,0,0.0701274941249459,0,0,FALSE
2019-05-21 15:00:00,0,0.0701274941249459,0,0,FALSE
2019-05-21 15:01:00,8,0.0703444239436668,165.811766285991,3,FALSE
2019-05-21 15:02:00,3,0.0704167338832414,458.386117165951,0,FALSE
2019-05-21 15:03:00,1,0.0705219119771674,2.18617927129219,0,FALSE
2019-05-21 15:04:00,2,0.0704430284067228,105.495258467911,0,FALSE
2019-05-21 15:05:00,0,0.0704430284067228,0,0,FALSE
2019-05-21 15:06:00,0,0.0704430284067228,0,0,FALSE
2019-05-21 15:07:00,0,0.0704430284067228,0,0,FALSE
2019-05-21 15:08:00,1,0.0702063776953903,11.3734331866532,0,FALSE
2019-05-21 15:09:00,0,0.0702063776953903,0,0,FALSE
2019-05-21 15:10:00,7,0.0702063776953903,213.848626460159,0,FALSE
2019-05-21 15:11:00,0,0.0702063776953903,0,0,FALSE
2019-05-21 15:12:00,0,0.0702063776953903,0,0,FALSE
2019-05-21 15:13:00,1,0.0701274941249443,30.7859699208505,0,FALSE
2019-05-21 15:14:00,1,0.0700486105545018,8.61597909820372,0,FALSE
2019-05-21 15:15:00,1,0.0701274941249461,10.378869130492,0,FALSE
2019-05-21 15:16:00,0,0.0701274941249461,0,0,FALSE
2019-05-21 15:17:00,0,0.0701274941249461,0,0,FALSE
2019-05-21 15:18:00,0,0.0701274941249461,0,0,FALSE
2019-05-21 15:19:00,0,0.0701274941249461,0,0,FALSE
2019-05-21 15:20:00,2,0.0698908434136133,146.840662012002,0,FALSE
2019-05-21 15:21:00,0,0.0698908434136133,0,0,FALSE
2019-05-21 15:22:00,2,0.0699697269840576,102.08583166974,0,FALSE
2019-05-21 15:23:00,0,0.0699697269840576,0,0,FALSE
2019-05-21 15:24:00,1,0.0699697269840576,8.11648833015068,0,FALSE
2019-05-21 15:25:00,3,0.0699697269840576,1788.84604007442,0,FALSE
2019-05-21 15:26:00,2,0.0699697269840559,95.788556241174,0,FALSE
2019-05-21 15:27:00,3,0.0699171379370947,170.466606894339,0,FALSE
2019-05-21 15:28:00,9,0.0699697269840569,103.415256482436,0,FALSE
2019-05-21 15:29:00,0,0.0699697269840569,0,0,FALSE
2019-05-21 15:30:00,0,0.0699697269840569,0,0,FALSE
2019-05-21 15:31:00,0,0.0699697269840569,0,0,FALSE
2019-05-21 15:32:00,0,0.0699697269840569,0,0,FALSE
2019-05-21 15:33:00,0,0.0699697269840569,0,0,FALSE
2019-05-21 15:34:00,0,0.0699697269840569,0,0,FALSE
2019-05-21 15:35:00,0,0.0699697269840569,0,0,FALSE
2019-05-21 15:36:00,0,0.0699697269840569,0,0,FALSE
2019-05-21 15:37:00,1,0.0699697269840576,10.985247136497,0,FALSE
2019-05-21 15:38:00,1,0.0699697269840576,2.93872853333042,0,FALSE
2019-05-21 15:39:00,0,0.0699697269840576,0,0,FALSE
2019-05-21 15:40:00,3,0.069969726984056,260.147444926725,0,FALSE
2019-05-21 15:41:00,1,0.0699697269840576,113.420927441157,0,FALSE
2019-05-21 15:42:00,0,0.0699697269840576,0,0,FALSE
2019-05-21 15:43:00,0,0.0699697269840576,0,0,FALSE
2019-05-21 15:44:00,5,0.0699697269840576,186.358017694617,3,FALSE
2019-05-21 15:45:00,0,0.0699697269840576,0,0,FALSE
2019-05-21 15:46:00,0,0.0699697269840576,0,0,FALSE
2019-05-21 15:47:00,1,0.0700486105545018,10.9275832465023,0,FALSE
2019-05-21 15:48:00,1,0.0699697269840576,13.7840362158593,0,FALSE
2019-05-21 15:49:00,0,0.0699697269840576,0,0,FALSE
2019-05-21 15:50:00,0,0.0699697269840576,0,0,FALSE
2019-05-21 15:51:00,0,0.0699697269840576,0,0,FALSE
2019-05-21 15:52:00,5,0.0698908434136133,326.250457054747,0,FALSE
2019-05-21 15:53:00,0,0.0698908434136133,0,0,FALSE
2019-05-21 15:54:00,0,0.0698908434136133,0,0,FALSE
2019-05-21 15:55:00,6,0.069890843413613,470.155703643375,0,FALSE
2019-05-21 15:56:00,2,0.0698908434136133,101.062159576085,0,FALSE
2019-05-21 15:57:00,5,0.0698908434136132,373.566558045762,0,FALSE
2019-05-21 15:58:00,1,0.069811959843169,20.7341520734212,0,FALSE
2019-05-21 15:59:00,0,0.069811959843169,0,0,FALSE
2019-05-21 16:00:00,0,0.069811959843169,0,0,FALSE
2019-05-21 16:01:00,0,0.069811959843169,0,0,FALSE
2019-05-21 16:02:00,0,0.069811959843169,0,0,FALSE
2019-05-21 16:03:00,3,0.0697330762727248,113.037316638087,0,FALSE
2019-05-21 16:04:00,1,0.0697330762727248,143.092272511631,0,FALSE
2019-05-21 16:05:00,1,0.0698908434136133,2.65585204971731,0,FALSE
2019-05-21 16:06:00,0,0.0698908434136133,0,0,FALSE
2019-05-21 16:07:00,1,0.0698119598431691,10.332170056789,0,FALSE
2019-05-21 16:08:00,0,0.0698119598431691,0,0,FALSE
2019-05-21 16:09:00,0,0.0698119598431691,0,0,FALSE
2019-05-21 16:10:00,0,0.0698119598431691,0,0,FALSE
2019-05-21 16:11:00,0,0.0698119598431691,0,0,FALSE
2019-05-21 16:12:00,1,0.0698908434136133,2.30639783264924,0,FALSE
2019-05-21 16:13:00,0,0.0698908434136133,0,0,FALSE
2019-05-21 16:14:00,0,0.0698908434136133,0,0,FALSE
2019-05-21 16:15:00,4,0.0692992166352814,486.124735876971,0,FALSE
2019-05-21 16:16:00,7,0.0694513492354239,1604.42240529423,5,FALSE
2019-05-21 16:17:00,0,0.0694513492354239,0,0,FALSE
2019-05-21 16:18:00,1,0.069496425561392,12.5093566010506,0,FALSE
2019-05-21 16:19:00,3,0.0694701310379106,47.6986074241004,0,FALSE
2019-05-21 16:20:00,1,0.0695753091318363,13.9150618263673,0,FALSE
2019-05-21 16:21:00,2,0.0695753091318363,29.0129039079757,0,FALSE
2019-05-21 16:22:00,0,0.0695753091318363,0,0,FALSE
2019-05-21 16:23:00,0,0.0695753091318363,0,0,FALSE
2019-05-21 16:24:00,0,0.0695753091318363,0,0,FALSE
2019-05-21 16:25:00,8,0.0696541927022805,149.96547688801,2,FALSE
2019-05-21 16:26:00,2,0.0696541927022805,69.6541927022805,0,FALSE
2019-05-21 16:27:00,1,0.0696541927022805,2.92547609349578,0,FALSE
2019-05-21 16:28:00,11,0.069496425561392,765.711616835417,0,FALSE
2019-05-21 16:29:00,2,0.0696147509170584,11.4141371090025,2,FALSE
2019-05-21 16:30:00,0,0.0696147509170584,0,0,FALSE
2019-05-21 16:31:00,0,0.0696147509170584,0,0,FALSE
2019-05-21 16:32:00,0,0.0696147509170584,0,0,FALSE
2019-05-21 16:33:00,2,0.0696541927022805,22.9162293990503,0,FALSE
2019-05-21 16:34:00,6,0.0696673399640212,319.867908486531,0,FALSE
2019-05-21 16:35:00,0,0.0696673399640212,0,0,FALSE
2019-05-21 16:36:00,12,0.0696541927022805,474.34505230253,0,FALSE
2019-05-21 16:37:00,0,0.0696541927022805,0,0,FALSE
2019-05-21 16:38:00,0,0.0696541927022805,0,0,FALSE
2019-05-21 16:39:00,0,0.0696541927022805,0,0,FALSE
2019-05-21 16:40:00,0,0.0696541927022805,0,0,FALSE
2019-05-21 16:41:00,0,0.0696541927022805,0,0,FALSE
2019-05-21 16:42:00,0,0.0696541927022805,0,0,FALSE
2019-05-21 16:43:00,0,0.0696541927022805,0,0,FALSE
2019-05-21 16:44:00,0,0.0696541927022805,0,0,FALSE
2019-05-21 16:45:00,0,0.0696541927022805,0,0,FALSE
2019-05-21 16:46:00,0,0.0696541927022805,0,0,FALSE
2019-05-21 16:47:00,0,0.0696541927022805,0,0,FALSE
2019-05-21 16:48:00,0,0.0696541927022805,0,0,FALSE
2019-05-21 16:49:00,1,0.0697330762727248,228.236358640628,0,FALSE
2019-05-21 16:50:00,0,0.0697330762727248,0,0,FALSE
2019-05-21 16:51:00,3,0.0698645488901319,269.085505643054,0,FALSE
2019-05-21 16:52:00,0,0.0698645488901319,0,0,FALSE
2019-05-21 16:53:00,0,0.0698645488901319,0,0,FALSE
2019-05-21 16:54:00,0,0.0698645488901319,0,0,FALSE
2019-05-21 16:55:00,0,0.0698645488901319,0,0,FALSE
2019-05-21 16:56:00,1,0.0698908434136133,19.5694361558117,0,FALSE
2019-05-21 16:57:00,1,0.0698908434136133,30.0530626678537,0,FALSE
2019-05-21 16:58:00,0,0.0698908434136133,0,0,FALSE
2019-05-21 16:59:00,2,0.069890843413612,206.247878913572,0,FALSE
2019-05-21 17:00:00,0,0.069890843413612,0,0,FALSE
2019-05-21 17:01:00,1,0.0698908434136133,184.302154081698,0,FALSE
2019-05-21 17:02:00,0,0.0698908434136133,0,0,FALSE
2019-05-21 17:03:00,3,0.0700223160310204,493.523147065368,0,FALSE
2019-05-21 17:04:00,0,0.0700223160310204,0,0,FALSE
2019-05-21 17:05:00,0,0.0700223160310204,0,0,FALSE
2019-05-21 17:06:00,0,0.0700223160310204,0,0,FALSE
2019-05-21 17:07:00,2,0.0700486105545018,57.8601523180185,0,FALSE
2019-05-21 17:08:00,1,0.0700486105544973,12.1884582364825,0,FALSE
2019-05-21 17:09:00,0,0.0700486105544973,0,0,FALSE
2019-05-21 17:10:00,0,0.0700486105544973,0,0,FALSE
2019-05-21 17:11:00,0,0.0700486105544973,0,0,FALSE
2019-05-21 17:12:00,0,0.0700486105544973,0,0,FALSE
2019-05-21 17:13:00,0,0.0700486105544973,0,0,FALSE
2019-05-21 17:14:00,0,0.0700486105544973,0,0,FALSE
2019-05-21 17:15:00,0,0.0700486105544973,0,0,FALSE
2019-05-21 17:16:00,0,0.0700486105544973,0,0,FALSE
2019-05-21 17:17:00,0,0.0700486105544973,0,0,FALSE
2019-05-21 17:18:00,1,0.0702063776953903,11.5840523197394,0,FALSE
2019-05-21 17:19:00,0,0.0702063776953903,0,0,FALSE
2019-05-21 17:20:00,1,0.0702063776953848,10.03951201044,0,FALSE
2019-05-21 17:21:00,1,0.0702063776953903,171.022736065971,0,FALSE
2019-05-21 17:22:00,4,0.0702063776953903,465.257664987352,0,FALSE
2019-05-21 17:23:00,25,0.0706923004893264,12724.6066730232,17,FALSE
2019-05-21 17:24:00,1,0.0705219119771674,24.8942349279401,0,FALSE
2019-05-21 17:25:00,19,0.0714311489207086,5332.41513862189,15,FALSE
2019-05-21 17:26:00,4,0.0715473983929425,125.260956946988,2,FALSE
2019-05-21 17:27:00,1,0.0713107476816088,47.207714965225,0,FALSE
2019-05-21 17:28:00,0,0.0713107476816088,0,0,FALSE
2019-05-21 17:29:00,3,0.07131074768161,279.894684650319,0,FALSE
2019-05-21 17:30:00,10,0.0715316216788534,1250.17814117808,2,FALSE
2019-05-21 17:31:00,9,0.0714685148224975,572.82014630232,0,FALSE
2019-05-21 17:32:00,8,0.0714389334835802,438.877105825097,0,FALSE
2019-05-21 17:33:00,4,0.0712318641111657,84.0803411815561,2,FALSE
2019-05-21 17:34:00,5,0.0706796791180558,327.166216424034,0,FALSE
2019-05-21 17:35:00,1,0.0705219119771674,24.3300596321227,0,FALSE
2019-05-21 17:36:00,2,0.0706796791180559,8.69983233358597,2,FALSE
2019-05-21 17:37:00,0,0.0706796791180559,0,0,FALSE
2019-05-21 17:38:00,0,0.0706796791180559,0,0,FALSE
2019-05-21 17:39:00,0,0.0706796791180559,0,0,FALSE
2019-05-21 17:40:00,2,0.070719120903278,196.87737846407,0,FALSE
2019-05-21 17:41:00,0,0.070719120903278,0,0,FALSE
2019-05-21 17:42:00,1,0.0707585626885001,309.144160386057,0,FALSE
2019-05-21 17:43:00,0,0.0707585626885001,0,0,FALSE
2019-05-21 17:44:00,0,0.0707585626885001,0,0,FALSE
2019-05-21 17:45:00,0,0.0707585626885001,0,0,FALSE
2019-05-21 17:46:00,1,0.0710269682376012,60.1598420972483,0,FALSE
2019-05-21 17:47:00,0,0.0710269682376012,0,0,FALSE
2019-05-21 17:48:00,0,0.0710269682376012,0,0,FALSE
2019-05-21 17:49:00,0,0.0710269682376012,0,0,FALSE
2019-05-21 17:50:00,4,0.0709873326526472,234.704335897978,0,FALSE
2019-05-21 17:51:00,0,0.0709873326526472,0,0,FALSE
2019-05-21 17:52:00,0,0.0709873326526472,0,0,FALSE
2019-05-21 17:53:00,0,0.0709873326526472,0,0,FALSE
2019-05-21 17:54:00,0,0.0709873326526472,0,0,FALSE
2019-05-21 17:55:00,0,0.0709873326526472,0,0,FALSE
2019-05-21 17:56:00,2,0.0711458749924633,62.8302499979403,2,FALSE
2019-05-21 17:57:00,1,0.0711062394075093,150.105271389252,0,FALSE
2019-05-21 17:58:00,2,0.0711458749924633,71.1240754207386,0,FALSE
2019-05-21 17:59:00,0,0.0711458749924633,0,0,FALSE
2019-05-21 18:00:00,0,0.0711458749924633,0,0,FALSE
2019-05-21 18:01:00,0,0.0711458749924633,0,0,FALSE
2019-05-21 18:02:00,2,0.0711062394075093,336.261406158111,0,FALSE
2019-05-21 18:03:00,1,0.0711062394075093,337.256893509817,0,FALSE
2019-05-21 18:04:00,1,0.0710269682376012,89.067818169952,0,FALSE
2019-05-21 18:05:00,0,0.0710269682376012,0,0,FALSE
2019-05-21 18:06:00,1,0.0711062394075093,49.7743675852565,0,FALSE
2019-05-21 18:07:00,0,0.0711062394075093,0,0,FALSE
2019-05-21 18:08:00,0,0.0711062394075093,0,0,FALSE
2019-05-21 18:09:00,0,0.0711062394075093,0,0,FALSE
2019-05-21 18:10:00,0,0.0711062394075093,0,0,FALSE
2019-05-21 18:11:00,0,0.0711062394075093,0,0,FALSE
2019-05-21 18:12:00,1,0.0711062394075093,8.03500505304855,0,FALSE
2019-05-21 18:13:00,0,0.0711062394075093,0,0,FALSE
2019-05-21 18:14:00,0,0.0711062394075093,0,0,FALSE
2019-05-21 18:15:00,0,0.0711062394075093,0,0,FALSE
2019-05-21 18:16:00,0,0.0711062394075093,0,0,FALSE
2019-05-21 18:17:00,0,0.0711062394075093,0,0,FALSE
2019-05-21 18:18:00,0,0.0711062394075093,0,0,FALSE
2019-05-21 18:19:00,0,0.0711062394075093,0,0,FALSE
2019-05-21 18:20:00,9,0.0702959118928937,1256.92541402757,0,FALSE
2019-05-21 18:21:00,3,0.0702606802618236,176.257305968933,0,FALSE
2019-05-21 18:22:00,1,0.0703135277084289,31.7114009965014,0,FALSE
2019-05-21 18:23:00,3,0.0702606802618236,78.6079080294165,0,FALSE
2019-05-21 18:24:00,0,0.0702606802618236,0,0,FALSE
2019-05-21 18:25:00,0,0.0702606802618236,0,0,FALSE
2019-05-21 18:26:00,0,0.0702606802618236,0,0,FALSE
2019-05-21 18:27:00,1,0.0703927988783322,11.8963830104382,0,FALSE
2019-05-21 18:28:00,0,0.0703927988783322,0,0,FALSE
2019-05-21 18:29:00,0,0.0703927988783322,0,0,FALSE
2019-05-21 18:30:00,0,0.0703927988783322,0,0,FALSE
2019-05-21 18:31:00,0,0.0703927988783322,0,0,FALSE
2019-05-21 18:32:00,0,0.0703927988783322,0,0,FALSE
2019-05-21 18:33:00,0,0.0703927988783322,0,0,FALSE
2019-05-21 18:34:00,1,0.0702342565385209,164.488628813216,0,FALSE
2019-05-21 18:35:00,1,0.0703927988783345,22.3849100433104,0,FALSE
2019-05-21 18:36:00,0,0.0703927988783345,0,0,FALSE
2019-05-21 18:37:00,0,0.0703927988783345,0,0,FALSE
2019-05-21 18:38:00,0,0.0703927988783345,0,0,FALSE
2019-05-21 18:39:00,1,0.0703135277084289,2.95316816375401,0,FALSE
2019-05-21 18:40:00,0,0.0703135277084289,0,0,FALSE
2019-05-21 18:41:00,5,0.0699647345608335,175.927062275096,0,FALSE
2019-05-21 18:42:00,1,0.0701549853686128,20.1344808007919,0,FALSE
2019-05-21 18:43:00,0,0.0701549853686128,0,0,FALSE
2019-05-21 18:44:00,2,0.0701549853686128,19.5030859324744,0,FALSE
2019-05-21 18:45:00,0,0.0701549853686128,0,0,FALSE
2019-05-21 18:46:00,0,0.0701549853686128,0,0,FALSE
2019-05-21 18:47:00,0,0.0701549853686128,0,0,FALSE
2019-05-21 18:48:00,1,0.0700757141987048,18.4299128342594,0,FALSE
2019-05-21 18:49:00,1,0.0701549853686128,11.7158825565583,0,FALSE
2019-05-21 18:50:00,1,0.070472070048245,9.44325738646483,0,FALSE
2019-05-21 18:51:00,1,0.0702342565385182,21.0702769615555,0,FALSE
2019-05-21 18:52:00,1,0.0702342565385209,31.3244784161803,0,FALSE
2019-05-21 18:53:00,0,0.0702342565385209,0,0,FALSE
2019-05-21 18:54:00,0,0.0702342565385209,0,0,FALSE
2019-05-21 18:55:00,1,0.0702342565385209,79.2242413754515,0,FALSE
2019-05-21 18:56:00,0,0.0702342565385209,0,0,FALSE
2019-05-21 18:57:00,0,0.0702342565385209,0,0,FALSE
2019-05-21 18:58:00,0,0.0702342565385209,0,0,FALSE
2019-05-21 18:59:00,3,0.0700757141987048,94.4620627398541,0,FALSE
2019-05-21 19:00:00,2,0.0700757141987048,23.26513711397,0,FALSE
2019-05-21 19:01:00,0,0.0700757141987048,0,0,FALSE
2019-05-21 19:02:00,0,0.0700757141987048,0,0,FALSE
2019-05-21 19:03:00,6,0.0700228667520994,98.0911761694139,2,FALSE
2019-05-21 19:04:00,2,0.0700757141987048,23.26513711397,0,FALSE
2019-05-21 19:05:00,0,0.0700757141987048,0,0,FALSE
2019-05-21 19:06:00,1,0.0700757141987048,12.1931742705746,0,FALSE
2019-05-21 19:07:00,1,0.0700757141987048,27.1893771090975,0,FALSE
2019-05-21 19:08:00,0,0.0700757141987048,0,0,FALSE
2019-05-21 19:09:00,8,0.0699964430287968,522.103468551795,0,FALSE
2019-05-21 19:10:00,0,0.0699964430287968,0,0,FALSE
2019-05-21 19:11:00,1,0.0700757141987048,20.181805689227,0,FALSE
2019-05-21 19:12:00,1,0.0700757141987048,32.7954342449938,0,FALSE
2019-05-21 19:13:00,14,0.0701549853686128,1449.78178589057,4,FALSE
2019-05-21 19:14:00,0,0.0701549853686128,0,0,FALSE
2019-05-21 19:15:00,3,0.0701549853686122,52.4281285402671,0,FALSE
2019-05-21 19:16:00,0,0.0701549853686122,0,0,FALSE
2019-05-21 19:17:00,0,0.0701549853686122,0,0,FALSE
2019-05-21 19:18:00,0,0.0701549853686122,0,0,FALSE
2019-05-21 19:19:00,1,0.0701549853686128,77.5914138176858,0,FALSE
2019-05-21 19:20:00,0,0.0701549853686128,0,0,FALSE
2019-05-21 19:21:00,3,0.0702342565385208,3951.37927285718,2,FALSE
2019-05-21 19:22:00,0,0.0702342565385208,0,0,FALSE
2019-05-21 19:23:00,0,0.0702342565385208,0,0,FALSE
2019-05-21 19:24:00,0,0.0702342565385208,0,0,FALSE
2019-05-21 19:25:00,1,0.0702342565385209,2.80937026154083,0,FALSE
2019-05-21 19:26:00,0,0.0702342565385209,0,0,FALSE
2019-05-21 19:27:00,0,0.0702342565385209,0,0,FALSE
2019-05-21 19:28:00,0,0.0702342565385209,0,0,FALSE
2019-05-21 19:29:00,1,0.0702342565385209,79.2242413754515,0,FALSE
2019-05-21 19:30:00,1,0.0702342565385209,112.936684513942,0,FALSE
2019-05-21 19:31:00,0,0.0702342565385209,0,0,FALSE
2019-05-21 19:32:00,1,0.0702342565385209,2.94983877461788,0,FALSE
2019-05-21 19:33:00,0,0.0702342565385209,0,0,FALSE
2019-05-21 19:34:00,2,0.0703531632933829,26.7390375928499,0,FALSE
2019-05-21 19:35:00,0,0.0703531632933829,0,0,FALSE
2019-05-21 19:36:00,0,0.0703531632933829,0,0,FALSE
2019-05-21 19:37:00,0,0.0703531632933829,0,0,FALSE
2019-05-21 19:38:00,1,0.0703135277084289,2.32034641437815,0,FALSE
2019-05-21 19:39:00,3,0.0702871039851262,326.729602874859,2,FALSE
2019-05-21 19:40:00,1,0.0702342565385209,8.14717375846842,0,FALSE
2019-05-21 19:41:00,1,0.0702342565385209,8.21740801500694,0,FALSE
2019-05-21 19:42:00,1,0.0702342565385209,3.0200730311564,0,FALSE
2019-05-21 19:43:00,0,0.0702342565385209,0,0,FALSE
2019-05-21 19:44:00,0,0.0702342565385209,0,0,FALSE
2019-05-21 19:45:00,0,0.0702342565385209,0,0,FALSE
2019-05-21 19:46:00,0,0.0702342565385209,0,0,FALSE
2019-05-21 19:47:00,1,0.0702342565385209,62.6489568323606,0,FALSE
2019-05-21 19:48:00,0,0.0702342565385209,0,0,FALSE
2019-05-21 19:49:00,2,0.0702738921234749,154.264391860817,0,FALSE
2019-05-21 19:50:00,0,0.0702738921234749,0,0,FALSE
2019-05-21 19:51:00,1,0.0703135277084289,703.838412361373,0,FALSE
2019-05-21 19:52:00,1,0.070472070048245,30.2325180506971,0,FALSE
2019-05-21 19:53:00,1,0.0703927988783369,60.1858430409781,0,FALSE
2019-05-21 19:54:00,0,0.0703927988783369,0,0,FALSE
2019-05-21 19:55:00,1,0.0703927988783369,43.8547137012039,0,FALSE
2019-05-21 19:56:00,1,0.070472070048245,5719.09037269527,0,FALSE
2019-05-21 19:57:00,0,0.070472070048245,0,0,FALSE
2019-05-21 19:58:00,0,0.070472070048245,0,0,FALSE
2019-05-21 19:59:00,0,0.070472070048245,0,0,FALSE
2019-05-21 20:00:00,0,0.070472070048245,0,0,FALSE
2019-05-21 20:01:00,0,0.070472070048245,0,0,FALSE
2019-05-21 20:02:00,0,0.070472070048245,0,0,FALSE
2019-05-21 20:03:00,0,0.070472070048245,0,0,FALSE
2019-05-21 20:04:00,0,0.070472070048245,0,0,FALSE
2019-05-21 20:05:00,1,0.0703927988783369,2.53414075962013,0,FALSE
2019-05-21 20:06:00,0,0.0703927988783369,0,0,FALSE
2019-05-21 20:07:00,0,0.0703927988783369,0,0,FALSE
2019-05-21 20:08:00,1,0.0703927988783364,110.305515842353,0,FALSE
2019-05-21 20:09:00,0,0.0703927988783364,0,0,FALSE
2019-05-21 20:10:00,0,0.0703927988783364,0,0,FALSE
2019-05-21 20:11:00,0,0.0703927988783364,0,0,FALSE
2019-05-21 20:12:00,0,0.0703927988783364,0,0,FALSE
2019-05-21 20:13:00,0,0.0703927988783364,0,0,FALSE
2019-05-21 20:14:00,3,0.0705513412181506,575.298387118582,3,FALSE
2019-05-21 20:15:00,0,0.0705513412181506,0,0,FALSE
2019-05-21 20:16:00,0,0.0705513412181506,0,0,FALSE
2019-05-21 20:17:00,0,0.0705513412181506,0,0,FALSE
2019-05-21 20:18:00,0,0.0705513412181506,0,0,FALSE
2019-05-21 20:19:00,0,0.0705513412181506,0,0,FALSE
2019-05-21 20:20:00,0,0.0705513412181506,0,0,FALSE
2019-05-21 20:21:00,0,0.0705513412181506,0,0,FALSE
2019-05-21 20:22:00,2,0.0703927988783369,103.547807150034,0,FALSE
2019-05-21 20:23:00,1,0.0703927988783369,24.0039444175129,0,FALSE
2019-05-21 20:24:00,0,0.0703927988783369,0,0,FALSE
2019-05-21 20:25:00,0,0.0703927988783369,0,0,FALSE
2019-05-21 20:26:00,3,0.0701021379220075,961.166185252916,0,FALSE
2019-05-21 20:27:00,12,0.0697586295190726,940.904394953252,0,FALSE
2019-05-21 20:28:00,14,0.0697586295190726,478.544198500838,0,FALSE
2019-05-21 20:29:00,11,0.0696145001192398,4518.76053115237,4,FALSE
2019-05-21 20:30:00,1,0.0699171718588887,27.5473657124022,0,FALSE
2019-05-21 20:31:00,4,0.0698379006889807,120.540216589181,0,FALSE
2019-05-21 20:32:00,2,0.0698775362739347,52.6014153176868,0,FALSE
2019-05-21 20:33:00,11,0.0699892365588051,311.753851998173,0,FALSE
2019-05-21 20:34:00,10,0.0699568074438427,260.723115641044,0,FALSE
2019-05-21 20:35:00,3,0.0699171718588887,1200.19817212968,0,FALSE
2019-05-21 20:36:00,24,0.0693622736695319,3743.82872131301,0,FALSE
2019-05-21 20:37:00,2,0.0694019092544863,191.416965959805,0,FALSE
2019-05-21 20:38:00,0,0.0694019092544863,0,0,FALSE
2019-05-21 20:39:00,0,0.0694019092544863,0,0,FALSE
2019-05-21 20:40:00,0,0.0694019092544863,0,0,FALSE
2019-05-21 20:41:00,1,0.0694415448394405,96.315422692304,0,FALSE
2019-05-21 20:42:00,1,0.0695208160093485,66.0447752088811,0,FALSE
2019-05-21 20:43:00,0,0.0695208160093485,0,0,FALSE
2019-05-21 20:44:00,0,0.0695208160093485,0,0,FALSE
2019-05-21 20:45:00,0,0.0695208160093485,0,0,FALSE
2019-05-21 20:46:00,3,0.0695208160093485,108.80007705463,0,FALSE
2019-05-21 20:47:00,0,0.0695208160093485,0,0,FALSE
2019-05-21 20:48:00,0,0.0695208160093485,0,0,FALSE
2019-05-21 20:49:00,1,0.0695208160093485,173.802040023371,0,FALSE
2019-05-21 20:50:00,0,0.0695208160093485,0,0,FALSE
2019-05-21 20:51:00,0,0.0695208160093485,0,0,FALSE
2019-05-21 20:52:00,0,0.0695208160093485,0,0,FALSE
2019-05-21 20:53:00,2,0.0695604515943025,358.606363531789,0,FALSE
2019-05-21 20:54:00,0,0.0695604515943025,0,0,FALSE
2019-05-21 20:55:00,0,0.0695604515943025,0,0,FALSE
2019-05-21 20:56:00,0,0.0695604515943025,0,0,FALSE
2019-05-21 20:57:00,0,0.0695604515943025,0,0,FALSE
2019-05-21 20:58:00,0,0.0695604515943025,0,0,FALSE
2019-05-21 20:59:00,0,0.0695604515943025,0,0,FALSE
2019-05-21 21:00:00,1,0.0694415448394405,24.7211899628408,0,FALSE
2019-05-21 21:01:00,1,0.0694415448394405,1086.34352746821,0,FALSE
2019-05-21 21:02:00,0,0.0694415448394405,0,0,FALSE
2019-05-21 21:03:00,0,0.0694415448394405,0,0,FALSE
2019-05-21 21:04:00,0,0.0694415448394405,0,0,FALSE
2019-05-21 21:05:00,0,0.0694415448394405,0,0,FALSE
2019-05-21 21:06:00,0,0.0694415448394405,0,0,FALSE
2019-05-21 21:07:00,1,0.0696000871792566,348.000435896283,0,FALSE
2019-05-21 21:08:00,0,0.0696000871792566,0,0,FALSE
2019-05-21 21:09:00,0,0.0696000871792566,0,0,FALSE
2019-05-21 21:10:00,0,0.0696000871792566,0,0,FALSE
2019-05-21 21:11:00,0,0.0696000871792566,0,0,FALSE
2019-05-21 21:12:00,0,0.0696000871792566,0,0,FALSE
2019-05-21 21:13:00,1,0.0696000871792566,74.054492758729,0,FALSE
2019-05-21 21:14:00,1,0.0696000871792566,138.5737735739,0,FALSE
2019-05-21 21:15:00,1,0.0696000871792566,348.000435896283,0,FALSE
2019-05-21 21:16:00,0,0.0696000871792566,0,0,FALSE
2019-05-21 21:17:00,2,0.0696000871792566,2201.86835800296,2,FALSE
2019-05-21 21:18:00,0,0.0696000871792566,0,0,FALSE
2019-05-21 21:19:00,3,0.0696000871792566,505.366233008582,0,FALSE
2019-05-21 21:20:00,0,0.0696000871792566,0,0,FALSE
2019-05-21 21:21:00,0,0.0696000871792566,0,0,FALSE
2019-05-21 21:22:00,0,0.0696000871792566,0,0,FALSE
2019-05-21 21:23:00,0,0.0696000871792566,0,0,FALSE
2019-05-21 21:24:00,0,0.0696000871792566,0,0,FALSE
2019-05-21 21:25:00,0,0.0696000871792566,0,0,FALSE
2019-05-21 21:26:00,1,0.0696000871792566,10.0920126409922,0,FALSE
2019-05-21 21:27:00,6,0.0696000871792566,230.237088388981,0,FALSE
2019-05-21 21:28:00,0,0.0696000871792566,0,0,FALSE
2019-05-21 21:29:00,1,0.0696000871792566,24.7080309486361,0,FALSE
2019-05-21 21:30:00,0,0.0696000871792566,0,0,FALSE
2019-05-21 21:31:00,1,0.0696000871792566,257.798722911966,0,FALSE
2019-05-21 21:32:00,0,0.0696000871792566,0,0,FALSE
2019-05-21 21:33:00,0,0.0696000871792566,0,0,FALSE
2019-05-21 21:34:00,0,0.0696000871792566,0,0,FALSE
2019-05-21 21:35:00,0,0.0696000871792566,0,0,FALSE
2019-05-21 21:36:00,2,0.0696000871792566,2612.36967218622,0,FALSE
2019-05-21 21:37:00,0,0.0696000871792566,0,0,FALSE
2019-05-21 21:38:00,0,0.0696000871792566,0,0,FALSE
2019-05-21 21:39:00,0,0.0696000871792566,0,0,FALSE
2019-05-21 21:40:00,0,0.0696000871792566,0,0,FALSE
2019-05-21 21:41:00,0,0.0696000871792566,0,0,FALSE
2019-05-21 21:42:00,0,0.0696000871792566,0,0,FALSE
2019-05-21 21:43:00,0,0.0696000871792566,0,0,FALSE
2019-05-21 21:44:00,1,0.0696000871792566,49.9728625947062,0,FALSE
2019-05-21 21:45:00,0,0.0696000871792566,0,0,FALSE
2019-05-21 21:46:00,1,0.0696000871792566,398.530099188423,0,FALSE
2019-05-21 21:47:00,0,0.0696000871792566,0,0,FALSE
2019-05-21 21:48:00,0,0.0696000871792566,0,0,FALSE
2019-05-21 21:49:00,2,0.0697586295190726,25.4618997744615,0,FALSE
2019-05-21 21:50:00,0,0.0697586295190726,0,0,FALSE
2019-05-21 21:51:00,1,0.0696000871792566,11.2752141230396,0,FALSE
2019-05-21 21:52:00,3,0.0696265109025593,313.605071629035,0,FALSE
2019-05-21 21:53:00,0,0.0696265109025593,0,0,FALSE
2019-05-21 21:54:00,6,0.0696000871792566,54.5664683485372,0,FALSE
2019-05-21 21:55:00,0,0.0696000871792566,0,0,FALSE
2019-05-21 21:56:00,0,0.0696000871792566,0,0,FALSE
2019-05-21 21:57:00,0,0.0696000871792566,0,0,FALSE
2019-05-21 21:58:00,0,0.0696000871792566,0,0,FALSE
2019-05-21 21:59:00,0,0.0696000871792566,0,0,FALSE
2019-05-21 22:00:00,4,0.0696000871792566,576.149521669886,0,FALSE
2019-05-21 22:01:00,0,0.0696000871792566,0,0,FALSE
2019-05-21 22:02:00,0,0.0696000871792566,0,0,FALSE
2019-05-21 22:03:00,0,0.0696000871792566,0,0,FALSE
2019-05-21 22:04:00,0,0.0696000871792566,0,0,FALSE
2019-05-21 22:05:00,1,0.0697586295190726,226.924821825543,0,FALSE
2019-05-21 22:06:00,0,0.0697586295190726,0,0,FALSE
2019-05-21 22:07:00,0,0.0697586295190726,0,0,FALSE
2019-05-21 22:08:00,1,0.0697586295190726,883.283766970498,0,FALSE
2019-05-21 22:09:00,1,0.0697586295190726,36.2744873499178,0,FALSE
2019-05-21 22:10:00,0,0.0697586295190726,0,0,FALSE
2019-05-21 22:11:00,0,0.0697586295190726,0,0,FALSE
2019-05-21 22:12:00,1,0.0695208160093485,148.35742136395,0,FALSE
2019-05-21 22:13:00,4,0.0694415448394405,97.0792796855378,0,FALSE
2019-05-21 22:14:00,0,0.0694415448394405,0,0,FALSE
2019-05-21 22:15:00,0,0.0694415448394405,0,0,FALSE
2019-05-21 22:16:00,1,0.0694415448394405,14.4438413266036,0,FALSE
2019-05-21 22:17:00,1,0.0696000871792566,2.92320366152878,0,FALSE
2019-05-21 22:18:00,0,0.0696000871792566,0,0,FALSE
2019-05-21 22:19:00,0,0.0696000871792566,0,0,FALSE
2019-05-21 22:20:00,5,0.0694256906054576,146.997682986516,0,FALSE
2019-05-21 22:21:00,1,0.0694284350903163,10.1365515231862,0,FALSE
2019-05-21 22:22:00,0,0.0694284350903163,0,0,FALSE
2019-05-21 22:23:00,0,0.0694284350903163,0,0,FALSE
2019-05-21 22:24:00,1,0.0693491788858753,52.6360267743793,0,FALSE
2019-05-21 22:25:00,1,0.0693491788858743,54.8552004987265,0,FALSE
2019-05-21 22:26:00,2,0.0693491788858753,194.177700880451,0,FALSE
2019-05-21 22:27:00,10,0.069642426842307,11276.712892835,5,FALSE
2019-05-21 22:28:00,1,0.0699832285214032,154.313018889694,0,FALSE
2019-05-21 22:29:00,0,0.0699832285214032,0,0,FALSE
2019-05-21 22:30:00,0,0.0699832285214032,0,0,FALSE
2019-05-21 22:31:00,0,0.0699832285214032,0,0,FALSE
2019-05-21 22:32:00,1,0.0699039723169623,9.22732434583902,0,FALSE
2019-05-21 22:33:00,1,0.0699832285214033,10.4974842782105,0,FALSE
2019-05-21 22:34:00,7,0.0701304186153651,1161.7198498188,7,FALSE
2019-05-21 22:35:00,0,0.0701304186153651,0,0,FALSE
2019-05-21 22:36:00,1,0.0699832285214033,75.7218532601583,0,FALSE
2019-05-21 22:37:00,0,0.0699832285214033,0,0,FALSE
2019-05-21 22:38:00,0,0.0699832285214033,0,0,FALSE
2019-05-21 22:39:00,0,0.0699832285214033,0,0,FALSE
2019-05-21 22:40:00,0,0.0699832285214033,0,0,FALSE
2019-05-21 22:41:00,5,0.070474616988937,1793.2691898653,5,FALSE
2019-05-21 22:42:00,8,0.0708253256935889,4199.2043742756,2,FALSE
2019-05-21 22:43:00,1,0.0710928153835773,944.041495478523,0,FALSE
2019-05-21 22:44:00,1,0.0710135591791363,127.114270930654,0,FALSE
2019-05-21 22:45:00,1,0.0710928153835773,204.178565781634,0,FALSE
2019-05-21 22:46:00,1,0.0711720715880183,1567.42253258293,0,FALSE
2019-05-21 22:47:00,0,0.0711720715880183,0,0,FALSE
2019-05-21 22:48:00,0,0.0711720715880183,0,0,FALSE
2019-05-21 22:49:00,0,0.0711720715880183,0,0,FALSE
2019-05-21 22:50:00,0,0.0711720715880183,0,0,FALSE
2019-05-21 22:51:00,0,0.0711720715880183,0,0,FALSE
2019-05-21 22:52:00,4,0.0706172781569308,510.704155630925,0,FALSE
2019-05-21 22:53:00,0,0.0706172781569308,0,0,FALSE
2019-05-21 22:54:00,0,0.0706172781569308,0,0,FALSE
2019-05-21 22:55:00,0,0.0706172781569308,0,0,FALSE
2019-05-21 22:56:00,0,0.0706172781569308,0,0,FALSE
2019-05-21 22:57:00,1,0.0703795095436083,15.9761486663991,0,FALSE
2019-05-21 22:58:00,0,0.0703795095436083,0,0,FALSE
2019-05-21 22:59:00,2,0.0705380219524903,111.238460619077,0,FALSE
2019-05-21 23:00:00,0,0.0705380219524903,0,0,FALSE
2019-05-21 23:01:00,0,0.0705380219524903,0,0,FALSE
2019-05-21 23:02:00,0,0.0705380219524903,0,0,FALSE
2019-05-21 23:03:00,0,0.0705380219524903,0,0,FALSE
2019-05-21 23:04:00,0,0.0705380219524903,0,0,FALSE
2019-05-21 23:05:00,0,0.0705380219524903,0,0,FALSE
2019-05-21 23:06:00,0,0.0705380219524903,0,0,FALSE
2019-05-21 23:07:00,0,0.0705380219524903,0,0,FALSE
2019-05-21 23:08:00,1,0.0705380219524896,86.5501529357048,0,FALSE
2019-05-21 23:09:00,2,0.0705380219524901,247.58845705324,0,FALSE
2019-05-21 23:10:00,0,0.0705380219524901,0,0,FALSE
2019-05-21 23:11:00,2,0.0704983938502698,558.681185683446,0,FALSE
2019-05-21 23:12:00,1,0.0706172781569313,11.2281472269521,0,FALSE
2019-05-21 23:13:00,0,0.0706172781569313,0,0,FALSE
2019-05-21 23:14:00,0,0.0706172781569313,0,0,FALSE
2019-05-21 23:15:00,0,0.0706172781569313,0,0,FALSE
2019-05-21 23:16:00,2,0.0706172781569313,125.41628600671,2,FALSE
2019-05-21 23:17:00,7,0.0706172781569298,229.57677128818,0,FALSE
2019-05-21 23:18:00,1,0.0707757905658133,10.4040412131745,0,FALSE
2019-05-21 23:19:00,0,0.0707757905658133,0,0,FALSE
2019-05-21 23:20:00,0,0.0707757905658133,0,0,FALSE
2019-05-21 23:21:00,4,0.0706965343613712,98.9751481059196,0,FALSE
2019-05-21 23:22:00,1,0.0707757905658133,2.26482529810602,0,FALSE
2019-05-21 23:23:00,1,0.0709343029746953,58.5917342570983,0,FALSE
2019-05-21 23:24:00,3,0.0709343029746953,198.173402427344,0,FALSE
2019-05-21 23:25:00,2,0.0709739310769158,150.626020259099,0,FALSE
2019-05-21 23:26:00,0,0.0709739310769158,0,0,FALSE
2019-05-21 23:27:00,0,0.0709739310769158,0,0,FALSE
2019-05-21 23:28:00,0,0.0709739310769158,0,0,FALSE
2019-05-21 23:29:00,0,0.0709739310769158,0,0,FALSE
2019-05-21 23:30:00,0,0.0709739310769158,0,0,FALSE
2019-05-21 23:31:00,0,0.0709739310769158,0,0,FALSE
2019-05-21 23:32:00,0,0.0709739310769158,0,0,FALSE
2019-05-21 23:33:00,0,0.0709739310769158,0,0,FALSE
2019-05-21 23:34:00,1,0.0710135591791363,79.2511320439161,0,FALSE
2019-05-21 23:35:00,0,0.0710135591791363,0,0,FALSE
2019-05-21 23:36:00,3,0.0709078842398816,131.034441314715,2,FALSE
2019-05-21 23:37:00,1,0.0710135591791363,106.662365887063,0,FALSE
2019-05-21 23:38:00,0,0.0710135591791363,0,0,FALSE
2019-05-21 23:39:00,2,0.0710135591791363,38.9864439893458,0,FALSE
2019-05-21 23:40:00,1,0.0710135591791363,144.299552252005,0,FALSE
2019-05-21 23:41:00,0,0.0710135591791363,0,0,FALSE
2019-05-21 23:42:00,0,0.0710135591791363,0,0,FALSE
2019-05-21 23:43:00,0,0.0710135591791363,0,0,FALSE
2019-05-21 23:44:00,3,0.0709871404443226,125.752887106971,0,FALSE
2019-05-21 23:45:00,0,0.0709871404443226,0,0,FALSE
2019-05-21 23:46:00,0,0.0709871404443226,0,0,FALSE
2019-05-21 23:47:00,1,0.0710135591791363,10.2969660809748,0,FALSE
2019-05-21 23:48:00,0,0.0710135591791363,0,0,FALSE
2019-05-21 23:49:00,3,0.0709343029746953,74.0554123055819,0,FALSE
2019-05-21 23:50:00,0,0.0709343029746953,0,0,FALSE
2019-05-21 23:51:00,6,0.0708550467702543,112.659524364704,0,FALSE
2019-05-21 23:52:00,0,0.0708550467702543,0,0,FALSE
2019-05-21 23:53:00,0,0.0708550467702543,0,0,FALSE
2019-05-21 23:54:00,19,0.070779961944993,463.739306565314,0,FALSE
2019-05-21 23:55:00,0,0.070779961944993,0,0,FALSE
2019-05-21 23:56:00,5,0.070775790565811,123.079099793945,0,FALSE
2019-05-21 23:57:00,0,0.070775790565811,0,0,FALSE
2019-05-21 23:58:00,0,0.070775790565811,0,0,FALSE
2019-05-21 23:59:00,0,0.070775790565811,0,0,FALSE
2019-05-22,0,0.070775790565811,0,0,FALSE
2019-05-22 00:01:00,0,0.070775790565811,0,0,FALSE
2019-05-22 00:02:00,0,0.070775790565811,0,0,FALSE
2019-05-22 00:03:00,9,0.0707757905658129,101.138604718546,0,FALSE
2019-05-22 00:04:00,17,0.0707757905658133,176.868700623967,0,FALSE
2019-05-22 00:05:00,37,0.0707757905658133,384.949524887458,0,FALSE
2019-05-22 00:06:00,0,0.0707757905658133,0,0,FALSE
2019-05-22 00:07:00,0,0.0707757905658133,0,0,FALSE
2019-05-22 00:08:00,0,0.0707757905658133,0,0,FALSE
2019-05-22 00:09:00,0,0.0707757905658133,0,0,FALSE
2019-05-22 00:10:00,0,0.0707757905658133,0,0,FALSE
2019-05-22 00:11:00,6,0.0706569062591514,1210.69836127063,0,FALSE
2019-05-22 00:12:00,0,0.0706569062591514,0,0,FALSE
2019-05-22 00:13:00,0,0.0706569062591514,0,0,FALSE
2019-05-22 00:14:00,0,0.0706569062591514,0,0,FALSE
2019-05-22 00:15:00,0,0.0706569062591514,0,0,FALSE
2019-05-22 00:16:00,3,0.0707493718309911,160.729204920213,2,FALSE
2019-05-22 00:17:00,0,0.0707493718309911,0,0,FALSE
2019-05-22 00:18:00,0,0.0707493718309911,0,0,FALSE
2019-05-22 00:19:00,0,0.0707493718309911,0,0,FALSE
2019-05-22 00:20:00,0,0.0707493718309911,0,0,FALSE
2019-05-22 00:21:00,0,0.0707493718309911,0,0,FALSE
2019-05-22 00:22:00,0,0.0707493718309911,0,0,FALSE
2019-05-22 00:23:00,0,0.0707493718309911,0,0,FALSE
2019-05-22 00:24:00,0,0.0707493718309911,0,0,FALSE
2019-05-22 00:25:00,0,0.0707493718309911,0,0,FALSE
2019-05-22 00:26:00,0,0.0707493718309911,0,0,FALSE
2019-05-22 00:27:00,0,0.0707493718309911,0,0,FALSE
2019-05-22 00:28:00,0,0.0707493718309911,0,0,FALSE
2019-05-22 00:29:00,1,0.0707757905658095,14.7921402282542,0,FALSE
2019-05-22 00:30:00,0,0.0707757905658095,0,0,FALSE
2019-05-22 00:31:00,0,0.0707757905658095,0,0,FALSE
2019-05-22 00:32:00,0,0.0707757905658095,0,0,FALSE
2019-05-22 00:33:00,0,0.0707757905658095,0,0,FALSE
2019-05-22 00:34:00,0,0.0707757905658095,0,0,FALSE
2019-05-22 00:35:00,1,0.0707757905658126,85.8510339563307,0,FALSE
2019-05-22 00:36:00,0,0.0707757905658126,0,0,FALSE
2019-05-22 00:37:00,0,0.0707757905658126,0,0,FALSE
2019-05-22 00:38:00,2,0.0707757905658113,55.3466682224644,0,FALSE
2019-05-22 00:39:00,0,0.0707757905658113,0,0,FALSE
2019-05-22 00:40:00,0,0.0707757905658113,0,0,FALSE
2019-05-22 00:41:00,1,0.0707757905658095,14.9336918093858,0,FALSE
2019-05-22 00:42:00,0,0.0707757905658095,0,0,FALSE
2019-05-22 00:43:00,2,0.0708154186680337,840.836760766402,2,FALSE
2019-05-22 00:44:00,0,0.0708154186680337,0,0,FALSE
2019-05-22 00:45:00,0,0.0708154186680337,0,0,FALSE
2019-05-22 00:46:00,0,0.0708154186680337,0,0,FALSE
2019-05-22 00:47:00,0,0.0708154186680337,0,0,FALSE
2019-05-22 00:48:00,0,0.0708154186680337,0,0,FALSE
2019-05-22 00:49:00,0,0.0708154186680337,0,0,FALSE
2019-05-22 00:50:00,0,0.0708154186680337,0,0,FALSE
2019-05-22 00:51:00,0,0.0708154186680337,0,0,FALSE
2019-05-22 00:52:00,0,0.0708154186680337,0,0,FALSE
2019-05-22 00:53:00,2,0.0710135591791363,37.6371863649422,0,FALSE
2019-05-22 00:54:00,0,0.0710135591791363,0,0,FALSE
2019-05-22 00:55:00,0,0.0710135591791363,0,0,FALSE
2019-05-22 00:56:00,0,0.0710135591791363,0,0,FALSE
2019-05-22 00:57:00,0,0.0710135591791363,0,0,FALSE
2019-05-22 00:58:00,3,0.0711192341183909,186.146194147218,0,FALSE
2019-05-22 00:59:00,1,0.0712513277924593,9.618929251982,0,FALSE
2019-05-22 01:00:00,0,0.0712513277924593,0,0,FALSE
2019-05-22 01:01:00,1,0.0711720715880183,21.3516214764055,0,FALSE
2019-05-22 01:02:00,0,0.0711720715880183,0,0,FALSE
2019-05-22 01:03:00,2,0.0712513277924593,118.67459474455,0,FALSE
2019-05-22 01:04:00,0,0.0712513277924593,0,0,FALSE
2019-05-22 01:05:00,0,0.0712513277924593,0,0,FALSE
2019-05-22 01:06:00,0,0.0712513277924593,0,0,FALSE
2019-05-22 01:07:00,4,0.07131076994579,258.830949653197,3,FALSE
2019-05-22 01:08:00,2,0.0712909558946798,31.9119559247377,0,FALSE
2019-05-22 01:09:00,3,0.0712249090576456,102.252946952988,3,FALSE
2019-05-22 01:10:00,8,0.0713702120991205,757.976301172243,4,FALSE
2019-05-22 01:11:00,5,0.0716000550919997,837.522345552885,0,FALSE
2019-05-22 01:12:00,2,0.0716476088146643,2325.1798488623,0,FALSE
2019-05-22 01:13:00,3,0.0717004462842916,130.171103479739,2,FALSE
2019-05-22 01:14:00,5,0.0716793112964407,1232.89303099368,4,FALSE
2019-05-22 01:15:00,0,0.0716793112964407,0,0,FALSE
2019-05-22 01:16:00,0,0.0716793112964407,0,0,FALSE
2019-05-22 01:17:00,0,0.0716793112964407,0,0,FALSE
2019-05-22 01:18:00,2,0.0714890964057823,146.266691246231,0,FALSE
2019-05-22 01:19:00,2,0.0718457493257668,98.9227597547857,2,FALSE
2019-05-22 01:20:00,0,0.0718457493257668,0,0,FALSE
2019-05-22 01:21:00,0,0.0718457493257668,0,0,FALSE
2019-05-22 01:22:00,0,0.0718457493257668,0,0,FALSE
2019-05-22 01:23:00,0,0.0718457493257668,0,0,FALSE
2019-05-22 01:24:00,0,0.0718457493257668,0,0,FALSE
2019-05-22 01:25:00,0,0.0718457493257668,0,0,FALSE
2019-05-22 01:26:00,1,0.0715683526102233,79.2261663395172,0,FALSE
2019-05-22 01:27:00,0,0.0715683526102233,0,0,FALSE
2019-05-22 01:28:00,0,0.0715683526102233,0,0,FALSE
2019-05-22 01:29:00,0,0.0715683526102233,0,0,FALSE
2019-05-22 01:30:00,0,0.0715683526102233,0,0,FALSE
2019-05-22 01:31:00,8,0.0716476088146643,1500.28190709,4,FALSE
2019-05-22 01:32:00,6,0.0720570992042733,435.878927811606,2,FALSE
2019-05-22 01:33:00,10,0.072146922902642,757.455033115631,0,FALSE
2019-05-22 01:34:00,6,0.0722552397153772,260.561112596141,2,FALSE
2019-05-22 01:35:00,12,0.0724665895938877,3823.84603896857,7,FALSE
2019-05-22 01:36:00,0,0.0724665895938877,0,0,FALSE
2019-05-22 01:37:00,1,0.0729949642901552,9.48934535772017,0,FALSE
2019-05-22 01:38:00,15,0.0729949642901613,1282.52152257813,0,FALSE
2019-05-22 01:39:00,12,0.0729553361879408,1823.23944803744,2,FALSE
2019-05-22 01:40:00,14,0.0729157080857203,1983.16142851542,0,FALSE
2019-05-22 01:41:00,4,0.0730147783412714,2832.4124242263,0,FALSE
2019-05-22 01:42:00,1,0.0730742204946023,652.187417914325,0,FALSE
2019-05-22 01:43:00,8,0.0729751502390506,1254.51990926811,2,FALSE
2019-05-22 01:44:00,6,0.0731798954338568,699.016976638947,4,FALSE
2019-05-22 01:45:00,0,0.0731798954338568,0,0,FALSE
2019-05-22 01:46:00,0,0.0731798954338568,0,0,FALSE
2019-05-22 01:47:00,0,0.0731798954338568,0,0,FALSE
2019-05-22 01:48:00,0,0.0731798954338568,0,0,FALSE
2019-05-22 01:49:00,1,0.0730742204946023,8.03816425440625,0,FALSE
2019-05-22 01:50:00,2,0.0731138485968228,229.599359306449,2,FALSE
2019-05-22 01:51:00,0,0.0731138485968228,0,0,FALSE
2019-05-22 01:52:00,5,0.0732485841443725,778.990449730139,2,FALSE
2019-05-22 01:53:00,2,0.0733912453123627,16.2928564593445,0,FALSE
2019-05-22 01:54:00,0,0.0733912453123627,0,0,FALSE
2019-05-22 01:55:00,0,0.0733912453123627,0,0,FALSE
2019-05-22 01:56:00,2,0.0729949642901613,98.9811715774587,0,FALSE
2019-05-22 01:57:00,0,0.0729949642901613,0,0,FALSE
2019-05-22 01:58:00,0,0.0729949642901613,0,0,FALSE
2019-05-22 01:59:00,7,0.0734365345720462,488.044014219198,4,FALSE
2019-05-22 02:00:00,0,0.0734365345720462,0,0,FALSE
2019-05-22 02:01:00,2,0.0734308734145839,60.928682701244,2,FALSE
2019-05-22 02:02:00,1,0.0733912453123663,8.07303698436029,0,FALSE
2019-05-22 02:03:00,9,0.0732591516382972,135.178272707706,0,FALSE
2019-05-22 02:04:00,3,0.0733912453123643,323.288435600973,0,FALSE
2019-05-22 02:05:00,13,0.0733546655256994,463.38487281906,2,FALSE
2019-05-22 02:06:00,1,0.0733912453123602,9.54086189060682,0,FALSE
2019-05-22 02:07:00,0,0.0733912453123602,0,0,FALSE
2019-05-22 02:08:00,0,0.0733912453123602,0,0,FALSE
2019-05-22 02:09:00,1,0.0735497577212483,9.34081923059853,0,FALSE
2019-05-22 02:10:00,1,0.0736290139256893,9.49814279641392,0,FALSE
2019-05-22 02:11:00,0,0.0736290139256893,0,0,FALSE
2019-05-22 02:12:00,0,0.0736290139256893,0,0,FALSE
2019-05-22 02:13:00,0,0.0736290139256893,0,0,FALSE
2019-05-22 02:14:00,0,0.0736290139256893,0,0,FALSE
2019-05-22 02:15:00,0,0.0736290139256893,0,0,FALSE
2019-05-22 02:16:00,5,0.0736924188892421,3194.04992542051,2,FALSE
2019-05-22 02:17:00,3,0.0737346888649439,241.553810390899,0,FALSE
2019-05-22 02:18:00,5,0.0739460387434533,176.076059323353,5,FALSE
2019-05-22 02:19:00,12,0.0742234354589968,1011.88734267856,4,FALSE
2019-05-22 02:20:00,4,0.0744215759700993,1127.04034649118,0,FALSE
2019-05-22 02:21:00,0,0.0744215759700993,0,0,FALSE
2019-05-22 02:22:00,1,0.0743423197656583,26.763235115637,0,FALSE
2019-05-22 02:23:00,1,0.0743423197656583,13.5303021973498,0,FALSE
2019-05-22 02:24:00,9,0.0744215759700993,191.858822850916,0,FALSE
2019-05-22 02:25:00,2,0.0744215759700993,672.324517313877,0,FALSE
2019-05-22 02:26:00,2,0.0745800883789813,1819.69867710403,0,FALSE
2019-05-22 02:27:00,8,0.074837671043414,1279.4942525933,4,FALSE
2019-05-22 02:28:00,6,0.0751084630752541,7225.40543067475,5,FALSE
2019-05-22 02:29:00,18,0.075240556749323,3851.44067166879,4,FALSE
2019-05-22 02:30:00,4,0.0748376710434106,23.9424275433765,3,FALSE
2019-05-22 02:31:00,11,0.0743134993276796,691.463701843311,4,FALSE
2019-05-22 02:32:00,6,0.0742894822960309,655.23014285902,5,FALSE
2019-05-22 02:33:00,0,0.0742894822960309,0,0,FALSE
2019-05-22 02:34:00,3,0.0743951572352856,1485.61451612754,0,FALSE
2019-05-22 02:35:00,1,0.0745800883789813,32.2185981797199,0,FALSE
2019-05-22 02:36:00,0,0.0745800883789813,0,0,FALSE
2019-05-22 02:37:00,3,0.0745272509093523,443.677738328603,0,FALSE
2019-05-22 02:38:00,4,0.074956555350076,2387.90534897443,4,FALSE
2019-05-22 02:39:00,3,0.0751877192796956,214.071404476164,0,FALSE
2019-05-22 02:40:00,2,0.0753330223211708,80.2954910498351,2,FALSE
2019-05-22 02:41:00,0,0.0753330223211708,0,0,FALSE
2019-05-22 02:42:00,1,0.0753726504233913,8.36636419699643,0,FALSE
2019-05-22 02:43:00,4,0.075432092576722,234.737618296564,0,FALSE
2019-05-22 02:44:00,5,0.0755787165549379,196.872570343854,0,FALSE
2019-05-22 02:45:00,0,0.0755787165549379,0,0,FALSE
2019-05-22 02:46:00,1,0.0754519066278323,144.867660725438,0,FALSE
2019-05-22 02:47:00,0,0.0754519066278323,0,0,FALSE
2019-05-22 02:48:00,0,0.0754519066278323,0,0,FALSE
2019-05-22 02:49:00,0,0.0754519066278323,0,0,FALSE
2019-05-22 02:50:00,0,0.0754519066278323,0,0,FALSE
2019-05-22 02:51:00,0,0.0754519066278323,0,0,FALSE
2019-05-22 02:52:00,0,0.0754519066278323,0,0,FALSE
2019-05-22 02:53:00,2,0.0754519066278323,31.7652526903174,0,FALSE
2019-05-22 02:54:00,1,0.0754519066278323,377.259533139161,0,FALSE
2019-05-22 02:55:00,0,0.0754519066278323,0,0,FALSE
2019-05-22 02:56:00,0,0.0754519066278323,0,0,FALSE
2019-05-22 02:57:00,0,0.0754519066278323,0,0,FALSE
2019-05-22 02:58:00,0,0.0754519066278323,0,0,FALSE
2019-05-22 02:59:00,0,0.0754519066278323,0,0,FALSE
2019-05-22 03:00:00,0,0.0754519066278323,0,0,FALSE
2019-05-22 03:01:00,1,0.0755048695151247,9.21159408084522,0,FALSE
2019-05-22 03:02:00,0,0.0755048695151247,0,0,FALSE
2019-05-22 03:03:00,2,0.0754254742790415,18.10211382697,0,FALSE
2019-05-22 03:04:00,5,0.075361958090175,264.733887291106,0,FALSE
2019-05-22 03:05:00,0,0.075361958090175,0,0,FALSE
2019-05-22 03:06:00,0,0.075361958090175,0,0,FALSE
2019-05-22 03:07:00,4,0.0751475909527503,112.726547119471,0,FALSE
2019-05-22 03:08:00,1,0.0751078933347087,9.53870245350801,0,FALSE
2019-05-22 03:09:00,0,0.0751078933347087,0,0,FALSE
2019-05-22 03:10:00,1,0.0751078933347076,52.5755253342953,0,FALSE
2019-05-22 03:11:00,0,0.0751078933347076,0,0,FALSE
2019-05-22 03:12:00,0,0.0751078933347076,0,0,FALSE
2019-05-22 03:13:00,4,0.0751475909527503,158.537836525186,4,FALSE
2019-05-22 03:14:00,0,0.0751475909527503,0,0,FALSE
2019-05-22 03:15:00,1,0.0751872885707919,524.130588626991,0,FALSE
2019-05-22 03:16:00,0,0.0751872885707919,0,0,FALSE
2019-05-22 03:17:00,0,0.0751872885707919,0,0,FALSE
2019-05-22 03:18:00,0,0.0751872885707919,0,0,FALSE
2019-05-22 03:19:00,0,0.0751872885707919,0,0,FALSE
2019-05-22 03:20:00,0,0.0751872885707919,0,0,FALSE
2019-05-22 03:21:00,0,0.0751872885707919,0,0,FALSE
2019-05-22 03:22:00,7,0.0746201797416258,900.366589706691,0,FALSE
2019-05-22 03:23:00,20,0.0744687616842389,1054.19001650849,0,FALSE
2019-05-22 03:24:00,2,0.0741948481197519,440.28008887098,0,FALSE
2019-05-22 03:25:00,0,0.0741948481197519,0,0,FALSE
2019-05-22 03:26:00,18,0.07420366981265,531.508549730494,0,FALSE
2019-05-22 03:27:00,0,0.07420366981265,0,0,FALSE
2019-05-22 03:28:00,0,0.07420366981265,0,0,FALSE
2019-05-22 03:29:00,0,0.07420366981265,0,0,FALSE
2019-05-22 03:30:00,0,0.07420366981265,0,0,FALSE
2019-05-22 03:31:00,0,0.07420366981265,0,0,FALSE
2019-05-22 03:32:00,0,0.07420366981265,0,0,FALSE
2019-05-22 03:33:00,0,0.07420366981265,0,0,FALSE
2019-05-22 03:34:00,0,0.07420366981265,0,0,FALSE
2019-05-22 03:35:00,10,0.0748141309612005,1349.47773129197,8,FALSE
2019-05-22 03:36:00,0,0.0748141309612005,0,0,FALSE
2019-05-22 03:37:00,0,0.0748141309612005,0,0,FALSE
2019-05-22 03:38:00,0,0.0748141309612005,0,0,FALSE
2019-05-22 03:39:00,0,0.0748141309612005,0,0,FALSE
2019-05-22 03:40:00,0,0.0748141309612005,0,0,FALSE
2019-05-22 03:41:00,0,0.0748141309612005,0,0,FALSE
2019-05-22 03:42:00,0,0.0748141309612005,0,0,FALSE
2019-05-22 03:43:00,1,0.0742345457377935,15.81195824215,0,FALSE
2019-05-22 03:44:00,11,0.0743355942200812,1152.93188674427,5,FALSE
2019-05-22 03:45:00,0,0.0743355942200812,0,0,FALSE
2019-05-22 03:46:00,0,0.0743355942200812,0,0,FALSE
2019-05-22 03:47:00,0,0.0743355942200812,0,0,FALSE
2019-05-22 03:48:00,0,0.0743355942200812,0,0,FALSE
2019-05-22 03:49:00,0,0.0743355942200812,0,0,FALSE
2019-05-22 03:50:00,1,0.0741551505017103,316.420027190798,0,FALSE
2019-05-22 03:51:00,0,0.0741551505017103,0,0,FALSE
2019-05-22 03:52:00,0,0.0741551505017103,0,0,FALSE
2019-05-22 03:53:00,2,0.0740757552656271,80.9648005053304,0,FALSE
2019-05-22 03:54:00,0,0.0740757552656271,0,0,FALSE
2019-05-22 03:55:00,3,0.0740757552656271,148.595965062848,0,FALSE
2019-05-22 03:56:00,1,0.0741551505017103,305.000134013534,0,FALSE
2019-05-22 03:57:00,0,0.0741551505017103,0,0,FALSE
2019-05-22 03:58:00,0,0.0741551505017103,0,0,FALSE
2019-05-22 03:59:00,7,0.0743139409738767,1355.33765548156,0,FALSE
2019-05-22 04:00:00,1,0.0742345457377935,215.057479002388,0,FALSE
2019-05-22 04:01:00,0,0.0742345457377935,0,0,FALSE
2019-05-22 04:02:00,0,0.0742345457377935,0,0,FALSE
2019-05-22 04:03:00,3,0.0739698949508495,148.419072476855,0,FALSE
2019-05-22 04:04:00,0,0.0739698949508495,0,0,FALSE
2019-05-22 04:05:00,0,0.0739698949508495,0,0,FALSE
2019-05-22 04:06:00,1,0.0735993838491279,16.707060133752,0,FALSE
2019-05-22 04:07:00,0,0.0735993838491279,0,0,FALSE
2019-05-22 04:08:00,0,0.0735993838491279,0,0,FALSE
2019-05-22 04:09:00,0,0.0735993838491279,0,0,FALSE
2019-05-22 04:10:00,1,0.0733611981408783,7.99637059735573,0,FALSE
2019-05-22 04:11:00,3,0.0734935235343502,2098.91667664252,0,FALSE
2019-05-22 04:12:00,0,0.0734935235343502,0,0,FALSE
2019-05-22 04:13:00,1,0.0735199886130447,10.3663183944393,0,FALSE
2019-05-22 04:14:00,0,0.0735199886130447,0,0,FALSE
2019-05-22 04:15:00,0,0.0735199886130447,0,0,FALSE
2019-05-22 04:16:00,0,0.0735199886130447,0,0,FALSE
2019-05-22 04:17:00,1,0.0732024076687119,41.6521699634971,0,FALSE
2019-05-22 04:18:00,0,0.0732024076687119,0,0,FALSE
2019-05-22 04:19:00,1,0.0735993838491265,43.055639551739,0,FALSE
2019-05-22 04:20:00,0,0.0735993838491265,0,0,FALSE
2019-05-22 04:21:00,0,0.0735993838491265,0,0,FALSE
2019-05-22 04:22:00,0,0.0735993838491265,0,0,FALSE
2019-05-22 04:23:00,1,0.0735199886130447,8.08719874743491,0,FALSE
2019-05-22 04:24:00,0,0.0735199886130447,0,0,FALSE
2019-05-22 04:25:00,0,0.0735199886130447,0,0,FALSE
2019-05-22 04:26:00,0,0.0735199886130447,0,0,FALSE
2019-05-22 04:27:00,0,0.0735199886130447,0,0,FALSE
2019-05-22 04:28:00,0,0.0735199886130447,0,0,FALSE
2019-05-22 04:29:00,1,0.0735199886130447,24.8497561512091,0,FALSE
2019-05-22 04:30:00,0,0.0735199886130447,0,0,FALSE
2019-05-22 04:31:00,1,0.0735199886130441,105.501183659718,0,FALSE
2019-05-22 04:32:00,1,0.0735199886130447,231.367404165252,0,FALSE
2019-05-22 04:33:00,5,0.0733929562353111,132.022685901895,0,FALSE
2019-05-22 04:34:00,1,0.0733611981408759,24.209195386489,0,FALSE
2019-05-22 04:35:00,6,0.0735861513097807,206.603633054721,4,FALSE
2019-05-22 04:36:00,1,0.0735993838491238,14.4990786182774,0,FALSE
2019-05-22 04:37:00,0,0.0735993838491238,0,0,FALSE
2019-05-22 04:38:00,0,0.0735993838491238,0,0,FALSE
2019-05-22 04:39:00,0,0.0735993838491238,0,0,FALSE
2019-05-22 04:40:00,0,0.0735993838491238,0,0,FALSE
2019-05-22 04:41:00,0,0.0735993838491238,0,0,FALSE
2019-05-22 04:42:00,1,0.0735199886130424,25.4379160601127,0,FALSE
2019-05-22 04:43:00,0,0.0735199886130424,0,0,FALSE
2019-05-22 04:44:00,1,0.0735199886130441,94.3996653791486,0,FALSE
2019-05-22 04:45:00,0,0.0735199886130441,0,0,FALSE
2019-05-22 04:46:00,0,0.0735199886130441,0,0,FALSE
2019-05-22 04:47:00,0,0.0735199886130441,0,0,FALSE
2019-05-22 04:48:00,0,0.0735199886130441,0,0,FALSE
2019-05-22 04:49:00,0,0.0735199886130441,0,0,FALSE
2019-05-22 04:50:00,0,0.0735199886130441,0,0,FALSE
2019-05-22 04:51:00,0,0.0735199886130441,0,0,FALSE
2019-05-22 04:52:00,0,0.0735199886130441,0,0,FALSE
2019-05-22 04:53:00,1,0.0734405933769615,19.9758413985335,0,FALSE
2019-05-22 04:54:00,0,0.0734405933769615,0,0,FALSE
2019-05-22 04:55:00,0,0.0734405933769615,0,0,FALSE
2019-05-22 04:56:00,0,0.0734405933769615,0,0,FALSE
2019-05-22 04:57:00,2,0.0735199886130437,118.220141689774,0,FALSE
2019-05-22 04:58:00,0,0.0735199886130437,0,0,FALSE
2019-05-22 04:59:00,0,0.0735199886130437,0,0,FALSE
2019-05-22 05:00:00,0,0.0735199886130437,0,0,FALSE
2019-05-22 05:01:00,0,0.0735199886130437,0,0,FALSE
2019-05-22 05:02:00,1,0.0735199886130447,83.1511071213535,0,FALSE
2019-05-22 05:03:00,0,0.0735199886130447,0,0,FALSE
2019-05-22 05:04:00,0,0.0735199886130447,0,0,FALSE
2019-05-22 05:05:00,0,0.0735199886130447,0,0,FALSE
2019-05-22 05:06:00,1,0.0735199886130447,15.2921576315133,0,FALSE
2019-05-22 05:07:00,0,0.0735199886130447,0,0,FALSE
2019-05-22 05:08:00,0,0.0735199886130447,0,0,FALSE
2019-05-22 05:09:00,0,0.0735199886130447,0,0,FALSE
2019-05-22 05:10:00,0,0.0735199886130447,0,0,FALSE
2019-05-22 05:11:00,0,0.0735199886130447,0,0,FALSE
2019-05-22 05:12:00,0,0.0735199886130447,0,0,FALSE
2019-05-22 05:13:00,1,0.0734405933769556,9.91448010588901,0,FALSE
2019-05-22 05:14:00,0,0.0734405933769556,0,0,FALSE
2019-05-22 05:15:00,0,0.0734405933769556,0,0,FALSE
2019-05-22 05:16:00,0,0.0734405933769556,0,0,FALSE
2019-05-22 05:17:00,0,0.0734405933769556,0,0,FALSE
2019-05-22 05:18:00,5,0.0734405933769603,89.9647268867762,0,FALSE
2019-05-22 05:19:00,1,0.0737581743212943,15.9317656533996,0,FALSE
2019-05-22 05:20:00,0,0.0737581743212943,0,0,FALSE
2019-05-22 05:21:00,0,0.0737581743212943,0,0,FALSE
2019-05-22 05:22:00,3,0.0737846393999887,53.2704718357324,0,FALSE
2019-05-22 05:23:00,2,0.0738772671754191,10.3398003855875,2,FALSE
2019-05-22 05:24:00,0,0.0738772671754191,0,0,FALSE
2019-05-22 05:25:00,1,0.0739169647934607,265.805405397285,0,FALSE
2019-05-22 05:26:00,0,0.0739169647934607,0,0,FALSE
2019-05-22 05:27:00,1,0.0735199886130416,18.6740771077126,0,FALSE
2019-05-22 05:28:00,7,0.0740870974422104,270.053288713444,6,FALSE
2019-05-22 05:29:00,0,0.0740870974422104,0,0,FALSE
2019-05-22 05:30:00,1,0.0738375695573775,11.8878486987378,0,FALSE
2019-05-22 05:31:00,0,0.0738375695573775,0,0,FALSE
2019-05-22 05:32:00,0,0.0738375695573775,0,0,FALSE
2019-05-22 05:33:00,0,0.0738375695573775,0,0,FALSE
2019-05-22 05:34:00,0,0.0738375695573775,0,0,FALSE
2019-05-22 05:35:00,0,0.0738375695573775,0,0,FALSE
2019-05-22 05:36:00,1,0.0738375695573775,12.8477371029837,0,FALSE
2019-05-22 05:37:00,0,0.0738375695573775,0,0,FALSE
2019-05-22 05:38:00,0,0.0738375695573775,0,0,FALSE
2019-05-22 05:39:00,0,0.0738375695573775,0,0,FALSE
2019-05-22 05:40:00,0,0.0738375695573775,0,0,FALSE
2019-05-22 05:41:00,0,0.0738375695573775,0,0,FALSE
2019-05-22 05:42:00,0,0.0738375695573775,0,0,FALSE
2019-05-22 05:43:00,0,0.0738375695573775,0,0,FALSE
2019-05-22 05:44:00,0,0.0738375695573775,0,0,FALSE
2019-05-22 05:45:00,1,0.0737581743212943,15.8580074790783,0,FALSE
2019-05-22 05:46:00,0,0.0737581743212943,0,0,FALSE
2019-05-22 05:47:00,0,0.0737581743212943,0,0,FALSE
2019-05-22 05:48:00,0,0.0737581743212943,0,0,FALSE
2019-05-22 05:49:00,0,0.0737581743212943,0,0,FALSE
2019-05-22 05:50:00,0,0.0737581743212943,0,0,FALSE
2019-05-22 05:51:00,0,0.0737581743212943,0,0,FALSE
2019-05-22 05:52:00,1,0.0736787790852111,34.9237412863901,0,FALSE
2019-05-22 05:53:00,1,0.0736787790852111,7.9573081412028,0,FALSE
2019-05-22 05:54:00,1,0.0737581743212943,11.285000671158,0,FALSE
2019-05-22 05:55:00,0,0.0737581743212943,0,0,FALSE
2019-05-22 05:56:00,1,0.0736787790852059,11.3465319791217,0,FALSE
2019-05-22 05:57:00,0,0.0736787790852059,0,0,FALSE
2019-05-22 05:58:00,0,0.0736787790852059,0,0,FALSE
2019-05-22 05:59:00,3,0.0739698949508473,41.0718701829641,0,FALSE
2019-05-22 06:00:00,0,0.0739698949508473,0,0,FALSE
2019-05-22 06:01:00,0,0.0739698949508473,0,0,FALSE
2019-05-22 06:02:00,3,0.0740492901869327,360.299789293081,2,FALSE
2019-05-22 06:03:00,0,0.0740492901869327,0,0,FALSE
2019-05-22 06:04:00,0,0.0740492901869327,0,0,FALSE
2019-05-22 06:05:00,0,0.0740492901869327,0,0,FALSE
2019-05-22 06:06:00,1,0.0738375695573775,9.37737133378694,0,FALSE
2019-05-22 06:07:00,0,0.0738375695573775,0,0,FALSE
2019-05-22 06:08:00,1,0.0738375695573775,8.04829508175415,0,FALSE
2019-05-22 06:09:00,0,0.0738375695573775,0,0,FALSE
2019-05-22 06:10:00,2,0.0738375695573775,4.43025417344265,2,FALSE
2019-05-22 06:11:00,0,0.0738375695573775,0,0,FALSE
2019-05-22 06:12:00,0,0.0738375695573775,0,0,FALSE
2019-05-22 06:13:00,0,0.0738375695573775,0,0,FALSE
2019-05-22 06:14:00,0,0.0738375695573775,0,0,FALSE
2019-05-22 06:15:00,0,0.0738375695573775,0,0,FALSE
2019-05-22 06:16:00,0,0.0738375695573775,0,0,FALSE
2019-05-22 06:17:00,0,0.0738375695573775,0,0,FALSE
2019-05-22 06:18:00,20,0.0748220704848092,4130.42711543135,17,FALSE
2019-05-22 06:19:00,1,0.0747903123903759,52.2036380484824,0,FALSE
2019-05-22 06:20:00,1,0.0747903123903759,152.647027588757,0,FALSE
2019-05-22 06:21:00,0,0.0747903123903759,0,0,FALSE
2019-05-22 06:22:00,2,0.0747903123903753,53.9986055458506,0,FALSE
2019-05-22 06:23:00,11,0.0752450305606706,1402.13225488617,7,FALSE
2019-05-22 06:24:00,2,0.0755048695151247,245.506901759309,0,FALSE
2019-05-22 06:25:00,0,0.0755048695151247,0,0,FALSE
2019-05-22 06:26:00,6,0.0752666838068751,962.212699782242,6,FALSE
2019-05-22 06:27:00,2,0.0754254742790415,38.8441192537064,0,FALSE
2019-05-22 06:28:00,0,0.0754254742790415,0,0,FALSE
2019-05-22 06:29:00,1,0.0753460790429583,48.2214905874933,0,FALSE
2019-05-22 06:30:00,2,0.0753460790429583,30.3644698543122,0,FALSE
2019-05-22 06:31:00,1,0.0753460790429583,13.3362559906036,0,FALSE
2019-05-22 06:32:00,0,0.0753460790429583,0,0,FALSE
2019-05-22 06:33:00,0,0.0753460790429583,0,0,FALSE
2019-05-22 06:34:00,1,0.0752666838068751,48.0954109525932,0,FALSE
2019-05-22 06:35:00,0,0.0752666838068751,0,0,FALSE
2019-05-22 06:36:00,1,0.0754254742790415,12.671479678879,0,FALSE
2019-05-22 06:37:00,2,0.0753857766609999,86.1273963364045,0,FALSE
2019-05-22 06:38:00,0,0.0753857766609999,0,0,FALSE
2019-05-22 06:39:00,0,0.0753857766609999,0,0,FALSE
2019-05-22 06:40:00,1,0.0752666838068751,28.6013398466125,0,FALSE
2019-05-22 06:41:00,0,0.0752666838068751,0,0,FALSE
2019-05-22 06:42:00,0,0.0752666838068751,0,0,FALSE
2019-05-22 06:43:00,0,0.0752666838068751,0,0,FALSE
2019-05-22 06:44:00,0,0.0752666838068751,0,0,FALSE
2019-05-22 06:45:00,0,0.0752666838068751,0,0,FALSE
2019-05-22 06:46:00,0,0.0752666838068751,0,0,FALSE
2019-05-22 06:47:00,0,0.0752666838068751,0,0,FALSE
2019-05-22 06:48:00,0,0.0752666838068751,0,0,FALSE
2019-05-22 06:49:00,0,0.0752666838068751,0,0,FALSE
2019-05-22 06:50:00,0,0.0752666838068751,0,0,FALSE
2019-05-22 06:51:00,0,0.0752666838068751,0,0,FALSE
2019-05-22 06:52:00,1,0.0747903123903757,393.770994735328,0,FALSE
2019-05-22 06:53:00,4,0.0744925802550639,208.174705986335,0,FALSE
2019-05-22 06:54:00,1,0.0747109171542871,10.5342393187545,0,FALSE
2019-05-22 06:55:00,11,0.0746748284106181,1543.97382902971,6,FALSE
2019-05-22 06:56:00,0,0.0746748284106181,0,0,FALSE
2019-05-22 06:57:00,0,0.0746748284106181,0,0,FALSE
2019-05-22 06:58:00,0,0.0746748284106181,0,0,FALSE
2019-05-22 06:59:00,0,0.0746748284106181,0,0,FALSE
2019-05-22 07:00:00,0,0.0746748284106181,0,0,FALSE
2019-05-22 07:01:00,0,0.0746748284106181,0,0,FALSE
2019-05-22 07:02:00,0,0.0746748284106181,0,0,FALSE
2019-05-22 07:03:00,0,0.0746748284106181,0,0,FALSE
2019-05-22 07:04:00,0,0.0746748284106181,0,0,FALSE
2019-05-22 07:05:00,0,0.0746748284106181,0,0,FALSE
2019-05-22 07:06:00,0,0.0746748284106181,0,0,FALSE
2019-05-22 07:07:00,4,0.0745521266821253,739.993373508968,3,FALSE
2019-05-22 07:08:00,2,0.0747109171542927,28.0913048500141,2,FALSE
2019-05-22 07:09:00,0,0.0747109171542927,0,0,FALSE
2019-05-22 07:10:00,0,0.0747109171542927,0,0,FALSE
2019-05-22 07:11:00,0,0.0747109171542927,0,0,FALSE
2019-05-22 07:12:00,0,0.0747109171542927,0,0,FALSE
2019-05-22 07:13:00,0,0.0747109171542927,0,0,FALSE
2019-05-22 07:14:00,0,0.0747109171542927,0,0,FALSE
2019-05-22 07:15:00,0,0.0747109171542927,0,0,FALSE
2019-05-22 07:16:00,2,0.0743536385919183,20.1498757560279,2,FALSE
2019-05-22 07:17:00,0,0.0743536385919183,0,0,FALSE
2019-05-22 07:18:00,0,0.0743536385919183,0,0,FALSE
2019-05-22 07:19:00,0,0.0743536385919183,0,0,FALSE
2019-05-22 07:20:00,0,0.0743536385919183,0,0,FALSE
2019-05-22 07:21:00,0,0.0743536385919183,0,0,FALSE
2019-05-22 07:22:00,2,0.0741551505017103,102.704883444869,0,FALSE
2019-05-22 07:23:00,0,0.0741551505017103,0,0,FALSE
2019-05-22 07:24:00,1,0.0739169647934607,21.2880858605167,0,FALSE
2019-05-22 07:25:00,0,0.0739169647934607,0,0,FALSE
2019-05-22 07:26:00,0,0.0739169647934607,0,0,FALSE
2019-05-22 07:27:00,0,0.0739169647934607,0,0,FALSE
2019-05-22 07:28:00,1,0.0739169647934607,144.507666171216,0,FALSE
2019-05-22 07:29:00,1,0.0739169647934607,20.0314974590278,0,FALSE
2019-05-22 07:30:00,0,0.0739169647934607,0,0,FALSE
2019-05-22 07:31:00,0,0.0739169647934607,0,0,FALSE
2019-05-22 07:32:00,0,0.0739169647934607,0,0,FALSE
2019-05-22 07:33:00,0,0.0739169647934607,0,0,FALSE
2019-05-22 07:34:00,0,0.0739169647934607,0,0,FALSE
2019-05-22 07:35:00,0,0.0739169647934607,0,0,FALSE
2019-05-22 07:36:00,0,0.0739169647934607,0,0,FALSE
2019-05-22 07:37:00,0,0.0739169647934607,0,0,FALSE
2019-05-22 07:38:00,1,0.0725992725991769,49.0771082770436,0,FALSE
2019-05-22 07:39:00,3,0.0730165097980239,323.807619867543,3,FALSE
2019-05-22 07:40:00,0,0.0730165097980239,0,0,FALSE
2019-05-22 07:41:00,0,0.0730165097980239,0,0,FALSE
2019-05-22 07:42:00,0,0.0730165097980239,0,0,FALSE
2019-05-22 07:43:00,0,0.0730165097980239,0,0,FALSE
2019-05-22 07:44:00,0,0.0730165097980239,0,0,FALSE
2019-05-22 07:45:00,0,0.0730165097980239,0,0,FALSE
2019-05-22 07:46:00,0,0.0730165097980239,0,0,FALSE
2019-05-22 07:47:00,0,0.0730165097980239,0,0,FALSE
2019-05-22 07:48:00,0,0.0730165097980239,0,0,FALSE
2019-05-22 07:49:00,11,0.0728339685235288,343.193659682868,0,FALSE
2019-05-22 07:50:00,0,0.0728339685235288,0,0,FALSE
2019-05-22 07:51:00,0,0.0728339685235288,0,0,FALSE
2019-05-22 07:52:00,0,0.0728339685235288,0,0,FALSE
2019-05-22 07:53:00,0,0.0728339685235288,0,0,FALSE
2019-05-22 07:54:00,0,0.0728339685235288,0,0,FALSE
2019-05-22 07:55:00,0,0.0728339685235288,0,0,FALSE
2019-05-22 07:56:00,0,0.0728339685235288,0,0,FALSE
2019-05-22 07:57:00,0,0.0728339685235288,0,0,FALSE
2019-05-22 07:58:00,0,0.0728339685235288,0,0,FALSE
2019-05-22 07:59:00,0,0.0728339685235288,0,0,FALSE
2019-05-22 08:00:00,1,0.0730686644478796,7.81834709592312,0,FALSE
2019-05-22 08:01:00,0,0.0730686644478796,0,0,FALSE
2019-05-22 08:02:00,0,0.0730686644478796,0,0,FALSE
2019-05-22 08:03:00,3,0.0730686644478796,45.4487092865811,2,FALSE
2019-05-22 08:04:00,0,0.0730686644478796,0,0,FALSE
2019-05-22 08:05:00,0,0.0730686644478796,0,0,FALSE
2019-05-22 08:06:00,0,0.0730686644478796,0,0,FALSE
2019-05-22 08:07:00,0,0.0730686644478796,0,0,FALSE
2019-05-22 08:08:00,0,0.0730686644478796,0,0,FALSE
2019-05-22 08:09:00,1,0.0730686644478796,11.2525743249735,0,FALSE
2019-05-22 08:10:00,0,0.0730686644478796,0,0,FALSE
2019-05-22 08:11:00,0,0.0730686644478796,0,0,FALSE
2019-05-22 08:12:00,0,0.0730686644478796,0,0,FALSE
2019-05-22 08:13:00,1,0.0730686644478796,92.2857231976719,0,FALSE
2019-05-22 08:14:00,0,0.0730686644478796,0,0,FALSE
2019-05-22 08:15:00,1,0.0730686644478796,47.933043877809,0,FALSE
2019-05-22 08:16:00,0,0.0730686644478796,0,0,FALSE
2019-05-22 08:17:00,15,0.0736945202461481,7487.85713546548,12,FALSE
2019-05-22 08:18:00,2,0.0741247961074581,41.7406701457882,2,FALSE
2019-05-22 08:19:00,0,0.0741247961074581,0,0,FALSE
2019-05-22 08:20:00,0,0.0741247961074581,0,0,FALSE
2019-05-22 08:21:00,0,0.0741247961074581,0,0,FALSE
2019-05-22 08:22:00,2,0.0740074481452828,22.8683014768924,0,FALSE
2019-05-22 08:23:00,0,0.0740074481452828,0,0,FALSE
2019-05-22 08:24:00,0,0.0740074481452828,0,0,FALSE
2019-05-22 08:25:00,0,0.0740074481452828,0,0,FALSE
2019-05-22 08:26:00,0,0.0740074481452828,0,0,FALSE
2019-05-22 08:27:00,0,0.0740074481452828,0,0,FALSE
2019-05-22 08:28:00,0,0.0740074481452828,0,0,FALSE
2019-05-22 08:29:00,1,0.0735380562965762,11.4719367822659,0,FALSE
2019-05-22 08:30:00,0,0.0735380562965762,0,0,FALSE
2019-05-22 08:31:00,1,0.0735380562965812,9.11871898077607,0,FALSE
2019-05-22 08:32:00,1,0.0739292161704981,53.2290356427586,0,FALSE
2019-05-22 08:33:00,1,0.0739292161704975,34.0813686545993,0,FALSE
2019-05-22 08:34:00,0,0.0739292161704975,0,0,FALSE
2019-05-22 08:35:00,0,0.0739292161704975,0,0,FALSE
2019-05-22 08:36:00,0,0.0739292161704975,0,0,FALSE
2019-05-22 08:37:00,0,0.0739292161704975,0,0,FALSE
2019-05-22 08:38:00,1,0.073381592347014,63.034787826085,0,FALSE
2019-05-22 08:39:00,1,0.0727557365487452,135.252914244117,0,FALSE
2019-05-22 08:40:00,6,0.0726383885865695,190.042756015783,0,FALSE
2019-05-22 08:41:00,3,0.0728861231733845,26.0087676406303,2,FALSE
2019-05-22 08:42:00,0,0.0728861231733845,0,0,FALSE
2019-05-22 08:43:00,2,0.0728730845109206,64.8724569137517,2,FALSE
2019-05-22 08:44:00,0,0.0728730845109206,0,0,FALSE
2019-05-22 08:45:00,0,0.0728730845109206,0,0,FALSE
2019-05-22 08:46:00,0,0.0728730845109206,0,0,FALSE
2019-05-22 08:47:00,0,0.0728730845109206,0,0,FALSE
2019-05-22 08:48:00,1,0.0725210406243944,17.6226128717278,0,FALSE
2019-05-22 08:49:00,12,0.0730686644478796,6641.06117566804,9,FALSE
2019-05-22 08:50:00,1,0.0732251283974468,19.1849836401311,0,FALSE
2019-05-22 08:51:00,0,0.0732251283974468,0,0,FALSE
2019-05-22 08:52:00,0,0.0732251283974468,0,0,FALSE
2019-05-22 08:53:00,0,0.0732251283974468,0,0,FALSE
2019-05-22 08:54:00,0,0.0732251283974468,0,0,FALSE
2019-05-22 08:55:00,0,0.0732251283974468,0,0,FALSE
2019-05-22 08:56:00,0,0.0732251283974468,0,0,FALSE
2019-05-22 08:57:00,1,0.0732251283974468,2.56287949391064,0,FALSE
2019-05-22 08:58:00,1,0.0732251283974468,2.63610462230808,0,FALSE
2019-05-22 08:59:00,1,0.0732251283974468,2.78255487910298,0,FALSE
2019-05-22 09:00:00,0,0.0732251283974468,0,0,FALSE
2019-05-22 09:01:00,0,0.0732251283974468,0,0,FALSE
2019-05-22 09:02:00,0,0.0732251283974468,0,0,FALSE
2019-05-22 09:03:00,0,0.0732251283974468,0,0,FALSE
2019-05-22 09:04:00,1,0.0727557365487452,347.845176439551,0,FALSE
2019-05-22 09:05:00,0,0.0727557365487452,0,0,FALSE
2019-05-22 09:06:00,0,0.0727557365487452,0,0,FALSE
2019-05-22 09:07:00,0,0.0727557365487452,0,0,FALSE
2019-05-22 09:08:00,1,0.0729122004983124,2.84357581943418,0,FALSE
2019-05-22 09:09:00,1,0.0728339685235288,2.62202286684704,0,FALSE
2019-05-22 09:10:00,1,0.072599272599178,10.0912988912857,0,FALSE
2019-05-22 09:11:00,0,0.072599272599178,0,0,FALSE
2019-05-22 09:12:00,0,0.072599272599178,0,0,FALSE
2019-05-22 09:13:00,0,0.072599272599178,0,0,FALSE
2019-05-22 09:14:00,0,0.072599272599178,0,0,FALSE
2019-05-22 09:15:00,4,0.0725210406243944,665.960716053814,0,FALSE
2019-05-22 09:16:00,14,0.0724428086496091,1589.89449823552,2,FALSE
2019-05-22 09:17:00,0,0.0724428086496091,0,0,FALSE
2019-05-22 09:18:00,2,0.0725992725991772,41.4541846541299,0,FALSE
2019-05-22 09:19:00,0,0.0725992725991772,0,0,FALSE
2019-05-22 09:20:00,0,0.0725992725991772,0,0,FALSE
2019-05-22 09:21:00,0,0.0725992725991772,0,0,FALSE
2019-05-22 09:22:00,0,0.0725992725991772,0,0,FALSE
2019-05-22 09:23:00,1,0.072599272599178,2.75877235876876,0,FALSE
2019-05-22 09:24:00,1,0.0725992725991585,2.90397090396634,0,FALSE
2019-05-22 09:25:00,0,0.0725992725991585,0,0,FALSE
2019-05-22 09:26:00,0,0.0725992725991585,0,0,FALSE
2019-05-22 09:27:00,0,0.0725992725991585,0,0,FALSE
2019-05-22 09:28:00,0,0.0725992725991585,0,0,FALSE
2019-05-22 09:29:00,0,0.0725992725991585,0,0,FALSE
2019-05-22 09:30:00,1,0.072599272599178,605.332734931946,0,FALSE
2019-05-22 09:31:00,0,0.072599272599178,0,0,FALSE
2019-05-22 09:32:00,0,0.072599272599178,0,0,FALSE
2019-05-22 09:33:00,0,0.072599272599178,0,0,FALSE
2019-05-22 09:34:00,1,0.0727557365487452,2.2554278330111,0,FALSE
2019-05-22 09:35:00,0,0.0727557365487452,0,0,FALSE
2019-05-22 09:36:00,1,0.0727557365487452,8.65793264930068,0,FALSE
2019-05-22 09:37:00,3,0.072990432473096,770.11133524309,3,FALSE
2019-05-22 09:38:00,0,0.072990432473096,0,0,FALSE
2019-05-22 09:39:00,0,0.072990432473096,0,0,FALSE
2019-05-22 09:40:00,0,0.072990432473096,0,0,FALSE
2019-05-22 09:41:00,1,0.0730686644478796,7.96448442481888,0,FALSE
2019-05-22 09:42:00,0,0.0730686644478796,0,0,FALSE
2019-05-22 09:43:00,1,0.072990432473096,2.70064600150455,0,FALSE
2019-05-22 09:44:00,1,0.072990432473096,61.0200015475083,0,FALSE
2019-05-22 09:45:00,13,0.0732130927090182,1355.73446291201,11,FALSE
2019-05-22 09:46:00,1,0.0735380562965812,28.3856897304803,0,FALSE
2019-05-22 09:47:00,0,0.0735380562965812,0,0,FALSE
2019-05-22 09:48:00,0,0.0735380562965812,0,0,FALSE
2019-05-22 09:49:00,0,0.0735380562965812,0,0,FALSE
2019-05-22 09:50:00,2,0.0733033603722304,17.2995930478464,2,FALSE
2019-05-22 09:51:00,0,0.0733033603722304,0,0,FALSE
2019-05-22 09:52:00,0,0.0733033603722304,0,0,FALSE
2019-05-22 09:53:00,0,0.0733033603722304,0,0,FALSE
2019-05-22 09:54:00,0,0.0733033603722304,0,0,FALSE
2019-05-22 09:55:00,0,0.0733033603722304,0,0,FALSE
2019-05-22 09:56:00,0,0.0733033603722304,0,0,FALSE
2019-05-22 09:57:00,0,0.0733033603722304,0,0,FALSE
2019-05-22 09:58:00,0,0.0733033603722304,0,0,FALSE
2019-05-22 09:59:00,0,0.0733033603722304,0,0,FALSE
2019-05-22 10:00:00,1,0.0732251283974468,156.921450155728,0,FALSE
2019-05-22 10:01:00,0,0.0732251283974468,0,0,FALSE
2019-05-22 10:02:00,0,0.0732251283974468,0,0,FALSE
2019-05-22 10:03:00,0,0.0732251283974468,0,0,FALSE
2019-05-22 10:04:00,1,0.0720516487756928,10.7356956675782,0,FALSE
2019-05-22 10:05:00,4,0.0719147428198215,274.100040105717,0,FALSE
2019-05-22 10:06:00,48,0.0710020364473458,2996.18222855676,0,FALSE
2019-05-22 10:07:00,18,0.0712302130404649,1602.2865995052,6,FALSE
2019-05-22 10:08:00,3,0.0715301022771355,393.119271958415,2,FALSE
2019-05-22 10:09:00,2,0.071816952851342,20.6873504838753,0,FALSE
2019-05-22 10:10:00,0,0.071816952851342,0,0,FALSE
2019-05-22 10:11:00,0,0.071816952851342,0,0,FALSE
2019-05-22 10:12:00,1,0.0718951848261256,2.22875072960989,0,FALSE
2019-05-22 10:13:00,1,0.0715822569269913,29.7782188816284,0,FALSE
2019-05-22 10:14:00,1,0.071816952851342,8.40258348360702,0,FALSE
2019-05-22 10:15:00,0,0.071816952851342,0,0,FALSE
2019-05-22 10:16:00,0,0.071816952851342,0,0,FALSE
2019-05-22 10:17:00,4,0.0719147428198215,1580.92246420747,0,FALSE
2019-05-22 10:18:00,0,0.0719147428198215,0,0,FALSE
2019-05-22 10:19:00,0,0.0719147428198215,0,0,FALSE
2019-05-22 10:20:00,4,0.0718951848261256,223.737815178903,0,FALSE
2019-05-22 10:21:00,0,0.0718951848261256,0,0,FALSE
2019-05-22 10:22:00,0,0.0718951848261256,0,0,FALSE
2019-05-22 10:23:00,0,0.0718951848261256,0,0,FALSE
2019-05-22 10:24:00,0,0.0718951848261256,0,0,FALSE
2019-05-22 10:25:00,0,0.0718951848261256,0,0,FALSE
2019-05-22 10:26:00,0,0.0718951848261256,0,0,FALSE
2019-05-22 10:27:00,0,0.0718951848261256,0,0,FALSE
2019-05-22 10:28:00,0,0.0718951848261256,0,0,FALSE
2019-05-22 10:29:00,0,0.0718951848261256,0,0,FALSE
2019-05-22 10:30:00,0,0.0718951848261256,0,0,FALSE
2019-05-22 10:31:00,0,0.0718951848261256,0,0,FALSE
2019-05-22 10:32:00,0,0.0718951848261256,0,0,FALSE
2019-05-22 10:33:00,0,0.0718951848261256,0,0,FALSE
2019-05-22 10:34:00,2,0.0721298807504764,176.862467600168,0,FALSE
2019-05-22 10:35:00,0,0.0721298807504764,0,0,FALSE
2019-05-22 10:36:00,0,0.0721298807504764,0,0,FALSE
2019-05-22 10:37:00,0,0.0721298807504764,0,0,FALSE
2019-05-22 10:38:00,1,0.0721298807504764,8.5834558093067,0,FALSE
2019-05-22 10:39:00,0,0.0721298807504764,0,0,FALSE
2019-05-22 10:40:00,4,0.0720712067693887,3463.56586246566,3,FALSE
2019-05-22 10:41:00,1,0.0721298807504764,2.38028606476572,0,FALSE
2019-05-22 10:42:00,0,0.0721298807504764,0,0,FALSE
2019-05-22 10:43:00,0,0.0721298807504764,0,0,FALSE
2019-05-22 10:44:00,1,0.0721298807504764,130.915733562115,0,FALSE
2019-05-22 10:45:00,0,0.0721298807504764,0,0,FALSE
2019-05-22 10:46:00,1,0.0722081127252538,9.09822220338198,0,FALSE
2019-05-22 10:47:00,0,0.0722081127252538,0,0,FALSE
2019-05-22 10:48:00,3,0.0723384993498993,711.575590054835,0,FALSE
2019-05-22 10:49:00,0,0.0723384993498993,0,0,FALSE
2019-05-22 10:50:00,0,0.0723384993498993,0,0,FALSE
2019-05-22 10:51:00,0,0.0723384993498993,0,0,FALSE
2019-05-22 10:52:00,0,0.0723384993498993,0,0,FALSE
2019-05-22 10:53:00,0,0.0723384993498993,0,0,FALSE
2019-05-22 10:54:00,0,0.0723384993498993,0,0,FALSE
2019-05-22 10:55:00,0,0.0723384993498993,0,0,FALSE
2019-05-22 10:56:00,1,0.0723645766748272,2.74985391364343,0,FALSE
2019-05-22 10:57:00,0,0.0723645766748272,0,0,FALSE
2019-05-22 10:58:00,1,0.0723645766748272,2.89458306699309,0,FALSE
2019-05-22 10:59:00,0,0.0723645766748272,0,0,FALSE
2019-05-22 11:00:00,0,0.0723645766748272,0,0,FALSE
2019-05-22 11:01:00,0,0.0723645766748272,0,0,FALSE
2019-05-22 11:02:00,0,0.0723645766748272,0,0,FALSE
2019-05-22 11:03:00,0,0.0723645766748272,0,0,FALSE
2019-05-22 11:04:00,1,0.0722863447000436,32.8180004938198,0,FALSE
2019-05-22 11:05:00,0,0.0722863447000436,0,0,FALSE
2019-05-22 11:06:00,2,0.072364576674826,207.613970480079,0,FALSE
2019-05-22 11:07:00,0,0.072364576674826,0,0,FALSE
2019-05-22 11:08:00,0,0.072364576674826,0,0,FALSE
2019-05-22 11:09:00,0,0.072364576674826,0,0,FALSE
2019-05-22 11:10:00,0,0.072364576674826,0,0,FALSE
2019-05-22 11:11:00,1,0.0723645766748272,353.066769596482,0,FALSE
2019-05-22 11:12:00,1,0.0723645766748272,8.53902004762961,0,FALSE
2019-05-22 11:13:00,0,0.0723645766748272,0,0,FALSE
2019-05-22 11:14:00,0,0.0723645766748272,0,0,FALSE
2019-05-22 11:15:00,0,0.0723645766748272,0,0,FALSE
2019-05-22 11:16:00,0,0.0723645766748272,0,0,FALSE
2019-05-22 11:17:00,0,0.0723645766748272,0,0,FALSE
2019-05-22 11:18:00,7,0.0714146169810264,192.821946919972,0,FALSE
2019-05-22 11:19:00,2,0.0714649089648159,20.8834780446577,0,FALSE
2019-05-22 11:20:00,0,0.0714649089648159,0,0,FALSE
2019-05-22 11:21:00,0,0.0714649089648159,0,0,FALSE
2019-05-22 11:22:00,1,0.0715822569269912,181.103110025288,0,FALSE
2019-05-22 11:23:00,3,0.071634411576847,41.0528546234908,0,FALSE
2019-05-22 11:24:00,2,0.0718560688387339,23.4839088864645,2,FALSE
2019-05-22 11:25:00,0,0.0718560688387339,0,0,FALSE
2019-05-22 11:26:00,0,0.0718560688387339,0,0,FALSE
2019-05-22 11:27:00,0,0.0718560688387339,0,0,FALSE
2019-05-22 11:28:00,0,0.0718560688387339,0,0,FALSE
2019-05-22 11:29:00,0,0.0718560688387339,0,0,FALSE
2019-05-22 11:30:00,0,0.0718560688387339,0,0,FALSE
2019-05-22 11:31:00,0,0.0718560688387339,0,0,FALSE
2019-05-22 11:32:00,0,0.0718560688387339,0,0,FALSE
2019-05-22 11:33:00,0,0.0718560688387339,0,0,FALSE
2019-05-22 11:34:00,0,0.0718560688387339,0,0,FALSE
2019-05-22 11:35:00,0,0.0718560688387339,0,0,FALSE
2019-05-22 11:36:00,0,0.0718560688387339,0,0,FALSE
2019-05-22 11:37:00,0,0.0718560688387339,0,0,FALSE
2019-05-22 11:38:00,1,0.0716604889017748,24.7228686711123,0,FALSE
2019-05-22 11:39:00,0,0.0716604889017748,0,0,FALSE
2019-05-22 11:40:00,0,0.0716604889017748,0,0,FALSE
2019-05-22 11:41:00,0,0.0716604889017748,0,0,FALSE
2019-05-22 11:42:00,0,0.0716604889017748,0,0,FALSE
2019-05-22 11:43:00,0,0.0716604889017748,0,0,FALSE
2019-05-22 11:44:00,0,0.0716604889017748,0,0,FALSE
2019-05-22 11:45:00,0,0.0716604889017748,0,0,FALSE
2019-05-22 11:46:00,0,0.0716604889017748,0,0,FALSE
2019-05-22 11:47:00,0,0.0716604889017748,0,0,FALSE
2019-05-22 11:48:00,0,0.0716604889017748,0,0,FALSE
2019-05-22 11:49:00,7,0.0707999371791546,654.545419221289,0,FALSE
2019-05-22 11:50:00,2,0.0713866769900323,35.3573321633206,0,FALSE
2019-05-22 11:51:00,0,0.0713866769900323,0,0,FALSE
2019-05-22 11:52:00,1,0.0714257929774241,2.71418013314211,0,FALSE
2019-05-22 11:53:00,0,0.0714257929774241,0,0,FALSE
2019-05-22 11:54:00,0,0.0714257929774241,0,0,FALSE
2019-05-22 11:55:00,5,0.0710972186833322,257.403067959628,2,FALSE
2019-05-22 11:56:00,0,0.0710972186833322,0,0,FALSE
2019-05-22 11:57:00,0,0.0710972186833322,0,0,FALSE
2019-05-22 11:58:00,0,0.0710972186833322,0,0,FALSE
2019-05-22 11:59:00,0,0.0710972186833322,0,0,FALSE
2019-05-22 12:00:00,0,0.0710972186833322,0,0,FALSE
2019-05-22 12:01:00,11,0.0713760089934708,1310.58858959981,7,FALSE
2019-05-22 12:02:00,2,0.0715822569269912,108.089207959757,0,FALSE
2019-05-22 12:03:00,1,0.0715040249522076,63.0665500078471,0,FALSE
2019-05-22 12:04:00,0,0.0715040249522076,0,0,FALSE
2019-05-22 12:05:00,0,0.0715040249522076,0,0,FALSE
2019-05-22 12:06:00,1,0.0721896176117179,166.036120506951,0,FALSE
2019-05-22 12:07:00,1,0.0723475817640412,15.771772824561,0,FALSE
2019-05-22 12:08:00,0,0.0723475817640412,0,0,FALSE
2019-05-22 12:09:00,0,0.0723475817640412,0,0,FALSE
2019-05-22 12:10:00,0,0.0723475817640412,0,0,FALSE
2019-05-22 12:11:00,0,0.0723475817640412,0,0,FALSE
2019-05-22 12:12:00,1,0.0723475817640412,10.2733566104938,0,FALSE
2019-05-22 12:13:00,0,0.0723475817640412,0,0,FALSE
2019-05-22 12:14:00,0,0.0723475817640412,0,0,FALSE
2019-05-22 12:15:00,0,0.0723475817640412,0,0,FALSE
2019-05-22 12:16:00,0,0.0723475817640412,0,0,FALSE
2019-05-22 12:17:00,5,0.0725529351620614,112.413925287611,0,FALSE
2019-05-22 12:18:00,2,0.0726240190306068,286.245734675866,0,FALSE
2019-05-22 12:19:00,1,0.072584527992526,286.20079387453,0,FALSE
2019-05-22 12:20:00,0,0.072584527992526,0,0,FALSE
2019-05-22 12:21:00,0,0.072584527992526,0,0,FALSE
2019-05-22 12:22:00,1,0.0725055459163644,72.5055459163644,0,FALSE
2019-05-22 12:23:00,0,0.0725055459163644,0,0,FALSE
2019-05-22 12:24:00,0,0.0725055459163644,0,0,FALSE
2019-05-22 12:25:00,0,0.0725055459163644,0,0,FALSE
2019-05-22 12:26:00,0,0.0725055459163644,0,0,FALSE
2019-05-22 12:27:00,0,0.0725055459163644,0,0,FALSE
2019-05-22 12:28:00,0,0.0725055459163644,0,0,FALSE
2019-05-22 12:29:00,0,0.0725055459163644,0,0,FALSE
2019-05-22 12:30:00,0,0.0725055459163644,0,0,FALSE
2019-05-22 12:31:00,0,0.0725055459163644,0,0,FALSE
2019-05-22 12:32:00,0,0.0725055459163644,0,0,FALSE
2019-05-22 12:33:00,0,0.0725055459163644,0,0,FALSE
2019-05-22 12:34:00,1,0.0726635100686876,9.22826577872333,0,FALSE
2019-05-22 12:35:00,3,0.0727161647861279,47.056257263872,0,FALSE
2019-05-22 12:36:00,0,0.0727161647861279,0,0,FALSE
2019-05-22 12:37:00,0,0.0727161647861279,0,0,FALSE
2019-05-22 12:38:00,0,0.0727161647861279,0,0,FALSE
2019-05-22 12:39:00,0,0.0727161647861279,0,0,FALSE
2019-05-22 12:40:00,1,0.0726635100686876,7.99298610755564,0,FALSE
2019-05-22 12:41:00,6,0.0728346379003703,217.502499957459,2,FALSE
2019-05-22 12:42:00,0,0.0728346379003703,0,0,FALSE
2019-05-22 12:43:00,1,0.0731374025256572,444.967956966098,0,FALSE
2019-05-22 12:44:00,0,0.0731374025256572,0,0,FALSE
2019-05-22 12:45:00,2,0.073216384601814,25.0400035338205,0,FALSE
2019-05-22 12:46:00,1,0.0732953666779748,10.0414652348825,0,FALSE
2019-05-22 12:47:00,5,0.0732953666779785,46.176081007127,0,FALSE
2019-05-22 12:48:00,1,0.0735323129064654,9.70626530365344,0,FALSE
2019-05-22 12:49:00,2,0.0732953666779806,19.3499768029869,0,FALSE
2019-05-22 12:50:00,0,0.0732953666779806,0,0,FALSE
2019-05-22 12:51:00,3,0.0733743487541415,139.147304534336,0,FALSE
2019-05-22 12:52:00,3,0.073558640265186,237.07773364166,2,FALSE
2019-05-22 12:53:00,1,0.073611294982627,78.9113082213762,0,FALSE
2019-05-22 12:54:00,0,0.073611294982627,0,0,FALSE
2019-05-22 12:55:00,0,0.073611294982627,0,0,FALSE
2019-05-22 12:56:00,6,0.0734533308303038,80.3579439283524,0,FALSE
2019-05-22 12:57:00,5,0.0735165164912331,49.7709502036238,0,FALSE
2019-05-22 12:58:00,0,0.0735165164912331,0,0,FALSE
2019-05-22 12:59:00,0,0.0735165164912331,0,0,FALSE
2019-05-22 13:00:00,0,0.0735165164912331,0,0,FALSE
2019-05-22 13:01:00,0,0.0735165164912331,0,0,FALSE
2019-05-22 13:02:00,2,0.0732953666779806,76.4004680201984,0,FALSE
2019-05-22 13:03:00,0,0.0732953666779806,0,0,FALSE
2019-05-22 13:04:00,0,0.0732953666779806,0,0,FALSE
2019-05-22 13:05:00,8,0.0730880387280563,1892.59433612357,3,FALSE
2019-05-22 13:06:00,2,0.0733743487541422,141.465744397986,0,FALSE
2019-05-22 13:07:00,0,0.0733743487541422,0,0,FALSE
2019-05-22 13:08:00,1,0.0734533308303038,73.4533308303038,0,FALSE
2019-05-22 13:09:00,3,0.0733743487541422,112.996497081379,0,FALSE
2019-05-22 13:10:00,2,0.073413839792223,29.9387878256702,0,FALSE
2019-05-22 13:11:00,0,0.073413839792223,0,0,FALSE
2019-05-22 13:12:00,9,0.0736727254863083,1389.63063045276,2,FALSE
2019-05-22 13:13:00,1,0.0737692591349503,2.36061629231841,0,FALSE
2019-05-22 13:14:00,0,0.0737692591349503,0,0,FALSE
2019-05-22 13:15:00,1,0.0737692591349503,2.87700110626306,0,FALSE
2019-05-22 13:16:00,1,0.0737692591349503,123.784816828447,0,FALSE
2019-05-22 13:17:00,0,0.0737692591349503,0,0,FALSE
2019-05-22 13:18:00,0,0.0737692591349503,0,0,FALSE
2019-05-22 13:19:00,0,0.0737692591349503,0,0,FALSE
2019-05-22 13:20:00,10,0.073998307155819,2064.27285716943,6,FALSE
2019-05-22 13:21:00,1,0.0740062053634351,7.99267017925099,0,FALSE
2019-05-22 13:22:00,2,0.0740062053634351,90.657601570208,0,FALSE
2019-05-22 13:23:00,0,0.0740062053634351,0,0,FALSE
2019-05-22 13:24:00,1,0.0740062053634351,8.95475084897565,0,FALSE
2019-05-22 13:25:00,2,0.0739667143253543,10.8019046641674,0,FALSE
2019-05-22 13:26:00,0,0.0739667143253543,0,0,FALSE
2019-05-22 13:27:00,0,0.0739667143253543,0,0,FALSE
2019-05-22 13:28:00,0,0.0739667143253543,0,0,FALSE
2019-05-22 13:29:00,0,0.0739667143253543,0,0,FALSE
2019-05-22 13:30:00,0,0.0739667143253543,0,0,FALSE
2019-05-22 13:31:00,0,0.0739667143253543,0,0,FALSE
2019-05-22 13:32:00,1,0.0736902770587887,2.80023052823397,0,FALSE
2019-05-22 13:33:00,0,0.0736902770587887,0,0,FALSE
2019-05-22 13:34:00,0,0.0736902770587887,0,0,FALSE
2019-05-22 13:35:00,0,0.0736902770587887,0,0,FALSE
2019-05-22 13:36:00,0,0.0736902770587887,0,0,FALSE
2019-05-22 13:37:00,1,0.073611294982627,2.35556143944407,0,FALSE
2019-05-22 13:38:00,0,0.073611294982627,0,0,FALSE
2019-05-22 13:39:00,1,0.0733743487541422,15.7754849821406,0,FALSE
2019-05-22 13:40:00,3,0.0733216940366985,37.389167069994,0,FALSE
2019-05-22 13:41:00,1,0.0732953666779806,0.586362933423844,0,FALSE
2019-05-22 13:42:00,0,0.0732953666779806,0,0,FALSE
2019-05-22 13:43:00,14,0.0732784419473711,424.845614440318,0,FALSE
2019-05-22 13:44:00,2,0.0735718039445462,65.1099802328952,2,FALSE
2019-05-22 13:45:00,0,0.0735718039445462,0,0,FALSE
2019-05-22 13:46:00,0,0.0735718039445462,0,0,FALSE
2019-05-22 13:47:00,0,0.0735718039445462,0,0,FALSE
2019-05-22 13:48:00,0,0.0735718039445462,0,0,FALSE
2019-05-22 13:49:00,0,0.0735718039445462,0,0,FALSE
2019-05-22 13:50:00,0,0.0735718039445462,0,0,FALSE
2019-05-22 13:51:00,0,0.0735718039445462,0,0,FALSE
2019-05-22 13:52:00,0,0.0735718039445462,0,0,FALSE
2019-05-22 13:53:00,0,0.0735718039445462,0,0,FALSE
2019-05-22 13:54:00,0,0.0735718039445462,0,0,FALSE
2019-05-22 13:55:00,0,0.0735718039445462,0,0,FALSE
2019-05-22 13:56:00,0,0.0735718039445462,0,0,FALSE
2019-05-22 13:57:00,0,0.0735718039445462,0,0,FALSE
2019-05-22 13:58:00,1,0.0733743487541422,43.2174914161897,0,FALSE
2019-05-22 13:59:00,0,0.0733743487541422,0,0,FALSE
2019-05-22 14:00:00,0,0.0733743487541422,0,0,FALSE
2019-05-22 14:01:00,0,0.0733743487541422,0,0,FALSE
2019-05-22 14:02:00,0,0.0733743487541422,0,0,FALSE
2019-05-22 14:03:00,0,0.0733743487541422,0,0,FALSE
2019-05-22 14:04:00,0,0.0733743487541422,0,0,FALSE
2019-05-22 14:05:00,0,0.0733743487541422,0,0,FALSE
2019-05-22 14:06:00,0,0.0733743487541422,0,0,FALSE
2019-05-22 14:07:00,0,0.0733743487541422,0,0,FALSE
2019-05-22 14:08:00,0,0.0733743487541422,0,0,FALSE
2019-05-22 14:09:00,1,0.073611294982627,2.7236179143572,0,FALSE
2019-05-22 14:10:00,1,0.073611294982627,269.343728341432,0,FALSE
2019-05-22 14:11:00,0,0.073611294982627,0,0,FALSE
2019-05-22 14:12:00,0,0.073611294982627,0,0,FALSE
2019-05-22 14:13:00,1,0.0736902770587887,9.13759435528979,0,FALSE
2019-05-22 14:14:00,0,0.0736902770587887,0,0,FALSE
2019-05-22 14:15:00,1,0.0736902770587887,32.2763413517494,0,FALSE
2019-05-22 14:16:00,0,0.0736902770587887,0,0,FALSE
2019-05-22 14:17:00,0,0.0736902770587887,0,0,FALSE
2019-05-22 14:18:00,0,0.0736902770587887,0,0,FALSE
2019-05-22 14:19:00,0,0.0736902770587887,0,0,FALSE
2019-05-22 14:20:00,0,0.0736902770587887,0,0,FALSE
2019-05-22 14:21:00,2,0.0736902770587887,37.4346607458646,0,FALSE
2019-05-22 14:22:00,0,0.0736902770587887,0,0,FALSE
2019-05-22 14:23:00,0,0.0736902770587887,0,0,FALSE
2019-05-22 14:24:00,0,0.0736902770587887,0,0,FALSE
2019-05-22 14:25:00,0,0.0736902770587887,0,0,FALSE
2019-05-22 14:26:00,0,0.0736902770587887,0,0,FALSE
2019-05-22 14:27:00,6,0.0739140596079132,2276.25806419662,6,FALSE
2019-05-22 14:28:00,0,0.0739140596079132,0,0,FALSE
2019-05-22 14:29:00,0,0.0739140596079132,0,0,FALSE
2019-05-22 14:30:00,0,0.0739140596079132,0,0,FALSE
2019-05-22 14:31:00,0,0.0739140596079132,0,0,FALSE
2019-05-22 14:32:00,0,0.0739140596079132,0,0,FALSE
2019-05-22 14:33:00,1,0.0738482412111119,11.224932664089,0,FALSE
2019-05-22 14:34:00,1,0.0738482412111119,40.0257467364226,0,FALSE
2019-05-22 14:35:00,1,0.0738482412111119,361.265596004759,0,FALSE
2019-05-22 14:36:00,0,0.0738482412111119,0,0,FALSE
2019-05-22 14:37:00,1,0.0738482412111119,10.3387537695557,0,FALSE
2019-05-22 14:38:00,0,0.0738482412111119,0,0,FALSE
2019-05-22 14:39:00,5,0.0741483731005256,582.588932878613,3,FALSE
2019-05-22 14:40:00,0,0.0741483731005256,0,0,FALSE
2019-05-22 14:41:00,0,0.0741483731005256,0,0,FALSE
2019-05-22 14:42:00,0,0.0741483731005256,0,0,FALSE
2019-05-22 14:43:00,0,0.0741483731005256,0,0,FALSE
2019-05-22 14:44:00,0,0.0741483731005256,0,0,FALSE
2019-05-22 14:45:00,10,0.0735797021521624,442.690666764131,4,FALSE
2019-05-22 14:46:00,0,0.0735797021521624,0,0,FALSE
2019-05-22 14:47:00,0,0.0735797021521624,0,0,FALSE
2019-05-22 14:48:00,0,0.0735797021521624,0,0,FALSE
2019-05-22 14:49:00,0,0.0735797021521624,0,0,FALSE
2019-05-22 14:50:00,21,0.0734533308303038,239.090591852639,0,FALSE
2019-05-22 14:51:00,8,0.0734533308303038,86.8218370414191,0,FALSE
2019-05-22 14:52:00,1,0.0735323129064654,8.01502210680473,0,FALSE
2019-05-22 14:53:00,2,0.0734533308303038,17.3349860759517,0,FALSE
2019-05-22 14:54:00,1,0.0735323129064654,162.653476149102,0,FALSE
2019-05-22 14:55:00,0,0.0735323129064654,0,0,FALSE
2019-05-22 14:56:00,0,0.0735323129064654,0,0,FALSE
2019-05-22 14:57:00,0,0.0735323129064654,0,0,FALSE
2019-05-22 14:58:00,0,0.0735323129064654,0,0,FALSE
2019-05-22 14:59:00,0,0.0735323129064654,0,0,FALSE
2019-05-22 15:00:00,1,0.073611294982627,8.02363115310635,0,FALSE
2019-05-22 15:01:00,0,0.073611294982627,0,0,FALSE
2019-05-22 15:02:00,0,0.073611294982627,0,0,FALSE
2019-05-22 15:03:00,0,0.073611294982627,0,0,FALSE
2019-05-22 15:04:00,0,0.073611294982627,0,0,FALSE
2019-05-22 15:05:00,10,0.0738956304568089,805.90656717555,7,FALSE
2019-05-22 15:06:00,0,0.0738956304568089,0,0,FALSE
2019-05-22 15:07:00,0,0.0738956304568089,0,0,FALSE
2019-05-22 15:08:00,1,0.0738482412111119,8.64024422170009,0,FALSE
2019-05-22 15:09:00,3,0.073953550645994,66.620907349867,0,FALSE
2019-05-22 15:10:00,0,0.073953550645994,0,0,FALSE
2019-05-22 15:11:00,2,0.0741641695157584,478.232048162326,0,FALSE
2019-05-22 15:12:00,1,0.07424315159192,54.4944732684693,0,FALSE
2019-05-22 15:13:00,0,0.07424315159192,0,0,FALSE
2019-05-22 15:14:00,3,0.0744537704616837,180.949990020243,0,FALSE
2019-05-22 15:15:00,0,0.0744537704616837,0,0,FALSE
2019-05-22 15:16:00,1,0.0745590798965661,195.568466568693,0,FALSE
2019-05-22 15:17:00,1,0.0746380619727281,8.73265325080918,0,FALSE
2019-05-22 15:18:00,1,0.074638061972728,642.633713585188,0,FALSE
2019-05-22 15:19:00,3,0.0747960261250513,299.417812463567,2,FALSE
2019-05-22 15:20:00,2,0.0748355171631321,816.862486888232,2,FALSE
2019-05-22 15:21:00,1,0.0749539902773745,33.0547097123222,0,FALSE
2019-05-22 15:22:00,0,0.0749539902773745,0,0,FALSE
2019-05-22 15:23:00,0,0.0749539902773745,0,0,FALSE
2019-05-22 15:24:00,1,0.0747170440488823,7.9947237132304,0,FALSE
2019-05-22 15:25:00,5,0.0749381938621415,1995.33374690214,4,FALSE
2019-05-22 15:26:00,4,0.075368646177223,376.913682898051,4,FALSE
2019-05-22 15:27:00,0,0.075368646177223,0,0,FALSE
2019-05-22 15:28:00,4,0.0752106820248998,70.3666323118317,3,FALSE
2019-05-22 15:29:00,2,0.0754278827343442,27.5311771980356,0,FALSE
2019-05-22 15:30:00,3,0.0754805374517853,451.47765968334,2,FALSE
2019-05-22 15:31:00,18,0.0756999321077894,1853.78775671478,5,FALSE
2019-05-22 15:32:00,5,0.0756964217932937,829.328780843353,3,FALSE
2019-05-22 15:33:00,3,0.0758227931151523,667.08893382711,0,FALSE
2019-05-22 15:34:00,3,0.0757701383977106,825.767479029224,2,FALSE
2019-05-22 15:35:00,1,0.0759807572674741,40.9536281671685,0,FALSE
2019-05-22 15:36:00,13,0.0757195088617096,1057.99444948134,4,FALSE
2019-05-22 15:37:00,9,0.0757876899701915,1566.72929647521,2,FALSE
2019-05-22 15:38:00,5,0.0757438110389899,143.837497163043,0,FALSE
2019-05-22 15:39:00,1,0.0757438110389907,1108.51067455563,0,FALSE
2019-05-22 15:40:00,0,0.0757438110389907,0,0,FALSE
2019-05-22 15:41:00,0,0.0757438110389907,0,0,FALSE
2019-05-22 15:42:00,5,0.075175140090627,563.534901915005,0,FALSE
2019-05-22 15:43:00,0,0.075175140090627,0,0,FALSE
2019-05-22 15:44:00,1,0.0753489006581826,10.5488460921456,0,FALSE
2019-05-22 15:45:00,1,0.0753489006581826,40.3870107527859,0,FALSE
2019-05-22 15:46:00,1,0.0754278827343442,63.2839936141148,0,FALSE
2019-05-22 15:47:00,0,0.0754278827343442,0,0,FALSE
2019-05-22 15:48:00,0,0.0754278827343442,0,0,FALSE
2019-05-22 15:49:00,0,0.0754278827343442,0,0,FALSE
2019-05-22 15:50:00,0,0.0754278827343442,0,0,FALSE
2019-05-22 15:51:00,4,0.0753489006581826,827.104882524871,0,FALSE
2019-05-22 15:52:00,2,0.0753489006581826,32.2493294817022,0,FALSE
2019-05-22 15:53:00,3,0.0749803176360951,732.895062079294,0,FALSE
2019-05-22 15:54:00,3,0.0747696987663308,91.4005069785842,2,FALSE
2019-05-22 15:55:00,0,0.0747696987663308,0,0,FALSE
2019-05-22 15:56:00,2,0.0747960261250513,289.161436999448,0,FALSE
2019-05-22 15:57:00,1,0.0747960261250513,264.852728508807,0,FALSE
2019-05-22 15:58:00,1,0.0747960261250513,2.7674529666269,0,FALSE
2019-05-22 15:59:00,0,0.0747960261250513,0,0,FALSE
2019-05-22 16:00:00,0,0.0747960261250513,0,0,FALSE
2019-05-22 16:01:00,0,0.0747960261250513,0,0,FALSE
2019-05-22 16:02:00,0,0.0747960261250513,0,0,FALSE
2019-05-22 16:03:00,0,0.0747960261250513,0,0,FALSE
2019-05-22 16:04:00,0,0.0747960261250513,0,0,FALSE
2019-05-22 16:05:00,1,0.0747170440488882,39.450599257813,0,FALSE
2019-05-22 16:06:00,2,0.0747170440488897,29.2890812671648,0,FALSE
2019-05-22 16:07:00,2,0.074717044048886,27.7947403861862,0,FALSE
2019-05-22 16:08:00,4,0.0747170440488897,54.3940080675917,0,FALSE
2019-05-22 16:09:00,5,0.0747644332945866,7560.23999501894,2,FALSE
2019-05-22 16:10:00,2,0.0749539902773745,3381.1634439217,0,FALSE
2019-05-22 16:11:00,8,0.0754278827343439,2506.50297944746,4,FALSE
2019-05-22 16:12:00,19,0.0759849142188524,3017.73681933108,14,FALSE
2019-05-22 16:13:00,19,0.0763590398427755,2630.14720818034,14,FALSE
2019-05-22 16:14:00,1,0.0761387214197988,8.75595296327686,0,FALSE
2019-05-22 16:15:00,12,0.0769746150591759,9051.13741544024,11,FALSE
2019-05-22 16:16:00,2,0.0766126138767685,31.303124209286,0,FALSE
2019-05-22 16:17:00,15,0.0771023027489703,3307.74897227287,10,FALSE
2019-05-22 16:18:00,5,0.0771812848251307,102.342209917557,3,FALSE
2019-05-22 16:19:00,3,0.0767705780290917,59.0365745043715,0,FALSE
2019-05-22 16:20:00,3,0.0764019950070042,105.560650539067,0,FALSE
2019-05-22 16:21:00,8,0.0767310869910109,983.192025808124,2,FALSE
2019-05-22 16:22:00,2,0.0763756676482836,131.2897726874,0,FALSE
2019-05-22 16:23:00,1,0.0766915959529301,15.7217771703507,0,FALSE
2019-05-22 16:24:00,0,0.0766915959529301,0,0,FALSE
2019-05-22 16:25:00,8,0.0768989239028543,705.221954090395,8,FALSE
2019-05-22 16:26:00,0,0.0768989239028543,0,0,FALSE
2019-05-22 16:27:00,8,0.0770568880551774,294.121116472016,6,FALSE
2019-05-22 16:28:00,1,0.076928542181415,304.021598700952,0,FALSE
2019-05-22 16:29:00,3,0.0764283223657247,134.430968838423,0,FALSE
2019-05-22 16:30:00,0,0.0764283223657247,0,0,FALSE
2019-05-22 16:31:00,1,0.0763756676482836,128.387497316765,0,FALSE
2019-05-22 16:32:00,2,0.0766126138767685,71.0720212340311,0,FALSE
2019-05-22 16:33:00,0,0.0766126138767685,0,0,FALSE
2019-05-22 16:34:00,4,0.0767705780290917,305.312955646194,2,FALSE
2019-05-22 16:35:00,11,0.0772301101085767,713.74498891107,8,FALSE
2019-05-22 16:36:00,2,0.0772444704860613,295.614588550156,0,FALSE
2019-05-22 16:37:00,23,0.0775191907509711,7235.94101197671,20,FALSE
2019-05-22 16:38:00,9,0.0774550893558242,489.165142054994,4,FALSE
2019-05-22 16:39:00,11,0.0775819393569329,1159.59320111599,6,FALSE
2019-05-22 16:40:00,3,0.077665708225588,111.972257517714,0,FALSE
2019-05-22 16:41:00,1,0.0768112698208331,8.60286221993331,0,FALSE
2019-05-22 16:42:00,1,0.0764209686530443,4772.71875528858,0,FALSE
2019-05-22 16:43:00,0,0.0764209686530443,0,0,FALSE
2019-05-22 16:44:00,1,0.0764990288866021,67.7781395935294,0,FALSE
2019-05-22 16:45:00,0,0.0764990288866021,0,0,FALSE
2019-05-22 16:46:00,0,0.0764990288866021,0,0,FALSE
2019-05-22 16:47:00,12,0.0752565701691411,3693.59503988915,2,FALSE
2019-05-22 16:48:00,3,0.0751720049161184,45.9551523387207,0,FALSE
2019-05-22 16:49:00,3,0.0749898643711418,55.1598589593827,0,FALSE
2019-05-22 16:50:00,6,0.075119964760411,749.701645702097,0,FALSE
2019-05-22 16:51:00,0,0.075119964760411,0,0,FALSE
2019-05-22 16:52:00,2,0.0753281253832357,18.3047344681263,0,FALSE
2019-05-22 16:53:00,1,0.0750939446825613,50.7635066054114,0,FALSE
2019-05-22 16:54:00,1,0.0751720049161202,2.25516014748361,0,FALSE
2019-05-22 16:55:00,2,0.0748597639818867,35.1840890714871,0,FALSE
2019-05-22 16:56:00,16,0.0748597639818892,1037.25688973306,0,FALSE
2019-05-22 16:57:00,23,0.0745916440492342,1523.23843729942,6,FALSE
2019-05-22 16:58:00,0,0.0745916440492342,0,0,FALSE
2019-05-22 16:59:00,0,0.0745916440492342,0,0,FALSE
2019-05-22 17:00:00,1,0.0743914025805426,3.05004750580225,0,FALSE
2019-05-22 17:01:00,0,0.0743914025805426,0,0,FALSE
2019-05-22 17:02:00,0,0.0743914025805426,0,0,FALSE
2019-05-22 17:03:00,2,0.0743133423469848,73.1243288694331,0,FALSE
2019-05-22 17:04:00,0,0.0743133423469848,0,0,FALSE
2019-05-22 17:05:00,0,0.0743133423469848,0,0,FALSE
2019-05-22 17:06:00,1,0.0744694628141004,40.2879793824283,0,FALSE
2019-05-22 17:07:00,0,0.0744694628141004,0,0,FALSE
2019-05-22 17:08:00,0,0.0744694628141004,0,0,FALSE
2019-05-22 17:09:00,0,0.0744694628141004,0,0,FALSE
2019-05-22 17:10:00,1,0.0747036435147531,2.83873845356062,0,FALSE
2019-05-22 17:11:00,1,0.0744694628141004,2.82983958693581,0,FALSE
2019-05-22 17:12:00,2,0.0745475230476581,95.1226394088118,0,FALSE
2019-05-22 17:13:00,0,0.0745475230476581,0,0,FALSE
2019-05-22 17:14:00,3,0.0744174226583952,26.3378350433215,2,FALSE
2019-05-22 17:15:00,0,0.0744174226583952,0,0,FALSE
2019-05-22 17:16:00,3,0.0742613021912797,104.151086022102,0,FALSE
2019-05-22 17:17:00,2,0.0746255832812159,19.8516541165403,2,FALSE
2019-05-22 17:18:00,11,0.074554619432527,4930.5940945147,5,FALSE
2019-05-22 17:19:00,1,0.0747036435147736,19.4976509573559,0,FALSE
2019-05-22 17:20:00,2,0.0746646133979948,174.39600705629,0,FALSE
2019-05-22 17:21:00,0,0.0746646133979948,0,0,FALSE
2019-05-22 17:22:00,1,0.0747036435147737,8.59091900419897,0,FALSE
2019-05-22 17:23:00,0,0.0747036435147737,0,0,FALSE
2019-05-22 17:24:00,0,0.0747036435147737,0,0,FALSE
2019-05-22 17:25:00,1,0.0745475230476581,401.065673996401,0,FALSE
2019-05-22 17:26:00,2,0.0745475230476581,43.833943552023,0,FALSE
2019-05-22 17:27:00,4,0.0745475230476581,3913.53778814219,0,FALSE
2019-05-22 17:28:00,0,0.0745475230476581,0,0,FALSE
2019-05-22 17:29:00,0,0.0745475230476581,0,0,FALSE
2019-05-22 17:30:00,0,0.0745475230476581,0,0,FALSE
2019-05-22 17:31:00,1,0.0743133423469849,13.9709083612332,0,FALSE
2019-05-22 17:32:00,0,0.0743133423469849,0,0,FALSE
2019-05-22 17:33:00,4,0.0745280079892687,78.3024544624869,4,FALSE
2019-05-22 17:34:00,0,0.0745280079892687,0,0,FALSE
2019-05-22 17:35:00,0,0.0745280079892687,0,0,FALSE
2019-05-22 17:36:00,0,0.0745280079892687,0,0,FALSE
2019-05-22 17:37:00,0,0.0745280079892687,0,0,FALSE
2019-05-22 17:38:00,0,0.0745280079892687,0,0,FALSE
2019-05-22 17:39:00,1,0.0742352821134271,19.4496439137179,0,FALSE
2019-05-22 17:40:00,9,0.0737495739935114,564.874917996885,0,FALSE
2019-05-22 17:41:00,10,0.0738996231091278,1780.03958857353,5,FALSE
2019-05-22 17:42:00,27,0.0749580620537765,5521.247389861,27,FALSE
2019-05-22 17:43:00,0,0.0749580620537765,0,0,FALSE
2019-05-22 17:44:00,0,0.0749580620537765,0,0,FALSE
2019-05-22 17:45:00,2,0.0750158844490046,765.462084917643,0,FALSE
2019-05-22 17:46:00,1,0.0750158844490029,32.3318461975202,0,FALSE
2019-05-22 17:47:00,0,0.0750158844490029,0,0,FALSE
2019-05-22 17:48:00,2,0.0752110350328975,77.1534858847495,0,FALSE
2019-05-22 17:49:00,4,0.074898794098668,922.815357301736,2,FALSE
2019-05-22 17:50:00,1,0.0751720049161154,12.403380811159,0,FALSE
2019-05-22 17:51:00,2,0.0752500651496747,123.936857301518,0,FALSE
2019-05-22 17:52:00,1,0.0752500651496729,11.6637600981993,0,FALSE
2019-05-22 17:53:00,0,0.0752500651496729,0,0,FALSE
2019-05-22 17:54:00,1,0.0752500651496779,34.3892797734028,0,FALSE
2019-05-22 17:55:00,2,0.0752500651496776,87.440575703925,0,FALSE
2019-05-22 17:56:00,0,0.0752500651496776,0,0,FALSE
2019-05-22 17:57:00,0,0.0752500651496776,0,0,FALSE
2019-05-22 17:58:00,0,0.0752500651496776,0,0,FALSE
2019-05-22 17:59:00,1,0.0752500651496779,149.296129256961,0,FALSE
2019-05-22 18:00:00,2,0.0753671555000146,48.1785419711471,2,FALSE
2019-05-22 18:01:00,2,0.0754452157335723,365.070695218715,2,FALSE
2019-05-22 18:02:00,3,0.0754582257724986,106.195873840147,2,FALSE
2019-05-22 18:03:00,0,0.0754582257724986,0,0,FALSE
2019-05-22 18:04:00,0,0.0754582257724986,0,0,FALSE
2019-05-22 18:05:00,4,0.0756013362006878,1328.29377630116,4,FALSE
2019-05-22 18:06:00,8,0.0756403663174667,277.600144385103,2,FALSE
2019-05-22 18:07:00,1,0.0756403663174667,77.9852176733082,0,FALSE
2019-05-22 18:08:00,0,0.0756403663174667,0,0,FALSE
2019-05-22 18:09:00,0,0.0756403663174667,0,0,FALSE
2019-05-22 18:10:00,0,0.0756403663174667,0,0,FALSE
2019-05-22 18:11:00,0,0.0756403663174667,0,0,FALSE
2019-05-22 18:12:00,4,0.0756208512590773,163.691138867113,3,FALSE
2019-05-22 18:13:00,0,0.0756208512590773,0,0,FALSE
2019-05-22 18:14:00,0,0.0756208512590773,0,0,FALSE
2019-05-22 18:15:00,2,0.0756793964342456,196.728415395296,2,FALSE
2019-05-22 18:16:00,0,0.0756793964342456,0,0,FALSE
2019-05-22 18:17:00,2,0.0754842458503512,18.8712175830549,2,FALSE
2019-05-22 18:18:00,3,0.0754582257724986,136.603613340703,2,FALSE
2019-05-22 18:19:00,0,0.0754582257724986,0,0,FALSE
2019-05-22 18:20:00,3,0.0756143462396141,682.537371785268,3,FALSE
2019-05-22 18:21:00,1,0.0757184265510245,212.465904902175,0,FALSE
2019-05-22 18:22:00,1,0.0757184265510245,15.6737142960621,0,FALSE
2019-05-22 18:23:00,0,0.0757184265510245,0,0,FALSE
2019-05-22 18:24:00,0,0.0757184265510245,0,0,FALSE
2019-05-22 18:25:00,0,0.0757184265510245,0,0,FALSE
2019-05-22 18:26:00,0,0.0757184265510245,0,0,FALSE
2019-05-22 18:27:00,0,0.0757184265510245,0,0,FALSE
2019-05-22 18:28:00,0,0.0757184265510245,0,0,FALSE
2019-05-22 18:29:00,0,0.0757184265510245,0,0,FALSE
2019-05-22 18:30:00,1,0.0756403663174667,65.5801975972437,0,FALSE
2019-05-22 18:31:00,1,0.0753281253832357,9.41601567290446,0,FALSE
2019-05-22 18:32:00,0,0.0753281253832357,0,0,FALSE
2019-05-22 18:33:00,0,0.0753281253832357,0,0,FALSE
2019-05-22 18:34:00,9,0.0752587385089621,782.563442825244,8,FALSE
2019-05-22 18:35:00,0,0.0752587385089621,0,0,FALSE
2019-05-22 18:36:00,3,0.0754842458503512,259.590321479358,0,FALSE
2019-05-22 18:37:00,0,0.0754842458503512,0,0,FALSE
2019-05-22 18:38:00,0,0.0754842458503512,0,0,FALSE
2019-05-22 18:39:00,0,0.0754842458503512,0,0,FALSE
2019-05-22 18:40:00,0,0.0754842458503512,0,0,FALSE
2019-05-22 18:41:00,0,0.0754842458503512,0,0,FALSE
2019-05-22 18:42:00,2,0.0754061856167935,15.8352989795266,2,FALSE
2019-05-22 18:43:00,0,0.0754061856167935,0,0,FALSE
2019-05-22 18:44:00,0,0.0754061856167935,0,0,FALSE
2019-05-22 18:45:00,0,0.0754061856167935,0,0,FALSE
2019-05-22 18:46:00,0,0.0754061856167935,0,0,FALSE
2019-05-22 18:47:00,0,0.0754061856167935,0,0,FALSE
2019-05-22 18:48:00,0,0.0754061856167935,0,0,FALSE
2019-05-22 18:49:00,5,0.0750627205891386,1101.69584671568,0,FALSE
2019-05-22 18:50:00,0,0.0750627205891386,0,0,FALSE
2019-05-22 18:51:00,0,0.0750627205891386,0,0,FALSE
2019-05-22 18:52:00,0,0.0750627205891386,0,0,FALSE
2019-05-22 18:53:00,1,0.0748597639818891,22.9070877784581,0,FALSE
2019-05-22 18:54:00,29,0.0743860191161592,6117.21869473889,14,FALSE
2019-05-22 18:55:00,2,0.0748207338651096,52.0177784382175,2,FALSE
2019-05-22 18:56:00,1,0.0746255832812159,121.266572831976,0,FALSE
2019-05-22 18:57:00,2,0.0748207338651103,19.9016907262509,2,FALSE
2019-05-22 18:58:00,0,0.0748207338651103,0,0,FALSE
2019-05-22 18:59:00,1,0.0746255832812159,19.8504051528034,0,FALSE
2019-05-22 19:00:00,1,0.0746255832812159,2.76114658140499,0,FALSE
2019-05-22 19:01:00,0,0.0746255832812159,0,0,FALSE
2019-05-22 19:02:00,1,0.0746255832812159,82.0881416093375,0,FALSE
2019-05-22 19:03:00,0,0.0746255832812159,0,0,FALSE
2019-05-22 19:04:00,0,0.0746255832812159,0,0,FALSE
2019-05-22 19:05:00,0,0.0746255832812159,0,0,FALSE
2019-05-22 19:06:00,0,0.0746255832812159,0,0,FALSE
2019-05-22 19:07:00,2,0.0746646133979948,18.2116866697254,0,FALSE
2019-05-22 19:08:00,0,0.0746646133979948,0,0,FALSE
2019-05-22 19:09:00,0,0.0746646133979948,0,0,FALSE
2019-05-22 19:10:00,0,0.0746646133979948,0,0,FALSE
2019-05-22 19:11:00,0,0.0746646133979948,0,0,FALSE
2019-05-22 19:12:00,0,0.0746646133979948,0,0,FALSE
2019-05-22 19:13:00,8,0.0747914612775261,2314.34299669986,7,FALSE
2019-05-22 19:14:00,1,0.0745475230476581,7.90203744305176,0,FALSE
2019-05-22 19:15:00,0,0.0745475230476581,0,0,FALSE
2019-05-22 19:16:00,2,0.0747426736315525,15.1873990409972,0,FALSE
2019-05-22 19:17:00,0,0.0747426736315525,0,0,FALSE
2019-05-22 19:18:00,0,0.0747426736315525,0,0,FALSE
2019-05-22 19:19:00,0,0.0747426736315525,0,0,FALSE
2019-05-22 19:20:00,1,0.0748597639818891,110.792450693196,0,FALSE
2019-05-22 19:21:00,0,0.0748597639818891,0,0,FALSE
2019-05-22 19:22:00,1,0.0745475230476581,31.9063398643977,0,FALSE
2019-05-22 19:23:00,0,0.0745475230476581,0,0,FALSE
2019-05-22 19:24:00,0,0.0745475230476581,0,0,FALSE
2019-05-22 19:25:00,0,0.0745475230476581,0,0,FALSE
2019-05-22 19:26:00,0,0.0745475230476581,0,0,FALSE
2019-05-22 19:27:00,0,0.0745475230476581,0,0,FALSE
2019-05-22 19:28:00,0,0.0745475230476581,0,0,FALSE
2019-05-22 19:29:00,4,0.0746841284563842,2993.8451524237,2,FALSE
2019-05-22 19:30:00,0,0.0746841284563842,0,0,FALSE
2019-05-22 19:31:00,0,0.0746841284563842,0,0,FALSE
2019-05-22 19:32:00,0,0.0746841284563842,0,0,FALSE
2019-05-22 19:33:00,0,0.0746841284563842,0,0,FALSE
2019-05-22 19:34:00,0,0.0746841284563842,0,0,FALSE
2019-05-22 19:35:00,0,0.0746841284563842,0,0,FALSE
2019-05-22 19:36:00,0,0.0746841284563842,0,0,FALSE
2019-05-22 19:37:00,0,0.0746841284563842,0,0,FALSE
2019-05-22 19:38:00,1,0.0743914025805426,8.40622849160131,0,FALSE
2019-05-22 19:39:00,0,0.0743914025805426,0,0,FALSE
2019-05-22 19:40:00,0,0.0743914025805426,0,0,FALSE
2019-05-22 19:41:00,1,0.0743133423469849,8.69466105459723,0,FALSE
2019-05-22 19:42:00,2,0.0743133423469849,30.7657237316517,2,FALSE
2019-05-22 19:43:00,0,0.0743133423469849,0,0,FALSE
2019-05-22 19:44:00,0,0.0743133423469849,0,0,FALSE
2019-05-22 19:45:00,2,0.0742352821134271,67.1829303126515,0,FALSE
2019-05-22 19:46:00,0,0.0742352821134271,0,0,FALSE
2019-05-22 19:47:00,0,0.0742352821134271,0,0,FALSE
2019-05-22 19:48:00,1,0.0742352821134271,15.81211509016,0,FALSE
2019-05-22 19:49:00,3,0.074495482891953,143.284476489977,3,FALSE
2019-05-22 19:50:00,1,0.0748597639818873,31.5908204003564,0,FALSE
2019-05-22 19:51:00,0,0.0748597639818873,0,0,FALSE
2019-05-22 19:52:00,1,0.0750158844490047,2.85060360906218,0,FALSE
2019-05-22 19:53:00,3,0.0750158844490041,161.209135680909,0,FALSE
2019-05-22 19:54:00,0,0.0750158844490041,0,0,FALSE
2019-05-22 19:55:00,1,0.0751720049161202,7.89306051619262,0,FALSE
2019-05-22 19:56:00,0,0.0751720049161202,0,0,FALSE
2019-05-22 19:57:00,0,0.0751720049161202,0,0,FALSE
2019-05-22 19:58:00,0,0.0751720049161202,0,0,FALSE
2019-05-22 19:59:00,1,0.0750158844490047,7.9516837515945,0,FALSE
2019-05-22 20:00:00,0,0.0750158844490047,0,0,FALSE
2019-05-22 20:01:00,0,0.0750158844490047,0,0,FALSE
2019-05-22 20:02:00,0,0.0750158844490047,0,0,FALSE
2019-05-22 20:03:00,1,0.0748597639818892,39.0767967985461,0,FALSE
2019-05-22 20:04:00,0,0.0748597639818892,0,0,FALSE
2019-05-22 20:05:00,0,0.0748597639818892,0,0,FALSE
2019-05-22 20:06:00,0,0.0748597639818892,0,0,FALSE
2019-05-22 20:07:00,0,0.0748597639818892,0,0,FALSE
2019-05-22 20:08:00,1,0.0743914025805426,6.24887781676558,0,FALSE
2019-05-22 20:09:00,1,0.0748597639818891,53.8241703029783,0,FALSE
2019-05-22 20:10:00,0,0.0748597639818891,0,0,FALSE
2019-05-22 20:11:00,0,0.0748597639818891,0,0,FALSE
2019-05-22 20:12:00,0,0.0748597639818891,0,0,FALSE
2019-05-22 20:13:00,0,0.0748597639818891,0,0,FALSE
2019-05-22 20:14:00,0,0.0748597639818891,0,0,FALSE
2019-05-22 20:15:00,0,0.0748597639818891,0,0,FALSE
2019-05-22 20:16:00,0,0.0748597639818891,0,0,FALSE
2019-05-22 20:17:00,0,0.0748597639818891,0,0,FALSE
2019-05-22 20:18:00,0,0.0748597639818891,0,0,FALSE
2019-05-22 20:19:00,0,0.0748597639818891,0,0,FALSE
2019-05-22 20:20:00,2,0.0741572218798693,55.820014354583,0,FALSE
2019-05-22 20:21:00,5,0.073298559310734,314.260508593635,0,FALSE
2019-05-22 20:22:00,1,0.0731424388436185,7.82624095626718,0,FALSE
2019-05-22 20:23:00,9,0.0726827508015561,231.739991350621,0,FALSE
2019-05-22 20:24:00,1,0.0725179569751564,39.0146608526342,0,FALSE
2019-05-22 20:25:00,1,0.0725179569751564,95.2160775083804,0,FALSE
2019-05-22 20:26:00,0,0.0725179569751564,0,0,FALSE
2019-05-22 20:27:00,0,0.0725179569751564,0,0,FALSE
2019-05-22 20:28:00,0,0.0725179569751564,0,0,FALSE
2019-05-22 20:29:00,1,0.0725960172087142,7.91296587574985,0,FALSE
2019-05-22 20:30:00,0,0.0725960172087142,0,0,FALSE
2019-05-22 20:31:00,1,0.0727521376758297,8.0754872820171,0,FALSE
2019-05-22 20:32:00,0,0.0727521376758297,0,0,FALSE
2019-05-22 20:33:00,0,0.0727521376758297,0,0,FALSE
2019-05-22 20:34:00,0,0.0727521376758297,0,0,FALSE
2019-05-22 20:35:00,0,0.0727521376758297,0,0,FALSE
2019-05-22 20:36:00,0,0.0727521376758297,0,0,FALSE
2019-05-22 20:37:00,0,0.0727521376758297,0,0,FALSE
2019-05-22 20:38:00,3,0.0730903986879133,104.761517048524,0,FALSE
2019-05-22 20:39:00,0,0.0730903986879133,0,0,FALSE
2019-05-22 20:40:00,0,0.0730903986879133,0,0,FALSE
2019-05-22 20:41:00,0,0.0730903986879133,0,0,FALSE
2019-05-22 20:42:00,0,0.0730903986879133,0,0,FALSE
2019-05-22 20:43:00,0,0.0730903986879133,0,0,FALSE
2019-05-22 20:44:00,0,0.0730903986879133,0,0,FALSE
2019-05-22 20:45:00,1,0.0730643786100607,1169.03005776097,0,FALSE
2019-05-22 20:46:00,0,0.0730643786100607,0,0,FALSE
2019-05-22 20:47:00,4,0.0730643786100607,370.071077659958,0,FALSE
2019-05-22 20:48:00,1,0.0730643786100608,12.4940087423204,0,FALSE
2019-05-22 20:49:00,1,0.0731424388436185,85.7960807635645,0,FALSE
2019-05-22 20:50:00,0,0.0731424388436185,0,0,FALSE
2019-05-22 20:51:00,0,0.0731424388436185,0,0,FALSE
2019-05-22 20:52:00,0,0.0731424388436185,0,0,FALSE
2019-05-22 20:53:00,1,0.0731424388436185,11.6296477761353,0,FALSE
2019-05-22 20:54:00,0,0.0731424388436185,0,0,FALSE
2019-05-22 20:55:00,0,0.0731424388436185,0,0,FALSE
2019-05-22 20:56:00,1,0.0730643786100607,375.112519784052,0,FALSE
2019-05-22 20:57:00,0,0.0730643786100607,0,0,FALSE
2019-05-22 20:58:00,0,0.0730643786100607,0,0,FALSE
2019-05-22 20:59:00,0,0.0730643786100607,0,0,FALSE
2019-05-22 21:00:00,0,0.0730643786100607,0,0,FALSE
2019-05-22 21:01:00,0,0.0730643786100607,0,0,FALSE
2019-05-22 21:02:00,0,0.0730643786100607,0,0,FALSE
2019-05-22 21:03:00,0,0.0730643786100607,0,0,FALSE
2019-05-22 21:04:00,0,0.0730643786100607,0,0,FALSE
2019-05-22 21:05:00,0,0.0730643786100607,0,0,FALSE
2019-05-22 21:06:00,9,0.0724398967415983,1582.01490493977,0,FALSE
2019-05-22 21:07:00,4,0.0727521376758297,208.07368974058,2,FALSE
2019-05-22 21:08:00,5,0.0723774485547512,447.438448584655,2,FALSE
2019-05-22 21:09:00,3,0.0725179569751564,51.9953751511872,0,FALSE
2019-05-22 21:10:00,0,0.0725179569751564,0,0,FALSE
2019-05-22 21:11:00,0,0.0725179569751564,0,0,FALSE
2019-05-22 21:12:00,0,0.0725179569751564,0,0,FALSE
2019-05-22 21:13:00,2,0.0727521376758297,290.062772913533,0,FALSE
2019-05-22 21:14:00,0,0.0727521376758297,0,0,FALSE
2019-05-22 21:15:00,0,0.0727521376758297,0,0,FALSE
2019-05-22 21:16:00,3,0.07096866372033,191.047642735128,0,FALSE
2019-05-22 21:17:00,0,0.07096866372033,0,0,FALSE
2019-05-22 21:18:00,0,0.07096866372033,0,0,FALSE
2019-05-22 21:19:00,0,0.07096866372033,0,0,FALSE
2019-05-22 21:20:00,1,0.0707399784451839,702.943165809793,0,FALSE
2019-05-22 21:21:00,0,0.0707399784451839,0,0,FALSE
2019-05-22 21:22:00,15,0.0710042369853527,1995.73464294597,6,FALSE
2019-05-22 21:23:00,0,0.0710042369853527,0,0,FALSE
2019-05-22 21:24:00,0,0.0710042369853527,0,0,FALSE
2019-05-22 21:25:00,0,0.0710042369853527,0,0,FALSE
2019-05-22 21:26:00,0,0.0710042369853527,0,0,FALSE
2019-05-22 21:27:00,0,0.0710042369853527,0,0,FALSE
2019-05-22 21:28:00,0,0.0710042369853527,0,0,FALSE
2019-05-22 21:29:00,0,0.0710042369853527,0,0,FALSE
2019-05-22 21:30:00,0,0.0710042369853527,0,0,FALSE
2019-05-22 21:31:00,0,0.0710042369853527,0,0,FALSE
2019-05-22 21:32:00,0,0.0710042369853527,0,0,FALSE
2019-05-22 21:33:00,1,0.0708924352952813,19.2827424003165,0,FALSE
2019-05-22 21:34:00,1,0.0708924352952813,321.922548675872,0,FALSE
2019-05-22 21:35:00,0,0.0708924352952813,0,0,FALSE
2019-05-22 21:36:00,0,0.0708924352952813,0,0,FALSE
2019-05-22 21:37:00,1,0.0708162068702326,58.8482679091633,0,FALSE
2019-05-22 21:38:00,0,0.0708162068702326,0,0,FALSE
2019-05-22 21:39:00,1,0.0703588363199405,388.310417649752,0,FALSE
2019-05-22 21:40:00,0,0.0703588363199405,0,0,FALSE
2019-05-22 21:41:00,0,0.0703588363199405,0,0,FALSE
2019-05-22 21:42:00,1,0.0705875215950798,7.90580241864893,0,FALSE
2019-05-22 21:43:00,0,0.0705875215950798,0,0,FALSE
2019-05-22 21:44:00,2,0.0703588363199405,139.240137077162,0,FALSE
2019-05-22 21:45:00,3,0.070308017369908,238.197210480494,0,FALSE
2019-05-22 21:46:00,0,0.070308017369908,0,0,FALSE
2019-05-22 21:47:00,0,0.070308017369908,0,0,FALSE
2019-05-22 21:48:00,0,0.070308017369908,0,0,FALSE
2019-05-22 21:49:00,0,0.070308017369908,0,0,FALSE
2019-05-22 21:50:00,0,0.070308017369908,0,0,FALSE
2019-05-22 21:51:00,0,0.070308017369908,0,0,FALSE
2019-05-22 21:52:00,23,0.0702826078948918,213.377997568892,0,FALSE
2019-05-22 21:53:00,21,0.0702826078948918,207.89595415309,0,FALSE
2019-05-22 21:54:00,10,0.0702826078948918,92.9838902449418,0,FALSE
2019-05-22 21:55:00,0,0.0702826078948918,0,0,FALSE
2019-05-22 21:56:00,0,0.0702826078948918,0,0,FALSE
2019-05-22 21:57:00,0,0.0702826078948918,0,0,FALSE
2019-05-22 21:58:00,0,0.0702826078948918,0,0,FALSE
2019-05-22 21:59:00,0,0.0702826078948918,0,0,FALSE
2019-05-22 22:00:00,0,0.0702826078948918,0,0,FALSE
2019-05-22 22:01:00,0,0.0702826078948918,0,0,FALSE
2019-05-22 22:02:00,0,0.0702826078948918,0,0,FALSE
2019-05-22 22:03:00,0,0.0702826078948918,0,0,FALSE
2019-05-22 22:04:00,0,0.0702826078948918,0,0,FALSE
2019-05-22 22:05:00,0,0.0702826078948918,0,0,FALSE
2019-05-22 22:06:00,2,0.0702826078948918,41.4667386579862,0,FALSE
2019-05-22 22:07:00,7,0.0702172692448495,130.176729795722,0,FALSE
2019-05-22 22:08:00,0,0.0702172692448495,0,0,FALSE
2019-05-22 22:09:00,0,0.0702172692448495,0,0,FALSE
2019-05-22 22:10:00,1,0.0702063794698431,42.4748595792551,0,FALSE
2019-05-22 22:11:00,2,0.0702063794698431,62.6240904871001,0,FALSE
2019-05-22 22:12:00,1,0.0702063794698431,217.990808253863,0,FALSE
2019-05-22 22:13:00,13,0.0702063794698431,120.474147170251,0,FALSE
2019-05-22 22:14:00,2,0.0702063794698431,18.5344841800386,0,FALSE
2019-05-22 22:15:00,1,0.0702063794698431,49.4954975262394,0,FALSE
2019-05-22 22:16:00,7,0.0701737101448223,137.380239734399,0,FALSE
2019-05-22 22:17:00,15,0.0702012975748399,137.385575724153,0,FALSE
2019-05-22 22:18:00,0,0.0702012975748399,0,0,FALSE
2019-05-22 22:19:00,0,0.0702012975748399,0,0,FALSE
2019-05-22 22:20:00,0,0.0702012975748399,0,0,FALSE
2019-05-22 22:21:00,3,0.0702063794698431,27.8017262700579,0,FALSE
2019-05-22 22:22:00,8,0.0702063794698431,1003.03854348565,0,FALSE
2019-05-22 22:23:00,0,0.0702063794698431,0,0,FALSE
2019-05-22 22:24:00,2,0.070206379469843,327.582966606287,0,FALSE
2019-05-22 22:25:00,7,0.0701410408198014,1018.11705955925,2,FALSE
2019-05-22 22:26:00,1,0.0702063794698424,76.4547472426584,0,FALSE
2019-05-22 22:27:00,0,0.0702063794698424,0,0,FALSE
2019-05-22 22:28:00,2,0.069977694194697,356.81626269876,0,FALSE
2019-05-22 22:29:00,1,0.0699776941946971,59.830928536466,0,FALSE
2019-05-22 22:30:00,0,0.0699776941946971,0,0,FALSE
2019-05-22 22:31:00,1,0.0700539226197457,96.0439279116714,0,FALSE
2019-05-22 22:32:00,1,0.0700539226197457,12.6097060715542,0,FALSE
2019-05-22 22:33:00,0,0.0700539226197457,0,0,FALSE
2019-05-22 22:34:00,0,0.0700539226197457,0,0,FALSE
2019-05-22 22:35:00,0,0.0700539226197457,0,0,FALSE
2019-05-22 22:36:00,0,0.0700539226197457,0,0,FALSE
2019-05-22 22:37:00,0,0.0700539226197457,0,0,FALSE
2019-05-22 22:38:00,0,0.0700539226197457,0,0,FALSE
2019-05-22 22:39:00,0,0.0700539226197457,0,0,FALSE
2019-05-22 22:40:00,3,0.070079332094762,177.297864338546,2,FALSE
2019-05-22 22:41:00,0,0.070079332094762,0,0,FALSE
2019-05-22 22:42:00,0,0.070079332094762,0,0,FALSE
2019-05-22 22:43:00,0,0.070079332094762,0,0,FALSE
2019-05-22 22:44:00,0,0.070079332094762,0,0,FALSE
2019-05-22 22:45:00,2,0.0702063794698431,370.619477221302,0,FALSE
2019-05-22 22:46:00,1,0.0703588363199405,160.066352627865,0,FALSE
2019-05-22 22:47:00,9,0.0706383405451177,727.612513637749,2,FALSE
2019-05-22 22:48:00,2,0.0710448921453787,38.2221519742137,0,FALSE
2019-05-22 22:49:00,0,0.0710448921453787,0,0,FALSE
2019-05-22 22:50:00,20,0.0719634446672154,1836.25578278995,15,FALSE
2019-05-22 22:51:00,9,0.0723323055462008,1076.02192448001,5,FALSE
2019-05-22 22:52:00,6,0.0723280706336983,475.771787185191,2,FALSE
2019-05-22 22:53:00,1,0.0722645469461577,366.814840298697,0,FALSE
2019-05-22 22:54:00,1,0.0723407753712064,222.809588143316,0,FALSE
2019-05-22 22:55:00,1,0.0723407753712064,50.5662019844733,0,FALSE
2019-05-22 22:56:00,1,0.0723407753712064,6.7276921095222,0,FALSE
2019-05-22 22:57:00,1,0.0723407753712064,10.7064347549386,0,FALSE
2019-05-22 22:58:00,0,0.0723407753712064,0,0,FALSE
2019-05-22 22:59:00,0,0.0723407753712064,0,0,FALSE
2019-05-22 23:00:00,0,0.0723407753712064,0,0,FALSE
2019-05-22 23:01:00,0,0.0723407753712064,0,0,FALSE
2019-05-22 23:02:00,0,0.0723407753712064,0,0,FALSE
2019-05-22 23:03:00,0,0.0723407753712064,0,0,FALSE
2019-05-22 23:04:00,2,0.0720358616710085,35.9458949738333,0,FALSE
2019-05-22 23:05:00,0,0.0720358616710085,0,0,FALSE
2019-05-22 23:06:00,0,0.0720358616710085,0,0,FALSE
2019-05-22 23:07:00,1,0.0720358616710117,7.70783719879825,0,FALSE
2019-05-22 23:08:00,0,0.0720358616710117,0,0,FALSE
2019-05-22 23:09:00,0,0.0720358616710117,0,0,FALSE
2019-05-22 23:10:00,0,0.0720358616710117,0,0,FALSE
2019-05-22 23:11:00,0,0.0720358616710117,0,0,FALSE
2019-05-22 23:12:00,1,0.0721120900960532,7.71599364027769,0,FALSE
2019-05-22 23:13:00,0,0.0721120900960532,0,0,FALSE
2019-05-22 23:14:00,0,0.0721120900960532,0,0,FALSE
2019-05-22 23:15:00,1,0.071959633245963,22.8831633722162,0,FALSE
2019-05-22 23:16:00,0,0.071959633245963,0,0,FALSE
2019-05-22 23:17:00,0,0.071959633245963,0,0,FALSE
2019-05-22 23:18:00,0,0.071959633245963,0,0,FALSE
2019-05-22 23:19:00,0,0.071959633245963,0,0,FALSE
2019-05-22 23:20:00,1,0.0720358616710117,102.218887711166,0,FALSE
2019-05-22 23:21:00,0,0.0720358616710117,0,0,FALSE
2019-05-22 23:22:00,0,0.0720358616710117,0,0,FALSE
2019-05-22 23:23:00,2,0.0719977474584872,426.350764830223,2,FALSE
2019-05-22 23:24:00,3,0.0723153658961902,35.2008383474089,3,FALSE
2019-05-22 23:25:00,0,0.0723153658961902,0,0,FALSE
2019-05-22 23:26:00,0,0.0723153658961902,0,0,FALSE
2019-05-22 23:27:00,0,0.0723153658961902,0,0,FALSE
2019-05-22 23:28:00,0,0.0723153658961902,0,0,FALSE
2019-05-22 23:29:00,0,0.0723153658961902,0,0,FALSE
2019-05-22 23:30:00,1,0.0721120900960592,47.2334190129188,0,FALSE
2019-05-22 23:31:00,3,0.0723153658961866,60.0847691918773,0,FALSE
2019-05-22 23:32:00,0,0.0723153658961866,0,0,FALSE
2019-05-22 23:33:00,0,0.0723153658961866,0,0,FALSE
2019-05-22 23:34:00,0,0.0723153658961866,0,0,FALSE
2019-05-22 23:35:00,1,0.0723407753712064,7.74046296471909,0,FALSE
2019-05-22 23:36:00,2,0.0722645469461577,21.6793640838473,2,FALSE
2019-05-22 23:37:00,0,0.0722645469461577,0,0,FALSE
2019-05-22 23:38:00,0,0.0722645469461577,0,0,FALSE
2019-05-22 23:39:00,0,0.0722645469461577,0,0,FALSE
2019-05-22 23:40:00,0,0.0722645469461577,0,0,FALSE
2019-05-22 23:41:00,0,0.0722645469461577,0,0,FALSE
2019-05-22 23:42:00,1,0.0720358616710105,47.2555252561829,0,FALSE
2019-05-22 23:43:00,0,0.0720358616710105,0,0,FALSE
2019-05-22 23:44:00,0,0.0720358616710105,0,0,FALSE
2019-05-22 23:45:00,0,0.0720358616710105,0,0,FALSE
2019-05-22 23:46:00,0,0.0720358616710105,0,0,FALSE
2019-05-22 23:47:00,0,0.0720358616710105,0,0,FALSE
2019-05-22 23:48:00,0,0.0720358616710105,0,0,FALSE
2019-05-22 23:49:00,0,0.0720358616710105,0,0,FALSE
2019-05-22 23:50:00,0,0.0720358616710105,0,0,FALSE
2019-05-22 23:51:00,0,0.0720358616710105,0,0,FALSE
2019-05-22 23:52:00,0,0.0720358616710105,0,0,FALSE
2019-05-22 23:53:00,0,0.0720358616710105,0,0,FALSE
2019-05-22 23:54:00,0,0.0720358616710105,0,0,FALSE
2019-05-22 23:55:00,0,0.0720358616710105,0,0,FALSE
2019-05-22 23:56:00,0,0.0720358616710105,0,0,FALSE
2019-05-22 23:57:00,0,0.0720358616710105,0,0,FALSE
2019-05-22 23:58:00,0,0.0720358616710105,0,0,FALSE
2019-05-22 23:59:00,0,0.0720358616710105,0,0,FALSE
2019-05-23,0,0.0720358616710105,0,0,FALSE
2019-05-23 00:01:00,1,0.0718834048209143,8.98542560261428,0,FALSE
2019-05-23 00:02:00,3,0.0715022626956708,84.2296654555003,0,FALSE
2019-05-23 00:03:00,1,0.0714260342706221,7.64258566695657,0,FALSE
2019-05-23 00:04:00,0,0.0714260342706221,0,0,FALSE
2019-05-23 00:05:00,3,0.0710448921453787,27.5654181524069,0,FALSE
2019-05-23 00:06:00,0,0.0710448921453787,0,0,FALSE
2019-05-23 00:07:00,0,0.0710448921453787,0,0,FALSE
2019-05-23 00:08:00,0,0.0710448921453787,0,0,FALSE
2019-05-23 00:09:00,0,0.0710448921453787,0,0,FALSE
2019-05-23 00:10:00,6,0.0709305495078057,239.6150591864,0,FALSE
2019-05-23 00:11:00,4,0.0710258350391165,595.997734603483,0,FALSE
2019-05-23 00:12:00,2,0.0708924352952813,2770.12190916312,0,FALSE
2019-05-23 00:13:00,1,0.0708924352952813,43.3861704007122,0,FALSE
2019-05-23 00:14:00,0,0.0708924352952813,0,0,FALSE
2019-05-23 00:15:00,0,0.0708924352952813,0,0,FALSE
2019-05-23 00:16:00,0,0.0708924352952813,0,0,FALSE
2019-05-23 00:17:00,7,0.071208238770483,904.660120056861,4,FALSE
2019-05-23 00:18:00,0,0.071208238770483,0,0,FALSE
2019-05-23 00:19:00,0,0.071208238770483,0,0,FALSE
2019-05-23 00:20:00,0,0.071208238770483,0,0,FALSE
2019-05-23 00:21:00,6,0.0707272737076745,515.962766921561,2,FALSE
2019-05-23 00:22:00,0,0.0707272737076745,0,0,FALSE
2019-05-23 00:23:00,1,0.0707399784451837,217.242473805159,0,FALSE
2019-05-23 00:24:00,1,0.0707399784451839,32.2574301710039,0,FALSE
2019-05-23 00:25:00,0,0.0707399784451839,0,0,FALSE
2019-05-23 00:26:00,3,0.0707399784451839,54.4697834027916,0,FALSE
2019-05-23 00:27:00,0,0.0707399784451839,0,0,FALSE
2019-05-23 00:28:00,0,0.0707399784451839,0,0,FALSE
2019-05-23 00:29:00,0,0.0707399784451839,0,0,FALSE
2019-05-23 00:30:00,0,0.0707399784451839,0,0,FALSE
2019-05-23 00:31:00,0,0.0707399784451839,0,0,FALSE
2019-05-23 00:32:00,2,0.069749008919551,155.889034935196,0,FALSE
2019-05-23 00:33:00,6,0.0702571984198756,273.493563044489,2,FALSE
2019-05-23 00:34:00,0,0.0702571984198756,0,0,FALSE
2019-05-23 00:35:00,0,0.0702571984198756,0,0,FALSE
2019-05-23 00:36:00,0,0.0702571984198756,0,0,FALSE
2019-05-23 00:37:00,0,0.0702571984198756,0,0,FALSE
2019-05-23 00:38:00,0,0.0702571984198756,0,0,FALSE
2019-05-23 00:39:00,0,0.0702571984198756,0,0,FALSE
2019-05-23 00:40:00,1,0.0700539226197457,25.2194121431085,0,FALSE
2019-05-23 00:41:00,0,0.0700539226197457,0,0,FALSE
2019-05-23 00:42:00,0,0.0700539226197457,0,0,FALSE
2019-05-23 00:43:00,4,0.0699205228759105,310.594394886237,0,FALSE
2019-05-23 00:44:00,0,0.0699205228759105,0,0,FALSE
2019-05-23 00:45:00,0,0.0699205228759105,0,0,FALSE
2019-05-23 00:46:00,1,0.069977694194697,46.7450997220576,0,FALSE
2019-05-23 00:47:00,0,0.069977694194697,0,0,FALSE
2019-05-23 00:48:00,0,0.069977694194697,0,0,FALSE
2019-05-23 00:49:00,1,0.0699776941946971,316.019266983252,0,FALSE
2019-05-23 00:50:00,1,0.0699776941946971,8.32734560916895,0,FALSE
2019-05-23 00:51:00,0,0.0699776941946971,0,0,FALSE
2019-05-23 00:52:00,1,0.0699776941946971,8.95714485692122,0,FALSE
2019-05-23 00:53:00,3,0.0700285131447295,319.624032975379,0,FALSE
2019-05-23 00:54:00,1,0.0700539226197457,35.6574466134506,0,FALSE
2019-05-23 00:55:00,0,0.0700539226197457,0,0,FALSE
2019-05-23 00:56:00,1,0.0699014657696484,47.5329967233609,0,FALSE
2019-05-23 00:57:00,0,0.0699014657696484,0,0,FALSE
2019-05-23 00:58:00,0,0.0699014657696484,0,0,FALSE
2019-05-23 00:59:00,3,0.069977694194697,41.6493819644028,2,FALSE
2019-05-23 01:00:00,0,0.069977694194697,0,0,FALSE
2019-05-23 01:01:00,0,0.069977694194697,0,0,FALSE
2019-05-23 01:02:00,1,0.069749008919551,20.0877145688307,0,FALSE
2019-05-23 01:03:00,1,0.069749008919551,111.110171208845,0,FALSE
2019-05-23 01:04:00,0,0.069749008919551,0,0,FALSE
2019-05-23 01:05:00,0,0.069749008919551,0,0,FALSE
2019-05-23 01:06:00,1,0.0699014657696484,19.5724104155015,0,FALSE
2019-05-23 01:07:00,0,0.0699014657696484,0,0,FALSE
2019-05-23 01:08:00,0,0.0699014657696484,0,0,FALSE
2019-05-23 01:09:00,0,0.0699014657696484,0,0,FALSE
2019-05-23 01:10:00,2,0.069863351557124,67.0939728751051,0,FALSE
2019-05-23 01:11:00,0,0.069863351557124,0,0,FALSE
2019-05-23 01:12:00,0,0.069863351557124,0,0,FALSE
2019-05-23 01:13:00,0,0.069863351557124,0,0,FALSE
2019-05-23 01:14:00,1,0.0698252373445997,79.4611200981544,0,FALSE
2019-05-23 01:15:00,3,0.0698252373445997,526.272813866248,0,FALSE
2019-05-23 01:16:00,0,0.0698252373445997,0,0,FALSE
2019-05-23 01:17:00,0,0.0698252373445997,0,0,FALSE
2019-05-23 01:18:00,0,0.0698252373445997,0,0,FALSE
2019-05-23 01:19:00,0,0.0698252373445997,0,0,FALSE
2019-05-23 01:20:00,0,0.0698252373445997,0,0,FALSE
2019-05-23 01:21:00,1,0.0698252373445997,15.9899793519133,0,FALSE
2019-05-23 01:22:00,0,0.0698252373445997,0,0,FALSE
2019-05-23 01:23:00,0,0.0698252373445997,0,0,FALSE
2019-05-23 01:24:00,0,0.0698252373445997,0,0,FALSE
2019-05-23 01:25:00,0,0.0698252373445997,0,0,FALSE
2019-05-23 01:26:00,0,0.0698252373445997,0,0,FALSE
2019-05-23 01:27:00,0,0.0698252373445997,0,0,FALSE
2019-05-23 01:28:00,1,0.0698252373445997,40.638288134557,0,FALSE
2019-05-23 01:29:00,0,0.0698252373445997,0,0,FALSE
2019-05-23 01:30:00,0,0.0698252373445997,0,0,FALSE
2019-05-23 01:31:00,0,0.0698252373445997,0,0,FALSE
2019-05-23 01:32:00,0,0.0698252373445997,0,0,FALSE
2019-05-23 01:33:00,0,0.0698252373445997,0,0,FALSE
2019-05-23 01:34:00,0,0.0698252373445997,0,0,FALSE
2019-05-23 01:35:00,0,0.0698252373445997,0,0,FALSE
2019-05-23 01:36:00,0,0.0698252373445997,0,0,FALSE
2019-05-23 01:37:00,2,0.0698252373445997,26.8827163776709,0,FALSE
2019-05-23 01:38:00,0,0.0698252373445997,0,0,FALSE
2019-05-23 01:39:00,1,0.0698252373445997,2.30423283237179,0,FALSE
2019-05-23 01:40:00,0,0.0698252373445997,0,0,FALSE
2019-05-23 01:41:00,0,0.0698252373445997,0,0,FALSE
2019-05-23 01:42:00,0,0.0698252373445997,0,0,FALSE
2019-05-23 01:43:00,0,0.0698252373445997,0,0,FALSE
2019-05-23 01:44:00,0,0.0698252373445997,0,0,FALSE
2019-05-23 01:45:00,1,0.0698252373445997,13.1271446207847,0,FALSE
2019-05-23 01:46:00,0,0.0698252373445997,0,0,FALSE
2019-05-23 01:47:00,1,0.0698252373445997,37.9849291154622,0,FALSE
2019-05-23 01:48:00,1,0.069749008919551,19.111228443957,0,FALSE
2019-05-23 01:49:00,0,0.069749008919551,0,0,FALSE
2019-05-23 01:50:00,0,0.069749008919551,0,0,FALSE
2019-05-23 01:51:00,0,0.069749008919551,0,0,FALSE
2019-05-23 01:52:00,1,0.0702734248721569,24.5956987052549,0,FALSE
2019-05-23 01:53:00,0,0.0702734248721569,0,0,FALSE
2019-05-23 01:54:00,3,0.0702734248721569,175.402468480904,0,FALSE
2019-05-23 01:55:00,0,0.0702734248721569,0,0,FALSE
2019-05-23 01:56:00,3,0.0701198217576823,36.3220676704794,0,FALSE
2019-05-23 01:57:00,0,0.0701198217576823,0,0,FALSE
2019-05-23 01:58:00,0,0.0701198217576823,0,0,FALSE
2019-05-23 01:59:00,0,0.0701198217576823,0,0,FALSE
2019-05-23 02:00:00,1,0.0701966233149196,303.670592460342,0,FALSE
2019-05-23 02:01:00,1,0.0702734248721569,13.7735912749428,0,FALSE
2019-05-23 02:02:00,0,0.0702734248721569,0,0,FALSE
2019-05-23 02:03:00,0,0.0702734248721569,0,0,FALSE
2019-05-23 02:04:00,0,0.0702734248721569,0,0,FALSE
2019-05-23 02:05:00,0,0.0702734248721569,0,0,FALSE
2019-05-23 02:06:00,0,0.0702734248721569,0,0,FALSE
2019-05-23 02:07:00,1,0.070043020200445,60.0969113319818,0,FALSE
2019-05-23 02:08:00,0,0.070043020200445,0,0,FALSE
2019-05-23 02:09:00,0,0.070043020200445,0,0,FALSE
2019-05-23 02:10:00,1,0.070043020200445,2.52154872721602,0,FALSE
2019-05-23 02:11:00,0,0.070043020200445,0,0,FALSE
2019-05-23 02:12:00,6,0.0702478243530778,1196.02128106696,4,FALSE
2019-05-23 02:13:00,0,0.0702478243530778,0,0,FALSE
2019-05-23 02:14:00,0,0.0702478243530778,0,0,FALSE
2019-05-23 02:15:00,0,0.0702478243530778,0,0,FALSE
2019-05-23 02:16:00,1,0.0704270279866316,464.888811739755,0,FALSE
2019-05-23 02:17:00,1,0.0706574326583436,76.7339718669612,0,FALSE
2019-05-23 02:18:00,0,0.0706574326583436,0,0,FALSE
2019-05-23 02:19:00,0,0.0706574326583436,0,0,FALSE
2019-05-23 02:20:00,1,0.0705806311011063,388.969857998197,0,FALSE
2019-05-23 02:21:00,0,0.0705806311011063,0,0,FALSE
2019-05-23 02:22:00,0,0.0705806311011063,0,0,FALSE
2019-05-23 02:23:00,0,0.0705806311011063,0,0,FALSE
2019-05-23 02:24:00,0,0.0705806311011063,0,0,FALSE
2019-05-23 02:25:00,32,0.0720014599099968,2402.6235126745,25,FALSE
2019-05-23 02:26:00,1,0.0710414404445302,108.19611379702,0,FALSE
2019-05-23 02:27:00,1,0.0710414404445267,15.3449511360178,0,FALSE
2019-05-23 02:28:00,1,0.0710414404445267,15.3449511360178,0,FALSE
2019-05-23 02:29:00,4,0.0708686369407462,378.272553098394,2,FALSE
2019-05-23 02:30:00,2,0.0708878373300462,111.7461121772,2,FALSE
2019-05-23 02:31:00,0,0.0708878373300462,0,0,FALSE
2019-05-23 02:32:00,0,0.0708878373300462,0,0,FALSE
2019-05-23 02:33:00,1,0.0709646388872929,770.746942954888,0,FALSE
2019-05-23 02:34:00,2,0.0710414404445281,89.5832564005519,0,FALSE
2019-05-23 02:35:00,2,0.0710414404445287,140.306844877946,0,FALSE
2019-05-23 02:36:00,0,0.0710414404445287,0,0,FALSE
2019-05-23 02:37:00,1,0.0710414404445302,98.747602217897,0,FALSE
2019-05-23 02:38:00,3,0.0711950435590047,130.208822529268,2,FALSE
2019-05-23 02:39:00,0,0.0711950435590047,0,0,FALSE
2019-05-23 02:40:00,0,0.0711950435590047,0,0,FALSE
2019-05-23 02:41:00,2,0.0712718451162418,257.71899194033,0,FALSE
2019-05-23 02:42:00,0,0.0712718451162418,0,0,FALSE
2019-05-23 02:43:00,0,0.0712718451162418,0,0,FALSE
2019-05-23 02:44:00,0,0.0712718451162418,0,0,FALSE
2019-05-23 02:45:00,0,0.0712718451162418,0,0,FALSE
2019-05-23 02:46:00,2,0.0713870474520982,1984.14419233901,2,FALSE
2019-05-23 02:47:00,0,0.0713870474520982,0,0,FALSE
2019-05-23 02:48:00,0,0.0713870474520982,0,0,FALSE
2019-05-23 02:49:00,0,0.0713870474520982,0,0,FALSE
2019-05-23 02:50:00,0,0.0713870474520982,0,0,FALSE
2019-05-23 02:51:00,0,0.0713870474520982,0,0,FALSE
2019-05-23 02:52:00,0,0.0713870474520982,0,0,FALSE
2019-05-23 02:53:00,0,0.0713870474520982,0,0,FALSE
2019-05-23 02:54:00,0,0.0713870474520982,0,0,FALSE
2019-05-23 02:55:00,1,0.0711950435590025,22.8536089824398,0,FALSE
2019-05-23 02:56:00,0,0.0711950435590025,0,0,FALSE
2019-05-23 02:57:00,1,0.0711182420017676,7.82300662019443,0,FALSE
2019-05-23 02:58:00,0,0.0711182420017676,0,0,FALSE
2019-05-23 02:59:00,0,0.0711182420017676,0,0,FALSE
2019-05-23 03:00:00,5,0.0711336023132119,72.3536718514842,0,FALSE
2019-05-23 03:01:00,24,0.0722574651007879,2591.65887197749,6,FALSE
2019-05-23 03:02:00,2,0.0734990902761248,26.1472437645635,2,FALSE
2019-05-23 03:03:00,8,0.0734030883295781,444.204616344598,4,FALSE
2019-05-23 03:04:00,3,0.0729870798945426,40.063148325067,0,FALSE
2019-05-23 03:05:00,4,0.0729614793754635,508.614472726356,0,FALSE
2019-05-23 03:06:00,1,0.0731918840471755,124.060243459962,0,FALSE
2019-05-23 03:07:00,2,0.0731918840471755,769.61266075605,0,FALSE
2019-05-23 03:08:00,0,0.0731918840471755,0,0,FALSE
2019-05-23 03:09:00,1,0.0734222887188875,648.465653965214,0,FALSE
2019-05-23 03:10:00,3,0.0734734897570455,238.015782835766,0,FALSE
2019-05-23 03:11:00,0,0.0734734897570455,0,0,FALSE
2019-05-23 03:12:00,1,0.0734990902761248,23.0787143467032,0,FALSE
2019-05-23 03:13:00,1,0.0734222887188875,50.2942677724379,0,FALSE
2019-05-23 03:14:00,2,0.0734222887188875,49.7803117514057,0,FALSE
2019-05-23 03:15:00,0,0.0734222887188875,0,0,FALSE
2019-05-23 03:16:00,0,0.0734222887188875,0,0,FALSE
2019-05-23 03:17:00,1,0.0733454871616502,14.66909743233,0,FALSE
2019-05-23 03:18:00,1,0.0734990902761248,28.8116433882409,0,FALSE
2019-05-23 03:19:00,3,0.0734990902761246,110.983626316948,0,FALSE
2019-05-23 03:20:00,0,0.0734990902761246,0,0,FALSE
2019-05-23 03:21:00,2,0.0736142926119805,111.207656459409,0,FALSE
2019-05-23 03:22:00,2,0.0737294949478333,34.9477806052731,0,FALSE
2019-05-23 03:23:00,1,0.0738062965050737,134.401265935739,0,FALSE
2019-05-23 03:24:00,3,0.0738830980623106,168.527346680132,0,FALSE
2019-05-23 03:25:00,0,0.0738830980623106,0,0,FALSE
2019-05-23 03:26:00,0,0.0738830980623106,0,0,FALSE
2019-05-23 03:27:00,2,0.0739214988409301,48.4248410677241,2,FALSE
2019-05-23 03:28:00,1,0.0739598996195488,36.9799498097744,0,FALSE
2019-05-23 03:29:00,5,0.0740674217996809,531.540044767926,2,FALSE
2019-05-23 03:30:00,0,0.0740674217996809,0,0,FALSE
2019-05-23 03:31:00,20,0.0741173428118853,321.371431364616,0,FALSE
2019-05-23 03:32:00,0,0.0741173428118853,0,0,FALSE
2019-05-23 03:33:00,1,0.0741135027340235,11.3393659183056,0,FALSE
2019-05-23 03:34:00,11,0.0741135027340235,153.26672365396,0,FALSE
2019-05-23 03:35:00,19,0.0741215871084695,390.154445217025,0,FALSE
2019-05-23 03:36:00,3,0.0741391032531026,90.0559699853484,0,FALSE
2019-05-23 03:37:00,4,0.0740367011767858,1005.2703285784,0,FALSE
2019-05-23 03:38:00,16,0.0740943023447138,1355.14204981822,0,FALSE
2019-05-23 03:39:00,2,0.0740751019554023,22.8151314022639,0,FALSE
2019-05-23 03:40:00,4,0.0740367011767844,208.931570720888,0,FALSE
2019-05-23 03:41:00,10,0.0737602155707308,1540.47734049818,0,FALSE
2019-05-23 03:42:00,3,0.0737294949478368,877.30726038431,0,FALSE
2019-05-23 03:43:00,4,0.0737294949478357,317.479205245384,0,FALSE
2019-05-23 03:44:00,1,0.0737294949478368,91.4245737353176,0,FALSE
2019-05-23 03:45:00,0,0.0737294949478368,0,0,FALSE
2019-05-23 03:46:00,24,0.0737294949478324,309.663878780896,0,FALSE
2019-05-23 03:47:00,19,0.073086787179377,4824.34741903081,10,FALSE
2019-05-23 03:48:00,3,0.0730638814517799,55.4874354697117,0,FALSE
2019-05-23 03:49:00,12,0.0728462770396075,431.07362369906,0,FALSE
2019-05-23 03:50:00,0,0.0728462770396075,0,0,FALSE
2019-05-23 03:51:00,0,0.0728462770396075,0,0,FALSE
2019-05-23 03:52:00,0,0.0728462770396075,0,0,FALSE
2019-05-23 03:53:00,4,0.0729038782075355,442.979247498876,3,FALSE
2019-05-23 03:54:00,1,0.0729614793754635,13.060104808208,0,FALSE
2019-05-23 03:55:00,0,0.0729614793754635,0,0,FALSE
2019-05-23 03:56:00,0,0.0729614793754635,0,0,FALSE
2019-05-23 03:57:00,1,0.0729614793754635,23.0558274826465,0,FALSE
2019-05-23 03:58:00,1,0.0728846778182262,108.743939304793,0,FALSE
2019-05-23 03:59:00,0,0.0728846778182262,0,0,FALSE
2019-05-23 04:00:00,0,0.0728846778182262,0,0,FALSE
2019-05-23 04:01:00,0,0.0728846778182262,0,0,FALSE
2019-05-23 04:02:00,0,0.0728846778182262,0,0,FALSE
2019-05-23 04:03:00,0,0.0728846778182262,0,0,FALSE
2019-05-23 04:04:00,0,0.0728846778182262,0,0,FALSE
2019-05-23 04:05:00,1,0.0727310747037515,349.909200399748,0,FALSE
2019-05-23 04:06:00,0,0.0727310747037515,0,0,FALSE
2019-05-23 04:07:00,1,0.0727310747037515,11.4915098031927,0,FALSE
2019-05-23 04:08:00,0,0.0727310747037515,0,0,FALSE
2019-05-23 04:09:00,0,0.0727310747037515,0,0,FALSE
2019-05-23 04:10:00,0,0.0727310747037515,0,0,FALSE
2019-05-23 04:11:00,0,0.0727310747037515,0,0,FALSE
2019-05-23 04:12:00,0,0.0727310747037515,0,0,FALSE
2019-05-23 04:13:00,0,0.0727310747037515,0,0,FALSE
2019-05-23 04:14:00,0,0.0727310747037515,0,0,FALSE
2019-05-23 04:15:00,0,0.0727310747037515,0,0,FALSE
2019-05-23 04:16:00,4,0.0727502750930597,101.389959794646,3,FALSE
2019-05-23 04:17:00,0,0.0727502750930597,0,0,FALSE
2019-05-23 04:18:00,0,0.0727502750930597,0,0,FALSE
2019-05-23 04:19:00,0,0.0727502750930597,0,0,FALSE
2019-05-23 04:20:00,0,0.0727502750930597,0,0,FALSE
2019-05-23 04:21:00,0,0.0727502750930597,0,0,FALSE
2019-05-23 04:22:00,2,0.0722318645817089,42.8525040823696,2,FALSE
2019-05-23 04:23:00,1,0.0720398606886155,99.6311273323553,0,FALSE
2019-05-23 04:24:00,1,0.0720398606886155,283.116652506259,0,FALSE
2019-05-23 04:25:00,0,0.0720398606886155,0,0,FALSE
2019-05-23 04:26:00,0,0.0720398606886155,0,0,FALSE
2019-05-23 04:27:00,3,0.0720398606886155,279.082420307697,0,FALSE
2019-05-23 04:28:00,2,0.0720782614672342,235.292015608345,0,FALSE
2019-05-23 04:29:00,2,0.0721166622458529,464.864004836768,2,FALSE
2019-05-23 04:30:00,0,0.0721166622458529,0,0,FALSE
2019-05-23 04:31:00,2,0.0722702653603228,27.7517818983642,0,FALSE
2019-05-23 04:32:00,0,0.0722702653603228,0,0,FALSE
2019-05-23 04:33:00,0,0.0722702653603228,0,0,FALSE
2019-05-23 04:34:00,0,0.0722702653603228,0,0,FALSE
2019-05-23 04:35:00,0,0.0722702653603228,0,0,FALSE
2019-05-23 04:36:00,0,0.0722702653603228,0,0,FALSE
2019-05-23 04:37:00,1,0.0718094560169035,115.182367451113,0,FALSE
2019-05-23 04:38:00,2,0.0718094560169036,65.2747955193653,0,FALSE
2019-05-23 04:39:00,0,0.0718094560169036,0,0,FALSE
2019-05-23 04:40:00,0,0.0718094560169036,0,0,FALSE
2019-05-23 04:41:00,2,0.0721934638030902,169.799026864868,0,FALSE
2019-05-23 04:42:00,1,0.0721934638030902,11.6953411361006,0,FALSE
2019-05-23 04:43:00,1,0.0720398606886156,52.8052178847552,0,FALSE
2019-05-23 04:44:00,0,0.0720398606886156,0,0,FALSE
2019-05-23 04:45:00,0,0.0720398606886156,0,0,FALSE
2019-05-23 04:46:00,0,0.0720398606886156,0,0,FALSE
2019-05-23 04:47:00,0,0.0720398606886156,0,0,FALSE
2019-05-23 04:48:00,0,0.0720398606886156,0,0,FALSE
2019-05-23 04:49:00,2,0.0718862575741409,136.368230618145,0,FALSE
2019-05-23 04:50:00,1,0.0719630591313782,9.5710868644733,0,FALSE
2019-05-23 04:51:00,0,0.0719630591313782,0,0,FALSE
2019-05-23 04:52:00,0,0.0719630591313782,0,0,FALSE
2019-05-23 04:53:00,1,0.0718862575741409,24.2975550600596,0,FALSE
2019-05-23 04:54:00,0,0.0718862575741409,0,0,FALSE
2019-05-23 04:55:00,9,0.0719203915995797,3684.38044572754,2,FALSE
2019-05-23 04:56:00,1,0.0722702653603275,79.7863729578016,0,FALSE
2019-05-23 04:57:00,0,0.0722702653603275,0,0,FALSE
2019-05-23 04:58:00,1,0.0721934638030902,9.38515029440173,0,FALSE
2019-05-23 04:59:00,0,0.0721934638030902,0,0,FALSE
2019-05-23 05:00:00,0,0.0721934638030902,0,0,FALSE
2019-05-23 05:01:00,0,0.0721934638030902,0,0,FALSE
2019-05-23 05:02:00,0,0.0721934638030902,0,0,FALSE
2019-05-23 05:03:00,0,0.0721934638030902,0,0,FALSE
2019-05-23 05:04:00,0,0.0721934638030902,0,0,FALSE
2019-05-23 05:05:00,0,0.0721934638030902,0,0,FALSE
2019-05-23 05:06:00,1,0.0721166622458529,9.08669944297746,0,FALSE
2019-05-23 05:07:00,0,0.0721166622458529,0,0,FALSE
2019-05-23 05:08:00,0,0.0721166622458529,0,0,FALSE
2019-05-23 05:09:00,0,0.0721166622458529,0,0,FALSE
2019-05-23 05:10:00,2,0.0719630591313782,43.7535399518779,0,FALSE
2019-05-23 05:11:00,1,0.0719630591313782,9.13930850968503,0,FALSE
2019-05-23 05:12:00,0,0.0719630591313782,0,0,FALSE
2019-05-23 05:13:00,0,0.0719630591313782,0,0,FALSE
2019-05-23 05:14:00,3,0.0719630591313782,50.3021783328334,0,FALSE
2019-05-23 05:15:00,0,0.0719630591313782,0,0,FALSE
2019-05-23 05:16:00,0,0.0719630591313782,0,0,FALSE
2019-05-23 05:17:00,0,0.0719630591313782,0,0,FALSE
2019-05-23 05:18:00,1,0.0713486466734796,63.3575982460499,0,FALSE
2019-05-23 05:19:00,0,0.0713486466734796,0,0,FALSE
2019-05-23 05:20:00,0,0.0713486466734796,0,0,FALSE
2019-05-23 05:21:00,0,0.0713486466734796,0,0,FALSE
2019-05-23 05:22:00,0,0.0713486466734796,0,0,FALSE
2019-05-23 05:23:00,0,0.0713486466734796,0,0,FALSE
2019-05-23 05:24:00,1,0.0715022497879542,215.29327411153,0,FALSE
2019-05-23 05:25:00,0,0.0715022497879542,0,0,FALSE
2019-05-23 05:26:00,0,0.0715022497879542,0,0,FALSE
2019-05-23 05:27:00,0,0.0715022497879542,0,0,FALSE
2019-05-23 05:28:00,0,0.0715022497879542,0,0,FALSE
2019-05-23 05:29:00,0,0.0715022497879542,0,0,FALSE
2019-05-23 05:30:00,0,0.0715022497879542,0,0,FALSE
2019-05-23 05:31:00,9,0.0711694430399255,424.325070864614,2,FALSE
2019-05-23 05:32:00,0,0.0711694430399255,0,0,FALSE
2019-05-23 05:33:00,0,0.0711694430399255,0,0,FALSE
2019-05-23 05:34:00,1,0.0712718451162406,32.5712332181219,0,FALSE
2019-05-23 05:35:00,0,0.0712718451162406,0,0,FALSE
2019-05-23 05:36:00,0,0.0712718451162406,0,0,FALSE
2019-05-23 05:37:00,0,0.0712718451162406,0,0,FALSE
2019-05-23 05:38:00,0,0.0712718451162406,0,0,FALSE
2019-05-23 05:39:00,0,0.0712718451162406,0,0,FALSE
2019-05-23 05:40:00,0,0.0712718451162406,0,0,FALSE
2019-05-23 05:41:00,0,0.0712718451162406,0,0,FALSE
2019-05-23 05:42:00,0,0.0712718451162406,0,0,FALSE
2019-05-23 05:43:00,0,0.0712718451162406,0,0,FALSE
2019-05-23 05:44:00,7,0.070876865679021,1089.44913619772,2,FALSE
2019-05-23 05:45:00,1,0.0708878373300556,54.0874198828324,0,FALSE
2019-05-23 05:46:00,2,0.0708110357728182,80.8525321753702,0,FALSE
2019-05-23 05:47:00,2,0.0705422303224876,237.318655100723,2,FALSE
2019-05-23 05:48:00,0,0.0705422303224876,0,0,FALSE
2019-05-23 05:49:00,0,0.0705422303224876,0,0,FALSE
2019-05-23 05:50:00,0,0.0705422303224876,0,0,FALSE
2019-05-23 05:51:00,0,0.0705422303224876,0,0,FALSE
2019-05-23 05:52:00,1,0.0706574326583436,21.1265723648447,0,FALSE
2019-05-23 05:53:00,0,0.0706574326583436,0,0,FALSE
2019-05-23 05:54:00,0,0.0706574326583436,0,0,FALSE
2019-05-23 05:55:00,0,0.0706574326583436,0,0,FALSE
2019-05-23 05:56:00,0,0.0706574326583436,0,0,FALSE
2019-05-23 05:57:00,1,0.0707342342155809,19.1689774724224,0,FALSE
2019-05-23 05:58:00,0,0.0707342342155809,0,0,FALSE
2019-05-23 05:59:00,0,0.0707342342155809,0,0,FALSE
2019-05-23 06:00:00,6,0.0702862251316964,292.412636192707,2,FALSE
2019-05-23 06:01:00,2,0.0705806311011063,4.5171603904708,0,FALSE
2019-05-23 06:02:00,7,0.070898808981089,1133.82499916789,7,FALSE
2019-05-23 06:03:00,0,0.070898808981089,0,0,FALSE
2019-05-23 06:04:00,0,0.070898808981089,0,0,FALSE
2019-05-23 06:05:00,0,0.070898808981089,0,0,FALSE
2019-05-23 06:06:00,1,0.0707342342155809,8.98324774537878,0,FALSE
2019-05-23 06:07:00,2,0.0706958334369623,125.473315311572,0,FALSE
2019-05-23 06:08:00,0,0.0706958334369623,0,0,FALSE
2019-05-23 06:09:00,1,0.0706574326583436,76.7339718669612,0,FALSE
2019-05-23 06:10:00,1,0.0705806311011063,8.82257888763828,0,FALSE
2019-05-23 06:11:00,0,0.0705806311011063,0,0,FALSE
2019-05-23 06:12:00,1,0.0705806311011063,63.099084204389,0,FALSE
2019-05-23 06:13:00,0,0.0705806311011063,0,0,FALSE
2019-05-23 06:14:00,0,0.0705806311011063,0,0,FALSE
2019-05-23 06:15:00,0,0.0705806311011063,0,0,FALSE
2019-05-23 06:16:00,0,0.0705806311011063,0,0,FALSE
2019-05-23 06:17:00,0,0.0705806311011063,0,0,FALSE
2019-05-23 06:18:00,0,0.0705806311011063,0,0,FALSE
2019-05-23 06:19:00,0,0.0705806311011063,0,0,FALSE
2019-05-23 06:20:00,0,0.0705806311011063,0,0,FALSE
2019-05-23 06:21:00,0,0.0705806311011063,0,0,FALSE
2019-05-23 06:22:00,0,0.0705806311011063,0,0,FALSE
2019-05-23 06:23:00,0,0.0705806311011063,0,0,FALSE
2019-05-23 06:24:00,0,0.0705806311011063,0,0,FALSE
2019-05-23 06:25:00,0,0.0705806311011063,0,0,FALSE
2019-05-23 06:26:00,1,0.069350598321047,2.84337453116293,0,FALSE
2019-05-23 06:27:00,0,0.069350598321047,0,0,FALSE
2019-05-23 06:28:00,0,0.069350598321047,0,0,FALSE
2019-05-23 06:29:00,0,0.069350598321047,0,0,FALSE
2019-05-23 06:30:00,0,0.069350598321047,0,0,FALSE
2019-05-23 06:31:00,0,0.069350598321047,0,0,FALSE
2019-05-23 06:32:00,0,0.069350598321047,0,0,FALSE
2019-05-23 06:33:00,0,0.069350598321047,0,0,FALSE
2019-05-23 06:34:00,0,0.069350598321047,0,0,FALSE
2019-05-23 06:35:00,0,0.069350598321047,0,0,FALSE
2019-05-23 06:36:00,0,0.069350598321047,0,0,FALSE
2019-05-23 06:37:00,0,0.069350598321047,0,0,FALSE
2019-05-23 06:38:00,0,0.069350598321047,0,0,FALSE
2019-05-23 06:39:00,0,0.069350598321047,0,0,FALSE
2019-05-23 06:40:00,1,0.0691996721005442,13.7707347480083,0,FALSE
2019-05-23 06:41:00,1,0.0691996721005442,7.61196393105986,0,FALSE
2019-05-23 06:42:00,2,0.0691996721005442,15.8467249110246,0,FALSE
2019-05-23 06:43:00,1,0.0691996721005442,75.4276425895931,0,FALSE
2019-05-23 06:44:00,0,0.0691996721005442,0,0,FALSE
2019-05-23 06:45:00,0,0.0691996721005442,0,0,FALSE
2019-05-23 06:46:00,0,0.0691996721005442,0,0,FALSE
2019-05-23 06:47:00,0,0.0691996721005442,0,0,FALSE
2019-05-23 06:48:00,0,0.0691996721005442,0,0,FALSE
2019-05-23 06:49:00,0,0.0691996721005442,0,0,FALSE
2019-05-23 06:50:00,0,0.0691996721005442,0,0,FALSE
2019-05-23 06:51:00,1,0.0690487458800413,2.48575485168149,0,FALSE
2019-05-23 06:52:00,0,0.0690487458800413,0,0,FALSE
2019-05-23 06:53:00,2,0.0687468934390348,74.727873168231,0,FALSE
2019-05-23 06:54:00,1,0.0687468934390357,1393.49953000925,0,FALSE
2019-05-23 06:55:00,4,0.069086477435167,894.542576518419,3,FALSE
2019-05-23 06:56:00,0,0.069086477435167,0,0,FALSE
2019-05-23 06:57:00,0,0.069086477435167,0,0,FALSE
2019-05-23 06:58:00,0,0.069086477435167,0,0,FALSE
2019-05-23 06:59:00,0,0.069086477435167,0,0,FALSE
2019-05-23 07:00:00,0,0.069086477435167,0,0,FALSE
2019-05-23 07:01:00,0,0.069086477435167,0,0,FALSE
2019-05-23 07:02:00,0,0.069086477435167,0,0,FALSE
2019-05-23 07:03:00,2,0.0691242089902928,477.579159913933,0,FALSE
2019-05-23 07:04:00,0,0.0691242089902928,0,0,FALSE
2019-05-23 07:05:00,0,0.0691242089902928,0,0,FALSE
2019-05-23 07:06:00,0,0.0691242089902928,0,0,FALSE
2019-05-23 07:07:00,1,0.0691242089902927,479.44551355667,0,FALSE
2019-05-23 07:08:00,0,0.0691242089902927,0,0,FALSE
2019-05-23 07:09:00,0,0.0691242089902927,0,0,FALSE
2019-05-23 07:10:00,0,0.0691242089902927,0,0,FALSE
2019-05-23 07:11:00,0,0.0691242089902927,0,0,FALSE
2019-05-23 07:12:00,0,0.0691242089902927,0,0,FALSE
2019-05-23 07:13:00,0,0.0691242089902927,0,0,FALSE
2019-05-23 07:14:00,2,0.0689355512146642,106.463657795132,0,FALSE
2019-05-23 07:15:00,0,0.0689355512146642,0,0,FALSE
2019-05-23 07:16:00,0,0.0689355512146642,0,0,FALSE
2019-05-23 07:17:00,1,0.0689732827697899,8.06987408406542,0,FALSE
2019-05-23 07:18:00,1,0.0689732827697899,80.9056606889636,0,FALSE
2019-05-23 07:19:00,1,0.0689732827697899,68.0076568110129,0,FALSE
2019-05-23 07:20:00,0,0.0689732827697899,0,0,FALSE
2019-05-23 07:21:00,1,0.0689732827697899,2.48303817971244,0,FALSE
2019-05-23 07:22:00,2,0.0689355512146642,1231.62663073336,2,FALSE
2019-05-23 07:23:00,2,0.0689732827697899,1096.1234097775,0,FALSE
2019-05-23 07:24:00,2,0.0689732827697899,23.7268092728077,2,FALSE
2019-05-23 07:25:00,0,0.0689732827697899,0,0,FALSE
2019-05-23 07:26:00,0,0.0689732827697899,0,0,FALSE
2019-05-23 07:27:00,0,0.0689732827697899,0,0,FALSE
2019-05-23 07:28:00,0,0.0689732827697899,0,0,FALSE
2019-05-23 07:29:00,1,0.0689732827697899,1214.89540270708,0,FALSE
2019-05-23 07:30:00,2,0.0690487458800413,741.564664974081,0,FALSE
2019-05-23 07:31:00,1,0.0691242089902927,157.603196497867,0,FALSE
2019-05-23 07:32:00,0,0.0691242089902927,0,0,FALSE
2019-05-23 07:33:00,0,0.0691242089902927,0,0,FALSE
2019-05-23 07:34:00,0,0.0691242089902927,0,0,FALSE
2019-05-23 07:35:00,0,0.0691242089902927,0,0,FALSE
2019-05-23 07:36:00,0,0.0691242089902927,0,0,FALSE
2019-05-23 07:37:00,0,0.0691242089902927,0,0,FALSE
2019-05-23 07:38:00,0,0.0691242089902927,0,0,FALSE
2019-05-23 07:39:00,0,0.0691242089902927,0,0,FALSE
2019-05-23 07:40:00,0,0.0691242089902927,0,0,FALSE
2019-05-23 07:41:00,1,0.0689732827697899,8.06987408406542,0,FALSE
2019-05-23 07:42:00,5,0.0690789311241419,793.217428289636,0,FALSE
2019-05-23 07:43:00,0,0.0690789311241419,0,0,FALSE
2019-05-23 07:44:00,0,0.0690789311241419,0,0,FALSE
2019-05-23 07:45:00,0,0.0690789311241419,0,0,FALSE
2019-05-23 07:46:00,0,0.0690789311241419,0,0,FALSE
2019-05-23 07:47:00,0,0.0690789311241419,0,0,FALSE
2019-05-23 07:48:00,0,0.0690789311241419,0,0,FALSE
2019-05-23 07:49:00,0,0.0690789311241419,0,0,FALSE
2019-05-23 07:50:00,0,0.0690789311241419,0,0,FALSE
2019-05-23 07:51:00,0,0.0690789311241419,0,0,FALSE
2019-05-23 07:52:00,0,0.0690789311241419,0,0,FALSE
2019-05-23 07:53:00,0,0.0690789311241419,0,0,FALSE
2019-05-23 07:54:00,0,0.0690789311241419,0,0,FALSE
2019-05-23 07:55:00,3,0.0684450409980299,342.149741879898,0,FALSE
2019-05-23 07:56:00,0,0.0684450409980299,0,0,FALSE
2019-05-23 07:57:00,0,0.0684450409980299,0,0,FALSE
2019-05-23 07:58:00,1,0.0685205041082593,2.32969713968081,0,FALSE
2019-05-23 07:59:00,0,0.0685205041082593,0,0,FALSE
2019-05-23 08:00:00,1,0.06844504099803,27.1726812762179,0,FALSE
2019-05-23 08:01:00,0,0.06844504099803,0,0,FALSE
2019-05-23 08:02:00,0,0.06844504099803,0,0,FALSE
2019-05-23 08:03:00,3,0.0684953497381952,108.643862513403,0,FALSE
2019-05-23 08:04:00,0,0.0684953497381952,0,0,FALSE
2019-05-23 08:05:00,1,0.0685205041082815,33.3694855007331,0,FALSE
2019-05-23 08:06:00,0,0.0685205041082815,0,0,FALSE
2019-05-23 08:07:00,0,0.0685205041082815,0,0,FALSE
2019-05-23 08:08:00,0,0.0685205041082815,0,0,FALSE
2019-05-23 08:09:00,10,0.0684374946870027,264.790470057199,0,FALSE
2019-05-23 08:10:00,0,0.0684374946870027,0,0,FALSE
2019-05-23 08:11:00,0,0.0684374946870027,0,0,FALSE
2019-05-23 08:12:00,0,0.0684374946870027,0,0,FALSE
2019-05-23 08:13:00,1,0.0683695778877786,15.0413071353113,0,FALSE
2019-05-23 08:14:00,2,0.0683318463326529,26.7129600085663,0,FALSE
2019-05-23 08:15:00,0,0.0683318463326529,0,0,FALSE
2019-05-23 08:16:00,2,0.0683695778877786,18.1863077181491,2,FALSE
2019-05-23 08:17:00,0,0.0683695778877786,0,0,FALSE
2019-05-23 08:18:00,0,0.0683695778877786,0,0,FALSE
2019-05-23 08:19:00,0,0.0683695778877786,0,0,FALSE
2019-05-23 08:20:00,0,0.0683695778877786,0,0,FALSE
2019-05-23 08:21:00,0,0.0683695778877786,0,0,FALSE
2019-05-23 08:22:00,0,0.0683695778877786,0,0,FALSE
2019-05-23 08:23:00,0,0.0683695778877786,0,0,FALSE
2019-05-23 08:24:00,1,0.0683695778877786,150.891658398327,0,FALSE
2019-05-23 08:25:00,0,0.0683695778877786,0,0,FALSE
2019-05-23 08:26:00,0,0.0683695778877786,0,0,FALSE
2019-05-23 08:27:00,4,0.0682375174448387,52.1266716479341,0,FALSE
2019-05-23 08:28:00,0,0.0682375174448387,0,0,FALSE
2019-05-23 08:29:00,2,0.0682563832224015,1092.32852088918,2,FALSE
2019-05-23 08:30:00,0,0.0682563832224015,0,0,FALSE
2019-05-23 08:31:00,0,0.0682563832224015,0,0,FALSE
2019-05-23 08:32:00,0,0.0682563832224015,0,0,FALSE
2019-05-23 08:33:00,0,0.0682563832224015,0,0,FALSE
2019-05-23 08:34:00,0,0.0682563832224015,0,0,FALSE
2019-05-23 08:35:00,0,0.0682563832224015,0,0,FALSE
2019-05-23 08:36:00,1,0.0681431885570244,22.419109035261,0,FALSE
2019-05-23 08:37:00,0,0.0681431885570244,0,0,FALSE
2019-05-23 08:38:00,0,0.0681431885570244,0,0,FALSE
2019-05-23 08:39:00,0,0.0681431885570244,0,0,FALSE
2019-05-23 08:40:00,0,0.0681431885570244,0,0,FALSE
2019-05-23 08:41:00,0,0.0681431885570244,0,0,FALSE
2019-05-23 08:42:00,0,0.0681431885570244,0,0,FALSE
2019-05-23 08:43:00,0,0.0681431885570244,0,0,FALSE
2019-05-23 08:44:00,0,0.0681431885570244,0,0,FALSE
2019-05-23 08:45:00,1,0.0679922623365216,15.0262899763713,0,FALSE
2019-05-23 08:46:00,0,0.0679922623365216,0,0,FALSE
2019-05-23 08:47:00,0,0.0679922623365216,0,0,FALSE
2019-05-23 08:48:00,0,0.0679922623365216,0,0,FALSE
2019-05-23 08:49:00,0,0.0679922623365216,0,0,FALSE
2019-05-23 08:50:00,0,0.0679922623365216,0,0,FALSE
2019-05-23 08:51:00,1,0.0679922623365216,9.79088577645911,0,FALSE
2019-05-23 08:52:00,1,0.0679922623365216,1971.97958454614,0,FALSE
2019-05-23 08:53:00,0,0.0679922623365216,0,0,FALSE
2019-05-23 08:54:00,1,0.0681431885570244,172.061551106487,0,FALSE
2019-05-23 08:55:00,2,0.0681431885570235,299.830029650907,0,FALSE
2019-05-23 08:56:00,1,0.0681431885570244,391.550761448662,0,FALSE
2019-05-23 08:57:00,0,0.0681431885570244,0,0,FALSE
2019-05-23 08:58:00,1,0.0681431885570244,589.097865075476,0,FALSE
2019-05-23 08:59:00,0,0.0681431885570244,0,0,FALSE
2019-05-23 09:00:00,0,0.0681431885570244,0,0,FALSE
2019-05-23 09:01:00,0,0.0681431885570244,0,0,FALSE
2019-05-23 09:02:00,0,0.0681431885570244,0,0,FALSE
2019-05-23 09:03:00,0,0.0681431885570244,0,0,FALSE
2019-05-23 09:04:00,0,0.0681431885570244,0,0,FALSE
2019-05-23 09:05:00,0,0.0681431885570244,0,0,FALSE
2019-05-23 09:06:00,1,0.0682186516672758,7.57227033506762,0,FALSE
2019-05-23 09:07:00,0,0.0682186516672758,0,0,FALSE
2019-05-23 09:08:00,0,0.0682186516672758,0,0,FALSE
2019-05-23 09:09:00,1,0.0679922623365216,147.407224745579,0,FALSE
2019-05-23 09:10:00,1,0.0679922623365216,7.5471411193539,0,FALSE
2019-05-23 09:11:00,0,0.0679922623365216,0,0,FALSE
2019-05-23 09:12:00,0,0.0679922623365216,0,0,FALSE
2019-05-23 09:13:00,3,0.0681431885570244,99.0120529733565,0,FALSE
2019-05-23 09:14:00,1,0.0681431885570244,12.9472058258346,0,FALSE
2019-05-23 09:15:00,0,0.0681431885570244,0,0,FALSE
2019-05-23 09:16:00,0,0.0681431885570244,0,0,FALSE
2019-05-23 09:17:00,0,0.0681431885570244,0,0,FALSE
2019-05-23 09:18:00,0,0.0681431885570244,0,0,FALSE
2019-05-23 09:19:00,0,0.0681431885570244,0,0,FALSE
2019-05-23 09:20:00,1,0.0681431885570244,75.434509732626,0,FALSE
2019-05-23 09:21:00,0,0.0681431885570244,0,0,FALSE
2019-05-23 09:22:00,0,0.0681431885570244,0,0,FALSE
2019-05-23 09:23:00,0,0.0681431885570244,0,0,FALSE
2019-05-23 09:24:00,0,0.0681431885570244,0,0,FALSE
2019-05-23 09:25:00,1,0.0679922623365216,112.39120964227,0,FALSE
2019-05-23 09:26:00,1,0.0679922623365216,28.1487966073199,0,FALSE
2019-05-23 09:27:00,0,0.0679922623365216,0,0,FALSE
2019-05-23 09:28:00,0,0.0679922623365216,0,0,FALSE
2019-05-23 09:29:00,0,0.0679922623365216,0,0,FALSE
2019-05-23 09:30:00,0,0.0679922623365216,0,0,FALSE
2019-05-23 09:31:00,0,0.0679922623365216,0,0,FALSE
2019-05-23 09:32:00,0,0.0679922623365216,0,0,FALSE
2019-05-23 09:33:00,0,0.0679922623365216,0,0,FALSE
2019-05-23 09:34:00,0,0.0679922623365216,0,0,FALSE
2019-05-23 09:35:00,0,0.0679922623365216,0,0,FALSE
2019-05-23 09:36:00,0,0.0679922623365216,0,0,FALSE
2019-05-23 09:37:00,0,0.0679922623365216,0,0,FALSE
2019-05-23 09:38:00,0,0.0679922623365216,0,0,FALSE
2019-05-23 09:39:00,1,0.0679922623365216,58.3373610847355,0,FALSE
2019-05-23 09:40:00,1,0.0679922623365216,43.6510324200469,0,FALSE
2019-05-23 09:41:00,0,0.0679922623365216,0,0,FALSE
2019-05-23 09:42:00,2,0.0681054570018987,27.0985010388408,0,FALSE
2019-05-23 09:43:00,1,0.0682186516672758,388.300565290134,0,FALSE
2019-05-23 09:44:00,0,0.0682186516672758,0,0,FALSE
2019-05-23 09:45:00,0,0.0682186516672758,0,0,FALSE
2019-05-23 09:46:00,0,0.0682186516672758,0,0,FALSE
2019-05-23 09:47:00,0,0.0682186516672758,0,0,FALSE
2019-05-23 09:48:00,0,0.0682186516672758,0,0,FALSE
2019-05-23 09:49:00,0,0.0682186516672758,0,0,FALSE
2019-05-23 09:50:00,0,0.0682186516672758,0,0,FALSE
2019-05-23 09:51:00,0,0.0682186516672758,0,0,FALSE
2019-05-23 09:52:00,4,0.068275248999964,282.601348801847,3,FALSE
2019-05-23 09:53:00,0,0.068275248999964,0,0,FALSE
2019-05-23 09:54:00,0,0.068275248999964,0,0,FALSE
2019-05-23 09:55:00,2,0.0682186516672758,47.480181560424,0,FALSE
2019-05-23 09:56:00,1,0.0682186516672758,15.076322018468,0,FALSE
2019-05-23 09:57:00,1,0.0682186516672758,19.5105343768409,0,FALSE
2019-05-23 09:58:00,0,0.0682186516672758,0,0,FALSE
2019-05-23 09:59:00,0,0.0682186516672758,0,0,FALSE
2019-05-23 10:00:00,0,0.0682186516672758,0,0,FALSE
2019-05-23 10:01:00,3,0.0682186516672758,291.361861270935,0,FALSE
2019-05-23 10:02:00,0,0.0682186516672758,0,0,FALSE
2019-05-23 10:03:00,0,0.0682186516672758,0,0,FALSE
2019-05-23 10:04:00,0,0.0682186516672758,0,0,FALSE
2019-05-23 10:05:00,0,0.0682186516672758,0,0,FALSE
2019-05-23 10:06:00,0,0.0682186516672758,0,0,FALSE
2019-05-23 10:07:00,1,0.0682186516672758,9.75526718842044,0,FALSE
2019-05-23 10:08:00,0,0.0682186516672758,0,0,FALSE
2019-05-23 10:09:00,0,0.0682186516672758,0,0,FALSE
2019-05-23 10:10:00,1,0.0682186516672758,28.6518337002558,0,FALSE
2019-05-23 10:11:00,0,0.0682186516672758,0,0,FALSE
2019-05-23 10:12:00,0,0.0682186516672758,0,0,FALSE
2019-05-23 10:13:00,0,0.0682186516672758,0,0,FALSE
2019-05-23 10:14:00,1,0.0681431885570244,301.465466176276,0,FALSE
2019-05-23 10:15:00,2,0.0682186516672758,55.5299824571625,2,FALSE
2019-05-23 10:16:00,13,0.0683173341960661,1278.10760525095,0,FALSE
2019-05-23 10:17:00,1,0.0685205041082815,387.072327707682,0,FALSE
2019-05-23 10:18:00,0,0.0685205041082815,0,0,FALSE
2019-05-23 10:19:00,0,0.0685205041082815,0,0,FALSE
2019-05-23 10:20:00,2,0.0679922623365216,310.520662090894,0,FALSE
2019-05-23 10:21:00,1,0.0679922623365216,322.555292524458,0,FALSE
2019-05-23 10:22:00,0,0.0679922623365216,0,0,FALSE
2019-05-23 10:23:00,0,0.0679922623365216,0,0,FALSE
2019-05-23 10:24:00,0,0.0679922623365216,0,0,FALSE
2019-05-23 10:25:00,0,0.0679922623365216,0,0,FALSE
2019-05-23 10:26:00,0,0.0679922623365216,0,0,FALSE
2019-05-23 10:27:00,0,0.0679922623365216,0,0,FALSE
2019-05-23 10:28:00,0,0.0679922623365216,0,0,FALSE
2019-05-23 10:29:00,0,0.0679922623365216,0,0,FALSE
2019-05-23 10:30:00,1,0.068067725446773,217.68058597878,0,FALSE
2019-05-23 10:31:00,0,0.068067725446773,0,0,FALSE
2019-05-23 10:32:00,2,0.0683318463326529,360.83501168303,0,FALSE
2019-05-23 10:33:00,0,0.0683318463326529,0,0,FALSE
2019-05-23 10:34:00,0,0.0683318463326529,0,0,FALSE
2019-05-23 10:35:00,0,0.0683318463326529,0,0,FALSE
2019-05-23 10:36:00,0,0.0683318463326529,0,0,FALSE
2019-05-23 10:37:00,0,0.0683318463326529,0,0,FALSE
2019-05-23 10:38:00,0,0.0683318463326529,0,0,FALSE
2019-05-23 10:39:00,0,0.0683318463326529,0,0,FALSE
2019-05-23 10:40:00,0,0.0683318463326529,0,0,FALSE
2019-05-23 10:41:00,0,0.0683318463326529,0,0,FALSE
2019-05-23 10:42:00,0,0.0683318463326529,0,0,FALSE
2019-05-23 10:43:00,0,0.0683318463326529,0,0,FALSE
2019-05-23 10:44:00,3,0.0686714303287843,43.606358258778,0,FALSE
2019-05-23 10:45:00,0,0.0686714303287843,0,0,FALSE
2019-05-23 10:46:00,0,0.0686714303287843,0,0,FALSE
2019-05-23 10:47:00,4,0.0687846249941597,44.9892952172446,0,FALSE
2019-05-23 10:48:00,1,0.0688223565492871,24.8448707142926,0,FALSE
2019-05-23 10:49:00,0,0.0688223565492871,0,0,FALSE
2019-05-23 10:50:00,0,0.0688223565492871,0,0,FALSE
2019-05-23 10:51:00,0,0.0688223565492871,0,0,FALSE
2019-05-23 10:52:00,7,0.0687900152163222,3339.65865675176,4,FALSE
2019-05-23 10:53:00,0,0.0687900152163222,0,0,FALSE
2019-05-23 10:54:00,0,0.0687900152163222,0,0,FALSE
2019-05-23 10:55:00,1,0.0691996721005442,56.2593334177424,0,FALSE
2019-05-23 10:56:00,2,0.069350598321047,215.591314308359,2,FALSE
2019-05-23 10:57:00,0,0.069350598321047,0,0,FALSE
2019-05-23 10:58:00,0,0.069350598321047,0,0,FALSE
2019-05-23 10:59:00,0,0.069350598321047,0,0,FALSE
2019-05-23 11:00:00,0,0.069350598321047,0,0,FALSE
2019-05-23 11:01:00,5,0.0713256669405424,816.986273883597,0,FALSE
2019-05-23 11:02:00,1,0.0712636311354191,77.2497761507943,0,FALSE
2019-05-23 11:03:00,1,0.0712636311354191,77.1072488885235,0,FALSE
2019-05-23 11:04:00,4,0.0713799482700253,365.792651559312,2,FALSE
2019-05-23 11:05:00,0,0.0713799482700253,0,0,FALSE
2019-05-23 11:06:00,2,0.0714962654046316,111.820159092844,0,FALSE
2019-05-23 11:07:00,0,0.0714962654046316,0,0,FALSE
2019-05-23 11:08:00,0,0.0714962654046316,0,0,FALSE
2019-05-23 11:09:00,0,0.0714962654046316,0,0,FALSE
2019-05-23 11:10:00,0,0.0714962654046316,0,0,FALSE
2019-05-23 11:11:00,1,0.0714187206482274,7.85605927130501,0,FALSE
2019-05-23 11:12:00,0,0.0714187206482274,0,0,FALSE
2019-05-23 11:13:00,0,0.0714187206482274,0,0,FALSE
2019-05-23 11:14:00,0,0.0714187206482274,0,0,FALSE
2019-05-23 11:15:00,3,0.0714187206482274,15.069350056776,2,FALSE
2019-05-23 11:16:00,0,0.0714187206482274,0,0,FALSE
2019-05-23 11:17:00,0,0.0714187206482274,0,0,FALSE
2019-05-23 11:18:00,0,0.0714187206482274,0,0,FALSE
2019-05-23 11:19:00,0,0.0714187206482274,0,0,FALSE
2019-05-23 11:20:00,0,0.0714187206482274,0,0,FALSE
2019-05-23 11:21:00,0,0.0714187206482274,0,0,FALSE
2019-05-23 11:22:00,0,0.0714187206482274,0,0,FALSE
2019-05-23 11:23:00,0,0.0714187206482274,0,0,FALSE
2019-05-23 11:24:00,0,0.0714187206482274,0,0,FALSE
2019-05-23 11:25:00,0,0.0714187206482274,0,0,FALSE
2019-05-23 11:26:00,0,0.0714187206482274,0,0,FALSE
2019-05-23 11:27:00,0,0.0714187206482274,0,0,FALSE
2019-05-23 11:28:00,0,0.0714187206482274,0,0,FALSE
2019-05-23 11:29:00,0,0.0714187206482274,0,0,FALSE
2019-05-23 11:30:00,1,0.0711860863790149,118.097717302786,0,FALSE
2019-05-23 11:31:00,1,0.0714187206482274,38.7089465913392,0,FALSE
2019-05-23 11:32:00,0,0.0714187206482274,0,0,FALSE
2019-05-23 11:33:00,1,0.0713411758918232,14.125552826581,0,FALSE
2019-05-23 11:34:00,0,0.0713411758918232,0,0,FALSE
2019-05-23 11:35:00,0,0.0713411758918232,0,0,FALSE
2019-05-23 11:36:00,4,0.0713605620809243,315.430976878363,4,FALSE
2019-05-23 11:37:00,0,0.0713605620809243,0,0,FALSE
2019-05-23 11:38:00,0,0.0713605620809243,0,0,FALSE
2019-05-23 11:39:00,0,0.0713605620809243,0,0,FALSE
2019-05-23 11:40:00,0,0.0713605620809243,0,0,FALSE
2019-05-23 11:41:00,2,0.0713799482700253,975.401448659813,2,FALSE
2019-05-23 11:42:00,0,0.0713799482700253,0,0,FALSE
2019-05-23 11:43:00,0,0.0713799482700253,0,0,FALSE
2019-05-23 11:44:00,0,0.0713799482700253,0,0,FALSE
2019-05-23 11:45:00,9,0.0718839891866518,1790.97803641674,9,FALSE
2019-05-23 11:46:00,0,0.0718839891866518,0,0,FALSE
2019-05-23 11:47:00,0,0.0718839891866518,0,0,FALSE
2019-05-23 11:48:00,0,0.0718839891866518,0,0,FALSE
2019-05-23 11:49:00,0,0.0718839891866518,0,0,FALSE
2019-05-23 11:50:00,0,0.0718839891866518,0,0,FALSE
2019-05-23 11:51:00,0,0.0718839891866518,0,0,FALSE
2019-05-23 11:52:00,0,0.0718839891866518,0,0,FALSE
2019-05-23 11:53:00,0,0.0718839891866518,0,0,FALSE
2019-05-23 11:54:00,0,0.0718839891866518,0,0,FALSE
2019-05-23 11:55:00,0,0.0718839891866518,0,0,FALSE
2019-05-23 11:56:00,1,0.0711860863790149,19.291429408713,0,FALSE
2019-05-23 11:57:00,0,0.0711860863790149,0,0,FALSE
2019-05-23 11:58:00,1,0.0711860863790149,19.220243322334,0,FALSE
2019-05-23 11:59:00,0,0.0711860863790149,0,0,FALSE
2019-05-23 12:00:00,0,0.0711860863790149,0,0,FALSE
2019-05-23 12:01:00,0,0.0711860863790149,0,0,FALSE
2019-05-23 12:02:00,0,0.0711860863790149,0,0,FALSE
2019-05-23 12:03:00,0,0.0711860863790149,0,0,FALSE
2019-05-23 12:04:00,0,0.0711860863790149,0,0,FALSE
2019-05-23 12:05:00,1,0.0714962654046316,9.65199582962526,0,FALSE
2019-05-23 12:06:00,1,0.0712636311354191,13.611353546865,0,FALSE
2019-05-23 12:07:00,1,0.0712636311354191,11.9722900307504,0,FALSE
2019-05-23 12:08:00,0,0.0712636311354191,0,0,FALSE
2019-05-23 12:09:00,0,0.0712636311354191,0,0,FALSE
2019-05-23 12:10:00,0,0.0712636311354191,0,0,FALSE
2019-05-23 12:11:00,0,0.0712636311354191,0,0,FALSE
2019-05-23 12:12:00,0,0.0712636311354191,0,0,FALSE
2019-05-23 12:13:00,0,0.0712636311354191,0,0,FALSE
2019-05-23 12:14:00,0,0.0712636311354191,0,0,FALSE
2019-05-23 12:15:00,0,0.0712636311354191,0,0,FALSE
2019-05-23 12:16:00,0,0.0712636311354191,0,0,FALSE
2019-05-23 12:17:00,0,0.0712636311354191,0,0,FALSE
2019-05-23 12:18:00,0,0.0712636311354191,0,0,FALSE
2019-05-23 12:19:00,0,0.0712636311354191,0,0,FALSE
2019-05-23 12:20:00,0,0.0712636311354191,0,0,FALSE
2019-05-23 12:21:00,0,0.0712636311354191,0,0,FALSE
2019-05-23 12:22:00,2,0.0711085416226108,110.715999306405,0,FALSE
2019-05-23 12:23:00,0,0.0711085416226108,0,0,FALSE
2019-05-23 12:24:00,0,0.0711085416226108,0,0,FALSE
2019-05-23 12:25:00,0,0.0711085416226108,0,0,FALSE
2019-05-23 12:26:00,0,0.0711085416226108,0,0,FALSE
2019-05-23 12:27:00,0,0.0711085416226108,0,0,FALSE
2019-05-23 12:28:00,0,0.0711085416226108,0,0,FALSE
2019-05-23 12:29:00,0,0.0711085416226108,0,0,FALSE
2019-05-23 12:30:00,0,0.0711085416226108,0,0,FALSE
2019-05-23 12:31:00,0,0.0711085416226108,0,0,FALSE
2019-05-23 12:32:00,0,0.0711085416226108,0,0,FALSE
2019-05-23 12:33:00,0,0.0711085416226108,0,0,FALSE
2019-05-23 12:34:00,0,0.0711085416226108,0,0,FALSE
2019-05-23 12:35:00,0,0.0711085416226108,0,0,FALSE
2019-05-23 12:36:00,0,0.0711085416226108,0,0,FALSE
2019-05-23 12:37:00,0,0.0711085416226108,0,0,FALSE
2019-05-23 12:38:00,0,0.0711085416226108,0,0,FALSE
2019-05-23 12:39:00,0,0.0711085416226108,0,0,FALSE
2019-05-23 12:40:00,0,0.0711085416226108,0,0,FALSE
2019-05-23 12:41:00,2,0.0708759073533983,76.4042281269634,0,FALSE
2019-05-23 12:42:00,0,0.0708759073533983,0,0,FALSE
2019-05-23 12:43:00,0,0.0708759073533983,0,0,FALSE
2019-05-23 12:44:00,1,0.0711860863790149,7.83046950169164,0,FALSE
2019-05-23 12:45:00,2,0.0711860863790149,85.3521175684389,0,FALSE
2019-05-23 12:46:00,0,0.0711860863790149,0,0,FALSE
2019-05-23 12:47:00,0,0.0711860863790149,0,0,FALSE
2019-05-23 12:48:00,5,0.0707053088893045,125.221288805096,0,FALSE
2019-05-23 12:49:00,0,0.0707053088893045,0,0,FALSE
2019-05-23 12:50:00,0,0.0707053088893045,0,0,FALSE
2019-05-23 12:51:00,1,0.0707983625969942,2.54874105349179,0,FALSE
2019-05-23 12:52:00,0,0.0707983625969942,0,0,FALSE
2019-05-23 12:53:00,0,0.0707983625969942,0,0,FALSE
2019-05-23 12:54:00,0,0.0707983625969942,0,0,FALSE
2019-05-23 12:55:00,12,0.0711537760638465,2634.21894865512,6,FALSE
2019-05-23 12:56:00,0,0.0711537760638465,0,0,FALSE
2019-05-23 12:57:00,0,0.0711537760638465,0,0,FALSE
2019-05-23 12:58:00,0,0.0711537760638465,0,0,FALSE
2019-05-23 12:59:00,6,0.0706045007059838,799.246670140044,0,FALSE
2019-05-23 13:00:00,0,0.0706045007059838,0,0,FALSE
2019-05-23 13:01:00,0,0.0706045007059838,0,0,FALSE
2019-05-23 13:02:00,3,0.0707983625969942,24.9918219967389,0,FALSE
2019-05-23 13:03:00,0,0.0707983625969942,0,0,FALSE
2019-05-23 13:04:00,0,0.0707983625969942,0,0,FALSE
2019-05-23 13:05:00,0,0.0707983625969942,0,0,FALSE
2019-05-23 13:06:00,2,0.0707983625969942,57.9130606043412,0,FALSE
2019-05-23 13:07:00,0,0.0707983625969942,0,0,FALSE
2019-05-23 13:08:00,0,0.0707983625969942,0,0,FALSE
2019-05-23 13:09:00,0,0.0707983625969942,0,0,FALSE
2019-05-23 13:10:00,0,0.0707983625969942,0,0,FALSE
2019-05-23 13:11:00,1,0.0707983625969942,10.0533674887732,0,FALSE
2019-05-23 13:12:00,0,0.0707983625969942,0,0,FALSE
2019-05-23 13:13:00,0,0.0707983625969942,0,0,FALSE
2019-05-23 13:14:00,0,0.0707983625969942,0,0,FALSE
2019-05-23 13:15:00,0,0.0707983625969942,0,0,FALSE
2019-05-23 13:16:00,0,0.0707983625969942,0,0,FALSE
2019-05-23 13:17:00,0,0.0707983625969942,0,0,FALSE
2019-05-23 13:18:00,0,0.0707983625969942,0,0,FALSE
2019-05-23 13:19:00,1,0.0706432730841858,10.8084207818804,0,FALSE
2019-05-23 13:20:00,1,0.0707983625969942,7.78781988566936,0,FALSE
2019-05-23 13:21:00,4,0.0709146797316004,363.888307431538,3,FALSE
2019-05-23 13:22:00,0,0.0709146797316004,0,0,FALSE
2019-05-23 13:23:00,1,0.0707983625969942,36.319560012258,0,FALSE
2019-05-23 13:24:00,2,0.0710309968662066,131.823914633885,2,FALSE
2019-05-23 13:25:00,1,0.0711085416226108,15.5016620737291,0,FALSE
2019-05-23 13:26:00,1,0.0711085416226108,408.091920372163,0,FALSE
2019-05-23 13:27:00,0,0.0711085416226108,0,0,FALSE
2019-05-23 13:28:00,1,0.0708759073533983,118.504517094882,0,FALSE
2019-05-23 13:29:00,1,0.0709534521098025,77.4811697039043,0,FALSE
2019-05-23 13:30:00,0,0.0709534521098025,0,0,FALSE
2019-05-23 13:31:00,0,0.0709534521098025,0,0,FALSE
2019-05-23 13:32:00,1,0.0709534521098025,65.9157570100065,0,FALSE
2019-05-23 13:33:00,0,0.0709534521098025,0,0,FALSE
2019-05-23 13:34:00,0,0.0709534521098025,0,0,FALSE
2019-05-23 13:35:00,0,0.0709534521098025,0,0,FALSE
2019-05-23 13:36:00,0,0.0709534521098025,0,0,FALSE
2019-05-23 13:37:00,1,0.0709534521098025,8.37250734895669,0,FALSE
2019-05-23 13:38:00,0,0.0709534521098025,0,0,FALSE
2019-05-23 13:39:00,0,0.0709534521098025,0,0,FALSE
2019-05-23 13:40:00,0,0.0709534521098025,0,0,FALSE
2019-05-23 13:41:00,0,0.0709534521098025,0,0,FALSE
2019-05-23 13:42:00,0,0.0709534521098025,0,0,FALSE
2019-05-23 13:43:00,0,0.0709534521098025,0,0,FALSE
2019-05-23 13:44:00,0,0.0709534521098025,0,0,FALSE
2019-05-23 13:45:00,0,0.0709534521098025,0,0,FALSE
2019-05-23 13:46:00,0,0.0709534521098025,0,0,FALSE
2019-05-23 13:47:00,0,0.0709534521098025,0,0,FALSE
2019-05-23 13:48:00,4,0.0711473140008129,785.236581455748,3,FALSE
2019-05-23 13:49:00,0,0.0711473140008129,0,0,FALSE
2019-05-23 13:50:00,0,0.0711473140008129,0,0,FALSE
2019-05-23 13:51:00,1,0.0711860863790149,24.2744554552441,0,FALSE
2019-05-23 13:52:00,1,0.0711860863790149,7.90165558807066,0,FALSE
2019-05-23 13:53:00,3,0.0711860863790149,250.78858231327,0,FALSE
2019-05-23 13:54:00,0,0.0711860863790149,0,0,FALSE
2019-05-23 13:55:00,0,0.0711860863790149,0,0,FALSE
2019-05-23 13:56:00,0,0.0711860863790149,0,0,FALSE
2019-05-23 13:57:00,0,0.0711860863790149,0,0,FALSE
2019-05-23 13:58:00,0,0.0711860863790149,0,0,FALSE
2019-05-23 13:59:00,0,0.0711860863790149,0,0,FALSE
2019-05-23 14:00:00,1,0.0711860863790149,17.5117772492377,0,FALSE
2019-05-23 14:01:00,0,0.0711860863790149,0,0,FALSE
2019-05-23 14:02:00,1,0.0711860863790149,149.206037050415,0,FALSE
2019-05-23 14:03:00,12,0.0714445689003621,3430.25984102065,6,FALSE
2019-05-23 14:04:00,8,0.0712830173245201,4412.8892364249,2,FALSE
2019-05-23 14:05:00,0,0.0712830173245201,0,0,FALSE
2019-05-23 14:06:00,2,0.0714187206482274,79.2033611988842,0,FALSE
2019-05-23 14:07:00,1,0.0713411758918232,446.881125786381,0,FALSE
2019-05-23 14:08:00,0,0.0713411758918232,0,0,FALSE
2019-05-23 14:09:00,0,0.0713411758918232,0,0,FALSE
2019-05-23 14:10:00,0,0.0713411758918232,0,0,FALSE
2019-05-23 14:11:00,0,0.0713411758918232,0,0,FALSE
2019-05-23 14:12:00,0,0.0713411758918232,0,0,FALSE
2019-05-23 14:13:00,1,0.0712636311354191,15.1791534318443,0,FALSE
2019-05-23 14:14:00,2,0.0711860863790149,98.3791713757986,2,FALSE
2019-05-23 14:15:00,0,0.0711860863790149,0,0,FALSE
2019-05-23 14:16:00,5,0.0713101579892616,600.291251805247,0,FALSE
2019-05-23 14:17:00,0,0.0713101579892616,0,0,FALSE
2019-05-23 14:18:00,0,0.0713101579892616,0,0,FALSE
2019-05-23 14:19:00,0,0.0713101579892616,0,0,FALSE
2019-05-23 14:20:00,0,0.0713101579892616,0,0,FALSE
2019-05-23 14:21:00,0,0.0713101579892616,0,0,FALSE
2019-05-23 14:22:00,1,0.0714187206482274,41.2086018140272,0,FALSE
2019-05-23 14:23:00,0,0.0714187206482274,0,0,FALSE
2019-05-23 14:24:00,0,0.0714187206482274,0,0,FALSE
2019-05-23 14:25:00,0,0.0714187206482274,0,0,FALSE
2019-05-23 14:26:00,0,0.0714187206482274,0,0,FALSE
2019-05-23 14:27:00,0,0.0714187206482274,0,0,FALSE
2019-05-23 14:28:00,0,0.0714187206482274,0,0,FALSE
2019-05-23 14:29:00,0,0.0714187206482274,0,0,FALSE
2019-05-23 14:30:00,0,0.0714187206482274,0,0,FALSE
2019-05-23 14:31:00,2,0.0712636311354191,66.2751769559397,0,FALSE
2019-05-23 14:32:00,1,0.0712636311354191,13.4688262845942,0,FALSE
2019-05-23 14:33:00,0,0.0712636311354191,0,0,FALSE
2019-05-23 14:34:00,0,0.0712636311354191,0,0,FALSE
2019-05-23 14:35:00,0,0.0712636311354191,0,0,FALSE
2019-05-23 14:36:00,0,0.0712636311354191,0,0,FALSE
2019-05-23 14:37:00,1,0.0715738101610357,468.307439883657,0,FALSE
2019-05-23 14:38:00,0,0.0715738101610357,0,0,FALSE
2019-05-23 14:39:00,7,0.0719061448313392,2575.41769041092,5,FALSE
2019-05-23 14:40:00,1,0.0715738101610357,7.87311911771393,0,FALSE
2019-05-23 14:41:00,0,0.0715738101610357,0,0,FALSE
2019-05-23 14:42:00,1,0.0718064444302479,232.006621954131,0,FALSE
2019-05-23 14:43:00,0,0.0718064444302479,0,0,FALSE
2019-05-23 14:44:00,0,0.0718064444302479,0,0,FALSE
2019-05-23 14:45:00,0,0.0718064444302479,0,0,FALSE
2019-05-23 14:46:00,0,0.0718064444302479,0,0,FALSE
2019-05-23 14:47:00,0,0.0718064444302479,0,0,FALSE
2019-05-23 14:48:00,0,0.0718064444302479,0,0,FALSE
2019-05-23 14:49:00,0,0.0718064444302479,0,0,FALSE
2019-05-23 14:50:00,0,0.0718064444302479,0,0,FALSE
2019-05-23 14:51:00,0,0.0718064444302479,0,0,FALSE
2019-05-23 14:52:00,0,0.0718064444302479,0,0,FALSE
2019-05-23 14:53:00,0,0.0718064444302479,0,0,FALSE
2019-05-23 14:54:00,1,0.0714187206482274,111.270366769938,0,FALSE
2019-05-23 14:55:00,0,0.0714187206482274,0,0,FALSE
2019-05-23 14:56:00,0,0.0714187206482274,0,0,FALSE
2019-05-23 14:57:00,0,0.0714187206482274,0,0,FALSE
2019-05-23 14:58:00,0,0.0714187206482274,0,0,FALSE
2019-05-23 14:59:00,0,0.0714187206482274,0,0,FALSE
2019-05-23 15:00:00,0,0.0714187206482274,0,0,FALSE
2019-05-23 15:01:00,1,0.0716513549174399,23.286690348168,0,FALSE
2019-05-23 15:02:00,0,0.0716513549174399,0,0,FALSE
2019-05-23 15:03:00,0,0.0716513549174399,0,0,FALSE
2019-05-23 15:04:00,0,0.0716513549174399,0,0,FALSE
2019-05-23 15:05:00,1,0.0716513549174333,8.52651123517457,0,FALSE
2019-05-23 15:06:00,0,0.0716513549174333,0,0,FALSE
2019-05-23 15:07:00,1,0.0716513549174399,38.8350343652524,0,FALSE
2019-05-23 15:08:00,0,0.0716513549174399,0,0,FALSE
2019-05-23 15:09:00,0,0.0716513549174399,0,0,FALSE
2019-05-23 15:10:00,0,0.0716513549174399,0,0,FALSE
2019-05-23 15:11:00,0,0.0716513549174399,0,0,FALSE
2019-05-23 15:12:00,0,0.0716513549174399,0,0,FALSE
2019-05-23 15:13:00,0,0.0716513549174399,0,0,FALSE
2019-05-23 15:14:00,0,0.0716513549174399,0,0,FALSE
2019-05-23 15:15:00,0,0.0716513549174399,0,0,FALSE
2019-05-23 15:16:00,0,0.0716513549174399,0,0,FALSE
2019-05-23 15:17:00,0,0.0716513549174399,0,0,FALSE
2019-05-23 15:18:00,0,0.0716513549174399,0,0,FALSE
2019-05-23 15:19:00,0,0.0716513549174399,0,0,FALSE
2019-05-23 15:20:00,0,0.0716513549174399,0,0,FALSE
2019-05-23 15:21:00,0,0.0716513549174399,0,0,FALSE
2019-05-23 15:22:00,0,0.0716513549174399,0,0,FALSE
2019-05-23 15:23:00,0,0.0716513549174399,0,0,FALSE
2019-05-23 15:24:00,0,0.0716513549174399,0,0,FALSE
2019-05-23 15:25:00,0,0.0716513549174399,0,0,FALSE
2019-05-23 15:26:00,1,0.0714187206482274,445.010048359105,0,FALSE
2019-05-23 15:27:00,1,0.0714962654046316,15.514689592805,0,FALSE
2019-05-23 15:28:00,0,0.0714962654046316,0,0,FALSE
2019-05-23 15:29:00,2,0.0714962654046314,462.080363310133,0,FALSE
2019-05-23 15:30:00,0,0.0714962654046314,0,0,FALSE
2019-05-23 15:31:00,0,0.0714962654046314,0,0,FALSE
2019-05-23 15:32:00,0,0.0714962654046314,0,0,FALSE
2019-05-23 15:33:00,2,0.0714962654046314,303.358654111851,0,FALSE
2019-05-23 15:34:00,0,0.0714962654046314,0,0,FALSE
2019-05-23 15:35:00,0,0.0714962654046314,0,0,FALSE
2019-05-23 15:36:00,0,0.0714962654046314,0,0,FALSE
2019-05-23 15:37:00,0,0.0714962654046314,0,0,FALSE
2019-05-23 15:38:00,0,0.0714962654046314,0,0,FALSE
2019-05-23 15:39:00,0,0.0714962654046314,0,0,FALSE
2019-05-23 15:40:00,0,0.0714962654046314,0,0,FALSE
2019-05-23 15:41:00,2,0.0709440025995587,177.714726511894,0,FALSE
2019-05-23 15:42:00,1,0.0710213679240947,11.5764829716274,0,FALSE
2019-05-23 15:43:00,0,0.0710213679240947,0,0,FALSE
2019-05-23 15:44:00,0,0.0710213679240947,0,0,FALSE
2019-05-23 15:45:00,0,0.0710213679240947,0,0,FALSE
2019-05-23 15:46:00,0,0.0710213679240947,0,0,FALSE
2019-05-23 15:47:00,0,0.0710213679240947,0,0,FALSE
2019-05-23 15:48:00,0,0.0710213679240947,0,0,FALSE
2019-05-23 15:49:00,0,0.0710213679240947,0,0,FALSE
2019-05-23 15:50:00,0,0.0710213679240947,0,0,FALSE
2019-05-23 15:51:00,0,0.0710213679240947,0,0,FALSE
2019-05-23 15:52:00,0,0.0710213679240947,0,0,FALSE
2019-05-23 15:53:00,0,0.0710213679240947,0,0,FALSE
2019-05-23 15:54:00,0,0.0710213679240947,0,0,FALSE
2019-05-23 15:55:00,0,0.0710213679240947,0,0,FALSE
2019-05-23 15:56:00,0,0.0710213679240947,0,0,FALSE
2019-05-23 15:57:00,2,0.0707119066259505,43.0635511352039,0,FALSE
2019-05-23 15:58:00,2,0.0707892719504866,3684.0861574845,0,FALSE
2019-05-23 15:59:00,1,0.0709440025995587,9.29366434054219,0,FALSE
2019-05-23 16:00:00,0,0.0709440025995587,0,0,FALSE
2019-05-23 16:01:00,0,0.0709440025995587,0,0,FALSE
2019-05-23 16:02:00,1,0.0707892719504866,47.4996014787765,0,FALSE
2019-05-23 16:03:00,0,0.0707892719504866,0,0,FALSE
2019-05-23 16:04:00,0,0.0707892719504866,0,0,FALSE
2019-05-23 16:05:00,1,0.0707892719504866,11.6094405998798,0,FALSE
2019-05-23 16:06:00,0,0.0707892719504866,0,0,FALSE
2019-05-23 16:07:00,0,0.0707892719504866,0,0,FALSE
2019-05-23 16:08:00,0,0.0707892719504866,0,0,FALSE
2019-05-23 16:09:00,2,0.0707892719504866,23.3604597436606,2,FALSE
2019-05-23 16:10:00,0,0.0707892719504866,0,0,FALSE
2019-05-23 16:11:00,0,0.0707892719504866,0,0,FALSE
2019-05-23 16:12:00,0,0.0707892719504866,0,0,FALSE
2019-05-23 16:13:00,0,0.0707892719504866,0,0,FALSE
2019-05-23 16:14:00,0,0.0707892719504866,0,0,FALSE
2019-05-23 16:15:00,0,0.0707892719504866,0,0,FALSE
2019-05-23 16:16:00,2,0.0707892719504866,47.1456551190241,0,FALSE
2019-05-23 16:17:00,1,0.0707892719504866,49.4109118214396,0,FALSE
2019-05-23 16:18:00,1,0.0707892719504866,173.646084094544,0,FALSE
2019-05-23 16:19:00,1,0.0708666372750226,38.6931839521624,0,FALSE
2019-05-23 16:20:00,0,0.0708666372750226,0,0,FALSE
2019-05-23 16:21:00,0,0.0708666372750226,0,0,FALSE
2019-05-23 16:22:00,0,0.0708666372750226,0,0,FALSE
2019-05-23 16:23:00,0,0.0708666372750226,0,0,FALSE
2019-05-23 16:24:00,0,0.0708666372750226,0,0,FALSE
2019-05-23 16:25:00,1,0.0709440025995587,7.80384028595145,0,FALSE
2019-05-23 16:26:00,0,0.0709440025995587,0,0,FALSE
2019-05-23 16:27:00,4,0.0708279546127546,536.250397315806,0,FALSE
2019-05-23 16:28:00,1,0.0709440025995587,24.5466248994473,0,FALSE
2019-05-23 16:29:00,0,0.0709440025995587,0,0,FALSE
2019-05-23 16:30:00,0,0.0709440025995587,0,0,FALSE
2019-05-23 16:31:00,0,0.0709440025995587,0,0,FALSE
2019-05-23 16:32:00,0,0.0709440025995587,0,0,FALSE
2019-05-23 16:33:00,0,0.0709440025995587,0,0,FALSE
2019-05-23 16:34:00,0,0.0709440025995587,0,0,FALSE
2019-05-23 16:35:00,0,0.0709440025995587,0,0,FALSE
2019-05-23 16:36:00,0,0.0709440025995587,0,0,FALSE
2019-05-23 16:37:00,1,0.0707119066259505,15.4151956444572,0,FALSE
2019-05-23 16:38:00,1,0.0707119066259505,24.1127601594491,0,FALSE
2019-05-23 16:39:00,1,0.0707119066259505,116.108950679811,0,FALSE
2019-05-23 16:40:00,0,0.0707119066259505,0,0,FALSE
2019-05-23 16:41:00,3,0.0707119066259505,125.72576998094,0,FALSE
2019-05-23 16:42:00,0,0.0707119066259505,0,0,FALSE
2019-05-23 16:43:00,1,0.0709440025995587,35.4720012997793,0,FALSE
2019-05-23 16:44:00,2,0.0708666372750226,87.3785637601029,0,FALSE
2019-05-23 16:45:00,1,0.0708666372750226,48.6145131706655,0,FALSE
2019-05-23 16:46:00,0,0.0708666372750226,0,0,FALSE
2019-05-23 16:47:00,0,0.0708666372750226,0,0,FALSE
2019-05-23 16:48:00,0,0.0708666372750226,0,0,FALSE
2019-05-23 16:49:00,0,0.0708666372750226,0,0,FALSE
2019-05-23 16:50:00,0,0.0708666372750226,0,0,FALSE
2019-05-23 16:51:00,1,0.0708666372750226,26.6458556154085,0,FALSE
2019-05-23 16:52:00,1,0.0708666372750226,54.2838441526673,0,FALSE
2019-05-23 16:53:00,0,0.0708666372750226,0,0,FALSE
2019-05-23 16:54:00,0,0.0708666372750226,0,0,FALSE
2019-05-23 16:55:00,0,0.0708666372750226,0,0,FALSE
2019-05-23 16:56:00,1,0.0708666372750226,70.8666372750226,0,FALSE
2019-05-23 16:57:00,0,0.0708666372750226,0,0,FALSE
2019-05-23 16:58:00,0,0.0708666372750226,0,0,FALSE
2019-05-23 16:59:00,0,0.0708666372750226,0,0,FALSE
2019-05-23 17:00:00,16,0.0715097365352281,3350.48447975998,15,FALSE
2019-05-23 17:01:00,122,0.0741698829759099,21400.0375835206,87,TRUE
2019-05-23 17:02:00,73,0.0758635894008783,17085.693571858,48,FALSE
2019-05-23 17:03:00,36,0.0757170133160739,9332.83347597089,21,FALSE
2019-05-23 17:04:00,9,0.0753882106867947,616.127000286295,4,FALSE
2019-05-23 17:05:00,17,0.074712148994608,606.505771161665,0,FALSE
2019-05-23 17:06:00,8,0.0743190648824434,2243.23396649846,5,FALSE
2019-05-23 17:07:00,9,0.0738924810790993,470.448790472834,0,FALSE
2019-05-23 17:08:00,12,0.0731360201280798,3334.7447365791,0,FALSE
2019-05-23 17:09:00,9,0.0728437511242768,811.825683313218,2,FALSE
2019-05-23 17:10:00,107,0.0748845728679833,12352.129147748,91,FALSE
2019-05-23 17:11:00,22,0.075543722803792,3133.32094217118,12,FALSE
2019-05-23 17:12:00,19,0.0765631682763876,2031.67485038438,14,FALSE
2019-05-23 17:13:00,3,0.0762564215510342,142.832326350404,0,FALSE
2019-05-23 17:14:00,7,0.0761827402895708,974.920916543508,5,FALSE
2019-05-23 17:15:00,5,0.0759263294996802,480.195041961911,2,FALSE
2019-05-23 17:16:00,2,0.0757019700585202,14.5326893874737,2,FALSE
2019-05-23 17:17:00,4,0.0756052634028558,619.48411381389,2,FALSE
2019-05-23 17:18:00,6,0.0757406527207936,2827.24708476179,2,FALSE
2019-05-23 17:19:00,0,0.0757406527207936,0,0,FALSE
2019-05-23 17:20:00,0,0.0757406527207936,0,0,FALSE
2019-05-23 17:21:00,2,0.0749283168131653,53.5132081549637,0,FALSE
2019-05-23 17:22:00,8,0.0753538260981134,645.977327643988,6,FALSE
2019-05-23 17:23:00,1,0.0750443647999694,11.5568321791953,0,FALSE
2019-05-23 17:24:00,0,0.0750443647999694,0,0,FALSE
2019-05-23 17:25:00,0,0.0750443647999694,0,0,FALSE
2019-05-23 17:26:00,0,0.0750443647999694,0,0,FALSE
2019-05-23 17:27:00,0,0.0750443647999694,0,0,FALSE
2019-05-23 17:28:00,0,0.0750443647999694,0,0,FALSE
2019-05-23 17:29:00,1,0.0735744236337844,44.7332495693409,0,FALSE
2019-05-23 17:30:00,0,0.0735744236337844,0,0,FALSE
2019-05-23 17:31:00,15,0.0740231425160932,3267.87827340921,11,FALSE
2019-05-23 17:32:00,2,0.0744641248659485,91.7282744014925,2,FALSE
2019-05-23 17:33:00,0,0.0744641248659485,0,0,FALSE
2019-05-23 17:34:00,1,0.0744254422036765,13.0244523856434,0,FALSE
2019-05-23 17:35:00,2,0.0744641248659484,367.907009930286,2,FALSE
2019-05-23 17:36:00,0,0.0744641248659484,0,0,FALSE
2019-05-23 17:37:00,0,0.0744641248659484,0,0,FALSE
2019-05-23 17:38:00,0,0.0744641248659484,0,0,FALSE
2019-05-23 17:39:00,0,0.0744641248659484,0,0,FALSE
2019-05-23 17:40:00,2,0.0740386155810007,120.60890478145,0,FALSE
2019-05-23 17:41:00,0,0.0740386155810007,0,0,FALSE
2019-05-23 17:42:00,0,0.0740386155810007,0,0,FALSE
2019-05-23 17:43:00,0,0.0740386155810007,0,0,FALSE
2019-05-23 17:44:00,0,0.0740386155810007,0,0,FALSE
2019-05-23 17:45:00,0,0.0740386155810007,0,0,FALSE
2019-05-23 17:46:00,2,0.0742320288923408,2032.84368570747,2,FALSE
2019-05-23 17:47:00,0,0.0742320288923408,0,0,FALSE
2019-05-23 17:48:00,0,0.0742320288923408,0,0,FALSE
2019-05-23 17:49:00,1,0.0742707115546089,88.0850639037661,0,FALSE
2019-05-23 17:50:00,1,0.0742707115546084,113.857000813215,0,FALSE
2019-05-23 17:51:00,1,0.0742707115546089,15.4483080033586,0,FALSE
2019-05-23 17:52:00,0,0.0742707115546089,0,0,FALSE
2019-05-23 17:53:00,0,0.0742707115546089,0,0,FALSE
2019-05-23 17:54:00,0,0.0742707115546089,0,0,FALSE
2019-05-23 17:55:00,0,0.0742707115546089,0,0,FALSE
2019-05-23 17:56:00,5,0.0743480768791445,219.847263331631,0,FALSE
2019-05-23 17:57:00,0,0.0743480768791445,0,0,FALSE
2019-05-23 17:58:00,0,0.0743480768791445,0,0,FALSE
2019-05-23 17:59:00,0,0.0743480768791445,0,0,FALSE
2019-05-23 18:00:00,0,0.0743480768791445,0,0,FALSE
2019-05-23 18:01:00,13,0.0749848530118645,1044.83696607596,12,FALSE
2019-05-23 18:02:00,4,0.0751604127867735,89.0958418688296,3,FALSE
2019-05-23 18:03:00,1,0.0749669994754333,15.5181688914147,0,FALSE
2019-05-23 18:04:00,1,0.0749669994754333,12.5944559118728,0,FALSE
2019-05-23 18:05:00,0,0.0749669994754333,0,0,FALSE
2019-05-23 18:06:00,13,0.0754133378862175,2850.61226379025,11,FALSE
2019-05-23 18:07:00,4,0.0754118500915156,469.27631897949,2,FALSE
2019-05-23 18:08:00,3,0.0754827683056736,428.059246044987,2,FALSE
2019-05-23 18:09:00,2,0.0755085567471857,162.494414119944,0,FALSE
2019-05-23 18:10:00,1,0.0753538260981136,30.8950687002266,0,FALSE
2019-05-23 18:11:00,2,0.0754311914226496,57.7259821719253,0,FALSE
2019-05-23 18:12:00,2,0.0755085567471857,249.857814276437,0,FALSE
2019-05-23 18:13:00,1,0.0748896341508973,62.2332859793956,0,FALSE
2019-05-23 18:14:00,1,0.0746575381772891,116.092471865685,0,FALSE
2019-05-23 18:15:00,0,0.0746575381772891,0,0,FALSE
2019-05-23 18:16:00,1,0.0746575381772891,225.167135142704,0,FALSE
2019-05-23 18:17:00,0,0.0746575381772891,0,0,FALSE
2019-05-23 18:18:00,3,0.0747349035018252,25.3351322871187,2,FALSE
2019-05-23 18:19:00,26,0.0758388471711664,4008.29351858125,26,FALSE
2019-05-23 18:20:00,2,0.0758953833698653,182.091901843494,0,FALSE
2019-05-23 18:21:00,10,0.0766922462125869,2958.83675951594,9,FALSE
2019-05-23 18:22:00,1,0.0761274793434741,15.4538783067252,0,FALSE
2019-05-23 18:23:00,1,0.0761274793434741,8.5262776864691,0,FALSE
2019-05-23 18:24:00,0,0.0761274793434741,0,0,FALSE
2019-05-23 18:25:00,0,0.0761274793434741,0,0,FALSE
2019-05-23 18:26:00,0,0.0761274793434741,0,0,FALSE
2019-05-23 18:27:00,0,0.0761274793434741,0,0,FALSE
2019-05-23 18:28:00,1,0.075972748694402,19.3730509170725,0,FALSE
2019-05-23 18:29:00,3,0.0760501140189377,248.116630282428,2,FALSE
2019-05-23 18:30:00,0,0.0760501140189377,0,0,FALSE
2019-05-23 18:31:00,0,0.0760501140189377,0,0,FALSE
2019-05-23 18:32:00,1,0.076050114018938,8.51761277012106,0,FALSE
2019-05-23 18:33:00,1,0.075972748694402,296.445665405557,0,FALSE
2019-05-23 18:34:00,1,0.0759727486944012,75.364966704846,0,FALSE
2019-05-23 18:35:00,0,0.0759727486944012,0,0,FALSE
2019-05-23 18:36:00,0,0.0759727486944012,0,0,FALSE
2019-05-23 18:37:00,1,0.0761274793434741,7.84113037237783,0,FALSE
2019-05-23 18:38:00,0,0.0761274793434741,0,0,FALSE
2019-05-23 18:39:00,0,0.0761274793434741,0,0,FALSE
2019-05-23 18:40:00,1,0.0762048446680101,8.9921716708252,0,FALSE
2019-05-23 18:41:00,16,0.0767077192774944,8358.54912131767,12,FALSE
2019-05-23 18:42:00,10,0.0767928211344841,1993.90347427406,6,FALSE
2019-05-23 18:43:00,5,0.0768392403292057,1133.97969133146,3,FALSE
2019-05-23 18:44:00,4,0.0768431085954326,89.3227543656939,0,FALSE
2019-05-23 18:45:00,4,0.0769784979133704,145.48936105627,0,FALSE
2019-05-23 18:46:00,1,0.0770558632379067,15.3341167843434,0,FALSE
2019-05-23 18:47:00,1,0.0770558632379015,11.4813236224473,0,FALSE
2019-05-23 18:48:00,1,0.0770558632379067,2.23462003389929,0,FALSE
2019-05-23 18:49:00,5,0.076730928874855,453.489692411934,4,FALSE
2019-05-23 18:50:00,1,0.0766690366152264,23.2307180944136,0,FALSE
2019-05-23 18:51:00,0,0.0766690366152264,0,0,FALSE
2019-05-23 18:52:00,0,0.0766690366152264,0,0,FALSE
2019-05-23 18:53:00,0,0.0766690366152264,0,0,FALSE
2019-05-23 18:54:00,0,0.0766690366152264,0,0,FALSE
2019-05-23 18:55:00,0,0.0766690366152264,0,0,FALSE
2019-05-23 18:56:00,0,0.0766690366152264,0,0,FALSE
2019-05-23 18:57:00,1,0.0764369406416183,7.87300488608668,0,FALSE
2019-05-23 18:58:00,0,0.0764369406416183,0,0,FALSE
2019-05-23 18:59:00,0,0.0764369406416183,0,0,FALSE
2019-05-23 19:00:00,1,0.0763595753170822,129.505839737771,0,FALSE
2019-05-23 19:01:00,0,0.0763595753170822,0,0,FALSE
2019-05-23 19:02:00,1,0.0762822099925462,8.31476088918754,0,FALSE
2019-05-23 19:03:00,0,0.0762822099925462,0,0,FALSE
2019-05-23 19:04:00,0,0.0762822099925462,0,0,FALSE
2019-05-23 19:05:00,0,0.0762822099925462,0,0,FALSE
2019-05-23 19:06:00,4,0.0762435273302782,385.299663269886,4,FALSE
2019-05-23 19:07:00,2,0.0763208926548142,7010.42638939795,2,FALSE
2019-05-23 19:08:00,2,0.0763595753170822,983.205891782751,0,FALSE
2019-05-23 19:09:00,6,0.0757406527207937,396.065125544402,4,FALSE
2019-05-23 19:10:00,0,0.0757406527207937,0,0,FALSE
2019-05-23 19:11:00,0,0.0757406527207937,0,0,FALSE
2019-05-23 19:12:00,0,0.0757406527207937,0,0,FALSE
2019-05-23 19:13:00,0,0.0757406527207937,0,0,FALSE
2019-05-23 19:14:00,0,0.0757406527207937,0,0,FALSE
2019-05-23 19:15:00,0,0.0757406527207937,0,0,FALSE
2019-05-23 19:16:00,1,0.0754311914226496,30.9267884832864,0,FALSE
2019-05-23 19:17:00,2,0.0751990954490415,37.8251450108679,0,FALSE
2019-05-23 19:18:00,2,0.0754311914226496,18.5560730899718,2,FALSE
2019-05-23 19:19:00,0,0.0754311914226496,0,0,FALSE
2019-05-23 19:20:00,0,0.0754311914226496,0,0,FALSE
2019-05-23 19:21:00,0,0.0754311914226496,0,0,FALSE
2019-05-23 19:22:00,1,0.0751990954490415,23.2365204937538,0,FALSE
2019-05-23 19:23:00,1,0.0751990954490415,60.8360682182746,0,FALSE
2019-05-23 19:24:00,0,0.0751990954490415,0,0,FALSE
2019-05-23 19:25:00,0,0.0751990954490415,0,0,FALSE
2019-05-23 19:26:00,0,0.0751990954490415,0,0,FALSE
2019-05-23 19:27:00,1,0.0751990954490415,26.1692852162664,0,FALSE
2019-05-23 19:28:00,2,0.0750830474622374,59.6386077251056,0,FALSE
2019-05-23 19:29:00,0,0.0750830474622374,0,0,FALSE
2019-05-23 19:30:00,0,0.0750830474622374,0,0,FALSE
2019-05-23 19:31:00,0,0.0750830474622374,0,0,FALSE
2019-05-23 19:32:00,1,0.0749669994754333,37.4834997377167,0,FALSE
2019-05-23 19:33:00,0,0.0749669994754333,0,0,FALSE
2019-05-23 19:34:00,2,0.0749669994754333,303.991182872882,0,FALSE
2019-05-23 19:35:00,0,0.0749669994754333,0,0,FALSE
2019-05-23 19:36:00,0,0.0749669994754333,0,0,FALSE
2019-05-23 19:37:00,0,0.0749669994754333,0,0,FALSE
2019-05-23 19:38:00,0,0.0749669994754333,0,0,FALSE
2019-05-23 19:39:00,1,0.0748896341508973,8.91186646395678,0,FALSE
2019-05-23 19:40:00,0,0.0748896341508973,0,0,FALSE
2019-05-23 19:41:00,2,0.0750443647999694,69.8393031305084,2,FALSE
2019-05-23 19:42:00,0,0.0750443647999694,0,0,FALSE
2019-05-23 19:43:00,0,0.0750443647999694,0,0,FALSE
2019-05-23 19:44:00,0,0.0750443647999694,0,0,FALSE
2019-05-23 19:45:00,1,0.0748122688263612,19.5260021636803,0,FALSE
2019-05-23 19:46:00,0,0.0748122688263612,0,0,FALSE
2019-05-23 19:47:00,0,0.0748122688263612,0,0,FALSE
2019-05-23 19:48:00,0,0.0748122688263612,0,0,FALSE
2019-05-23 19:49:00,1,0.0748896341508973,7.86341158584421,0,FALSE
2019-05-23 19:50:00,1,0.074425442203681,8.18679864240491,0,FALSE
2019-05-23 19:51:00,1,0.074425442203681,177.132552444761,0,FALSE
2019-05-23 19:52:00,0,0.074425442203681,0,0,FALSE
2019-05-23 19:53:00,0,0.074425442203681,0,0,FALSE
2019-05-23 19:54:00,4,0.0741159809055368,189.218099251835,0,FALSE
2019-05-23 19:55:00,0,0.0741159809055368,0,0,FALSE
2019-05-23 19:56:00,1,0.0740386155810007,31.4664116219253,0,FALSE
2019-05-23 19:57:00,6,0.0742707115546089,764.303568525003,4,FALSE
2019-05-23 19:58:00,0,0.0742707115546089,0,0,FALSE
2019-05-23 19:59:00,0,0.0742707115546089,0,0,FALSE
2019-05-23 20:00:00,0,0.0742707115546089,0,0,FALSE
2019-05-23 20:01:00,1,0.0743480768791449,32.6388057499446,0,FALSE
2019-05-23 20:02:00,0,0.0743480768791449,0,0,FALSE
2019-05-23 20:03:00,0,0.0743480768791449,0,0,FALSE
2019-05-23 20:04:00,0,0.0743480768791449,0,0,FALSE
2019-05-23 20:05:00,0,0.0743480768791449,0,0,FALSE
2019-05-23 20:06:00,3,0.0743480768791436,252.486069081575,0,FALSE
2019-05-23 20:07:00,0,0.0743480768791436,0,0,FALSE
2019-05-23 20:08:00,0,0.0743480768791436,0,0,FALSE
2019-05-23 20:09:00,1,0.0745028075282096,7.7482919829338,0,FALSE
2019-05-23 20:10:00,0,0.0745028075282096,0,0,FALSE
2019-05-23 20:11:00,0,0.0745028075282096,0,0,FALSE
2019-05-23 20:12:00,0,0.0745028075282096,0,0,FALSE
2019-05-23 20:13:00,0,0.0745028075282096,0,0,FALSE
2019-05-23 20:14:00,0,0.0745028075282096,0,0,FALSE
2019-05-23 20:15:00,0,0.0745028075282096,0,0,FALSE
2019-05-23 20:16:00,2,0.075348202483232,70.135129875708,2,FALSE
2019-05-23 20:17:00,2,0.0752301635237282,34.8315657114862,0,FALSE
2019-05-23 20:18:00,2,0.0752301635237282,15.7983343399829,2,FALSE
2019-05-23 20:19:00,1,0.0752301635237282,24.8259539628303,0,FALSE
2019-05-23 20:20:00,0,0.0752301635237282,0,0,FALSE
2019-05-23 20:21:00,1,0.0752301635237282,10.7579133838931,0,FALSE
2019-05-23 20:22:00,0,0.0752301635237282,0,0,FALSE
2019-05-23 20:23:00,0,0.0752301635237282,0,0,FALSE
2019-05-23 20:24:00,0,0.0752301635237282,0,0,FALSE
2019-05-23 20:25:00,1,0.0752301635237282,10.7579133838931,0,FALSE
2019-05-23 20:26:00,0,0.0752301635237282,0,0,FALSE
2019-05-23 20:27:00,0,0.0752301635237282,0,0,FALSE
2019-05-23 20:28:00,0,0.0752301635237282,0,0,FALSE
2019-05-23 20:29:00,0,0.0752301635237282,0,0,FALSE
2019-05-23 20:30:00,0,0.0752301635237282,0,0,FALSE
2019-05-23 20:31:00,0,0.0752301635237282,0,0,FALSE
2019-05-23 20:32:00,0,0.0752301635237282,0,0,FALSE
2019-05-23 20:33:00,0,0.0752301635237282,0,0,FALSE
2019-05-23 20:34:00,0,0.0752301635237282,0,0,FALSE
2019-05-23 20:35:00,0,0.0752301635237282,0,0,FALSE
2019-05-23 20:36:00,0,0.0752301635237282,0,0,FALSE
2019-05-23 20:37:00,0,0.0752301635237282,0,0,FALSE
2019-05-23 20:38:00,0,0.0752301635237282,0,0,FALSE
2019-05-23 20:39:00,2,0.0751514708840591,48.4726987202181,0,FALSE
2019-05-23 20:40:00,0,0.0751514708840591,0,0,FALSE
2019-05-23 20:41:00,0,0.0751514708840591,0,0,FALSE
2019-05-23 20:42:00,0,0.0751514708840591,0,0,FALSE
2019-05-23 20:43:00,0,0.0751514708840591,0,0,FALSE
2019-05-23 20:44:00,0,0.0751514708840591,0,0,FALSE
2019-05-23 20:45:00,0,0.0751514708840591,0,0,FALSE
2019-05-23 20:46:00,0,0.0751514708840591,0,0,FALSE
2019-05-23 20:47:00,1,0.0753088561633974,2.71111882188231,0,FALSE
2019-05-23 20:48:00,0,0.0753088561633974,0,0,FALSE
2019-05-23 20:49:00,0,0.0753088561633974,0,0,FALSE
2019-05-23 20:50:00,0,0.0753088561633974,0,0,FALSE
2019-05-23 20:51:00,2,0.0753088561633974,159.052304217095,0,FALSE
2019-05-23 20:52:00,0,0.0753088561633974,0,0,FALSE
2019-05-23 20:53:00,1,0.0755449340824049,8.68766741947657,0,FALSE
2019-05-23 20:54:00,0,0.0755449340824049,0,0,FALSE
2019-05-23 20:55:00,0,0.0755449340824049,0,0,FALSE
2019-05-23 20:56:00,0,0.0755449340824049,0,0,FALSE
2019-05-23 20:57:00,1,0.0755449340824049,18.0552392456948,0,FALSE
2019-05-23 20:58:00,2,0.0757810120014121,100.409840901871,0,FALSE
2019-05-23 20:59:00,0,0.0757810120014121,0,0,FALSE
2019-05-23 21:00:00,0,0.0757810120014121,0,0,FALSE
2019-05-23 21:01:00,0,0.0757810120014121,0,0,FALSE
2019-05-23 21:02:00,0,0.0757810120014121,0,0,FALSE
2019-05-23 21:03:00,0,0.0757810120014121,0,0,FALSE
2019-05-23 21:04:00,1,0.0756236267220726,39.7024040290881,0,FALSE
2019-05-23 21:05:00,0,0.0756236267220726,0,0,FALSE
2019-05-23 21:06:00,1,0.0756236267220678,9.45295334025848,0,FALSE
2019-05-23 21:07:00,0,0.0756236267220678,0,0,FALSE
2019-05-23 21:08:00,0,0.0756236267220678,0,0,FALSE
2019-05-23 21:09:00,0,0.0756236267220678,0,0,FALSE
2019-05-23 21:10:00,0,0.0756236267220678,0,0,FALSE
2019-05-23 21:11:00,0,0.0756236267220678,0,0,FALSE
2019-05-23 21:12:00,0,0.0756236267220678,0,0,FALSE
2019-05-23 21:13:00,0,0.0756236267220678,0,0,FALSE
2019-05-23 21:14:00,0,0.0756236267220678,0,0,FALSE
2019-05-23 21:15:00,0,0.0756236267220678,0,0,FALSE
2019-05-23 21:16:00,0,0.0756236267220678,0,0,FALSE
2019-05-23 21:17:00,0,0.0756236267220678,0,0,FALSE
2019-05-23 21:18:00,0,0.0756236267220678,0,0,FALSE
2019-05-23 21:19:00,0,0.0756236267220678,0,0,FALSE
2019-05-23 21:20:00,0,0.0756236267220678,0,0,FALSE
2019-05-23 21:21:00,0,0.0756236267220678,0,0,FALSE
2019-05-23 21:22:00,0,0.0756236267220678,0,0,FALSE
2019-05-23 21:23:00,1,0.0754662414427358,19.696689016554,0,FALSE
2019-05-23 21:24:00,1,0.0754662414427358,19.3193578093404,0,FALSE
2019-05-23 21:25:00,0,0.0754662414427358,0,0,FALSE
2019-05-23 21:26:00,2,0.075348202483232,248.273546918164,2,FALSE
2019-05-23 21:27:00,3,0.0753875488030665,657.077875367527,0,FALSE
2019-05-23 21:28:00,0,0.0753875488030665,0,0,FALSE
2019-05-23 21:29:00,0,0.0753875488030665,0,0,FALSE
2019-05-23 21:30:00,1,0.0753875488030666,12.8912708453244,0,FALSE
2019-05-23 21:31:00,0,0.0753875488030666,0,0,FALSE
2019-05-23 21:32:00,0,0.0753875488030666,0,0,FALSE
2019-05-23 21:33:00,1,0.0753875488030666,8.36801791714039,0,FALSE
2019-05-23 21:34:00,0,0.0753875488030666,0,0,FALSE
2019-05-23 21:35:00,0,0.0753875488030666,0,0,FALSE
2019-05-23 21:36:00,0,0.0753875488030666,0,0,FALSE
2019-05-23 21:37:00,0,0.0753875488030666,0,0,FALSE
2019-05-23 21:38:00,0,0.0753875488030666,0,0,FALSE
2019-05-23 21:39:00,0,0.0753875488030666,0,0,FALSE
2019-05-23 21:40:00,1,0.0751514708840591,7.8909044428262,0,FALSE
2019-05-23 21:41:00,0,0.0751514708840591,0,0,FALSE
2019-05-23 21:42:00,0,0.0751514708840591,0,0,FALSE
2019-05-23 21:43:00,3,0.0750990091242796,572.6708122835,2,FALSE
2019-05-23 21:44:00,0,0.0750990091242796,0,0,FALSE
2019-05-23 21:45:00,3,0.0752039326438385,117.573413847475,2,FALSE
2019-05-23 21:46:00,0,0.0752039326438385,0,0,FALSE
2019-05-23 21:47:00,0,0.0752039326438385,0,0,FALSE
2019-05-23 21:48:00,1,0.0749153929650515,178.897958400543,0,FALSE
2019-05-23 21:49:00,1,0.0749153929650516,146.309762460746,0,FALSE
2019-05-23 21:50:00,0,0.0749153929650516,0,0,FALSE
2019-05-23 21:51:00,0,0.0749153929650516,0,0,FALSE
2019-05-23 21:52:00,0,0.0749153929650516,0,0,FALSE
2019-05-23 21:53:00,0,0.0749153929650516,0,0,FALSE
2019-05-23 21:54:00,0,0.0749153929650516,0,0,FALSE
2019-05-23 21:55:00,0,0.0749153929650516,0,0,FALSE
2019-05-23 21:56:00,0,0.0749153929650516,0,0,FALSE
2019-05-23 21:57:00,8,0.0752695098435625,523.346501816781,4,FALSE
2019-05-23 21:58:00,0,0.0752695098435625,0,0,FALSE
2019-05-23 21:59:00,0,0.0752695098435625,0,0,FALSE
2019-05-23 22:00:00,0,0.0752695098435625,0,0,FALSE
2019-05-23 22:01:00,0,0.0752695098435625,0,0,FALSE
2019-05-23 22:02:00,1,0.0753875488030666,401.815635120345,0,FALSE
2019-05-23 22:03:00,0,0.0753875488030666,0,0,FALSE
2019-05-23 22:04:00,0,0.0753875488030666,0,0,FALSE
2019-05-23 22:05:00,1,0.0753088561633936,15.5136243696591,0,FALSE
2019-05-23 22:06:00,1,0.0755449340824049,9.140937023971,0,FALSE
2019-05-23 22:07:00,1,0.0753875488030666,15.5298350534317,0,FALSE
2019-05-23 22:08:00,0,0.0753875488030666,0,0,FALSE
2019-05-23 22:09:00,0,0.0753875488030666,0,0,FALSE
2019-05-23 22:10:00,0,0.0753875488030666,0,0,FALSE
2019-05-23 22:11:00,0,0.0753875488030666,0,0,FALSE
2019-05-23 22:12:00,0,0.0753875488030666,0,0,FALSE
2019-05-23 22:13:00,1,0.0753875488030661,113.382873399811,0,FALSE
2019-05-23 22:14:00,0,0.0753875488030661,0,0,FALSE
2019-05-23 22:15:00,1,0.0753875488030412,2.33701401289428,0,FALSE
2019-05-23 22:16:00,0,0.0753875488030412,0,0,FALSE
2019-05-23 22:17:00,0,0.0753875488030412,0,0,FALSE
2019-05-23 22:18:00,0,0.0753875488030412,0,0,FALSE
2019-05-23 22:19:00,0,0.0753875488030412,0,0,FALSE
2019-05-23 22:20:00,0,0.0753875488030412,0,0,FALSE
2019-05-23 22:21:00,0,0.0753875488030412,0,0,FALSE
2019-05-23 22:22:00,0,0.0753875488030412,0,0,FALSE
2019-05-23 22:23:00,0,0.0753875488030412,0,0,FALSE
2019-05-23 22:24:00,1,0.0749940856047207,13.8739058368733,0,FALSE
2019-05-23 22:25:00,2,0.0748367003253824,147.727646442305,0,FALSE
2019-05-23 22:26:00,1,0.0748367003253824,14.3686464624734,0,FALSE
2019-05-23 22:27:00,0,0.0748367003253824,0,0,FALSE
2019-05-23 22:28:00,0,0.0748367003253824,0,0,FALSE
2019-05-23 22:29:00,0,0.0748367003253824,0,0,FALSE
2019-05-23 22:30:00,1,0.0748367003253824,8.00752693481592,0,FALSE
2019-05-23 22:31:00,0,0.0748367003253824,0,0,FALSE
2019-05-23 22:32:00,0,0.0748367003253824,0,0,FALSE
2019-05-23 22:33:00,0,0.0748367003253824,0,0,FALSE
2019-05-23 22:34:00,0,0.0748367003253824,0,0,FALSE
2019-05-23 22:35:00,0,0.0748367003253824,0,0,FALSE
2019-05-23 22:36:00,0,0.0748367003253824,0,0,FALSE
2019-05-23 22:37:00,1,0.0748367003253824,19.756888885901,0,FALSE
2019-05-23 22:38:00,0,0.0748367003253824,0,0,FALSE
2019-05-23 22:39:00,0,0.0748367003253824,0,0,FALSE
2019-05-23 22:40:00,0,0.0748367003253824,0,0,FALSE
2019-05-23 22:41:00,0,0.0748367003253824,0,0,FALSE
2019-05-23 22:42:00,0,0.0748367003253824,0,0,FALSE
2019-05-23 22:43:00,1,0.0745219297667057,0.894263157200468,0,FALSE
2019-05-23 22:44:00,0,0.0745219297667057,0,0,FALSE
2019-05-23 22:45:00,0,0.0745219297667057,0,0,FALSE
2019-05-23 22:46:00,1,0.0745219297667057,15.8731710403083,0,FALSE
2019-05-23 22:47:00,0,0.0745219297667057,0,0,FALSE
2019-05-23 22:48:00,0,0.0745219297667057,0,0,FALSE
2019-05-23 22:49:00,0,0.0745219297667057,0,0,FALSE
2019-05-23 22:50:00,4,0.0738136960096832,334.126351178194,0,FALSE
2019-05-23 22:51:00,5,0.0738923886493521,760.057109647237,0,FALSE
2019-05-23 22:52:00,2,0.073892388649352,92.8827325322351,0,FALSE
2019-05-23 22:53:00,6,0.0739317349691869,398.631494841411,2,FALSE
2019-05-23 22:54:00,1,0.074207159208029,8.01437319446713,0,FALSE
2019-05-23 22:55:00,0,0.074207159208029,0,0,FALSE
2019-05-23 22:56:00,0,0.074207159208029,0,0,FALSE
2019-05-23 22:57:00,4,0.0727710185340662,722.739564755962,2,FALSE
2019-05-23 22:58:00,4,0.0726923258943974,177.188675574289,2,FALSE
2019-05-23 22:59:00,5,0.0726018293587779,870.125527756824,0,FALSE
2019-05-23 23:00:00,10,0.0725152674551418,1872.21751054189,3,FALSE
2019-05-23 23:01:00,5,0.0726333064146456,1103.80835758337,0,FALSE
2019-05-23 23:02:00,1,0.0727119990542916,2.47220796784591,0,FALSE
2019-05-23 23:03:00,1,0.0727119990543147,8.28916789219188,0,FALSE
2019-05-23 23:04:00,0,0.0727119990543147,0,0,FALSE
2019-05-23 23:05:00,0,0.0727119990543147,0,0,FALSE
2019-05-23 23:06:00,2,0.0727513453741493,105.751025126777,0,FALSE
2019-05-23 23:07:00,0,0.0727513453741493,0,0,FALSE
2019-05-23 23:08:00,0,0.0727513453741493,0,0,FALSE
2019-05-23 23:09:00,0,0.0727513453741493,0,0,FALSE
2019-05-23 23:10:00,1,0.0727119990543147,9.08899988178934,0,FALSE
2019-05-23 23:11:00,0,0.0727119990543147,0,0,FALSE
2019-05-23 23:12:00,2,0.0726333064146456,126.817752999971,0,FALSE
2019-05-23 23:13:00,2,0.072593960094811,211.560597577468,0,FALSE
2019-05-23 23:14:00,0,0.072593960094811,0,0,FALSE
2019-05-23 23:15:00,0,0.072593960094811,0,0,FALSE
2019-05-23 23:16:00,0,0.072593960094811,0,0,FALSE
2019-05-23 23:17:00,0,0.072593960094811,0,0,FALSE
2019-05-23 23:18:00,3,0.0725546137749764,119.462115892175,2,FALSE
2019-05-23 23:19:00,0,0.0725546137749764,0,0,FALSE
2019-05-23 23:20:00,1,0.0726333064146456,18.8120263613932,0,FALSE
2019-05-23 23:21:00,0,0.0726333064146456,0,0,FALSE
2019-05-23 23:22:00,1,0.0725546137749764,47.8860450914844,0,FALSE
2019-05-23 23:23:00,3,0.0726595372945331,56.8481924381263,0,FALSE
2019-05-23 23:24:00,0,0.0726595372945331,0,0,FALSE
2019-05-23 23:25:00,0,0.0726595372945331,0,0,FALSE
2019-05-23 23:26:00,1,0.0726333064146456,2.68743233734189,0,FALSE
2019-05-23 23:27:00,0,0.0726333064146456,0,0,FALSE
2019-05-23 23:28:00,0,0.0726333064146456,0,0,FALSE
2019-05-23 23:29:00,0,0.0726333064146456,0,0,FALSE
2019-05-23 23:30:00,0,0.0726333064146456,0,0,FALSE
2019-05-23 23:31:00,1,0.0726333064146456,266.41896792892,0,FALSE
2019-05-23 23:32:00,0,0.0726333064146456,0,0,FALSE
2019-05-23 23:33:00,0,0.0726333064146456,0,0,FALSE
2019-05-23 23:34:00,4,0.0726923258943974,3549.35691165559,3,FALSE
2019-05-23 23:35:00,0,0.0726923258943974,0,0,FALSE
2019-05-23 23:36:00,1,0.0726333064146456,43.0715507038848,0,FALSE
2019-05-23 23:37:00,3,0.0726070755347558,984.455781845614,0,FALSE
2019-05-23 23:38:00,1,0.0725546137749764,773.504737455023,0,FALSE
2019-05-23 23:39:00,2,0.0724759211353053,351.363265663969,0,FALSE
2019-05-23 23:40:00,2,0.0724759211353072,329.692965244513,0,FALSE
2019-05-23 23:41:00,13,0.0727483187341618,4054.25471102833,10,FALSE
2019-05-23 23:42:00,2,0.0727119990543147,1457.22117304752,0,FALSE
2019-05-23 23:43:00,3,0.072685768174425,1054.86515557057,0,FALSE
2019-05-23 23:44:00,0,0.072685768174425,0,0,FALSE
2019-05-23 23:45:00,0,0.072685768174425,0,0,FALSE
2019-05-23 23:46:00,0,0.072685768174425,0,0,FALSE
2019-05-23 23:47:00,0,0.072685768174425,0,0,FALSE
2019-05-23 23:48:00,0,0.072685768174425,0,0,FALSE
2019-05-23 23:49:00,0,0.072685768174425,0,0,FALSE
2019-05-23 23:50:00,0,0.072685768174425,0,0,FALSE
2019-05-23 23:51:00,2,0.073066115932826,452.543114045004,2,FALSE
2019-05-23 23:52:00,1,0.0730267696129914,387.187932488081,0,FALSE
2019-05-23 23:53:00,0,0.0730267696129914,0,0,FALSE
2019-05-23 23:54:00,0,0.0730267696129914,0,0,FALSE
2019-05-23 23:55:00,0,0.0730267696129914,0,0,FALSE
2019-05-23 23:56:00,0,0.0730267696129914,0,0,FALSE
2019-05-23 23:57:00,0,0.0730267696129914,0,0,FALSE
2019-05-23 23:58:00,0,0.0730267696129914,0,0,FALSE
2019-05-23 23:59:00,0,0.0730267696129914,0,0,FALSE
2019-05-24,0,0.0730267696129914,0,0,FALSE
2019-05-24 00:01:00,0,0.0730267696129914,0,0,FALSE
2019-05-24 00:02:00,0,0.0730267696129914,0,0,FALSE
2019-05-24 00:03:00,0,0.0730267696129914,0,0,FALSE
2019-05-24 00:04:00,0,0.0730267696129914,0,0,FALSE
2019-05-24 00:05:00,0,0.0730267696129914,0,0,FALSE
2019-05-24 00:06:00,0,0.0730267696129914,0,0,FALSE
2019-05-24 00:07:00,0,0.0730267696129914,0,0,FALSE
2019-05-24 00:08:00,0,0.0730267696129914,0,0,FALSE
2019-05-24 00:09:00,0,0.0730267696129914,0,0,FALSE
2019-05-24 00:10:00,0,0.0730267696129914,0,0,FALSE
2019-05-24 00:11:00,0,0.0730267696129914,0,0,FALSE
2019-05-24 00:12:00,1,0.0729480769733223,21.3008384762101,0,FALSE
2019-05-24 00:13:00,0,0.0729480769733223,0,0,FALSE
2019-05-24 00:14:00,1,0.0727119990543127,28.5031036292906,0,FALSE
2019-05-24 00:15:00,0,0.0727119990543127,0,0,FALSE
2019-05-24 00:16:00,0,0.0727119990543127,0,0,FALSE
2019-05-24 00:17:00,0,0.0727119990543127,0,0,FALSE
2019-05-24 00:18:00,0,0.0727119990543127,0,0,FALSE
2019-05-24 00:19:00,0,0.0727119990543127,0,0,FALSE
2019-05-24 00:20:00,0,0.0727119990543127,0,0,FALSE
2019-05-24 00:21:00,0,0.0727119990543127,0,0,FALSE
2019-05-24 00:22:00,0,0.0727119990543127,0,0,FALSE
2019-05-24 00:23:00,0,0.0727119990543127,0,0,FALSE
2019-05-24 00:24:00,0,0.0727119990543127,0,0,FALSE
2019-05-24 00:25:00,0,0.0727119990543127,0,0,FALSE
2019-05-24 00:26:00,0,0.0727119990543127,0,0,FALSE
2019-05-24 00:27:00,0,0.0727119990543127,0,0,FALSE
2019-05-24 00:28:00,0,0.0727119990543127,0,0,FALSE
2019-05-24 00:29:00,0,0.0727119990543127,0,0,FALSE
2019-05-24 00:30:00,0,0.0727119990543127,0,0,FALSE
2019-05-24 00:31:00,1,0.0729480769733223,203.743978986489,0,FALSE
2019-05-24 00:32:00,0,0.0729480769733223,0,0,FALSE
2019-05-24 00:33:00,1,0.0729480769733223,8.09723654403877,0,FALSE
2019-05-24 00:34:00,1,0.072948076973315,7.95134039009134,0,FALSE
2019-05-24 00:35:00,0,0.072948076973315,0,0,FALSE
2019-05-24 00:36:00,0,0.072948076973315,0,0,FALSE
2019-05-24 00:37:00,1,0.072948076973316,9.19145769863782,0,FALSE
2019-05-24 00:38:00,0,0.072948076973316,0,0,FALSE
2019-05-24 00:39:00,0,0.072948076973316,0,0,FALSE
2019-05-24 00:40:00,1,0.0729480769733223,60.6928000418041,0,FALSE
2019-05-24 00:41:00,0,0.0729480769733223,0,0,FALSE
2019-05-24 00:42:00,2,0.0729874232931564,138.956407439499,0,FALSE
2019-05-24 00:43:00,1,0.0730267696129914,7.95991788781607,0,FALSE
2019-05-24 00:44:00,0,0.0730267696129914,0,0,FALSE
2019-05-24 00:45:00,0,0.0730267696129914,0,0,FALSE
2019-05-24 00:46:00,0,0.0730267696129914,0,0,FALSE
2019-05-24 00:47:00,0,0.0730267696129914,0,0,FALSE
2019-05-24 00:48:00,0,0.0730267696129914,0,0,FALSE
2019-05-24 00:49:00,0,0.0730267696129914,0,0,FALSE
2019-05-24 00:50:00,0,0.0730267696129914,0,0,FALSE
2019-05-24 00:51:00,0,0.0730267696129914,0,0,FALSE
2019-05-24 00:52:00,0,0.0730267696129914,0,0,FALSE
2019-05-24 00:53:00,0,0.0730267696129914,0,0,FALSE
2019-05-24 00:54:00,0,0.0730267696129914,0,0,FALSE
2019-05-24 00:55:00,0,0.0730267696129914,0,0,FALSE
2019-05-24 00:56:00,0,0.0730267696129914,0,0,FALSE
2019-05-24 00:57:00,2,0.0723777705132472,152.717095782952,0,FALSE
2019-05-24 00:58:00,0,0.0723777705132472,0,0,FALSE
2019-05-24 00:59:00,0,0.0723777705132472,0,0,FALSE
2019-05-24 01:00:00,0,0.0723777705132472,0,0,FALSE
2019-05-24 01:01:00,0,0.0723777705132472,0,0,FALSE
2019-05-24 01:02:00,1,0.0723777705132472,112.619810918613,0,FALSE
2019-05-24 01:03:00,2,0.0723777705132472,48.9273728669551,0,FALSE
2019-05-24 01:04:00,0,0.0723777705132472,0,0,FALSE
2019-05-24 01:05:00,0,0.0723777705132472,0,0,FALSE
2019-05-24 01:06:00,0,0.0723777705132472,0,0,FALSE
2019-05-24 01:07:00,1,0.0722998611800771,28.7753447496707,0,FALSE
2019-05-24 01:08:00,0,0.0722998611800771,0,0,FALSE
2019-05-24 01:09:00,0,0.0722998611800771,0,0,FALSE
2019-05-24 01:10:00,2,0.0723777705132472,773.823076930391,0,FALSE
2019-05-24 01:11:00,3,0.0724037402909699,938.847198436588,2,FALSE
2019-05-24 01:12:00,0,0.0724037402909699,0,0,FALSE
2019-05-24 01:13:00,0,0.0724037402909699,0,0,FALSE
2019-05-24 01:14:00,0,0.0724037402909699,0,0,FALSE
2019-05-24 01:15:00,0,0.0724037402909699,0,0,FALSE
2019-05-24 01:16:00,0,0.0724037402909699,0,0,FALSE
2019-05-24 01:17:00,0,0.0724037402909699,0,0,FALSE
2019-05-24 01:18:00,0,0.0724037402909699,0,0,FALSE
2019-05-24 01:19:00,0,0.0724037402909699,0,0,FALSE
2019-05-24 01:20:00,0,0.0724037402909699,0,0,FALSE
2019-05-24 01:21:00,0,0.0724037402909699,0,0,FALSE
2019-05-24 01:22:00,0,0.0724037402909699,0,0,FALSE
2019-05-24 01:23:00,0,0.0724037402909699,0,0,FALSE
2019-05-24 01:24:00,0,0.0724037402909699,0,0,FALSE
2019-05-24 01:25:00,0,0.0724037402909699,0,0,FALSE
2019-05-24 01:26:00,0,0.0724037402909699,0,0,FALSE
2019-05-24 01:27:00,0,0.0724037402909699,0,0,FALSE
2019-05-24 01:28:00,0,0.0724037402909699,0,0,FALSE
2019-05-24 01:29:00,0,0.0724037402909699,0,0,FALSE
2019-05-24 01:30:00,0,0.0724037402909699,0,0,FALSE
2019-05-24 01:31:00,0,0.0724037402909699,0,0,FALSE
2019-05-24 01:32:00,0,0.0724037402909699,0,0,FALSE
2019-05-24 01:33:00,0,0.0724037402909699,0,0,FALSE
2019-05-24 01:34:00,0,0.0724037402909699,0,0,FALSE
2019-05-24 01:35:00,4,0.0724167251798313,612.117815107825,2,FALSE
2019-05-24 01:36:00,0,0.0724167251798313,0,0,FALSE
2019-05-24 01:37:00,0,0.0724167251798313,0,0,FALSE
2019-05-24 01:38:00,0,0.0724167251798313,0,0,FALSE
2019-05-24 01:39:00,0,0.0724167251798313,0,0,FALSE
2019-05-24 01:40:00,0,0.0724167251798313,0,0,FALSE
2019-05-24 01:41:00,0,0.0724167251798313,0,0,FALSE
2019-05-24 01:42:00,0,0.0724167251798313,0,0,FALSE
2019-05-24 01:43:00,1,0.0724556798464154,9.05695998080192,0,FALSE
2019-05-24 01:44:00,0,0.0724556798464154,0,0,FALSE
2019-05-24 01:45:00,0,0.0724556798464154,0,0,FALSE
2019-05-24 01:46:00,0,0.0724556798464154,0,0,FALSE
2019-05-24 01:47:00,0,0.0724556798464154,0,0,FALSE
2019-05-24 01:48:00,0,0.0724556798464154,0,0,FALSE
2019-05-24 01:49:00,1,0.0724556798464154,11.3030860560408,0,FALSE
2019-05-24 01:50:00,2,0.0724556798464154,15.9402495662114,0,FALSE
2019-05-24 01:51:00,0,0.0724556798464154,0,0,FALSE
2019-05-24 01:52:00,1,0.0724556798464154,37.2422194410575,0,FALSE
2019-05-24 01:53:00,0,0.0724556798464154,0,0,FALSE
2019-05-24 01:54:00,1,0.0724556798464154,24.3451084283956,0,FALSE
2019-05-24 01:55:00,0,0.0724556798464154,0,0,FALSE
2019-05-24 01:56:00,0,0.0724556798464154,0,0,FALSE
2019-05-24 01:57:00,0,0.0724556798464154,0,0,FALSE
2019-05-24 01:58:00,0,0.0724556798464154,0,0,FALSE
2019-05-24 01:59:00,1,0.0722219518469108,14.4443903693822,0,FALSE
2019-05-24 02:00:00,1,0.0722219518469036,7.79997079946559,0,FALSE
2019-05-24 02:01:00,0,0.0722219518469036,0,0,FALSE
2019-05-24 02:02:00,0,0.0722219518469036,0,0,FALSE
2019-05-24 02:03:00,0,0.0722219518469036,0,0,FALSE
2019-05-24 02:04:00,0,0.0722219518469036,0,0,FALSE
2019-05-24 02:05:00,0,0.0722219518469036,0,0,FALSE
2019-05-24 02:06:00,0,0.0722219518469036,0,0,FALSE
2019-05-24 02:07:00,0,0.0722219518469036,0,0,FALSE
2019-05-24 02:08:00,4,0.0721829971803241,282.651632723526,4,FALSE
2019-05-24 02:09:00,0,0.0721829971803241,0,0,FALSE
2019-05-24 02:10:00,0,0.0721829971803241,0,0,FALSE
2019-05-24 02:11:00,0,0.0721829971803241,0,0,FALSE
2019-05-24 02:12:00,0,0.0721829971803241,0,0,FALSE
2019-05-24 02:13:00,0,0.0721829971803241,0,0,FALSE
2019-05-24 02:14:00,0,0.0721829971803241,0,0,FALSE
2019-05-24 02:15:00,0,0.0721829971803241,0,0,FALSE
2019-05-24 02:16:00,0,0.0721829971803241,0,0,FALSE
2019-05-24 02:17:00,0,0.0721829971803241,0,0,FALSE
2019-05-24 02:18:00,0,0.0721829971803241,0,0,FALSE
2019-05-24 02:19:00,1,0.0722219518469108,9.3166317882515,0,FALSE
2019-05-24 02:20:00,0,0.0722219518469108,0,0,FALSE
2019-05-24 02:21:00,1,0.0722219518469093,37.6276369122398,0,FALSE
2019-05-24 02:22:00,0,0.0722219518469093,0,0,FALSE
2019-05-24 02:23:00,0,0.0722219518469093,0,0,FALSE
2019-05-24 02:24:00,0,0.0722219518469093,0,0,FALSE
2019-05-24 02:25:00,0,0.0722219518469093,0,0,FALSE
2019-05-24 02:26:00,0,0.0722219518469093,0,0,FALSE
2019-05-24 02:27:00,0,0.0722219518469093,0,0,FALSE
2019-05-24 02:28:00,0,0.0722219518469093,0,0,FALSE
2019-05-24 02:29:00,0,0.0722219518469093,0,0,FALSE
2019-05-24 02:30:00,0,0.0722219518469093,0,0,FALSE
2019-05-24 02:31:00,0,0.0722219518469093,0,0,FALSE
2019-05-24 02:32:00,1,0.0719882238474063,7.9906928470621,0,FALSE
2019-05-24 02:33:00,1,0.0719882238474063,712.107510298543,0,FALSE
2019-05-24 02:34:00,0,0.0719882238474063,0,0,FALSE
2019-05-24 02:35:00,0,0.0719882238474063,0,0,FALSE
2019-05-24 02:36:00,1,0.0720661331805734,55.4909225490415,0,FALSE
2019-05-24 02:37:00,0,0.0720661331805734,0,0,FALSE
2019-05-24 02:38:00,0,0.0720661331805734,0,0,FALSE
2019-05-24 02:39:00,0,0.0720661331805734,0,0,FALSE
2019-05-24 02:40:00,0,0.0720661331805734,0,0,FALSE
2019-05-24 02:41:00,0,0.0720661331805734,0,0,FALSE
2019-05-24 02:42:00,0,0.0720661331805734,0,0,FALSE
2019-05-24 02:43:00,0,0.0720661331805734,0,0,FALSE
2019-05-24 02:44:00,0,0.0720661331805734,0,0,FALSE
2019-05-24 02:45:00,0,0.0720661331805734,0,0,FALSE
2019-05-24 02:46:00,2,0.071871359847654,575.209281340726,2,FALSE
2019-05-24 02:47:00,0,0.071871359847654,0,0,FALSE
2019-05-24 02:48:00,0,0.071871359847654,0,0,FALSE
2019-05-24 02:49:00,2,0.0719492691808221,7719.65920991927,2,FALSE
2019-05-24 02:50:00,1,0.0722219518469108,9.38885374009841,0,FALSE
2019-05-24 02:51:00,1,0.0720661331805744,28.0337258072435,0,FALSE
2019-05-24 02:52:00,0,0.0720661331805744,0,0,FALSE
2019-05-24 02:53:00,2,0.0721440425137385,8.23018613722033,2,FALSE
2019-05-24 02:54:00,0,0.0721440425137385,0,0,FALSE
2019-05-24 02:55:00,0,0.0721440425137385,0,0,FALSE
2019-05-24 02:56:00,0,0.0721440425137385,0,0,FALSE
2019-05-24 02:57:00,0,0.0721440425137385,0,0,FALSE
2019-05-24 02:58:00,1,0.0722219518469099,62.3997663957302,0,FALSE
2019-05-24 02:59:00,0,0.0722219518469099,0,0,FALSE
2019-05-24 03:00:00,0,0.0722219518469099,0,0,FALSE
2019-05-24 03:01:00,0,0.0722219518469099,0,0,FALSE
2019-05-24 03:02:00,0,0.0722219518469099,0,0,FALSE
2019-05-24 03:03:00,0,0.0722219518469099,0,0,FALSE
2019-05-24 03:04:00,0,0.0722219518469099,0,0,FALSE
2019-05-24 03:05:00,1,0.0721440425137426,8.87371722919034,0,FALSE
2019-05-24 03:06:00,1,0.0721440425137426,8.36870893159415,0,FALSE
2019-05-24 03:07:00,2,0.0721440425137427,19.334603393683,2,FALSE
2019-05-24 03:08:00,0,0.0721440425137427,0,0,FALSE
2019-05-24 03:09:00,1,0.0721440425137426,662.643030488725,0,FALSE
2019-05-24 03:10:00,0,0.0721440425137426,0,0,FALSE
2019-05-24 03:11:00,0,0.0721440425137426,0,0,FALSE
2019-05-24 03:12:00,0,0.0721440425137426,0,0,FALSE
2019-05-24 03:13:00,0,0.0721440425137426,0,0,FALSE
2019-05-24 03:14:00,0,0.0721440425137426,0,0,FALSE
2019-05-24 03:15:00,0,0.0721440425137426,0,0,FALSE
2019-05-24 03:16:00,0,0.0721440425137426,0,0,FALSE
2019-05-24 03:17:00,0,0.0721440425137426,0,0,FALSE
2019-05-24 03:18:00,0,0.0721440425137426,0,0,FALSE
2019-05-24 03:19:00,0,0.0721440425137426,0,0,FALSE
2019-05-24 03:20:00,0,0.0721440425137426,0,0,FALSE
2019-05-24 03:21:00,0,0.0721440425137426,0,0,FALSE
2019-05-24 03:22:00,2,0.0718324051810659,28.5892972620643,0,FALSE
2019-05-24 03:23:00,0,0.0718324051810659,0,0,FALSE
2019-05-24 03:24:00,0,0.0718324051810659,0,0,FALSE
2019-05-24 03:25:00,0,0.0718324051810659,0,0,FALSE
2019-05-24 03:26:00,0,0.0718324051810659,0,0,FALSE
2019-05-24 03:27:00,0,0.0718324051810659,0,0,FALSE
2019-05-24 03:28:00,0,0.0718324051810659,0,0,FALSE
2019-05-24 03:29:00,0,0.0718324051810659,0,0,FALSE
2019-05-24 03:30:00,0,0.0718324051810659,0,0,FALSE
2019-05-24 03:31:00,1,0.0718324051810699,77.8663272162798,0,FALSE
2019-05-24 03:32:00,2,0.0716765865147335,23.8683033094063,0,FALSE
2019-05-24 03:33:00,1,0.0716765865147335,9.46130941994482,0,FALSE
2019-05-24 03:34:00,4,0.0715597225149812,58.8803680885244,0,FALSE
2019-05-24 03:35:00,9,0.0716159903667138,85.079796555656,0,FALSE
2019-05-24 03:36:00,0,0.0716159903667138,0,0,FALSE
2019-05-24 03:37:00,0,0.0716159903667138,0,0,FALSE
2019-05-24 03:38:00,0,0.0716159903667138,0,0,FALSE
2019-05-24 03:39:00,0,0.0716159903667138,0,0,FALSE
2019-05-24 03:40:00,0,0.0716159903667138,0,0,FALSE
2019-05-24 03:41:00,2,0.0717544958479017,71.5653319869693,2,FALSE
2019-05-24 03:42:00,0,0.0717544958479017,0,0,FALSE
2019-05-24 03:43:00,0,0.0717544958479017,0,0,FALSE
2019-05-24 03:44:00,0,0.0717544958479017,0,0,FALSE
2019-05-24 03:45:00,0,0.0717544958479017,0,0,FALSE
2019-05-24 03:46:00,0,0.0717544958479017,0,0,FALSE
2019-05-24 03:47:00,0,0.0717544958479017,0,0,FALSE
2019-05-24 03:48:00,0,0.0717544958479017,0,0,FALSE
2019-05-24 03:49:00,0,0.0717544958479017,0,0,FALSE
2019-05-24 03:50:00,0,0.0717544958479017,0,0,FALSE
2019-05-24 03:51:00,5,0.0720349694473062,436.141900728841,0,FALSE
2019-05-24 03:52:00,2,0.072338815846662,47.7429951841315,0,FALSE
2019-05-24 03:53:00,0,0.072338815846662,0,0,FALSE
2019-05-24 03:54:00,0,0.072338815846662,0,0,FALSE
2019-05-24 03:55:00,0,0.072338815846662,0,0,FALSE
2019-05-24 03:56:00,0,0.072338815846662,0,0,FALSE
2019-05-24 03:57:00,0,0.072338815846662,0,0,FALSE
2019-05-24 03:58:00,0,0.072338815846662,0,0,FALSE
2019-05-24 03:59:00,0,0.072338815846662,0,0,FALSE
2019-05-24 04:00:00,0,0.072338815846662,0,0,FALSE
2019-05-24 04:01:00,0,0.072338815846662,0,0,FALSE
2019-05-24 04:02:00,7,0.0724668097511537,1259.61893296731,5,FALSE
2019-05-24 04:03:00,1,0.0724556798464154,7.89766910325928,0,FALSE
2019-05-24 04:04:00,0,0.0724556798464154,0,0,FALSE
2019-05-24 04:05:00,0,0.0724556798464154,0,0,FALSE
2019-05-24 04:06:00,4,0.0725141118462915,470.275615685821,2,FALSE
2019-05-24 04:07:00,0,0.0725141118462915,0,0,FALSE
2019-05-24 04:08:00,3,0.0724556798464154,1752.39842581077,2,FALSE
2019-05-24 04:09:00,0,0.0724556798464154,0,0,FALSE
2019-05-24 04:10:00,0,0.0724556798464154,0,0,FALSE
2019-05-24 04:11:00,0,0.0724556798464154,0,0,FALSE
2019-05-24 04:12:00,0,0.0724556798464154,0,0,FALSE
2019-05-24 04:13:00,0,0.0724556798464154,0,0,FALSE
2019-05-24 04:14:00,0,0.0724556798464154,0,0,FALSE
2019-05-24 04:15:00,0,0.0724556798464154,0,0,FALSE
2019-05-24 04:16:00,0,0.0724556798464154,0,0,FALSE
2019-05-24 04:17:00,0,0.0724556798464154,0,0,FALSE
2019-05-24 04:18:00,0,0.0724556798464154,0,0,FALSE
2019-05-24 04:19:00,0,0.0724556798464154,0,0,FALSE
2019-05-24 04:20:00,0,0.0724556798464154,0,0,FALSE
2019-05-24 04:21:00,0,0.0724556798464154,0,0,FALSE
2019-05-24 04:22:00,0,0.0724556798464154,0,0,FALSE
2019-05-24 04:23:00,0,0.0724556798464154,0,0,FALSE
2019-05-24 04:24:00,0,0.0724556798464154,0,0,FALSE
2019-05-24 04:25:00,1,0.0719103145142381,23.2989419026131,0,FALSE
2019-05-24 04:26:00,0,0.0719103145142381,0,0,FALSE
2019-05-24 04:27:00,0,0.0719103145142381,0,0,FALSE
2019-05-24 04:28:00,0,0.0719103145142381,0,0,FALSE
2019-05-24 04:29:00,0,0.0719103145142381,0,0,FALSE
2019-05-24 04:30:00,1,0.0718324051810699,41.3754653842962,0,FALSE
2019-05-24 04:31:00,0,0.0718324051810699,0,0,FALSE
2019-05-24 04:32:00,0,0.0718324051810699,0,0,FALSE
2019-05-24 04:33:00,0,0.0718324051810699,0,0,FALSE
2019-05-24 04:34:00,0,0.0718324051810699,0,0,FALSE
2019-05-24 04:35:00,0,0.0718324051810699,0,0,FALSE
2019-05-24 04:36:00,1,0.0718324051810699,153.146687846041,0,FALSE
2019-05-24 04:37:00,1,0.0718324051810699,21.4778891491399,0,FALSE
2019-05-24 04:38:00,0,0.0718324051810699,0,0,FALSE
2019-05-24 04:39:00,1,0.0713649491820608,1154.54214786738,0,FALSE
2019-05-24 04:40:00,2,0.0715986771815653,120.715369728119,0,FALSE
2019-05-24 04:41:00,0,0.0715986771815653,0,0,FALSE
2019-05-24 04:42:00,2,0.071754495847868,24.2530195965892,0,FALSE
2019-05-24 04:43:00,1,0.0719103145142381,7.91013459656619,0,FALSE
2019-05-24 04:44:00,0,0.0719103145142381,0,0,FALSE
2019-05-24 04:45:00,0,0.0719103145142381,0,0,FALSE
2019-05-24 04:46:00,0,0.0719103145142381,0,0,FALSE
2019-05-24 04:47:00,0,0.0719103145142381,0,0,FALSE
2019-05-24 04:48:00,0,0.0719103145142381,0,0,FALSE
2019-05-24 04:49:00,0,0.0719103145142381,0,0,FALSE
2019-05-24 04:50:00,1,0.0719103145142363,31.8562693298067,0,FALSE
2019-05-24 04:51:00,0,0.0719103145142363,0,0,FALSE
2019-05-24 04:52:00,0,0.0719103145142363,0,0,FALSE
2019-05-24 04:53:00,2,0.0720661331805744,144.924993826135,0,FALSE
2019-05-24 04:54:00,1,0.0720661331805696,11.6747135752523,0,FALSE
2019-05-24 04:55:00,0,0.0720661331805696,0,0,FALSE
2019-05-24 04:56:00,0,0.0720661331805696,0,0,FALSE
2019-05-24 04:57:00,1,0.0720661331805723,25.5834772791031,0,FALSE
2019-05-24 04:58:00,0,0.0720661331805723,0,0,FALSE
2019-05-24 04:59:00,2,0.0721050878471578,155.89501748288,2,FALSE
2019-05-24 05:00:00,0,0.0721050878471578,0,0,FALSE
2019-05-24 05:01:00,0,0.0721050878471578,0,0,FALSE
2019-05-24 05:02:00,1,0.0720661331805744,22.1243028864364,0,FALSE
2019-05-24 05:03:00,0,0.0720661331805744,0,0,FALSE
2019-05-24 05:04:00,0,0.0720661331805744,0,0,FALSE
2019-05-24 05:05:00,0,0.0720661331805744,0,0,FALSE
2019-05-24 05:06:00,0,0.0720661331805744,0,0,FALSE
2019-05-24 05:07:00,0,0.0720661331805744,0,0,FALSE
2019-05-24 05:08:00,0,0.0720661331805744,0,0,FALSE
2019-05-24 05:09:00,0,0.0720661331805744,0,0,FALSE
2019-05-24 05:10:00,1,0.0720661331805744,14.7014911688372,0,FALSE
2019-05-24 05:11:00,0,0.0720661331805744,0,0,FALSE
2019-05-24 05:12:00,0,0.0720661331805744,0,0,FALSE
2019-05-24 05:13:00,0,0.0720661331805744,0,0,FALSE
2019-05-24 05:14:00,0,0.0720661331805744,0,0,FALSE
2019-05-24 05:15:00,0,0.0720661331805744,0,0,FALSE
2019-05-24 05:16:00,0,0.0720661331805744,0,0,FALSE
2019-05-24 05:17:00,0,0.0720661331805744,0,0,FALSE
2019-05-24 05:18:00,0,0.0720661331805744,0,0,FALSE
2019-05-24 05:19:00,0,0.0720661331805744,0,0,FALSE
2019-05-24 05:20:00,1,0.0722219518469108,1478.38335430626,0,FALSE
2019-05-24 05:21:00,0,0.0722219518469108,0,0,FALSE
2019-05-24 05:22:00,0,0.0722219518469108,0,0,FALSE
2019-05-24 05:23:00,0,0.0722219518469108,0,0,FALSE
2019-05-24 05:24:00,0,0.0722219518469108,0,0,FALSE
2019-05-24 05:25:00,1,0.0738506498744352,184.035819487092,0,FALSE
2019-05-24 05:26:00,0,0.0738506498744352,0,0,FALSE
2019-05-24 05:27:00,0,0.0738506498744352,0,0,FALSE
2019-05-24 05:28:00,0,0.0738506498744352,0,0,FALSE
2019-05-24 05:29:00,0,0.0738506498744352,0,0,FALSE
2019-05-24 05:30:00,0,0.0738506498744352,0,0,FALSE
2019-05-24 05:31:00,1,0.073532328107735,31.5453687582183,0,FALSE
2019-05-24 05:32:00,0,0.073532328107735,0,0,FALSE
2019-05-24 05:33:00,0,0.073532328107735,0,0,FALSE
2019-05-24 05:34:00,0,0.073532328107735,0,0,FALSE
2019-05-24 05:35:00,0,0.073532328107735,0,0,FALSE
2019-05-24 05:36:00,1,0.0731344258993598,15.2850950129662,0,FALSE
2019-05-24 05:37:00,0,0.0731344258993598,0,0,FALSE
2019-05-24 05:38:00,0,0.0731344258993598,0,0,FALSE
2019-05-24 05:39:00,1,0.0732935867827099,14.7320109433247,0,FALSE
2019-05-24 05:40:00,0,0.0732935867827099,0,0,FALSE
2019-05-24 05:41:00,0,0.0732935867827099,0,0,FALSE
2019-05-24 05:42:00,0,0.0732935867827099,0,0,FALSE
2019-05-24 05:43:00,0,0.0732935867827099,0,0,FALSE
2019-05-24 05:44:00,1,0.0732935867827099,8.64864324035977,0,FALSE
2019-05-24 05:45:00,0,0.0732935867827099,0,0,FALSE
2019-05-24 05:46:00,0,0.0732935867827099,0,0,FALSE
2019-05-24 05:47:00,0,0.0732935867827099,0,0,FALSE
2019-05-24 05:48:00,0,0.0732935867827099,0,0,FALSE
2019-05-24 05:49:00,0,0.0732935867827099,0,0,FALSE
2019-05-24 05:50:00,0,0.0732935867827099,0,0,FALSE
2019-05-24 05:51:00,0,0.0732935867827099,0,0,FALSE
2019-05-24 05:52:00,0,0.0732935867827099,0,0,FALSE
2019-05-24 05:53:00,0,0.0732935867827099,0,0,FALSE
2019-05-24 05:54:00,0,0.0732935867827099,0,0,FALSE
2019-05-24 05:55:00,0,0.0732935867827099,0,0,FALSE
2019-05-24 05:56:00,1,0.0731344258993598,20.2582359741227,0,FALSE
2019-05-24 05:57:00,1,0.0731344258993598,97.7075930015447,0,FALSE
2019-05-24 05:58:00,0,0.0731344258993598,0,0,FALSE
2019-05-24 05:59:00,0,0.0731344258993598,0,0,FALSE
2019-05-24 06:00:00,1,0.0731344258993598,16.5283802532553,0,FALSE
2019-05-24 06:01:00,0,0.0731344258993598,0,0,FALSE
2019-05-24 06:02:00,0,0.0731344258993598,0,0,FALSE
2019-05-24 06:03:00,0,0.0731344258993598,0,0,FALSE
2019-05-24 06:04:00,2,0.0729752650160098,24.2277879853152,2,FALSE
2019-05-24 06:05:00,0,0.0729752650160098,0,0,FALSE
2019-05-24 06:06:00,0,0.0729752650160098,0,0,FALSE
2019-05-24 06:07:00,0,0.0729752650160098,0,0,FALSE
2019-05-24 06:08:00,0,0.0729752650160098,0,0,FALSE
2019-05-24 06:09:00,0,0.0729752650160098,0,0,FALSE
2019-05-24 06:10:00,1,0.0730548454576848,107.60978735917,0,FALSE
2019-05-24 06:11:00,0,0.0730548454576848,0,0,FALSE
2019-05-24 06:12:00,0,0.0730548454576848,0,0,FALSE
2019-05-24 06:13:00,0,0.0730548454576848,0,0,FALSE
2019-05-24 06:14:00,0,0.0730548454576848,0,0,FALSE
2019-05-24 06:15:00,0,0.0730548454576848,0,0,FALSE
2019-05-24 06:16:00,3,0.0729222113882264,85.8314853686121,0,FALSE
2019-05-24 06:17:00,1,0.0730548454576848,42.9562491291187,0,FALSE
2019-05-24 06:18:00,0,0.0730548454576848,0,0,FALSE
2019-05-24 06:19:00,0,0.0730548454576848,0,0,FALSE
2019-05-24 06:20:00,0,0.0730548454576848,0,0,FALSE
2019-05-24 06:21:00,0,0.0730548454576848,0,0,FALSE
2019-05-24 06:22:00,0,0.0730548454576848,0,0,FALSE
2019-05-24 06:23:00,0,0.0730548454576848,0,0,FALSE
2019-05-24 06:24:00,0,0.0730548454576848,0,0,FALSE
2019-05-24 06:25:00,0,0.0730548454576848,0,0,FALSE
2019-05-24 06:26:00,1,0.0728956845743347,28.8666910914365,0,FALSE
2019-05-24 06:27:00,0,0.0728956845743347,0,0,FALSE
2019-05-24 06:28:00,0,0.0728956845743347,0,0,FALSE
2019-05-24 06:29:00,0,0.0728956845743347,0,0,FALSE
2019-05-24 06:30:00,0,0.0728956845743347,0,0,FALSE
2019-05-24 06:31:00,0,0.0728956845743347,0,0,FALSE
2019-05-24 06:32:00,0,0.0728956845743347,0,0,FALSE
2019-05-24 06:33:00,0,0.0728956845743347,0,0,FALSE
2019-05-24 06:34:00,0,0.0728956845743347,0,0,FALSE
2019-05-24 06:35:00,0,0.0728956845743347,0,0,FALSE
2019-05-24 06:36:00,0,0.0728956845743347,0,0,FALSE
2019-05-24 06:37:00,0,0.0728956845743347,0,0,FALSE
2019-05-24 06:38:00,0,0.0728956845743347,0,0,FALSE
2019-05-24 06:39:00,0,0.0728956845743347,0,0,FALSE
2019-05-24 06:40:00,0,0.0728956845743347,0,0,FALSE
2019-05-24 06:41:00,0,0.0728956845743347,0,0,FALSE
2019-05-24 06:42:00,1,0.0730548454576848,48.3623076929873,0,FALSE
2019-05-24 06:43:00,0,0.0730548454576848,0,0,FALSE
2019-05-24 06:44:00,2,0.0730548454576848,58.2247118297748,0,FALSE
2019-05-24 06:45:00,0,0.0730548454576848,0,0,FALSE
2019-05-24 06:46:00,0,0.0730548454576848,0,0,FALSE
2019-05-24 06:47:00,0,0.0730548454576848,0,0,FALSE
2019-05-24 06:48:00,0,0.0730548454576848,0,0,FALSE
2019-05-24 06:49:00,0,0.0730548454576848,0,0,FALSE
2019-05-24 06:50:00,0,0.0730548454576848,0,0,FALSE
2019-05-24 06:51:00,1,0.0730548454576848,33.2399546832466,0,FALSE
2019-05-24 06:52:00,6,0.0730548454576848,1370.72806532254,0,FALSE
2019-05-24 06:53:00,2,0.0730548454576848,232.24135370998,0,FALSE
2019-05-24 06:54:00,1,0.0730548454576848,482.965583320754,0,FALSE
2019-05-24 06:55:00,0,0.0730548454576848,0,0,FALSE
2019-05-24 06:56:00,2,0.0731344258993598,31.8866096921209,0,FALSE
2019-05-24 06:57:00,0,0.0731344258993598,0,0,FALSE
2019-05-24 06:58:00,0,0.0731344258993598,0,0,FALSE
2019-05-24 06:59:00,0,0.0731344258993598,0,0,FALSE
2019-05-24 07:00:00,0,0.0731344258993598,0,0,FALSE
2019-05-24 07:01:00,0,0.0731344258993598,0,0,FALSE
2019-05-24 07:02:00,1,0.0731344258993598,140.783769856268,0,FALSE
2019-05-24 07:03:00,7,0.0732367436100849,511.979736970615,4,FALSE
2019-05-24 07:04:00,0,0.0732367436100849,0,0,FALSE
2019-05-24 07:05:00,0,0.0732367436100849,0,0,FALSE
2019-05-24 07:06:00,5,0.0734049994010542,495.827374304272,4,FALSE
2019-05-24 07:07:00,0,0.0734049994010542,0,0,FALSE
2019-05-24 07:08:00,0,0.0734049994010542,0,0,FALSE
2019-05-24 07:09:00,1,0.0732140063410349,9.07853678628832,0,FALSE
2019-05-24 07:10:00,0,0.0732140063410349,0,0,FALSE
2019-05-24 07:11:00,0,0.0732140063410349,0,0,FALSE
2019-05-24 07:12:00,0,0.0732140063410349,0,0,FALSE
2019-05-24 07:13:00,0,0.0732140063410349,0,0,FALSE
2019-05-24 07:14:00,0,0.0732140063410349,0,0,FALSE
2019-05-24 07:15:00,0,0.0732140063410349,0,0,FALSE
2019-05-24 07:16:00,0,0.0732140063410349,0,0,FALSE
2019-05-24 07:17:00,0,0.0732140063410349,0,0,FALSE
2019-05-24 07:18:00,2,0.0732140063410349,103.744246985246,0,FALSE
2019-05-24 07:19:00,0,0.0732140063410349,0,0,FALSE
2019-05-24 07:20:00,0,0.0732140063410349,0,0,FALSE
2019-05-24 07:21:00,4,0.0736318036598275,1211.47701733205,0,FALSE
2019-05-24 07:22:00,1,0.0736914889910851,10.1694254807697,0,FALSE
2019-05-24 07:23:00,3,0.0737710694327567,476.678250945775,0,FALSE
2019-05-24 07:24:00,1,0.0736914889910836,40.530318945096,0,FALSE
2019-05-24 07:25:00,5,0.0738506498744352,3019.17317068717,4,FALSE
2019-05-24 07:26:00,0,0.0738506498744352,0,0,FALSE
2019-05-24 07:27:00,0,0.0738506498744352,0,0,FALSE
2019-05-24 07:28:00,6,0.0740496009786228,2047.04905407451,5,FALSE
2019-05-24 07:29:00,0,0.0740496009786228,0,0,FALSE
2019-05-24 07:30:00,0,0.0740496009786228,0,0,FALSE
2019-05-24 07:31:00,2,0.0740098107577852,122.116187750346,0,FALSE
2019-05-24 07:32:00,0,0.0740098107577852,0,0,FALSE
2019-05-24 07:33:00,0,0.0740098107577852,0,0,FALSE
2019-05-24 07:34:00,0,0.0740098107577852,0,0,FALSE
2019-05-24 07:35:00,0,0.0740098107577852,0,0,FALSE
2019-05-24 07:36:00,0,0.0740098107577852,0,0,FALSE
2019-05-24 07:37:00,0,0.0740098107577852,0,0,FALSE
2019-05-24 07:38:00,0,0.0740098107577852,0,0,FALSE
2019-05-24 07:39:00,0,0.0740098107577852,0,0,FALSE
2019-05-24 07:40:00,0,0.0740098107577852,0,0,FALSE
2019-05-24 07:41:00,3,0.0739302303161102,1407.89563312422,3,FALSE
2019-05-24 07:42:00,0,0.0739302303161102,0,0,FALSE
2019-05-24 07:43:00,0,0.0739302303161102,0,0,FALSE
2019-05-24 07:44:00,4,0.0741689716411353,282.13025301562,4,FALSE
2019-05-24 07:45:00,0,0.0741689716411353,0,0,FALSE
2019-05-24 07:46:00,3,0.0741424448272436,101.36702003153,3,FALSE
2019-05-24 07:47:00,0,0.0741424448272436,0,0,FALSE
2019-05-24 07:48:00,3,0.0739302303161102,237.242109084398,0,FALSE
2019-05-24 07:49:00,0,0.0739302303161102,0,0,FALSE
2019-05-24 07:50:00,0,0.0739302303161102,0,0,FALSE
2019-05-24 07:51:00,1,0.0740098107577852,11.9895893427612,0,FALSE
2019-05-24 07:52:00,1,0.0740098107577852,134.549835957654,0,FALSE
2019-05-24 07:53:00,0,0.0740098107577852,0,0,FALSE
2019-05-24 07:54:00,0,0.0740098107577852,0,0,FALSE
2019-05-24 07:55:00,1,0.0739302303161102,8.79769740761712,0,FALSE
2019-05-24 07:56:00,0,0.0739302303161102,0,0,FALSE
2019-05-24 07:57:00,0,0.0739302303161102,0,0,FALSE
2019-05-24 07:58:00,0,0.0739302303161102,0,0,FALSE
2019-05-24 07:59:00,0,0.0739302303161102,0,0,FALSE
2019-05-24 08:00:00,0,0.0739302303161102,0,0,FALSE
2019-05-24 08:01:00,0,0.0739302303161102,0,0,FALSE
2019-05-24 08:02:00,0,0.0739302303161102,0,0,FALSE
2019-05-24 08:03:00,0,0.0739302303161102,0,0,FALSE
2019-05-24 08:04:00,0,0.0739302303161102,0,0,FALSE
2019-05-24 08:05:00,1,0.0739302303161102,16.0428599785959,0,FALSE
2019-05-24 08:06:00,0,0.0739302303161102,0,0,FALSE
2019-05-24 08:07:00,0,0.0739302303161102,0,0,FALSE
2019-05-24 08:08:00,0,0.0739302303161102,0,0,FALSE
2019-05-24 08:09:00,0,0.0739302303161102,0,0,FALSE
2019-05-24 08:10:00,0,0.0739302303161102,0,0,FALSE
2019-05-24 08:11:00,0,0.0739302303161102,0,0,FALSE
2019-05-24 08:12:00,0,0.0739302303161102,0,0,FALSE
2019-05-24 08:13:00,0,0.0739302303161102,0,0,FALSE
2019-05-24 08:14:00,0,0.0739302303161102,0,0,FALSE
2019-05-24 08:15:00,2,0.0742485520828104,254.449787987791,0,FALSE
2019-05-24 08:16:00,0,0.0742485520828104,0,0,FALSE
2019-05-24 08:17:00,0,0.0742485520828104,0,0,FALSE
2019-05-24 08:18:00,0,0.0742485520828104,0,0,FALSE
2019-05-24 08:19:00,0,0.0742485520828104,0,0,FALSE
2019-05-24 08:20:00,0,0.0742485520828104,0,0,FALSE
2019-05-24 08:21:00,1,0.0738506498744352,79.5371499147667,0,FALSE
2019-05-24 08:22:00,0,0.0738506498744352,0,0,FALSE
2019-05-24 08:23:00,0,0.0738506498744352,0,0,FALSE
2019-05-24 08:24:00,0,0.0738506498744352,0,0,FALSE
2019-05-24 08:25:00,0,0.0738506498744352,0,0,FALSE
2019-05-24 08:26:00,0,0.0738506498744352,0,0,FALSE
2019-05-24 08:27:00,1,0.073532328107735,15.8829828712708,0,FALSE
2019-05-24 08:28:00,0,0.073532328107735,0,0,FALSE
2019-05-24 08:29:00,0,0.073532328107735,0,0,FALSE
2019-05-24 08:30:00,0,0.073532328107735,0,0,FALSE
2019-05-24 08:31:00,0,0.073532328107735,0,0,FALSE
2019-05-24 08:32:00,5,0.0732935867827099,468.71248747543,0,FALSE
2019-05-24 08:33:00,1,0.0732935867827099,35.9138575235279,0,FALSE
2019-05-24 08:34:00,0,0.0732935867827099,0,0,FALSE
2019-05-24 08:35:00,0,0.0732935867827099,0,0,FALSE
2019-05-24 08:36:00,0,0.0732935867827099,0,0,FALSE
2019-05-24 08:37:00,0,0.0732935867827099,0,0,FALSE
2019-05-24 08:38:00,2,0.0733731672243849,1918.92231472533,0,FALSE
2019-05-24 08:39:00,1,0.0732935867827099,67.0636319061796,0,FALSE
2019-05-24 08:40:00,0,0.0732935867827099,0,0,FALSE
2019-05-24 08:41:00,0,0.0732935867827099,0,0,FALSE
2019-05-24 08:42:00,1,0.0732140063410349,163.340448146849,0,FALSE
2019-05-24 08:43:00,0,0.0732140063410349,0,0,FALSE
2019-05-24 08:44:00,0,0.0732140063410349,0,0,FALSE
2019-05-24 08:45:00,0,0.0732140063410349,0,0,FALSE
2019-05-24 08:46:00,1,0.0732935867827099,265.396077740193,0,FALSE
2019-05-24 08:47:00,0,0.0732935867827099,0,0,FALSE
2019-05-24 08:48:00,0,0.0732935867827099,0,0,FALSE
2019-05-24 08:49:00,0,0.0732935867827099,0,0,FALSE
2019-05-24 08:50:00,0,0.0732935867827099,0,0,FALSE
2019-05-24 08:51:00,1,0.0732935867827099,159.120376905263,0,FALSE
2019-05-24 08:52:00,0,0.0732935867827099,0,0,FALSE
2019-05-24 08:53:00,1,0.0732935867827099,1239.02808456171,0,FALSE
2019-05-24 08:54:00,0,0.0732935867827099,0,0,FALSE
2019-05-24 08:55:00,0,0.0732935867827099,0,0,FALSE
2019-05-24 08:56:00,0,0.0732935867827099,0,0,FALSE
2019-05-24 08:57:00,0,0.0732935867827099,0,0,FALSE
2019-05-24 08:58:00,3,0.0732935867827099,109.647205826934,2,FALSE
2019-05-24 08:59:00,0,0.0732935867827099,0,0,FALSE
2019-05-24 09:00:00,0,0.0732935867827099,0,0,FALSE
2019-05-24 09:01:00,0,0.0732935867827099,0,0,FALSE
2019-05-24 09:02:00,0,0.0732935867827099,0,0,FALSE
2019-05-24 09:03:00,0,0.0732935867827099,0,0,FALSE
2019-05-24 09:04:00,0,0.0732935867827099,0,0,FALSE
2019-05-24 09:05:00,1,0.0732935867827099,10.3343957363621,0,FALSE
2019-05-24 09:06:00,0,0.0732935867827099,0,0,FALSE
2019-05-24 09:07:00,1,0.0732935867827099,8.28217530644622,0,FALSE
2019-05-24 09:08:00,0,0.0732935867827099,0,0,FALSE
2019-05-24 09:09:00,0,0.0732935867827099,0,0,FALSE
2019-05-24 09:10:00,0,0.0732935867827099,0,0,FALSE
2019-05-24 09:11:00,0,0.0732935867827099,0,0,FALSE
2019-05-24 09:12:00,1,0.07345274766606,1401.69878371142,0,FALSE
2019-05-24 09:13:00,0,0.07345274766606,0,0,FALSE
2019-05-24 09:14:00,2,0.0734129574452225,56.8279954979362,2,FALSE
2019-05-24 09:15:00,1,0.07345274766606,109.518046770095,0,FALSE
2019-05-24 09:16:00,0,0.07345274766606,0,0,FALSE
2019-05-24 09:17:00,2,0.0735323281077349,901.958041187778,0,FALSE
2019-05-24 09:18:00,2,0.0736516987702475,321.50299485611,0,FALSE
2019-05-24 09:19:00,3,0.0735853817355157,186.861561810088,0,FALSE
2019-05-24 09:20:00,0,0.0735853817355157,0,0,FALSE
2019-05-24 09:21:00,0,0.0735853817355157,0,0,FALSE
2019-05-24 09:22:00,0,0.0735853817355157,0,0,FALSE
2019-05-24 09:23:00,0,0.0735853817355157,0,0,FALSE
2019-05-24 09:24:00,0,0.0735853817355157,0,0,FALSE
2019-05-24 09:25:00,0,0.0735853817355157,0,0,FALSE
2019-05-24 09:26:00,0,0.0735853817355157,0,0,FALSE
2019-05-24 09:27:00,0,0.0735853817355157,0,0,FALSE
2019-05-24 09:28:00,0,0.0735853817355157,0,0,FALSE
2019-05-24 09:29:00,0,0.0735853817355157,0,0,FALSE
2019-05-24 09:30:00,1,0.0733731672243849,88.3412933381595,0,FALSE
2019-05-24 09:31:00,0,0.0733731672243849,0,0,FALSE
2019-05-24 09:32:00,1,0.0733731672243849,7.99767522745796,0,FALSE
2019-05-24 09:33:00,1,0.0733731672243849,41.5292126490019,0,FALSE
2019-05-24 09:34:00,0,0.0733731672243849,0,0,FALSE
2019-05-24 09:35:00,4,0.0738904400952727,1368.52400540991,4,FALSE
2019-05-24 09:36:00,0,0.0738904400952727,0,0,FALSE
2019-05-24 09:37:00,0,0.0738904400952727,0,0,FALSE
2019-05-24 09:38:00,0,0.0738904400952727,0,0,FALSE
2019-05-24 09:39:00,1,0.0736914889910851,26.0867871028441,0,FALSE
2019-05-24 09:40:00,1,0.0736914889910812,15.0330637541806,0,FALSE
2019-05-24 09:41:00,0,0.0736914889910812,0,0,FALSE
2019-05-24 09:42:00,0,0.0736914889910812,0,0,FALSE
2019-05-24 09:43:00,0,0.0736914889910812,0,0,FALSE
2019-05-24 09:44:00,0,0.0736914889910812,0,0,FALSE
2019-05-24 09:45:00,0,0.0736914889910812,0,0,FALSE
2019-05-24 09:46:00,6,0.0730813722715765,589.641494196867,2,FALSE
2019-05-24 09:47:00,0,0.0730813722715765,0,0,FALSE
2019-05-24 09:48:00,6,0.0732670599688182,1916.30921134249,4,FALSE
2019-05-24 09:49:00,0,0.0732670599688182,0,0,FALSE
2019-05-24 09:50:00,0,0.0732670599688182,0,0,FALSE
2019-05-24 09:51:00,0,0.0732670599688182,0,0,FALSE
2019-05-24 09:52:00,0,0.0732670599688182,0,0,FALSE
2019-05-24 09:53:00,0,0.0732670599688182,0,0,FALSE
2019-05-24 09:54:00,0,0.0732670599688182,0,0,FALSE
2019-05-24 09:55:00,2,0.0728161041326597,83.8113358566913,0,FALSE
2019-05-24 09:56:00,0,0.0728161041326597,0,0,FALSE
2019-05-24 09:57:00,2,0.0728292041548376,185.644787102616,0,FALSE
2019-05-24 09:58:00,6,0.0725371971398189,376.955120856711,2,FALSE
2019-05-24 09:59:00,5,0.0724867595644971,161.03122379969,0,FALSE
2019-05-24 10:00:00,1,0.0724708319091307,23.7704328661949,0,FALSE
2019-05-24 10:01:00,0,0.0724708319091307,0,0,FALSE
2019-05-24 10:02:00,1,0.0723911936323099,43.3623249857536,0,FALSE
2019-05-24 10:03:00,0,0.0723911936323099,0,0,FALSE
2019-05-24 10:04:00,0,0.0723911936323099,0,0,FALSE
2019-05-24 10:05:00,2,0.0723513744938981,179.919989573177,0,FALSE
2019-05-24 10:06:00,1,0.0723115553554843,23.9351248226653,0,FALSE
2019-05-24 10:07:00,0,0.0723115553554843,0,0,FALSE
2019-05-24 10:08:00,0,0.0723115553554843,0,0,FALSE
2019-05-24 10:09:00,0,0.0723115553554843,0,0,FALSE
2019-05-24 10:10:00,1,0.0722319170786634,238.87094977914,0,FALSE
2019-05-24 10:11:00,0,0.0722319170786634,0,0,FALSE
2019-05-24 10:12:00,2,0.0722319170786618,29.7595498364085,0,FALSE
2019-05-24 10:13:00,0,0.0722319170786618,0,0,FALSE
2019-05-24 10:14:00,0,0.0722319170786618,0,0,FALSE
2019-05-24 10:15:00,0,0.0722319170786618,0,0,FALSE
2019-05-24 10:16:00,12,0.0713758056028138,2379.80386784737,4,FALSE
2019-05-24 10:17:00,1,0.0714355343104312,34.2176209346965,0,FALSE
2019-05-24 10:18:00,1,0.0712762577567848,54.2412321529132,0,FALSE
2019-05-24 10:19:00,0,0.0712762577567848,0,0,FALSE
2019-05-24 10:20:00,0,0.0712762577567848,0,0,FALSE
2019-05-24 10:21:00,2,0.0712762577567848,230.222312554415,0,FALSE
2019-05-24 10:22:00,0,0.0712762577567848,0,0,FALSE
2019-05-24 10:23:00,0,0.0712762577567848,0,0,FALSE
2019-05-24 10:24:00,17,0.0705501440563376,1454.30571163512,2,FALSE
2019-05-24 10:25:00,5,0.0705754409207402,201.077331300249,2,FALSE
2019-05-24 10:26:00,2,0.070639151542199,147.353270117027,0,FALSE
2019-05-24 10:27:00,0,0.070639151542199,0,0,FALSE
2019-05-24 10:28:00,1,0.070639151542199,268.428775860356,0,FALSE
2019-05-24 10:29:00,17,0.0710701351579474,4599.83328354158,12,FALSE
2019-05-24 10:30:00,1,0.0716744491409009,86.5110601130674,0,FALSE
2019-05-24 10:31:00,2,0.0712762577567848,16.8211968306012,0,FALSE
2019-05-24 10:32:00,2,0.0712762577567848,93.0867926303609,0,FALSE
2019-05-24 10:33:00,4,0.0715151725872544,572.664035916309,4,FALSE
2019-05-24 10:34:00,6,0.0713691690797452,948.872866480911,4,FALSE
2019-05-24 10:35:00,1,0.0711169812031335,11.8765358609233,0,FALSE
2019-05-24 10:36:00,1,0.0711169812031379,124.952535973913,0,FALSE
2019-05-24 10:37:00,0,0.0711169812031379,0,0,FALSE
2019-05-24 10:38:00,0,0.0711169812031379,0,0,FALSE
2019-05-24 10:39:00,0,0.0711169812031379,0,0,FALSE
2019-05-24 10:40:00,4,0.0713160768951964,133.233164721439,0,FALSE
2019-05-24 10:41:00,2,0.0714355343104312,39.8610281452206,0,FALSE
2019-05-24 10:42:00,2,0.0713957151720196,589.718254344895,2,FALSE
2019-05-24 10:43:00,1,0.0715948108640777,2.43422356937864,0,FALSE
2019-05-24 10:44:00,0,0.0715948108640777,0,0,FALSE
2019-05-24 10:45:00,2,0.0715948108640777,5.29801600394175,0,FALSE
2019-05-24 10:46:00,3,0.0716744491409009,796.779207574258,3,FALSE
2019-05-24 10:47:00,0,0.0716744491409009,0,0,FALSE
2019-05-24 10:48:00,1,0.0715948108640776,71.5948108640776,0,FALSE
2019-05-24 10:49:00,0,0.0715948108640776,0,0,FALSE
2019-05-24 10:50:00,0,0.0715948108640776,0,0,FALSE
2019-05-24 10:51:00,0,0.0715948108640776,0,0,FALSE
2019-05-24 10:52:00,1,0.0715151725872544,39.619405613339,0,FALSE
2019-05-24 10:53:00,0,0.0715151725872544,0,0,FALSE
2019-05-24 10:54:00,0,0.0715151725872544,0,0,FALSE
2019-05-24 10:55:00,1,0.0711966194799615,2.7766681597185,0,FALSE
2019-05-24 10:56:00,3,0.0712497116645104,460.730367246071,2,FALSE
2019-05-24 10:57:00,0,0.0712497116645104,0,0,FALSE
2019-05-24 10:58:00,0,0.0712497116645104,0,0,FALSE
2019-05-24 10:59:00,0,0.0712497116645104,0,0,FALSE
2019-05-24 11:00:00,0,0.0712497116645104,0,0,FALSE
2019-05-24 11:01:00,0,0.0712497116645104,0,0,FALSE
2019-05-24 11:02:00,0,0.0712497116645104,0,0,FALSE
2019-05-24 11:03:00,0,0.0712497116645104,0,0,FALSE
2019-05-24 11:04:00,0,0.0712497116645104,0,0,FALSE
2019-05-24 11:05:00,0,0.0712497116645104,0,0,FALSE
2019-05-24 11:06:00,0,0.0712497116645104,0,0,FALSE
2019-05-24 11:07:00,0,0.0712497116645104,0,0,FALSE
2019-05-24 11:08:00,1,0.0711966194799615,53.611054468411,0,FALSE
2019-05-24 11:09:00,1,0.0711966194799615,27.695484977705,0,FALSE
2019-05-24 11:10:00,1,0.0712762577567848,173.842792668798,0,FALSE
2019-05-24 11:11:00,2,0.0713957151720196,207.61579310399,0,FALSE
2019-05-24 11:12:00,0,0.0713957151720196,0,0,FALSE
2019-05-24 11:13:00,0,0.0713957151720196,0,0,FALSE
2019-05-24 11:14:00,2,0.0714355343104312,30.7887152877958,0,FALSE
2019-05-24 11:15:00,2,0.0714355343104312,42.575578449017,0,FALSE
2019-05-24 11:16:00,0,0.0714355343104312,0,0,FALSE
2019-05-24 11:17:00,1,0.0714355343104312,28.4313426555516,0,FALSE
2019-05-24 11:18:00,2,0.0714355343104312,22.5736288420963,0,FALSE
2019-05-24 11:19:00,0,0.0714355343104312,0,0,FALSE
2019-05-24 11:20:00,0,0.0714355343104312,0,0,FALSE
2019-05-24 11:21:00,1,0.0714355343104312,14.2871068620862,0,FALSE
2019-05-24 11:22:00,2,0.0715151725872544,47.296376222544,0,FALSE
2019-05-24 11:23:00,1,0.0715151725872544,15.9478834869577,0,FALSE
2019-05-24 11:24:00,0,0.0715151725872544,0,0,FALSE
2019-05-24 11:25:00,0,0.0715151725872544,0,0,FALSE
2019-05-24 11:26:00,1,0.0715151725872544,2.71757655831567,0,FALSE
2019-05-24 11:27:00,1,0.0715151725872544,219.480064670284,0,FALSE
2019-05-24 11:28:00,0,0.0715151725872544,0,0,FALSE
2019-05-24 11:29:00,0,0.0715151725872544,0,0,FALSE
2019-05-24 11:30:00,0,0.0715151725872544,0,0,FALSE
2019-05-24 11:31:00,1,0.0715151725872544,10.2981848525646,0,FALSE
2019-05-24 11:32:00,0,0.0715151725872544,0,0,FALSE
2019-05-24 11:33:00,0,0.0715151725872544,0,0,FALSE
2019-05-24 11:34:00,0,0.0715151725872544,0,0,FALSE
2019-05-24 11:35:00,0,0.0715151725872544,0,0,FALSE
2019-05-24 11:36:00,2,0.0712762577567848,134.213193356026,0,FALSE
2019-05-24 11:37:00,1,0.0709577046494919,14.6882448624448,0,FALSE
2019-05-24 11:38:00,3,0.0708249741881198,267.539057031687,2,FALSE
2019-05-24 11:39:00,1,0.0707984280958454,227.900140040526,0,FALSE
2019-05-24 11:40:00,0,0.0707984280958454,0,0,FALSE
2019-05-24 11:41:00,0,0.0707984280958454,0,0,FALSE
2019-05-24 11:42:00,0,0.0707984280958454,0,0,FALSE
2019-05-24 11:43:00,0,0.0707984280958454,0,0,FALSE
2019-05-24 11:44:00,2,0.0707984280958428,32.4964784959922,0,FALSE
2019-05-24 11:45:00,0,0.0707984280958428,0,0,FALSE
2019-05-24 11:46:00,1,0.0707984280958454,50.4084808042419,0,FALSE
2019-05-24 11:47:00,0,0.0707984280958454,0,0,FALSE
2019-05-24 11:48:00,0,0.0707984280958454,0,0,FALSE
2019-05-24 11:49:00,0,0.0707984280958454,0,0,FALSE
2019-05-24 11:50:00,0,0.0707984280958454,0,0,FALSE
2019-05-24 11:51:00,0,0.0707984280958454,0,0,FALSE
2019-05-24 11:52:00,0,0.0707984280958454,0,0,FALSE
2019-05-24 11:53:00,0,0.0707984280958454,0,0,FALSE
2019-05-24 11:54:00,0,0.0707984280958454,0,0,FALSE
2019-05-24 11:55:00,0,0.0707984280958454,0,0,FALSE
2019-05-24 11:56:00,0,0.0707984280958454,0,0,FALSE
2019-05-24 11:57:00,0,0.0707984280958454,0,0,FALSE
2019-05-24 11:58:00,0,0.0707984280958454,0,0,FALSE
2019-05-24 11:59:00,0,0.0707984280958454,0,0,FALSE
2019-05-24 12:00:00,0,0.0707984280958454,0,0,FALSE
2019-05-24 12:01:00,2,0.0708780663726686,800.669298482242,2,FALSE
2019-05-24 12:02:00,0,0.0708780663726686,0,0,FALSE
2019-05-24 12:03:00,0,0.0708780663726686,0,0,FALSE
2019-05-24 12:04:00,0,0.0708780663726686,0,0,FALSE
2019-05-24 12:05:00,0,0.0708780663726686,0,0,FALSE
2019-05-24 12:06:00,0,0.0708780663726686,0,0,FALSE
2019-05-24 12:07:00,0,0.0708780663726686,0,0,FALSE
2019-05-24 12:08:00,0,0.0708780663726686,0,0,FALSE
2019-05-24 12:09:00,0,0.0708780663726686,0,0,FALSE
2019-05-24 12:10:00,0,0.0708780663726686,0,0,FALSE
2019-05-24 12:11:00,0,0.0708780663726686,0,0,FALSE
2019-05-24 12:12:00,0,0.0708780663726686,0,0,FALSE
2019-05-24 12:13:00,0,0.0708780663726686,0,0,FALSE
2019-05-24 12:14:00,0,0.0708780663726686,0,0,FALSE
2019-05-24 12:15:00,0,0.0708780663726686,0,0,FALSE
2019-05-24 12:16:00,0,0.0708780663726686,0,0,FALSE
2019-05-24 12:17:00,2,0.070878066372666,26.5792748897499,0,FALSE
2019-05-24 12:18:00,0,0.070878066372666,0,0,FALSE
2019-05-24 12:19:00,0,0.070878066372666,0,0,FALSE
2019-05-24 12:20:00,0,0.070878066372666,0,0,FALSE
2019-05-24 12:21:00,0,0.070878066372666,0,0,FALSE
2019-05-24 12:22:00,0,0.070878066372666,0,0,FALSE
2019-05-24 12:23:00,0,0.070878066372666,0,0,FALSE
2019-05-24 12:24:00,0,0.070878066372666,0,0,FALSE
2019-05-24 12:25:00,0,0.070878066372666,0,0,FALSE
2019-05-24 12:26:00,6,0.0707187898190205,286.693973926314,0,FALSE
2019-05-24 12:27:00,0,0.0707187898190205,0,0,FALSE
2019-05-24 12:28:00,0,0.0707187898190205,0,0,FALSE
2019-05-24 12:29:00,0,0.0707187898190205,0,0,FALSE
2019-05-24 12:30:00,1,0.0706391515421924,8.54733733660528,0,FALSE
2019-05-24 12:31:00,1,0.070639151542199,11.2316250952096,0,FALSE
2019-05-24 12:32:00,2,0.0706789706806106,32.3636418502519,0,FALSE
2019-05-24 12:33:00,0,0.0706789706806106,0,0,FALSE
2019-05-24 12:34:00,0,0.0706789706806106,0,0,FALSE
2019-05-24 12:35:00,4,0.0703405080041119,262.445552122627,0,FALSE
2019-05-24 12:36:00,0,0.0703405080041119,0,0,FALSE
2019-05-24 12:37:00,3,0.0702675062503573,115.221296014054,0,FALSE
2019-05-24 12:38:00,9,0.0702498088555077,379.041325156373,0,FALSE
2019-05-24 12:39:00,8,0.0701613218812596,532.945401010048,0,FALSE
2019-05-24 12:40:00,0,0.0701613218812596,0,0,FALSE
2019-05-24 12:41:00,1,0.0701613218812596,79.6331003352297,0,FALSE
2019-05-24 12:42:00,2,0.0701613218812596,315.024335246856,0,FALSE
2019-05-24 12:43:00,0,0.0701613218812596,0,0,FALSE
2019-05-24 12:44:00,0,0.0701613218812596,0,0,FALSE
2019-05-24 12:45:00,4,0.0704599654193467,334.569798251026,3,FALSE
2019-05-24 12:46:00,2,0.0705595132653756,176.539902189969,0,FALSE
2019-05-24 12:47:00,1,0.0705595132653757,78.0388216715056,0,FALSE
2019-05-24 12:48:00,1,0.0704798749885525,11.8406189980768,0,FALSE
2019-05-24 12:49:00,0,0.0704798749885525,0,0,FALSE
2019-05-24 12:50:00,0,0.0704798749885525,0,0,FALSE
2019-05-24 12:51:00,0,0.0704798749885525,0,0,FALSE
2019-05-24 12:52:00,0,0.0704798749885525,0,0,FALSE
2019-05-24 12:53:00,2,0.0703205984349061,137.406449341806,2,FALSE
2019-05-24 12:54:00,0,0.0703205984349061,0,0,FALSE
2019-05-24 12:55:00,0,0.0703205984349061,0,0,FALSE
2019-05-24 12:56:00,0,0.0703205984349061,0,0,FALSE
2019-05-24 12:57:00,0,0.0703205984349061,0,0,FALSE
2019-05-24 12:58:00,0,0.0703205984349061,0,0,FALSE
2019-05-24 12:59:00,0,0.0703205984349061,0,0,FALSE
2019-05-24 13:00:00,0,0.0703205984349061,0,0,FALSE
2019-05-24 13:01:00,0,0.0703205984349061,0,0,FALSE
2019-05-24 13:02:00,1,0.0702409601580829,87.9416821179197,0,FALSE
2019-05-24 13:03:00,0,0.0702409601580829,0,0,FALSE
2019-05-24 13:04:00,2,0.0702409601580829,200.818905091959,0,FALSE
2019-05-24 13:05:00,0,0.0702409601580829,0,0,FALSE
2019-05-24 13:06:00,1,0.0702409601580829,13.2755414698777,0,FALSE
2019-05-24 13:07:00,0,0.0702409601580829,0,0,FALSE
2019-05-24 13:08:00,1,0.0702409601580829,239.802637979695,0,FALSE
2019-05-24 13:09:00,0,0.0702409601580829,0,0,FALSE
2019-05-24 13:10:00,2,0.0700020453276132,38.2911187942044,0,FALSE
2019-05-24 13:11:00,1,0.0700020453276132,7.9802331673479,0,FALSE
2019-05-24 13:12:00,0,0.0700020453276132,0,0,FALSE
2019-05-24 13:13:00,1,0.0700816836044364,87.8123495563588,0,FALSE
2019-05-24 13:14:00,0,0.0700816836044364,0,0,FALSE
2019-05-24 13:15:00,0,0.0700816836044364,0,0,FALSE
2019-05-24 13:16:00,0,0.0700816836044364,0,0,FALSE
2019-05-24 13:17:00,0,0.0700816836044364,0,0,FALSE
2019-05-24 13:18:00,0,0.0700816836044364,0,0,FALSE
2019-05-24 13:19:00,0,0.0700816836044364,0,0,FALSE
2019-05-24 13:20:00,0,0.0700816836044364,0,0,FALSE
2019-05-24 13:21:00,0,0.0700816836044364,0,0,FALSE
2019-05-24 13:22:00,6,0.0700285914198876,167.054824143771,2,FALSE
2019-05-24 13:23:00,0,0.0700285914198876,0,0,FALSE
2019-05-24 13:24:00,2,0.0699622261892016,48.3283290136194,0,FALSE
2019-05-24 13:25:00,9,0.0702055653683836,6114.10255607247,9,FALSE
2019-05-24 13:26:00,1,0.0700020453276132,24.0107015473713,0,FALSE
2019-05-24 13:27:00,0,0.0700020453276132,0,0,FALSE
2019-05-24 13:28:00,3,0.0700285914198876,76.0547136427318,0,FALSE
2019-05-24 13:29:00,0,0.0700285914198876,0,0,FALSE
2019-05-24 13:30:00,0,0.0700285914198876,0,0,FALSE
2019-05-24 13:31:00,3,0.0700285914198876,246.675102716432,0,FALSE
2019-05-24 13:32:00,0,0.0700285914198876,0,0,FALSE
2019-05-24 13:33:00,0,0.0700285914198876,0,0,FALSE
2019-05-24 13:34:00,0,0.0700285914198876,0,0,FALSE
2019-05-24 13:35:00,0,0.0700285914198876,0,0,FALSE
2019-05-24 13:36:00,0,0.0700285914198876,0,0,FALSE
2019-05-24 13:37:00,1,0.0702409601580829,127.838547487711,0,FALSE
2019-05-24 13:38:00,0,0.0702409601580829,0,0,FALSE
2019-05-24 13:39:00,0,0.0702409601580829,0,0,FALSE
2019-05-24 13:40:00,1,0.0702409601580829,15.242288354304,0,FALSE
2019-05-24 13:41:00,0,0.0702409601580829,0,0,FALSE
2019-05-24 13:42:00,0,0.0702409601580829,0,0,FALSE
2019-05-24 13:43:00,6,0.0703338714810433,320.627604765861,2,FALSE
2019-05-24 13:44:00,0,0.0703338714810433,0,0,FALSE
2019-05-24 13:45:00,0,0.0703338714810433,0,0,FALSE
2019-05-24 13:46:00,1,0.0702409601580829,14.0481920316166,0,FALSE
2019-05-24 13:47:00,1,0.0702409601580829,5.3383129720143,0,FALSE
2019-05-24 13:48:00,0,0.0702409601580829,0,0,FALSE
2019-05-24 13:49:00,4,0.0704002367117293,281.650242940271,4,FALSE
2019-05-24 13:50:00,1,0.0702409601580829,12.0112041870322,0,FALSE
2019-05-24 13:51:00,3,0.0703471445271805,83.4421194774076,2,FALSE
2019-05-24 13:52:00,1,0.0703205984349061,40.5749852969408,0,FALSE
2019-05-24 13:53:00,0,0.0703205984349061,0,0,FALSE
2019-05-24 13:54:00,0,0.0703205984349061,0,0,FALSE
2019-05-24 13:55:00,0,0.0703205984349061,0,0,FALSE
2019-05-24 13:56:00,0,0.0703205984349061,0,0,FALSE
2019-05-24 13:57:00,0,0.0703205984349061,0,0,FALSE
2019-05-24 13:58:00,0,0.0703205984349061,0,0,FALSE
2019-05-24 13:59:00,2,0.0703604175733172,79.1579783757015,2,FALSE
2019-05-24 14:00:00,2,0.0703604175733177,64.9260608394546,2,FALSE
2019-05-24 14:01:00,2,0.0703604175733177,240.05971033728,2,FALSE
2019-05-24 14:02:00,0,0.0703604175733177,0,0,FALSE
2019-05-24 14:03:00,0,0.0703604175733177,0,0,FALSE
2019-05-24 14:04:00,1,0.0702409601580829,11.8004813065579,0,FALSE
2019-05-24 14:05:00,0,0.0702409601580829,0,0,FALSE
2019-05-24 14:06:00,0,0.0702409601580829,0,0,FALSE
2019-05-24 14:07:00,0,0.0702409601580829,0,0,FALSE
2019-05-24 14:08:00,0,0.0702409601580829,0,0,FALSE
2019-05-24 14:09:00,0,0.0702409601580829,0,0,FALSE
2019-05-24 14:10:00,0,0.0702409601580829,0,0,FALSE
2019-05-24 14:11:00,0,0.0702409601580829,0,0,FALSE
2019-05-24 14:12:00,0,0.0702409601580829,0,0,FALSE
2019-05-24 14:13:00,0,0.0702409601580829,0,0,FALSE
2019-05-24 14:14:00,0,0.0702409601580829,0,0,FALSE
2019-05-24 14:15:00,1,0.0702409601580829,15.6637341152525,0,FALSE
2019-05-24 14:16:00,0,0.0702409601580829,0,0,FALSE
2019-05-24 14:17:00,0,0.0702409601580829,0,0,FALSE
2019-05-24 14:18:00,0,0.0702409601580829,0,0,FALSE
2019-05-24 14:19:00,0,0.0702409601580829,0,0,FALSE
2019-05-24 14:20:00,0,0.0702409601580829,0,0,FALSE
2019-05-24 14:21:00,0,0.0702409601580829,0,0,FALSE
2019-05-24 14:22:00,0,0.0702409601580829,0,0,FALSE
2019-05-24 14:23:00,0,0.0702409601580829,0,0,FALSE
2019-05-24 14:24:00,1,0.0701613218812596,21.6798484613092,0,FALSE
2019-05-24 14:25:00,0,0.0701613218812596,0,0,FALSE
2019-05-24 14:26:00,0,0.0701613218812596,0,0,FALSE
2019-05-24 14:27:00,0,0.0701613218812596,0,0,FALSE
2019-05-24 14:28:00,0,0.0701613218812596,0,0,FALSE
2019-05-24 14:29:00,1,0.0700816836044364,52.8415894377451,0,FALSE
2019-05-24 14:30:00,1,0.0698427687739668,64.3251900408234,0,FALSE
2019-05-24 14:31:00,0,0.0698427687739668,0,0,FALSE
2019-05-24 14:32:00,0,0.0698427687739668,0,0,FALSE
2019-05-24 14:33:00,8,0.0700353364779517,793.326434539576,2,FALSE
2019-05-24 14:34:00,6,0.0704888986570473,605.086177517598,6,FALSE
2019-05-24 14:35:00,0,0.0704888986570473,0,0,FALSE
2019-05-24 14:36:00,2,0.0704755585929562,703.955262124484,2,FALSE
2019-05-24 14:37:00,0,0.0704755585929562,0,0,FALSE
2019-05-24 14:38:00,0,0.0704755585929562,0,0,FALSE
2019-05-24 14:39:00,0,0.0704755585929562,0,0,FALSE
2019-05-24 14:40:00,1,0.0701153768624982,14.0230753724996,0,FALSE
2019-05-24 14:41:00,0,0.0701153768624982,0,0,FALSE
2019-05-24 14:42:00,0,0.0701153768624982,0,0,FALSE
2019-05-24 14:43:00,1,0.0701153768624982,8.48396060036228,0,FALSE
2019-05-24 14:44:00,8,0.0699452910453352,515.956887144601,0,FALSE
2019-05-24 14:45:00,5,0.0699552960934054,198.532650070777,3,FALSE
2019-05-24 14:46:00,0,0.0699552960934054,0,0,FALSE
2019-05-24 14:47:00,0,0.0699552960934054,0,0,FALSE
2019-05-24 14:48:00,10,0.0698512435934949,498.258437354123,2,FALSE
2019-05-24 14:49:00,4,0.0698952658049959,142.095294483,0,FALSE
2019-05-24 14:50:00,2,0.0699953162856776,61.5165583103113,0,FALSE
2019-05-24 14:51:00,0,0.0699953162856776,0,0,FALSE
2019-05-24 14:52:00,2,0.0696351345552208,19.2192971372409,2,FALSE
2019-05-24 14:53:00,1,0.0695550941706746,29.4218048341953,0,FALSE
2019-05-24 14:54:00,0,0.0695550941706746,0,0,FALSE
2019-05-24 14:55:00,4,0.069535084074538,725.296589936815,2,FALSE
2019-05-24 14:56:00,0,0.069535084074538,0,0,FALSE
2019-05-24 14:57:00,4,0.0698152254204489,739.074661692217,4,FALSE
2019-05-24 14:58:00,2,0.0699552960934057,72.6135973449551,0,FALSE
2019-05-24 14:59:00,0,0.0699552960934057,0,0,FALSE
2019-05-24 15:00:00,0,0.0699552960934057,0,0,FALSE
2019-05-24 15:01:00,4,0.0695751042668111,148.010519022121,2,FALSE
2019-05-24 15:02:00,1,0.0694750537861283,20.7035660282662,0,FALSE
2019-05-24 15:03:00,3,0.069341653145218,220.323164521182,2,FALSE
2019-05-24 15:04:00,0,0.069341653145218,0,0,FALSE
2019-05-24 15:05:00,1,0.0687546903252123,8.11305345837505,0,FALSE
2019-05-24 15:06:00,12,0.0690681818313517,778.59196022923,4,FALSE
2019-05-24 15:07:00,4,0.0690148215749875,278.884391712894,0,FALSE
2019-05-24 15:08:00,2,0.0690748518633972,160.115506619355,0,FALSE
2019-05-24 15:09:00,1,0.0690748518633972,80.0577533096773,0,FALSE
2019-05-24 15:10:00,1,0.0690748518633972,93.1819751637228,0,FALSE
2019-05-24 15:11:00,0,0.0690748518633972,0,0,FALSE
2019-05-24 15:12:00,0,0.0690748518633972,0,0,FALSE
2019-05-24 15:13:00,0,0.0690748518633972,0,0,FALSE
2019-05-24 15:14:00,0,0.0690748518633972,0,0,FALSE
2019-05-24 15:15:00,0,0.0690748518633972,0,0,FALSE
2019-05-24 15:16:00,1,0.0689147710943047,37.1450616198302,0,FALSE
2019-05-24 15:17:00,0,0.0689147710943047,0,0,FALSE
2019-05-24 15:18:00,0,0.0689147710943047,0,0,FALSE
2019-05-24 15:19:00,0,0.0689147710943047,0,0,FALSE
2019-05-24 15:20:00,0,0.0689147710943047,0,0,FALSE
2019-05-24 15:21:00,0,0.0689147710943047,0,0,FALSE
2019-05-24 15:22:00,8,0.0685946095561182,895.297404209161,0,FALSE
2019-05-24 15:23:00,0,0.0685946095561182,0,0,FALSE
2019-05-24 15:24:00,2,0.0685145691715733,119.557923204395,0,FALSE
2019-05-24 15:25:00,4,0.0686346297483929,1428.98227604615,4,FALSE
2019-05-24 15:26:00,0,0.0686346297483929,0,0,FALSE
2019-05-24 15:27:00,1,0.0683544884024804,76.1469000803632,0,FALSE
2019-05-24 15:28:00,0,0.0683544884024804,0,0,FALSE
2019-05-24 15:29:00,3,0.0685145691715736,239.184360977963,0,FALSE
2019-05-24 15:30:00,0,0.0685145691715736,0,0,FALSE
2019-05-24 15:31:00,2,0.0685145691715736,204.036386992946,0,FALSE
2019-05-24 15:32:00,0,0.0685145691715736,0,0,FALSE
2019-05-24 15:33:00,0,0.0685145691715736,0,0,FALSE
2019-05-24 15:34:00,0,0.0685145691715736,0,0,FALSE
2019-05-24 15:35:00,0,0.0685145691715736,0,0,FALSE
2019-05-24 15:36:00,0,0.0685145691715736,0,0,FALSE
2019-05-24 15:37:00,0,0.0685145691715736,0,0,FALSE
2019-05-24 15:38:00,1,0.0683544884024804,75.0532282659235,0,FALSE
2019-05-24 15:39:00,0,0.0683544884024804,0,0,FALSE
2019-05-24 15:40:00,0,0.0683544884024804,0,0,FALSE
2019-05-24 15:41:00,0,0.0683544884024804,0,0,FALSE
2019-05-24 15:42:00,0,0.0683544884024804,0,0,FALSE
2019-05-24 15:43:00,1,0.0685145691715736,8.90689399230456,0,FALSE
2019-05-24 15:44:00,2,0.0688747509020316,579.608442672303,0,FALSE
2019-05-24 15:45:00,0,0.0688747509020316,0,0,FALSE
2019-05-24 15:46:00,0,0.0688747509020316,0,0,FALSE
2019-05-24 15:47:00,0,0.0688747509020316,0,0,FALSE
2019-05-24 15:48:00,0,0.0688747509020316,0,0,FALSE
2019-05-24 15:49:00,0,0.0688747509020316,0,0,FALSE
2019-05-24 15:50:00,1,0.0685946095561196,352.233320070674,0,FALSE
2019-05-24 15:51:00,0,0.0685946095561196,0,0,FALSE
2019-05-24 15:52:00,0,0.0685946095561196,0,0,FALSE
2019-05-24 15:53:00,0,0.0685946095561196,0,0,FALSE
2019-05-24 15:54:00,0,0.0685946095561196,0,0,FALSE
2019-05-24 15:55:00,1,0.0685946095561139,9.39746150918761,0,FALSE
2019-05-24 15:56:00,0,0.0685946095561139,0,0,FALSE
2019-05-24 15:57:00,0,0.0685946095561139,0,0,FALSE
2019-05-24 15:58:00,0,0.0685946095561139,0,0,FALSE
2019-05-24 15:59:00,0,0.0685946095561139,0,0,FALSE
2019-05-24 16:00:00,0,0.0685946095561139,0,0,FALSE
2019-05-24 16:01:00,0,0.0685946095561139,0,0,FALSE
2019-05-24 16:02:00,0,0.0685946095561139,0,0,FALSE
2019-05-24 16:03:00,0,0.0685946095561139,0,0,FALSE
2019-05-24 16:04:00,1,0.0684345287870273,12.0444770665168,0,FALSE
2019-05-24 16:05:00,0,0.0684345287870273,0,0,FALSE
2019-05-24 16:06:00,0,0.0684345287870273,0,0,FALSE
2019-05-24 16:07:00,0,0.0684345287870273,0,0,FALSE
2019-05-24 16:08:00,1,0.0684345287870249,22.104352798209,0,FALSE
2019-05-24 16:09:00,0,0.0684345287870249,0,0,FALSE
2019-05-24 16:10:00,0,0.0684345287870249,0,0,FALSE
2019-05-24 16:11:00,0,0.0684345287870249,0,0,FALSE
2019-05-24 16:12:00,0,0.0684345287870249,0,0,FALSE
2019-05-24 16:13:00,0,0.0684345287870249,0,0,FALSE
2019-05-24 16:14:00,0,0.0684345287870249,0,0,FALSE
2019-05-24 16:15:00,1,0.0682744480179349,10.2411672026902,0,FALSE
2019-05-24 16:16:00,0,0.0682744480179349,0,0,FALSE
2019-05-24 16:17:00,0,0.0682744480179349,0,0,FALSE
2019-05-24 16:18:00,0,0.0682744480179349,0,0,FALSE
2019-05-24 16:19:00,5,0.0681944076333875,329.51537768453,0,FALSE
2019-05-24 16:20:00,2,0.0681944076333869,90.2212012989724,0,FALSE
2019-05-24 16:21:00,0,0.0681944076333869,0,0,FALSE
2019-05-24 16:22:00,0,0.0681944076333869,0,0,FALSE
2019-05-24 16:23:00,1,0.0681944076333846,13.5706871190435,0,FALSE
2019-05-24 16:24:00,2,0.0681143672488424,122.673975415165,0,FALSE
2019-05-24 16:25:00,0,0.0681143672488424,0,0,FALSE
2019-05-24 16:26:00,0,0.0681143672488424,0,0,FALSE
2019-05-24 16:27:00,2,0.0681143672488424,77.1735780929384,0,FALSE
2019-05-24 16:28:00,0,0.0681143672488424,0,0,FALSE
2019-05-24 16:29:00,0,0.0681143672488424,0,0,FALSE
2019-05-24 16:30:00,0,0.0681143672488424,0,0,FALSE
2019-05-24 16:31:00,0,0.0681143672488424,0,0,FALSE
2019-05-24 16:32:00,0,0.0681143672488424,0,0,FALSE
2019-05-24 16:33:00,0,0.0681143672488424,0,0,FALSE
2019-05-24 16:34:00,0,0.0681143672488424,0,0,FALSE
2019-05-24 16:35:00,0,0.0681143672488424,0,0,FALSE
2019-05-24 16:36:00,1,0.0681143672488424,85.142959061053,0,FALSE
2019-05-24 16:37:00,0,0.0681143672488424,0,0,FALSE
2019-05-24 16:38:00,1,0.0681143672488424,800.343815173898,0,FALSE
2019-05-24 16:39:00,0,0.0681143672488424,0,0,FALSE
2019-05-24 16:40:00,1,0.0681143672488424,20.0256239711597,0,FALSE
2019-05-24 16:41:00,0,0.0681143672488424,0,0,FALSE
2019-05-24 16:42:00,3,0.0681677275052066,268.807787540831,0,FALSE
2019-05-24 16:43:00,1,0.0682744480179349,129.380078993987,0,FALSE
2019-05-24 16:44:00,0,0.0682744480179349,0,0,FALSE
2019-05-24 16:45:00,0,0.0682744480179349,0,0,FALSE
2019-05-24 16:46:00,0,0.0682744480179349,0,0,FALSE
2019-05-24 16:47:00,1,0.0682744480179344,113.881779293915,0,FALSE
2019-05-24 16:48:00,3,0.0682210877615707,532.832201620409,2,FALSE
2019-05-24 16:49:00,0,0.0682210877615707,0,0,FALSE
2019-05-24 16:50:00,0,0.0682210877615707,0,0,FALSE
2019-05-24 16:51:00,0,0.0682210877615707,0,0,FALSE
2019-05-24 16:52:00,0,0.0682210877615707,0,0,FALSE
2019-05-24 16:53:00,0,0.0682210877615707,0,0,FALSE
2019-05-24 16:54:00,0,0.0682210877615707,0,0,FALSE
2019-05-24 16:55:00,0,0.0682210877615707,0,0,FALSE
2019-05-24 16:56:00,0,0.0682210877615707,0,0,FALSE
2019-05-24 16:57:00,1,0.0681143672488424,37.8034738231075,0,FALSE
2019-05-24 16:58:00,1,0.0681143672488421,159.251390627793,0,FALSE
2019-05-24 16:59:00,0,0.0681143672488421,0,0,FALSE
2019-05-24 17:00:00,0,0.0681143672488421,0,0,FALSE
2019-05-24 17:01:00,1,0.0681944076333886,30.6192890273915,0,FALSE
2019-05-24 17:02:00,0,0.0681944076333886,0,0,FALSE
2019-05-24 17:03:00,0,0.0681944076333886,0,0,FALSE
2019-05-24 17:04:00,4,0.0681944076333886,235.134317519923,0,FALSE
2019-05-24 17:05:00,0,0.0681944076333886,0,0,FALSE
2019-05-24 17:06:00,1,0.0681944076333886,8.45610654654019,0,FALSE
2019-05-24 17:07:00,1,0.0681944076333879,76.9232918104616,0,FALSE
2019-05-24 17:08:00,0,0.0681944076333879,0,0,FALSE
2019-05-24 17:09:00,0,0.0681944076333879,0,0,FALSE
2019-05-24 17:10:00,0,0.0681944076333879,0,0,FALSE
2019-05-24 17:11:00,1,0.0681944076333886,36.6885913067631,0,FALSE
2019-05-24 17:12:00,0,0.0681944076333886,0,0,FALSE
2019-05-24 17:13:00,0,0.0681944076333886,0,0,FALSE
2019-05-24 17:14:00,0,0.0681944076333886,0,0,FALSE
2019-05-24 17:15:00,0,0.0681944076333886,0,0,FALSE
2019-05-24 17:16:00,0,0.0681944076333886,0,0,FALSE
2019-05-24 17:17:00,0,0.0681944076333886,0,0,FALSE
2019-05-24 17:18:00,1,0.0682744480179349,16.0444952842147,0,FALSE
2019-05-24 17:19:00,0,0.0682744480179349,0,0,FALSE
2019-05-24 17:20:00,0,0.0682744480179349,0,0,FALSE
2019-05-24 17:21:00,0,0.0682744480179349,0,0,FALSE
2019-05-24 17:22:00,0,0.0682744480179349,0,0,FALSE
2019-05-24 17:23:00,0,0.0682744480179349,0,0,FALSE
2019-05-24 17:24:00,0,0.0682744480179349,0,0,FALSE
2019-05-24 17:25:00,0,0.0682744480179349,0,0,FALSE
2019-05-24 17:26:00,0,0.0682744480179349,0,0,FALSE
2019-05-24 17:27:00,1,0.0682744480179349,20.0044132692549,0,FALSE
2019-05-24 17:28:00,0,0.0682744480179349,0,0,FALSE
2019-05-24 17:29:00,0,0.0682744480179349,0,0,FALSE
2019-05-24 17:30:00,8,0.0681043622007739,1427.8472233529,2,FALSE
2019-05-24 17:31:00,4,0.0683945085947542,191.646375586343,0,FALSE
2019-05-24 17:32:00,4,0.068494559075437,677.463415606988,0,FALSE
2019-05-24 17:33:00,0,0.068494559075437,0,0,FALSE
2019-05-24 17:34:00,0,0.068494559075437,0,0,FALSE
2019-05-24 17:35:00,0,0.068494559075437,0,0,FALSE
2019-05-24 17:36:00,0,0.068494559075437,0,0,FALSE
2019-05-24 17:37:00,0,0.068494559075437,0,0,FALSE
2019-05-24 17:38:00,0,0.068494559075437,0,0,FALSE
2019-05-24 17:39:00,0,0.068494559075437,0,0,FALSE
2019-05-24 17:40:00,0,0.068494559075437,0,0,FALSE
2019-05-24 17:41:00,0,0.068494559075437,0,0,FALSE
2019-05-24 17:42:00,1,0.0686746499406593,8.24095799287912,0,FALSE
2019-05-24 17:43:00,0,0.0686746499406593,0,0,FALSE
2019-05-24 17:44:00,0,0.0686746499406593,0,0,FALSE
2019-05-24 17:45:00,2,0.0687546903252123,36.7837593239886,2,FALSE
2019-05-24 17:46:00,1,0.0687546903252123,16.0198428457745,0,FALSE
2019-05-24 17:47:00,2,0.0687947105174854,123.416910264523,2,FALSE
2019-05-24 17:48:00,0,0.0687947105174854,0,0,FALSE
2019-05-24 17:49:00,0,0.0687947105174854,0,0,FALSE
2019-05-24 17:50:00,0,0.0687947105174854,0,0,FALSE
2019-05-24 17:51:00,0,0.0687947105174854,0,0,FALSE
2019-05-24 17:52:00,0,0.0687947105174854,0,0,FALSE
2019-05-24 17:53:00,0,0.0687947105174854,0,0,FALSE
2019-05-24 17:54:00,1,0.0689147710943047,57.0614304660843,0,FALSE
2019-05-24 17:55:00,0,0.0689147710943047,0,0,FALSE
2019-05-24 17:56:00,1,0.0689948114788509,476.823142130339,0,FALSE
2019-05-24 17:57:00,0,0.0689948114788509,0,0,FALSE
2019-05-24 17:58:00,2,0.0688747509020316,204.334777546534,2,FALSE
2019-05-24 17:59:00,0,0.0688747509020316,0,0,FALSE
2019-05-24 18:00:00,1,0.0689147710943047,35.4911071135669,0,FALSE
2019-05-24 18:01:00,0,0.0689147710943047,0,0,FALSE
2019-05-24 18:02:00,0,0.0689147710943047,0,0,FALSE
2019-05-24 18:03:00,0,0.0689147710943047,0,0,FALSE
2019-05-24 18:04:00,0,0.0689147710943047,0,0,FALSE
2019-05-24 18:05:00,0,0.0689147710943047,0,0,FALSE
2019-05-24 18:06:00,0,0.0689147710943047,0,0,FALSE
2019-05-24 18:07:00,0,0.0689147710943047,0,0,FALSE
2019-05-24 18:08:00,0,0.0689147710943047,0,0,FALSE
2019-05-24 18:09:00,0,0.0689147710943047,0,0,FALSE
2019-05-24 18:10:00,0,0.0689147710943047,0,0,FALSE
2019-05-24 18:11:00,0,0.0689147710943047,0,0,FALSE
2019-05-24 18:12:00,0,0.0689147710943047,0,0,FALSE
2019-05-24 18:13:00,0,0.0689147710943047,0,0,FALSE
2019-05-24 18:14:00,1,0.0690748518633972,120.811915909082,0,FALSE
2019-05-24 18:15:00,1,0.0690748518633972,98.086289646024,0,FALSE
2019-05-24 18:16:00,0,0.0690748518633972,0,0,FALSE
2019-05-24 18:17:00,0,0.0690748518633972,0,0,FALSE
2019-05-24 18:18:00,1,0.0690748518633972,59.473447454385,0,FALSE
2019-05-24 18:19:00,1,0.0690748518633972,108.033068314353,0,FALSE
2019-05-24 18:20:00,0,0.0690748518633972,0,0,FALSE
2019-05-24 18:21:00,0,0.0690748518633972,0,0,FALSE
2019-05-24 18:22:00,0,0.0690748518633972,0,0,FALSE
2019-05-24 18:23:00,0,0.0690748518633972,0,0,FALSE
2019-05-24 18:24:00,2,0.0689948114788509,536.22767481363,0,FALSE
2019-05-24 18:25:00,0,0.0689948114788509,0,0,FALSE
2019-05-24 18:26:00,1,0.0689948114788509,632.958400506979,0,FALSE
2019-05-24 18:27:00,0,0.0689948114788509,0,0,FALSE
2019-05-24 18:28:00,0,0.0689948114788509,0,0,FALSE
2019-05-24 18:29:00,0,0.0689948114788509,0,0,FALSE
2019-05-24 18:30:00,1,0.0689948114788509,20.6984434436553,0,FALSE
2019-05-24 18:31:00,0,0.0689948114788509,0,0,FALSE
2019-05-24 18:32:00,1,0.0689147710943047,61.3341462739312,0,FALSE
2019-05-24 18:33:00,0,0.0689147710943047,0,0,FALSE
2019-05-24 18:34:00,0,0.0689147710943047,0,0,FALSE
2019-05-24 18:35:00,2,0.0690348316711241,254.288461784144,2,FALSE
2019-05-24 18:36:00,0,0.0690348316711241,0,0,FALSE
2019-05-24 18:37:00,4,0.0690948619595337,1517.27410387563,4,FALSE
2019-05-24 18:38:00,0,0.0690948619595337,0,0,FALSE
2019-05-24 18:39:00,0,0.0690948619595337,0,0,FALSE
2019-05-24 18:40:00,0,0.0690948619595337,0,0,FALSE
2019-05-24 18:41:00,0,0.0690948619595337,0,0,FALSE
2019-05-24 18:42:00,0,0.0690948619595337,0,0,FALSE
2019-05-24 18:43:00,0,0.0690948619595337,0,0,FALSE
2019-05-24 18:44:00,0,0.0690948619595337,0,0,FALSE
2019-05-24 18:45:00,0,0.0690948619595337,0,0,FALSE
2019-05-24 18:46:00,0,0.0690948619595337,0,0,FALSE
2019-05-24 18:47:00,0,0.0690948619595337,0,0,FALSE
2019-05-24 18:48:00,0,0.0690948619595337,0,0,FALSE
2019-05-24 18:49:00,0,0.0690948619595337,0,0,FALSE
2019-05-24 18:50:00,0,0.0690948619595337,0,0,FALSE
2019-05-24 18:51:00,1,0.0691548922479434,20.746467674383,0,FALSE
2019-05-24 18:52:00,0,0.0691548922479434,0,0,FALSE
2019-05-24 18:53:00,0,0.0691548922479434,0,0,FALSE
2019-05-24 18:54:00,0,0.0691548922479434,0,0,FALSE
2019-05-24 18:55:00,0,0.0691548922479434,0,0,FALSE
2019-05-24 18:56:00,0,0.0691548922479434,0,0,FALSE
2019-05-24 18:57:00,0,0.0691548922479434,0,0,FALSE
2019-05-24 18:58:00,0,0.0691548922479434,0,0,FALSE
2019-05-24 18:59:00,0,0.0691548922479434,0,0,FALSE
2019-05-24 19:00:00,0,0.0691548922479434,0,0,FALSE
2019-05-24 19:01:00,0,0.0691548922479434,0,0,FALSE
2019-05-24 19:02:00,0,0.0691548922479434,0,0,FALSE
2019-05-24 19:03:00,0,0.0691548922479434,0,0,FALSE
2019-05-24 19:04:00,0,0.0691548922479434,0,0,FALSE
2019-05-24 19:05:00,2,0.0691548922479434,126.622607705984,0,FALSE
2019-05-24 19:06:00,0,0.0691548922479434,0,0,FALSE
2019-05-24 19:07:00,1,0.0693814243729608,16.0271090301539,0,FALSE
2019-05-24 19:08:00,1,0.0693814243729607,9.57463656346858,0,FALSE
2019-05-24 19:09:00,2,0.0694215756602136,1615.61689188223,2,FALSE
2019-05-24 19:10:00,1,0.0693814243729607,35.315145005837,0,FALSE
2019-05-24 19:11:00,0,0.0693814243729607,0,0,FALSE
2019-05-24 19:12:00,0,0.0693814243729607,0,0,FALSE
2019-05-24 19:13:00,0,0.0693814243729607,0,0,FALSE
2019-05-24 19:14:00,0,0.0693814243729607,0,0,FALSE
2019-05-24 19:15:00,0,0.0693814243729607,0,0,FALSE
2019-05-24 19:16:00,0,0.0693814243729607,0,0,FALSE
2019-05-24 19:17:00,0,0.0693814243729607,0,0,FALSE
2019-05-24 19:18:00,0,0.0693814243729607,0,0,FALSE
2019-05-24 19:19:00,1,0.0693814243729607,118.087184282779,0,FALSE
2019-05-24 19:20:00,1,0.0693814243729608,179.350982004104,0,FALSE
2019-05-24 19:21:00,0,0.0693814243729608,0,0,FALSE
2019-05-24 19:22:00,0,0.0693814243729608,0,0,FALSE
2019-05-24 19:23:00,1,0.0693814243729607,8.18700807600937,0,FALSE
2019-05-24 19:24:00,0,0.0693814243729607,0,0,FALSE
2019-05-24 19:25:00,0,0.0693814243729607,0,0,FALSE
2019-05-24 19:26:00,0,0.0693814243729607,0,0,FALSE
2019-05-24 19:27:00,0,0.0693814243729607,0,0,FALSE
2019-05-24 19:28:00,1,0.0693814243729607,352.804542936505,0,FALSE
2019-05-24 19:29:00,2,0.0694617269474665,1306.71400733574,0,FALSE
2019-05-24 19:30:00,0,0.0694617269474665,0,0,FALSE
2019-05-24 19:31:00,0,0.0694617269474665,0,0,FALSE
2019-05-24 19:32:00,0,0.0694617269474665,0,0,FALSE
2019-05-24 19:33:00,0,0.0694617269474665,0,0,FALSE
2019-05-24 19:34:00,0,0.0694617269474665,0,0,FALSE
2019-05-24 19:35:00,0,0.0694617269474665,0,0,FALSE
2019-05-24 19:36:00,0,0.0694617269474665,0,0,FALSE
2019-05-24 19:37:00,0,0.0694617269474665,0,0,FALSE
2019-05-24 19:38:00,4,0.0694416513038401,1690.51454100572,2,FALSE
2019-05-24 19:39:00,0,0.0694416513038401,0,0,FALSE
2019-05-24 19:40:00,0,0.0694416513038401,0,0,FALSE
2019-05-24 19:41:00,0,0.0694416513038401,0,0,FALSE
2019-05-24 19:42:00,0,0.0694416513038401,0,0,FALSE
2019-05-24 19:43:00,0,0.0694416513038401,0,0,FALSE
2019-05-24 19:44:00,1,0.0694617269474665,257.077851432573,0,FALSE
2019-05-24 19:45:00,0,0.0694617269474665,0,0,FALSE
2019-05-24 19:46:00,0,0.0694617269474665,0,0,FALSE
2019-05-24 19:47:00,0,0.0694617269474665,0,0,FALSE
2019-05-24 19:48:00,0,0.0694617269474665,0,0,FALSE
2019-05-24 19:49:00,0,0.0694617269474665,0,0,FALSE
2019-05-24 19:50:00,0,0.0694617269474665,0,0,FALSE
2019-05-24 19:51:00,0,0.0694617269474665,0,0,FALSE
2019-05-24 19:52:00,0,0.0694617269474665,0,0,FALSE
2019-05-24 19:53:00,2,0.0695420295219722,252.020314987627,0,FALSE
2019-05-24 19:54:00,1,0.0694617269474665,24.7978365202455,0,FALSE
2019-05-24 19:55:00,1,0.0694617269474665,19.7271304530805,0,FALSE
2019-05-24 19:56:00,0,0.0694617269474665,0,0,FALSE
2019-05-24 19:57:00,3,0.0695420295219722,201.532801554676,0,FALSE
2019-05-24 19:58:00,0,0.0695420295219722,0,0,FALSE
2019-05-24 19:59:00,0,0.0695420295219722,0,0,FALSE
2019-05-24 20:00:00,0,0.0695420295219722,0,0,FALSE
2019-05-24 20:01:00,0,0.0695420295219722,0,0,FALSE
2019-05-24 20:02:00,0,0.0695420295219722,0,0,FALSE
2019-05-24 20:03:00,0,0.0695420295219722,0,0,FALSE
2019-05-24 20:04:00,0,0.0695420295219722,0,0,FALSE
2019-05-24 20:05:00,0,0.0695420295219722,0,0,FALSE
2019-05-24 20:06:00,0,0.0695420295219722,0,0,FALSE
2019-05-24 20:07:00,0,0.0695420295219722,0,0,FALSE
2019-05-24 20:08:00,0,0.0695420295219722,0,0,FALSE
2019-05-24 20:09:00,0,0.0695420295219722,0,0,FALSE
2019-05-24 20:10:00,0,0.0695420295219722,0,0,FALSE
2019-05-24 20:11:00,0,0.0695420295219722,0,0,FALSE
2019-05-24 20:12:00,0,0.0695420295219722,0,0,FALSE
2019-05-24 20:13:00,0,0.0695420295219722,0,0,FALSE
2019-05-24 20:14:00,0,0.0695420295219722,0,0,FALSE
2019-05-24 20:15:00,0,0.0695420295219722,0,0,FALSE
2019-05-24 20:16:00,0,0.0695420295219722,0,0,FALSE
2019-05-24 20:17:00,0,0.0695420295219722,0,0,FALSE
2019-05-24 20:18:00,0,0.0695420295219722,0,0,FALSE
2019-05-24 20:19:00,0,0.0695420295219722,0,0,FALSE
2019-05-24 20:20:00,0,0.0695420295219722,0,0,FALSE
2019-05-24 20:21:00,6,0.0695554132843899,860.448991850429,0,FALSE
2019-05-24 20:22:00,6,0.0697427859582365,2269.4246339008,3,FALSE
2019-05-24 20:23:00,0,0.0697427859582365,0,0,FALSE
2019-05-24 20:24:00,0,0.0697427859582365,0,0,FALSE
2019-05-24 20:25:00,1,0.0699435423945009,9.58226530804663,0,FALSE
2019-05-24 20:26:00,1,0.0699435423945009,16.0870147507352,0,FALSE
2019-05-24 20:27:00,0,0.0699435423945009,0,0,FALSE
2019-05-24 20:28:00,1,0.0699435423944996,40.5672545888097,0,FALSE
2019-05-24 20:29:00,0,0.0699435423944996,0,0,FALSE
2019-05-24 20:30:00,0,0.0699435423944996,0,0,FALSE
2019-05-24 20:31:00,1,0.0699435423944986,24.130522126102,0,FALSE
2019-05-24 20:32:00,1,0.0699435423944986,24.130522126102,0,FALSE
2019-05-24 20:33:00,1,0.0699435423945009,120.163005833753,0,FALSE
2019-05-24 20:34:00,0,0.0699435423945009,0,0,FALSE
2019-05-24 20:35:00,6,0.0699435423945004,239.136971446798,2,FALSE
2019-05-24 20:36:00,0,0.0699435423945004,0,0,FALSE
2019-05-24 20:37:00,0,0.0699435423945004,0,0,FALSE
2019-05-24 20:38:00,0,0.0699435423945004,0,0,FALSE
2019-05-24 20:39:00,0,0.0699435423945004,0,0,FALSE
2019-05-24 20:40:00,0,0.0699435423945004,0,0,FALSE
2019-05-24 20:41:00,1,0.0699435423944946,8.88282988410082,0,FALSE
2019-05-24 20:42:00,0,0.0699435423944946,0,0,FALSE
2019-05-24 20:43:00,0,0.0699435423944946,0,0,FALSE
2019-05-24 20:44:00,1,0.0699435423945009,1518.6841360118,0,FALSE
2019-05-24 20:45:00,0,0.0699435423945009,0,0,FALSE
2019-05-24 20:46:00,0,0.0699435423945009,0,0,FALSE
2019-05-24 20:47:00,1,0.0699435423945009,10.4915313591751,0,FALSE
2019-05-24 20:48:00,4,0.0699435423945009,387.067563611168,0,FALSE
2019-05-24 20:49:00,0,0.0699435423945009,0,0,FALSE
2019-05-24 20:50:00,0,0.0699435423945009,0,0,FALSE
2019-05-24 20:51:00,0,0.0699435423945009,0,0,FALSE
2019-05-24 20:52:00,0,0.0699435423945009,0,0,FALSE
2019-05-24 20:53:00,2,0.0699435423944978,92.8150807575019,0,FALSE
2019-05-24 20:54:00,0,0.0699435423944978,0,0,FALSE
2019-05-24 20:55:00,1,0.0699435423945009,3497.17711972505,0,FALSE
2019-05-24 20:56:00,0,0.0699435423945009,0,0,FALSE
2019-05-24 20:57:00,0,0.0699435423945009,0,0,FALSE
2019-05-24 20:58:00,0,0.0699435423945009,0,0,FALSE
2019-05-24 20:59:00,0,0.0699435423945009,0,0,FALSE
2019-05-24 21:00:00,0,0.0699435423945009,0,0,FALSE
2019-05-24 21:01:00,0,0.0699435423945009,0,0,FALSE
2019-05-24 21:02:00,0,0.0699435423945009,0,0,FALSE
2019-05-24 21:03:00,0,0.0699435423945009,0,0,FALSE
2019-05-24 21:04:00,0,0.0699435423945009,0,0,FALSE
2019-05-24 21:05:00,0,0.0699435423945009,0,0,FALSE
2019-05-24 21:06:00,0,0.0699435423945009,0,0,FALSE
2019-05-24 21:07:00,0,0.0699435423945009,0,0,FALSE
2019-05-24 21:08:00,0,0.0699435423945009,0,0,FALSE
2019-05-24 21:09:00,0,0.0699435423945009,0,0,FALSE
2019-05-24 21:10:00,1,0.0699435423945009,11.4007974103037,0,FALSE
2019-05-24 21:11:00,1,0.0699435423945007,302.715651483399,0,FALSE
2019-05-24 21:12:00,0,0.0699435423945007,0,0,FALSE
2019-05-24 21:13:00,0,0.0699435423945007,0,0,FALSE
2019-05-24 21:14:00,0,0.0699435423945007,0,0,FALSE
2019-05-24 21:15:00,0,0.0699435423945007,0,0,FALSE
2019-05-24 21:16:00,0,0.0699435423945007,0,0,FALSE
2019-05-24 21:17:00,0,0.0699435423945007,0,0,FALSE
2019-05-24 21:18:00,0,0.0699435423945007,0,0,FALSE
2019-05-24 21:19:00,0,0.0699435423945007,0,0,FALSE
2019-05-24 21:20:00,0,0.0699435423945007,0,0,FALSE
2019-05-24 21:21:00,0,0.0699435423945007,0,0,FALSE
2019-05-24 21:22:00,0,0.0699435423945007,0,0,FALSE
2019-05-24 21:23:00,0,0.0699435423945007,0,0,FALSE
2019-05-24 21:24:00,0,0.0699435423945007,0,0,FALSE
2019-05-24 21:25:00,0,0.0699435423945007,0,0,FALSE
2019-05-24 21:26:00,0,0.0699435423945007,0,0,FALSE
2019-05-24 21:27:00,0,0.0699435423945007,0,0,FALSE
2019-05-24 21:28:00,0,0.0699435423945007,0,0,FALSE
2019-05-24 21:29:00,0,0.0699435423945007,0,0,FALSE
2019-05-24 21:30:00,1,0.0699435423945009,803.021810231265,0,FALSE
2019-05-24 21:31:00,2,0.0699435423945009,41.9661254367006,2,FALSE
2019-05-24 21:32:00,0,0.0699435423945009,0,0,FALSE
2019-05-24 21:33:00,0,0.0699435423945009,0,0,FALSE
2019-05-24 21:34:00,0,0.0699435423945009,0,0,FALSE
2019-05-24 21:35:00,0,0.0699435423945009,0,0,FALSE
2019-05-24 21:36:00,0,0.0699435423945009,0,0,FALSE
2019-05-24 21:37:00,0,0.0699435423945009,0,0,FALSE
2019-05-24 21:38:00,0,0.0699435423945009,0,0,FALSE
2019-05-24 21:39:00,0,0.0699435423945009,0,0,FALSE
2019-05-24 21:40:00,0,0.0699435423945009,0,0,FALSE
2019-05-24 21:41:00,0,0.0699435423945009,0,0,FALSE
2019-05-24 21:42:00,0,0.0699435423945009,0,0,FALSE
2019-05-24 21:43:00,0,0.0699435423945009,0,0,FALSE
2019-05-24 21:44:00,0,0.0699435423945009,0,0,FALSE
2019-05-24 21:45:00,0,0.0699435423945009,0,0,FALSE
2019-05-24 21:46:00,2,0.0699435423945007,889.052367376501,0,FALSE
2019-05-24 21:47:00,0,0.0699435423945007,0,0,FALSE
2019-05-24 21:48:00,2,0.0700238449690058,124.01222944011,0,FALSE
2019-05-24 21:49:00,0,0.0700238449690058,0,0,FALSE
2019-05-24 21:50:00,1,0.0700238449690067,8.19278986137378,0,FALSE
2019-05-24 21:51:00,0,0.0700238449690067,0,0,FALSE
2019-05-24 21:52:00,1,0.0700238449690066,587.360011600027,0,FALSE
2019-05-24 21:53:00,0,0.0700238449690066,0,0,FALSE
2019-05-24 21:54:00,0,0.0700238449690066,0,0,FALSE
2019-05-24 21:55:00,1,0.0701041475435124,162.220997415688,0,FALSE
2019-05-24 21:56:00,1,0.0701041475435124,14.6517668365941,0,FALSE
2019-05-24 21:57:00,1,0.0701041475435119,116.162572479599,0,FALSE
2019-05-24 21:58:00,1,0.0702647526925239,693.583373827903,0,FALSE
2019-05-24 21:59:00,0,0.0702647526925239,0,0,FALSE
2019-05-24 22:00:00,2,0.0702647526925236,260.3309087258,0,FALSE
2019-05-24 22:01:00,1,0.0702647526925239,10.8207719146487,0,FALSE
2019-05-24 22:02:00,0,0.0702647526925239,0,0,FALSE
2019-05-24 22:03:00,0,0.0702647526925239,0,0,FALSE
2019-05-24 22:04:00,0,0.0702647526925239,0,0,FALSE
2019-05-24 22:05:00,0,0.0702647526925239,0,0,FALSE
2019-05-24 22:06:00,0,0.0702647526925239,0,0,FALSE
2019-05-24 22:07:00,1,0.0702647526925239,374.792190861923,0,FALSE
2019-05-24 22:08:00,0,0.0702647526925239,0,0,FALSE
2019-05-24 22:09:00,0,0.0702647526925239,0,0,FALSE
2019-05-24 22:10:00,3,0.0704253578415354,856.121245202591,3,FALSE
2019-05-24 22:11:00,0,0.0704253578415354,0,0,FALSE
2019-05-24 22:12:00,13,0.0702523984502915,1482.4125873436,10,FALSE
2019-05-24 22:13:00,0,0.0702523984502915,0,0,FALSE
2019-05-24 22:14:00,0,0.0702523984502915,0,0,FALSE
2019-05-24 22:15:00,0,0.0702523984502915,0,0,FALSE
2019-05-24 22:16:00,0,0.0702523984502915,0,0,FALSE
2019-05-24 22:17:00,0,0.0702523984502915,0,0,FALSE
2019-05-24 22:18:00,0,0.0702523984502915,0,0,FALSE
2019-05-24 22:19:00,0,0.0702523984502915,0,0,FALSE
2019-05-24 22:20:00,0,0.0702523984502915,0,0,FALSE
2019-05-24 22:21:00,0,0.0702523984502915,0,0,FALSE
2019-05-24 22:22:00,0,0.0702523984502915,0,0,FALSE
2019-05-24 22:23:00,0,0.0702523984502915,0,0,FALSE
2019-05-24 22:24:00,0,0.0702523984502915,0,0,FALSE
2019-05-24 22:25:00,0,0.0702523984502915,0,0,FALSE
2019-05-24 22:26:00,0,0.0702523984502915,0,0,FALSE
2019-05-24 22:27:00,0,0.0702523984502915,0,0,FALSE
2019-05-24 22:28:00,0,0.0702523984502915,0,0,FALSE
2019-05-24 22:29:00,0,0.0702523984502915,0,0,FALSE
2019-05-24 22:30:00,0,0.0702523984502915,0,0,FALSE
2019-05-24 22:31:00,1,0.0701041475435077,12.0579133774833,0,FALSE
2019-05-24 22:32:00,0,0.0701041475435077,0,0,FALSE
2019-05-24 22:33:00,0,0.0701041475435077,0,0,FALSE
2019-05-24 22:34:00,0,0.0701041475435077,0,0,FALSE
2019-05-24 22:35:00,0,0.0701041475435077,0,0,FALSE
2019-05-24 22:36:00,0,0.0701041475435077,0,0,FALSE
2019-05-24 22:37:00,0,0.0701041475435077,0,0,FALSE
2019-05-24 22:38:00,4,0.0701041475435108,58.5369631988313,0,FALSE
2019-05-24 22:39:00,0,0.0701041475435108,0,0,FALSE
2019-05-24 22:40:00,0,0.0701041475435108,0,0,FALSE
2019-05-24 22:41:00,1,0.070104147543512,143.292877578939,0,FALSE
2019-05-24 22:42:00,0,0.070104147543512,0,0,FALSE
2019-05-24 22:43:00,0,0.070104147543512,0,0,FALSE
2019-05-24 22:44:00,0,0.070104147543512,0,0,FALSE
2019-05-24 22:45:00,0,0.070104147543512,0,0,FALSE
2019-05-24 22:46:00,0,0.070104147543512,0,0,FALSE
2019-05-24 22:47:00,0,0.070104147543512,0,0,FALSE
2019-05-24 22:48:00,0,0.070104147543512,0,0,FALSE
2019-05-24 22:49:00,0,0.070104147543512,0,0,FALSE
2019-05-24 22:50:00,0,0.070104147543512,0,0,FALSE
2019-05-24 22:51:00,0,0.070104147543512,0,0,FALSE
2019-05-24 22:52:00,0,0.070104147543512,0,0,FALSE
2019-05-24 22:53:00,0,0.070104147543512,0,0,FALSE
2019-05-24 22:54:00,0,0.070104147543512,0,0,FALSE
2019-05-24 22:55:00,0,0.070104147543512,0,0,FALSE
2019-05-24 22:56:00,0,0.070104147543512,0,0,FALSE
2019-05-24 22:57:00,0,0.070104147543512,0,0,FALSE
2019-05-24 22:58:00,0,0.070104147543512,0,0,FALSE
2019-05-24 22:59:00,0,0.070104147543512,0,0,FALSE
2019-05-24 23:00:00,2,0.0699836936817538,36.1828946259461,2,FALSE
2019-05-24 23:01:00,0,0.0699836936817538,0,0,FALSE
2019-05-24 23:02:00,0,0.0699836936817538,0,0,FALSE
2019-05-24 23:03:00,0,0.0699836936817538,0,0,FALSE
2019-05-24 23:04:00,0,0.0699836936817538,0,0,FALSE
2019-05-24 23:05:00,0,0.0699836936817538,0,0,FALSE
2019-05-24 23:06:00,0,0.0699836936817538,0,0,FALSE
2019-05-24 23:07:00,0,0.0699836936817538,0,0,FALSE
2019-05-24 23:08:00,0,0.0699836936817538,0,0,FALSE
2019-05-24 23:09:00,0,0.0699836936817538,0,0,FALSE
2019-05-24 23:10:00,0,0.0699836936817538,0,0,FALSE
2019-05-24 23:11:00,0,0.0699836936817538,0,0,FALSE
2019-05-24 23:12:00,0,0.0699836936817538,0,0,FALSE
2019-05-24 23:13:00,0,0.0699836936817538,0,0,FALSE
2019-05-24 23:14:00,0,0.0699836936817538,0,0,FALSE
2019-05-24 23:15:00,1,0.0699435423945009,10.6314184439641,0,FALSE
2019-05-24 23:16:00,0,0.0699435423945009,0,0,FALSE
2019-05-24 23:17:00,0,0.0699435423945009,0,0,FALSE
2019-05-24 23:18:00,0,0.0699435423945009,0,0,FALSE
2019-05-24 23:19:00,1,0.0700238449690067,28.1495856775407,0,FALSE
2019-05-24 23:20:00,0,0.0700238449690067,0,0,FALSE
2019-05-24 23:21:00,0,0.0700238449690067,0,0,FALSE
2019-05-24 23:22:00,0,0.0700238449690067,0,0,FALSE
2019-05-24 23:23:00,0,0.0700238449690067,0,0,FALSE
2019-05-24 23:24:00,1,0.0700238449690009,9.66329060572212,0,FALSE
2019-05-24 23:25:00,0,0.0700238449690009,0,0,FALSE
2019-05-24 23:26:00,0,0.0700238449690009,0,0,FALSE
2019-05-24 23:27:00,0,0.0700238449690009,0,0,FALSE
2019-05-24 23:28:00,0,0.0700238449690009,0,0,FALSE
2019-05-24 23:29:00,0,0.0700238449690009,0,0,FALSE
2019-05-24 23:30:00,0,0.0700238449690009,0,0,FALSE
2019-05-24 23:31:00,0,0.0700238449690009,0,0,FALSE
2019-05-24 23:32:00,0,0.0700238449690009,0,0,FALSE
2019-05-24 23:33:00,0,0.0700238449690009,0,0,FALSE
2019-05-24 23:34:00,0,0.0700238449690009,0,0,FALSE
2019-05-24 23:35:00,0,0.0700238449690009,0,0,FALSE
2019-05-24 23:36:00,1,0.0700238449690067,61.3408881928499,0,FALSE
2019-05-24 23:37:00,0,0.0700238449690067,0,0,FALSE
2019-05-24 23:38:00,1,0.0701041475435124,284.272318288943,0,FALSE
2019-05-24 23:39:00,0,0.0701041475435124,0,0,FALSE
2019-05-24 23:40:00,0,0.0701041475435124,0,0,FALSE
2019-05-24 23:41:00,0,0.0701041475435124,0,0,FALSE
2019-05-24 23:42:00,1,0.0696910785786591,11.2899547297428,0,FALSE
2019-05-24 23:43:00,0,0.0696910785786591,0,0,FALSE
2019-05-24 23:44:00,0,0.0696910785786591,0,0,FALSE
2019-05-24 23:45:00,0,0.0696910785786591,0,0,FALSE
2019-05-24 23:46:00,0,0.0696910785786591,0,0,FALSE
2019-05-24 23:47:00,0,0.0696910785786591,0,0,FALSE
2019-05-24 23:48:00,0,0.0696910785786591,0,0,FALSE
2019-05-24 23:49:00,0,0.0696910785786591,0,0,FALSE
2019-05-24 23:50:00,0,0.0696910785786591,0,0,FALSE
2019-05-24 23:51:00,2,0.069731039059495,189.498833961157,2,FALSE
2019-05-24 23:52:00,0,0.069731039059495,0,0,FALSE
2019-05-24 23:53:00,0,0.069731039059495,0,0,FALSE
2019-05-24 23:54:00,0,0.069731039059495,0,0,FALSE
2019-05-24 23:55:00,0,0.069731039059495,0,0,FALSE
2019-05-24 23:56:00,0,0.069731039059495,0,0,FALSE
2019-05-24 23:57:00,0,0.069731039059495,0,0,FALSE
2019-05-24 23:58:00,0,0.069731039059495,0,0,FALSE
2019-05-24 23:59:00,0,0.069731039059495,0,0,FALSE
2019-05-25,1,0.0696910785786591,12.47470306558,0,FALSE
2019-05-25 00:01:00,0,0.0696910785786591,0,0,FALSE
2019-05-25 00:02:00,0,0.0696910785786591,0,0,FALSE
2019-05-25 00:03:00,0,0.0696910785786591,0,0,FALSE
2019-05-25 00:04:00,0,0.0696910785786591,0,0,FALSE
2019-05-25 00:05:00,1,0.0696910785786591,28.6430332958289,0,FALSE
2019-05-25 00:06:00,0,0.0696910785786591,0,0,FALSE
2019-05-25 00:07:00,0,0.0696910785786591,0,0,FALSE
2019-05-25 00:08:00,0,0.0696910785786591,0,0,FALSE
2019-05-25 00:09:00,0,0.0696910785786591,0,0,FALSE
2019-05-25 00:10:00,0,0.0696910785786591,0,0,FALSE
2019-05-25 00:11:00,0,0.0696910785786591,0,0,FALSE
2019-05-25 00:12:00,0,0.0696910785786591,0,0,FALSE
2019-05-25 00:13:00,0,0.0696910785786591,0,0,FALSE
2019-05-25 00:14:00,0,0.0696910785786591,0,0,FALSE
2019-05-25 00:15:00,0,0.0696910785786591,0,0,FALSE
2019-05-25 00:16:00,0,0.0696910785786591,0,0,FALSE
2019-05-25 00:17:00,0,0.0696910785786591,0,0,FALSE
2019-05-25 00:18:00,0,0.0696910785786591,0,0,FALSE
2019-05-25 00:19:00,0,0.0696910785786591,0,0,FALSE
2019-05-25 00:20:00,1,0.0697709995403319,11.0935889269128,0,FALSE
2019-05-25 00:21:00,0,0.0697709995403319,0,0,FALSE
2019-05-25 00:22:00,0,0.0697709995403319,0,0,FALSE
2019-05-25 00:23:00,1,0.0697709995403319,11.9308409213968,0,FALSE
2019-05-25 00:24:00,0,0.0697709995403319,0,0,FALSE
2019-05-25 00:25:00,0,0.0697709995403319,0,0,FALSE
2019-05-25 00:26:00,0,0.0697709995403319,0,0,FALSE
2019-05-25 00:27:00,0,0.0697709995403319,0,0,FALSE
2019-05-25 00:28:00,0,0.0697709995403319,0,0,FALSE
2019-05-25 00:29:00,0,0.0697709995403319,0,0,FALSE
2019-05-25 00:30:00,0,0.0697709995403319,0,0,FALSE
2019-05-25 00:31:00,0,0.0697709995403319,0,0,FALSE
2019-05-25 00:32:00,0,0.0697709995403319,0,0,FALSE
2019-05-25 00:33:00,0,0.0697709995403319,0,0,FALSE
2019-05-25 00:34:00,0,0.0697709995403319,0,0,FALSE
2019-05-25 00:35:00,0,0.0697709995403319,0,0,FALSE
2019-05-25 00:36:00,0,0.0697709995403319,0,0,FALSE
2019-05-25 00:37:00,0,0.0697709995403319,0,0,FALSE
2019-05-25 00:38:00,0,0.0697709995403319,0,0,FALSE
2019-05-25 00:39:00,0,0.0697709995403319,0,0,FALSE
2019-05-25 00:40:00,2,0.069890880982841,668.728177150959,0,FALSE
2019-05-25 00:41:00,1,0.0699308414636774,16.0141626951821,0,FALSE
2019-05-25 00:42:00,0,0.0699308414636774,0,0,FALSE
2019-05-25 00:43:00,0,0.0699308414636774,0,0,FALSE
2019-05-25 00:44:00,0,0.0699308414636774,0,0,FALSE
2019-05-25 00:45:00,0,0.0699308414636774,0,0,FALSE
2019-05-25 00:46:00,0,0.0699308414636774,0,0,FALSE
2019-05-25 00:47:00,3,0.0700374027459078,721.602526737318,2,FALSE
2019-05-25 00:48:00,0,0.0700374027459078,0,0,FALSE
2019-05-25 00:49:00,0,0.0700374027459078,0,0,FALSE
2019-05-25 00:50:00,1,0.0698509205020046,6.63583744769044,0,FALSE
2019-05-25 00:51:00,0,0.0698509205020046,0,0,FALSE
2019-05-25 00:52:00,0,0.0698509205020046,0,0,FALSE
2019-05-25 00:53:00,0,0.0698509205020046,0,0,FALSE
2019-05-25 00:54:00,0,0.0698509205020046,0,0,FALSE
2019-05-25 00:55:00,0,0.0698509205020046,0,0,FALSE
2019-05-25 00:56:00,0,0.0698509205020046,0,0,FALSE
2019-05-25 00:57:00,0,0.0698509205020046,0,0,FALSE
2019-05-25 00:58:00,2,0.0700906833870227,512.655326357898,0,FALSE
2019-05-25 00:59:00,4,0.0702904857912049,904.068795597042,4,FALSE
2019-05-25 01:00:00,0,0.0702904857912049,0,0,FALSE
2019-05-25 01:01:00,0,0.0702904857912049,0,0,FALSE
2019-05-25 01:02:00,0,0.0702904857912049,0,0,FALSE
2019-05-25 01:03:00,0,0.0702904857912049,0,0,FALSE
2019-05-25 01:04:00,0,0.0702904857912049,0,0,FALSE
2019-05-25 01:05:00,0,0.0702904857912049,0,0,FALSE
2019-05-25 01:06:00,0,0.0702904857912049,0,0,FALSE
2019-05-25 01:07:00,0,0.0702904857912049,0,0,FALSE
2019-05-25 01:08:00,0,0.0702904857912049,0,0,FALSE
2019-05-25 01:09:00,0,0.0702904857912049,0,0,FALSE
2019-05-25 01:10:00,0,0.0702904857912049,0,0,FALSE
2019-05-25 01:11:00,0,0.0702904857912049,0,0,FALSE
2019-05-25 01:12:00,0,0.0702904857912049,0,0,FALSE
2019-05-25 01:13:00,0,0.0702904857912049,0,0,FALSE
2019-05-25 01:14:00,1,0.0699308414636729,12.2378972561428,0,FALSE
2019-05-25 01:15:00,1,0.0703304462720413,8.65064489146108,0,FALSE
2019-05-25 01:16:00,0,0.0703304462720413,0,0,FALSE
2019-05-25 01:17:00,0,0.0703304462720413,0,0,FALSE
2019-05-25 01:18:00,0,0.0703304462720413,0,0,FALSE
2019-05-25 01:19:00,0,0.0703304462720413,0,0,FALSE
2019-05-25 01:20:00,0,0.0703304462720413,0,0,FALSE
2019-05-25 01:21:00,0,0.0703304462720413,0,0,FALSE
2019-05-25 01:22:00,0,0.0703304462720413,0,0,FALSE
2019-05-25 01:23:00,0,0.0703304462720413,0,0,FALSE
2019-05-25 01:24:00,0,0.0703304462720413,0,0,FALSE
2019-05-25 01:25:00,0,0.0703304462720413,0,0,FALSE
2019-05-25 01:26:00,0,0.0703304462720413,0,0,FALSE
2019-05-25 01:27:00,0,0.0703304462720413,0,0,FALSE
2019-05-25 01:28:00,0,0.0703304462720413,0,0,FALSE
2019-05-25 01:29:00,0,0.0703304462720413,0,0,FALSE
2019-05-25 01:30:00,0,0.0703304462720413,0,0,FALSE
2019-05-25 01:31:00,1,0.0699308414636774,18.6715346708019,0,FALSE
2019-05-25 01:32:00,0,0.0699308414636774,0,0,FALSE
2019-05-25 01:33:00,0,0.0699308414636774,0,0,FALSE
2019-05-25 01:34:00,0,0.0699308414636774,0,0,FALSE
2019-05-25 01:35:00,0,0.0699308414636774,0,0,FALSE
2019-05-25 01:36:00,0,0.0699308414636774,0,0,FALSE
2019-05-25 01:37:00,0,0.0699308414636774,0,0,FALSE
2019-05-25 01:38:00,0,0.0699308414636774,0,0,FALSE
2019-05-25 01:39:00,0,0.0699308414636774,0,0,FALSE
2019-05-25 01:40:00,0,0.0699308414636774,0,0,FALSE
2019-05-25 01:41:00,0,0.0699308414636774,0,0,FALSE
2019-05-25 01:42:00,0,0.0699308414636774,0,0,FALSE
2019-05-25 01:43:00,0,0.0699308414636774,0,0,FALSE
2019-05-25 01:44:00,0,0.0699308414636774,0,0,FALSE
2019-05-25 01:45:00,5,0.0702185569256994,719.828041625297,2,FALSE
2019-05-25 01:46:00,0,0.0702185569256994,0,0,FALSE
2019-05-25 01:47:00,0,0.0702185569256994,0,0,FALSE
2019-05-25 01:48:00,0,0.0702185569256994,0,0,FALSE
2019-05-25 01:49:00,0,0.0702185569256994,0,0,FALSE
2019-05-25 01:50:00,1,0.0701706043486958,23.9983466872539,0,FALSE
2019-05-25 01:51:00,0,0.0701706043486958,0,0,FALSE
2019-05-25 01:52:00,0,0.0701706043486958,0,0,FALSE
2019-05-25 01:53:00,0,0.0701706043486958,0,0,FALSE
2019-05-25 01:54:00,0,0.0701706043486958,0,0,FALSE
2019-05-25 01:55:00,4,0.070090683387023,135.204928253567,2,FALSE
2019-05-25 01:56:00,0,0.070090683387023,0,0,FALSE
2019-05-25 01:57:00,0,0.070090683387023,0,0,FALSE
2019-05-25 01:58:00,0,0.070090683387023,0,0,FALSE
2019-05-25 01:59:00,1,0.070090683387023,8.13051927289466,0,FALSE
2019-05-25 02:00:00,0,0.070090683387023,0,0,FALSE
2019-05-25 02:01:00,0,0.070090683387023,0,0,FALSE
2019-05-25 02:02:00,0,0.070090683387023,0,0,FALSE
2019-05-25 02:03:00,0,0.070090683387023,0,0,FALSE
2019-05-25 02:04:00,0,0.070090683387023,0,0,FALSE
2019-05-25 02:05:00,0,0.070090683387023,0,0,FALSE
2019-05-25 02:06:00,0,0.070090683387023,0,0,FALSE
2019-05-25 02:07:00,1,0.070090683387023,8.13051927289466,0,FALSE
2019-05-25 02:08:00,0,0.070090683387023,0,0,FALSE
2019-05-25 02:09:00,0,0.070090683387023,0,0,FALSE
2019-05-25 02:10:00,0,0.070090683387023,0,0,FALSE
2019-05-25 02:11:00,0,0.070090683387023,0,0,FALSE
2019-05-25 02:12:00,10,0.0702745015988704,1023.76034590127,2,FALSE
2019-05-25 02:13:00,0,0.0702745015988704,0,0,FALSE
2019-05-25 02:14:00,0,0.0702745015988704,0,0,FALSE
2019-05-25 02:15:00,0,0.0702745015988704,0,0,FALSE
2019-05-25 02:16:00,0,0.0702745015988704,0,0,FALSE
2019-05-25 02:17:00,0,0.0702745015988704,0,0,FALSE
2019-05-25 02:18:00,0,0.0702745015988704,0,0,FALSE
2019-05-25 02:19:00,0,0.0702745015988704,0,0,FALSE
2019-05-25 02:20:00,1,0.0703304462720413,10.6902278333503,0,FALSE
2019-05-25 02:21:00,0,0.0703304462720413,0,0,FALSE
2019-05-25 02:22:00,4,0.0704103672337141,74.9870411039055,0,FALSE
2019-05-25 02:23:00,1,0.0704103672337141,15.9831533620531,0,FALSE
2019-05-25 02:24:00,2,0.0704902881953869,170.275844654814,2,FALSE
2019-05-25 02:25:00,0,0.0704902881953869,0,0,FALSE
2019-05-25 02:26:00,0,0.0704902881953869,0,0,FALSE
2019-05-25 02:27:00,0,0.0704902881953869,0,0,FALSE
2019-05-25 02:28:00,0,0.0704902881953869,0,0,FALSE
2019-05-25 02:29:00,0,0.0704902881953869,0,0,FALSE
2019-05-25 02:30:00,0,0.0704902881953869,0,0,FALSE
2019-05-25 02:31:00,1,0.0702505253103685,21.5669112702831,0,FALSE
2019-05-25 02:32:00,0,0.0702505253103685,0,0,FALSE
2019-05-25 02:33:00,0,0.0702505253103685,0,0,FALSE
2019-05-25 02:34:00,0,0.0702505253103685,0,0,FALSE
2019-05-25 02:35:00,0,0.0702505253103685,0,0,FALSE
2019-05-25 02:36:00,0,0.0702505253103685,0,0,FALSE
2019-05-25 02:37:00,0,0.0702505253103685,0,0,FALSE
2019-05-25 02:38:00,1,0.0702505253103685,80.6476030563031,0,FALSE
2019-05-25 02:39:00,0,0.0702505253103685,0,0,FALSE
2019-05-25 02:40:00,4,0.0699708019445138,60.2915742763241,0,FALSE
2019-05-25 02:41:00,1,0.0696910785786521,8.014474036545,0,FALSE
2019-05-25 02:42:00,2,0.0700507229061866,175.868553710751,2,FALSE
2019-05-25 02:43:00,0,0.0700507229061866,0,0,FALSE
2019-05-25 02:44:00,0,0.0700507229061866,0,0,FALSE
2019-05-25 02:45:00,0,0.0700507229061866,0,0,FALSE
2019-05-25 02:46:00,0,0.0700507229061866,0,0,FALSE
2019-05-25 02:47:00,0,0.0700507229061866,0,0,FALSE
2019-05-25 02:48:00,0,0.0700507229061866,0,0,FALSE
2019-05-25 02:49:00,2,0.0698509205020046,20.1170651045773,2,FALSE
2019-05-25 02:50:00,0,0.0698509205020046,0,0,FALSE
2019-05-25 02:51:00,0,0.0698509205020046,0,0,FALSE
2019-05-25 02:52:00,0,0.0698509205020046,0,0,FALSE
2019-05-25 02:53:00,0,0.0698509205020046,0,0,FALSE
2019-05-25 02:54:00,0,0.0698509205020046,0,0,FALSE
2019-05-25 02:55:00,0,0.0698509205020046,0,0,FALSE
2019-05-25 02:56:00,0,0.0698509205020046,0,0,FALSE
2019-05-25 02:57:00,1,0.0698509205020044,190.204056526958,0,FALSE
2019-05-25 02:58:00,1,0.0698509205020046,112.390131087725,0,FALSE
2019-05-25 02:59:00,0,0.0698509205020046,0,0,FALSE
2019-05-25 03:00:00,0,0.0698509205020046,0,0,FALSE
2019-05-25 03:01:00,0,0.0698509205020046,0,0,FALSE
2019-05-25 03:02:00,0,0.0698509205020046,0,0,FALSE
2019-05-25 03:03:00,0,0.0698509205020046,0,0,FALSE
2019-05-25 03:04:00,0,0.0698509205020046,0,0,FALSE
2019-05-25 03:05:00,0,0.0698509205020046,0,0,FALSE
2019-05-25 03:06:00,0,0.0698509205020046,0,0,FALSE
2019-05-25 03:07:00,0,0.0698509205020046,0,0,FALSE
2019-05-25 03:08:00,1,0.0697709995403319,63.491609581702,0,FALSE
2019-05-25 03:09:00,1,0.0697709995403319,63.491609581702,0,FALSE
2019-05-25 03:10:00,0,0.0697709995403319,0,0,FALSE
2019-05-25 03:11:00,0,0.0697709995403319,0,0,FALSE
2019-05-25 03:12:00,0,0.0697709995403319,0,0,FALSE
2019-05-25 03:13:00,0,0.0697709995403319,0,0,FALSE
2019-05-25 03:14:00,0,0.0697709995403319,0,0,FALSE
2019-05-25 03:15:00,0,0.0697709995403319,0,0,FALSE
2019-05-25 03:16:00,0,0.0697709995403319,0,0,FALSE
2019-05-25 03:17:00,0,0.0697709995403319,0,0,FALSE
2019-05-25 03:18:00,0,0.0697709995403319,0,0,FALSE
2019-05-25 03:19:00,0,0.0697709995403319,0,0,FALSE
2019-05-25 03:20:00,1,0.0696910785786591,9.05984021522568,0,FALSE
2019-05-25 03:21:00,0,0.0696910785786591,0,0,FALSE
2019-05-25 03:22:00,4,0.0696910785786577,160.777318280966,0,FALSE
2019-05-25 03:23:00,0,0.0696910785786577,0,0,FALSE
2019-05-25 03:24:00,0,0.0696910785786577,0,0,FALSE
2019-05-25 03:25:00,0,0.0696910785786577,0,0,FALSE
2019-05-25 03:26:00,1,0.0700107624253502,9.59147445227298,0,FALSE
2019-05-25 03:27:00,1,0.0700107624253502,15.8924430705545,0,FALSE
2019-05-25 03:28:00,0,0.0700107624253502,0,0,FALSE
2019-05-25 03:29:00,0,0.0700107624253502,0,0,FALSE
2019-05-25 03:30:00,0,0.0700107624253502,0,0,FALSE
2019-05-25 03:31:00,0,0.0700107624253502,0,0,FALSE
2019-05-25 03:32:00,0,0.0700107624253502,0,0,FALSE
2019-05-25 03:33:00,0,0.0700107624253502,0,0,FALSE
2019-05-25 03:34:00,0,0.0700107624253502,0,0,FALSE
2019-05-25 03:35:00,2,0.0698509205020022,45.4030983263014,2,FALSE
2019-05-25 03:36:00,0,0.0698509205020022,0,0,FALSE
2019-05-25 03:37:00,0,0.0698509205020022,0,0,FALSE
2019-05-25 03:38:00,0,0.0698509205020022,0,0,FALSE
2019-05-25 03:39:00,0,0.0698509205020022,0,0,FALSE
2019-05-25 03:40:00,0,0.0698509205020022,0,0,FALSE
2019-05-25 03:41:00,0,0.0698509205020022,0,0,FALSE
2019-05-25 03:42:00,0,0.0698509205020022,0,0,FALSE
2019-05-25 03:43:00,0,0.0698509205020022,0,0,FALSE
2019-05-25 03:44:00,0,0.0698509205020022,0,0,FALSE
2019-05-25 03:45:00,0,0.0698509205020022,0,0,FALSE
2019-05-25 03:46:00,0,0.0698509205020022,0,0,FALSE
2019-05-25 03:47:00,0,0.0698509205020022,0,0,FALSE
2019-05-25 03:48:00,0,0.0698509205020022,0,0,FALSE
2019-05-25 03:49:00,0,0.0698509205020022,0,0,FALSE
2019-05-25 03:50:00,0,0.0698509205020022,0,0,FALSE
2019-05-25 03:51:00,0,0.0698509205020022,0,0,FALSE
2019-05-25 03:52:00,0,0.0698509205020022,0,0,FALSE
2019-05-25 03:53:00,0,0.0698509205020022,0,0,FALSE
2019-05-25 03:54:00,0,0.0698509205020022,0,0,FALSE
2019-05-25 03:55:00,1,0.0697709995403253,8.44229094437936,0,FALSE
2019-05-25 03:56:00,2,0.0700107624253502,48.0273830237902,2,FALSE
2019-05-25 03:57:00,0,0.0700107624253502,0,0,FALSE
2019-05-25 03:58:00,0,0.0700107624253502,0,0,FALSE
2019-05-25 03:59:00,0,0.0700107624253502,0,0,FALSE
2019-05-25 04:00:00,0,0.0700107624253502,0,0,FALSE
2019-05-25 04:01:00,0,0.0700107624253502,0,0,FALSE
2019-05-25 04:02:00,0,0.0700107624253502,0,0,FALSE
2019-05-25 04:03:00,0,0.0700107624253502,0,0,FALSE
2019-05-25 04:04:00,0,0.0700107624253502,0,0,FALSE
2019-05-25 04:05:00,0,0.0700107624253502,0,0,FALSE
2019-05-25 04:06:00,0,0.0700107624253502,0,0,FALSE
2019-05-25 04:07:00,0,0.0700107624253502,0,0,FALSE
2019-05-25 04:08:00,0,0.0700107624253502,0,0,FALSE
2019-05-25 04:09:00,0,0.0700107624253502,0,0,FALSE
2019-05-25 04:10:00,0,0.0700107624253502,0,0,FALSE
2019-05-25 04:11:00,0,0.0700107624253502,0,0,FALSE
2019-05-25 04:12:00,0,0.0700107624253502,0,0,FALSE
2019-05-25 04:13:00,0,0.0700107624253502,0,0,FALSE
2019-05-25 04:14:00,0,0.0700107624253502,0,0,FALSE
2019-05-25 04:15:00,0,0.0700107624253502,0,0,FALSE
2019-05-25 04:16:00,0,0.0700107624253502,0,0,FALSE
2019-05-25 04:17:00,0,0.0700107624253502,0,0,FALSE
2019-05-25 04:18:00,0,0.0700107624253502,0,0,FALSE
2019-05-25 04:19:00,0,0.0700107624253502,0,0,FALSE
2019-05-25 04:20:00,0,0.0700107624253502,0,0,FALSE
2019-05-25 04:21:00,0,0.0700107624253502,0,0,FALSE
2019-05-25 04:22:00,0,0.0700107624253502,0,0,FALSE
2019-05-25 04:23:00,0,0.0700107624253502,0,0,FALSE
2019-05-25 04:24:00,0,0.0700107624253502,0,0,FALSE
2019-05-25 04:25:00,0,0.0700107624253502,0,0,FALSE
2019-05-25 04:26:00,0,0.0700107624253502,0,0,FALSE
2019-05-25 04:27:00,0,0.0700107624253502,0,0,FALSE
2019-05-25 04:28:00,0,0.0700107624253502,0,0,FALSE
2019-05-25 04:29:00,0,0.0700107624253502,0,0,FALSE
2019-05-25 04:30:00,0,0.0700107624253502,0,0,FALSE
2019-05-25 04:31:00,0,0.0700107624253502,0,0,FALSE
2019-05-25 04:32:00,0,0.0700107624253502,0,0,FALSE
2019-05-25 04:33:00,0,0.0700107624253502,0,0,FALSE
2019-05-25 04:34:00,0,0.0700107624253502,0,0,FALSE
2019-05-25 04:35:00,0,0.0700107624253502,0,0,FALSE
2019-05-25 04:36:00,0,0.0700107624253502,0,0,FALSE
2019-05-25 04:37:00,0,0.0700107624253502,0,0,FALSE
2019-05-25 04:38:00,0,0.0700107624253502,0,0,FALSE
2019-05-25 04:39:00,0,0.0700107624253502,0,0,FALSE
2019-05-25 04:40:00,0,0.0700107624253502,0,0,FALSE
2019-05-25 04:41:00,0,0.0700107624253502,0,0,FALSE
2019-05-25 04:42:00,0,0.0700107624253502,0,0,FALSE
2019-05-25 04:43:00,0,0.0700107624253502,0,0,FALSE
2019-05-25 04:44:00,0,0.0700107624253502,0,0,FALSE
2019-05-25 04:45:00,0,0.0700107624253502,0,0,FALSE
2019-05-25 04:46:00,0,0.0700107624253502,0,0,FALSE
2019-05-25 04:47:00,1,0.0697778797703465,79.6863386977357,0,FALSE
2019-05-25 04:48:00,2,0.0697778797703465,24.1431464005399,2,FALSE
2019-05-25 04:49:00,0,0.0697778797703465,0,0,FALSE
2019-05-25 04:50:00,0,0.0697778797703465,0,0,FALSE
2019-05-25 04:51:00,0,0.0697778797703465,0,0,FALSE
2019-05-25 04:52:00,0,0.0697778797703465,0,0,FALSE
2019-05-25 04:53:00,0,0.0697778797703465,0,0,FALSE
2019-05-25 04:54:00,0,0.0697778797703465,0,0,FALSE
2019-05-25 04:55:00,0,0.0697778797703465,0,0,FALSE
2019-05-25 04:56:00,0,0.0697778797703465,0,0,FALSE
2019-05-25 04:57:00,0,0.0697778797703465,0,0,FALSE
2019-05-25 04:58:00,0,0.0697778797703465,0,0,FALSE
2019-05-25 04:59:00,0,0.0697778797703465,0,0,FALSE
2019-05-25 05:00:00,0,0.0697778797703465,0,0,FALSE
2019-05-25 05:01:00,0,0.0697778797703465,0,0,FALSE
2019-05-25 05:02:00,0,0.0697778797703465,0,0,FALSE
2019-05-25 05:03:00,0,0.0697778797703465,0,0,FALSE
2019-05-25 05:04:00,0,0.0697778797703465,0,0,FALSE
2019-05-25 05:05:00,0,0.0697778797703465,0,0,FALSE
2019-05-25 05:06:00,0,0.0697778797703465,0,0,FALSE
2019-05-25 05:07:00,0,0.0697778797703465,0,0,FALSE
2019-05-25 05:08:00,0,0.0697778797703465,0,0,FALSE
2019-05-25 05:09:00,1,0.0698576259186554,10.6882167655543,0,FALSE
2019-05-25 05:10:00,12,0.0700171182152734,1364.51991600819,3,FALSE
2019-05-25 05:11:00,0,0.0700171182152734,0,0,FALSE
2019-05-25 05:12:00,0,0.0700171182152734,0,0,FALSE
2019-05-25 05:13:00,0,0.0700171182152734,0,0,FALSE
2019-05-25 05:14:00,1,0.0699373720669644,28.9540720357233,0,FALSE
2019-05-25 05:15:00,1,0.0699373720669644,10.7004179262456,0,FALSE
2019-05-25 05:16:00,0,0.0699373720669644,0,0,FALSE
2019-05-25 05:17:00,0,0.0699373720669644,0,0,FALSE
2019-05-25 05:18:00,0,0.0699373720669644,0,0,FALSE
2019-05-25 05:19:00,0,0.0699373720669644,0,0,FALSE
2019-05-25 05:20:00,0,0.0699373720669644,0,0,FALSE
2019-05-25 05:21:00,0,0.0699373720669644,0,0,FALSE
2019-05-25 05:22:00,4,0.0697778797703449,227.545665931097,0,FALSE
2019-05-25 05:23:00,0,0.0697778797703449,0,0,FALSE
2019-05-25 05:24:00,2,0.0698576259186554,65.5264531116988,0,FALSE
2019-05-25 05:25:00,2,0.0696981336220346,40.146124966292,0,FALSE
2019-05-25 05:26:00,2,0.0696183874737257,34.8788121243372,0,FALSE
2019-05-25 05:27:00,11,0.0696328867734195,267.531261900843,0,FALSE
2019-05-25 05:28:00,2,0.069618387473728,67.7386910119371,0,FALSE
2019-05-25 05:29:00,7,0.0696183874737282,265.594148212274,0,FALSE
2019-05-25 05:30:00,2,0.0696183874737285,281.954469268601,0,FALSE
2019-05-25 05:31:00,0,0.0696183874737285,0,0,FALSE
2019-05-25 05:32:00,0,0.0696183874737285,0,0,FALSE
2019-05-25 05:33:00,0,0.0696183874737285,0,0,FALSE
2019-05-25 05:34:00,2,0.0696183874737264,35.9927063239169,0,FALSE
2019-05-25 05:35:00,2,0.069658260547877,44.4621460050707,0,FALSE
2019-05-25 05:36:00,1,0.0700171182152734,24.0158715478388,0,FALSE
2019-05-25 05:37:00,0,0.0700171182152734,0,0,FALSE
2019-05-25 05:38:00,1,0.0696981336220369,94.2318766569939,0,FALSE
2019-05-25 05:39:00,1,0.0697778797703465,62.8698696730822,0,FALSE
2019-05-25 05:40:00,0,0.0697778797703465,0,0,FALSE
2019-05-25 05:41:00,0,0.0697778797703465,0,0,FALSE
2019-05-25 05:42:00,0,0.0697778797703465,0,0,FALSE
2019-05-25 05:43:00,0,0.0697778797703465,0,0,FALSE
2019-05-25 05:44:00,0,0.0697778797703465,0,0,FALSE
2019-05-25 05:45:00,0,0.0697778797703465,0,0,FALSE
2019-05-25 05:46:00,0,0.0697778797703465,0,0,FALSE
2019-05-25 05:47:00,6,0.0697645887456279,447.78355432346,4,FALSE
2019-05-25 05:48:00,0,0.0697645887456279,0,0,FALSE
2019-05-25 05:49:00,0,0.0697645887456279,0,0,FALSE
2019-05-25 05:50:00,0,0.0697645887456279,0,0,FALSE
2019-05-25 05:51:00,2,0.0697380066961919,526.646434293759,2,FALSE
2019-05-25 05:52:00,0,0.0697380066961919,0,0,FALSE
2019-05-25 05:53:00,2,0.0697380066961917,137.822477007197,0,FALSE
2019-05-25 05:54:00,0,0.0697380066961917,0,0,FALSE
2019-05-25 05:55:00,0,0.0697380066961917,0,0,FALSE
2019-05-25 05:56:00,0,0.0697380066961917,0,0,FALSE
2019-05-25 05:57:00,0,0.0697380066961917,0,0,FALSE
2019-05-25 05:58:00,0,0.0697380066961917,0,0,FALSE
2019-05-25 05:59:00,0,0.0697380066961917,0,0,FALSE
2019-05-25 06:00:00,0,0.0697380066961917,0,0,FALSE
2019-05-25 06:01:00,0,0.0697380066961917,0,0,FALSE
2019-05-25 06:02:00,0,0.0697380066961917,0,0,FALSE
2019-05-25 06:03:00,1,0.0696981336220352,23.697365431492,0,FALSE
2019-05-25 06:04:00,2,0.0696183874737285,36.9673637485499,0,FALSE
2019-05-25 06:05:00,0,0.0696183874737285,0,0,FALSE
2019-05-25 06:06:00,3,0.0697778797703457,71.5921046443747,0,FALSE
2019-05-25 06:07:00,0,0.0697778797703457,0,0,FALSE
2019-05-25 06:08:00,0,0.0697778797703457,0,0,FALSE
2019-05-25 06:09:00,0,0.0697778797703457,0,0,FALSE
2019-05-25 06:10:00,0,0.0697778797703457,0,0,FALSE
2019-05-25 06:11:00,1,0.0696981336220375,8.15468163377839,0,FALSE
2019-05-25 06:12:00,0,0.0696981336220375,0,0,FALSE
2019-05-25 06:13:00,0,0.0696981336220375,0,0,FALSE
2019-05-25 06:14:00,0,0.0696981336220375,0,0,FALSE
2019-05-25 06:15:00,0,0.0696981336220375,0,0,FALSE
2019-05-25 06:16:00,0,0.0696981336220375,0,0,FALSE
2019-05-25 06:17:00,0,0.0696981336220375,0,0,FALSE
2019-05-25 06:18:00,0,0.0696981336220375,0,0,FALSE
2019-05-25 06:19:00,0,0.0696981336220375,0,0,FALSE
2019-05-25 06:20:00,0,0.0696981336220375,0,0,FALSE
2019-05-25 06:21:00,2,0.0700968643635824,529.161229080683,0,FALSE
2019-05-25 06:22:00,0,0.0700968643635824,0,0,FALSE
2019-05-25 06:23:00,0,0.0700968643635824,0,0,FALSE
2019-05-25 06:24:00,7,0.0706436950948435,765.067082469753,7,FALSE
2019-05-25 06:25:00,2,0.0702563566602003,35.1552122743769,0,FALSE
2019-05-25 06:26:00,0,0.0702563566602003,0,0,FALSE
2019-05-25 06:27:00,0,0.0702563566602003,0,0,FALSE
2019-05-25 06:28:00,0,0.0702563566602003,0,0,FALSE
2019-05-25 06:29:00,2,0.0699373720669644,111.620045818875,0,FALSE
2019-05-25 06:30:00,0,0.0699373720669644,0,0,FALSE
2019-05-25 06:31:00,1,0.0701766105118913,281.26785493166,0,FALSE
2019-05-25 06:32:00,0,0.0701766105118913,0,0,FALSE
2019-05-25 06:33:00,4,0.0705753412534361,271.469206450493,3,FALSE
2019-05-25 06:34:00,0,0.0705753412534361,0,0,FALSE
2019-05-25 06:35:00,0,0.0705753412534361,0,0,FALSE
2019-05-25 06:36:00,0,0.0705753412534361,0,0,FALSE
2019-05-25 06:37:00,0,0.0705753412534361,0,0,FALSE
2019-05-25 06:38:00,0,0.0705753412534361,0,0,FALSE
2019-05-25 06:39:00,0,0.0705753412534361,0,0,FALSE
2019-05-25 06:40:00,0,0.0705753412534361,0,0,FALSE
2019-05-25 06:41:00,0,0.0705753412534361,0,0,FALSE
2019-05-25 06:42:00,0,0.0705753412534361,0,0,FALSE
2019-05-25 06:43:00,0,0.0705753412534361,0,0,FALSE
2019-05-25 06:44:00,0,0.0705753412534361,0,0,FALSE
2019-05-25 06:45:00,0,0.0705753412534361,0,0,FALSE
2019-05-25 06:46:00,0,0.0705753412534361,0,0,FALSE
2019-05-25 06:47:00,0,0.0705753412534361,0,0,FALSE
2019-05-25 06:48:00,0,0.0705753412534361,0,0,FALSE
2019-05-25 06:49:00,0,0.0705753412534361,0,0,FALSE
2019-05-25 06:50:00,0,0.0705753412534361,0,0,FALSE
2019-05-25 06:51:00,0,0.0705753412534361,0,0,FALSE
2019-05-25 06:52:00,0,0.0705753412534361,0,0,FALSE
2019-05-25 06:53:00,0,0.0705753412534361,0,0,FALSE
2019-05-25 06:54:00,0,0.0705753412534361,0,0,FALSE
2019-05-25 06:55:00,0,0.0705753412534361,0,0,FALSE
2019-05-25 06:56:00,0,0.0705753412534361,0,0,FALSE
2019-05-25 06:57:00,0,0.0705753412534361,0,0,FALSE
2019-05-25 06:58:00,0,0.0705753412534361,0,0,FALSE
2019-05-25 06:59:00,0,0.0705753412534361,0,0,FALSE
2019-05-25 07:00:00,0,0.0705753412534361,0,0,FALSE
2019-05-25 07:01:00,0,0.0705753412534361,0,0,FALSE
2019-05-25 07:02:00,0,0.0705753412534361,0,0,FALSE
2019-05-25 07:03:00,0,0.0705753412534361,0,0,FALSE
2019-05-25 07:04:00,0,0.0705753412534361,0,0,FALSE
2019-05-25 07:05:00,0,0.0705753412534361,0,0,FALSE
2019-05-25 07:06:00,0,0.0705753412534361,0,0,FALSE
2019-05-25 07:07:00,0,0.0705753412534361,0,0,FALSE
2019-05-25 07:08:00,4,0.0694987682512647,324.120085694669,0,FALSE
2019-05-25 07:09:00,2,0.0698576259186546,45.1719664711689,0,FALSE
2019-05-25 07:10:00,1,0.0697778797703465,34.2609389672401,0,FALSE
2019-05-25 07:11:00,0,0.0697778797703465,0,0,FALSE
2019-05-25 07:12:00,0,0.0697778797703465,0,0,FALSE
2019-05-25 07:13:00,1,0.0696183874737257,19.6323852675907,0,FALSE
2019-05-25 07:14:00,0,0.0696183874737257,0,0,FALSE
2019-05-25 07:15:00,0,0.0696183874737257,0,0,FALSE
2019-05-25 07:16:00,0,0.0696183874737257,0,0,FALSE
2019-05-25 07:17:00,1,0.0695386413254196,20.7920537563005,0,FALSE
2019-05-25 07:18:00,0,0.0695386413254196,0,0,FALSE
2019-05-25 07:19:00,0,0.0695386413254196,0,0,FALSE
2019-05-25 07:20:00,0,0.0695386413254196,0,0,FALSE
2019-05-25 07:21:00,0,0.0695386413254196,0,0,FALSE
2019-05-25 07:22:00,0,0.0695386413254196,0,0,FALSE
2019-05-25 07:23:00,0,0.0695386413254196,0,0,FALSE
2019-05-25 07:24:00,1,0.0697778797703448,33.1444928909138,0,FALSE
2019-05-25 07:25:00,0,0.0697778797703448,0,0,FALSE
2019-05-25 07:26:00,0,0.0697778797703448,0,0,FALSE
2019-05-25 07:27:00,0,0.0697778797703448,0,0,FALSE
2019-05-25 07:28:00,0,0.0697778797703448,0,0,FALSE
2019-05-25 07:29:00,0,0.0697778797703448,0,0,FALSE
2019-05-25 07:30:00,0,0.0697778797703448,0,0,FALSE
2019-05-25 07:31:00,0,0.0697778797703448,0,0,FALSE
2019-05-25 07:32:00,0,0.0697778797703448,0,0,FALSE
2019-05-25 07:33:00,0,0.0697778797703448,0,0,FALSE
2019-05-25 07:34:00,0,0.0697778797703448,0,0,FALSE
2019-05-25 07:35:00,0,0.0697778797703448,0,0,FALSE
2019-05-25 07:36:00,0,0.0697778797703448,0,0,FALSE
2019-05-25 07:37:00,0,0.0697778797703448,0,0,FALSE
2019-05-25 07:38:00,0,0.0697778797703448,0,0,FALSE
2019-05-25 07:39:00,0,0.0697778797703448,0,0,FALSE
2019-05-25 07:40:00,0,0.0697778797703448,0,0,FALSE
2019-05-25 07:41:00,0,0.0697778797703448,0,0,FALSE
2019-05-25 07:42:00,0,0.0697778797703448,0,0,FALSE
2019-05-25 07:43:00,0,0.0697778797703448,0,0,FALSE
2019-05-25 07:44:00,0,0.0697778797703448,0,0,FALSE
2019-05-25 07:45:00,0,0.0697778797703448,0,0,FALSE
2019-05-25 07:46:00,0,0.0697778797703448,0,0,FALSE
2019-05-25 07:47:00,0,0.0697778797703448,0,0,FALSE
2019-05-25 07:48:00,0,0.0697778797703448,0,0,FALSE
2019-05-25 07:49:00,0,0.0697778797703448,0,0,FALSE
2019-05-25 07:50:00,0,0.0697778797703448,0,0,FALSE
2019-05-25 07:51:00,0,0.0697778797703448,0,0,FALSE
2019-05-25 07:52:00,0,0.0697778797703448,0,0,FALSE
2019-05-25 07:53:00,0,0.0697778797703448,0,0,FALSE
2019-05-25 07:54:00,0,0.0697778797703448,0,0,FALSE
2019-05-25 07:55:00,0,0.0697778797703448,0,0,FALSE
2019-05-25 07:56:00,4,0.0701367374377368,1022.3202620458,2,FALSE
2019-05-25 07:57:00,0,0.0701367374377368,0,0,FALSE
2019-05-25 07:58:00,1,0.0699373720669644,109.242175168598,0,FALSE
2019-05-25 07:59:00,1,0.0700171182152734,10.2925163776452,0,FALSE
2019-05-25 08:00:00,0,0.0700171182152734,0,0,FALSE
2019-05-25 08:01:00,7,0.0705069874120285,1455.72494785997,7,FALSE
2019-05-25 08:02:00,0,0.0705069874120285,0,0,FALSE
2019-05-25 08:03:00,1,0.0705753412534361,15.8794517820231,0,FALSE
2019-05-25 08:04:00,0,0.0705753412534361,0,0,FALSE
2019-05-25 08:05:00,0,0.0705753412534361,0,0,FALSE
2019-05-25 08:06:00,0,0.0705753412534361,0,0,FALSE
2019-05-25 08:07:00,0,0.0705753412534361,0,0,FALSE
2019-05-25 08:08:00,0,0.0705753412534361,0,0,FALSE
2019-05-25 08:09:00,0,0.0705753412534361,0,0,FALSE
2019-05-25 08:10:00,0,0.0705753412534361,0,0,FALSE
2019-05-25 08:11:00,2,0.0702563566602003,17.7046018783705,2,FALSE
2019-05-25 08:12:00,0,0.0702563566602003,0,0,FALSE
2019-05-25 08:13:00,0,0.0702563566602003,0,0,FALSE
2019-05-25 08:14:00,0,0.0702563566602003,0,0,FALSE
2019-05-25 08:15:00,0,0.0702563566602003,0,0,FALSE
2019-05-25 08:16:00,0,0.0702563566602003,0,0,FALSE
2019-05-25 08:17:00,0,0.0702563566602003,0,0,FALSE
2019-05-25 08:18:00,0,0.0702563566602003,0,0,FALSE
2019-05-25 08:19:00,0,0.0702563566602003,0,0,FALSE
2019-05-25 08:20:00,0,0.0702563566602003,0,0,FALSE
2019-05-25 08:21:00,0,0.0702563566602003,0,0,FALSE
2019-05-25 08:22:00,0,0.0702563566602003,0,0,FALSE
2019-05-25 08:23:00,0,0.0702563566602003,0,0,FALSE
2019-05-25 08:24:00,0,0.0702563566602003,0,0,FALSE
2019-05-25 08:25:00,0,0.0702563566602003,0,0,FALSE
2019-05-25 08:26:00,0,0.0702563566602003,0,0,FALSE
2019-05-25 08:27:00,0,0.0702563566602003,0,0,FALSE
2019-05-25 08:28:00,0,0.0702563566602003,0,0,FALSE
2019-05-25 08:29:00,0,0.0702563566602003,0,0,FALSE
2019-05-25 08:30:00,1,0.0702563566602003,9.27383907914644,0,FALSE
2019-05-25 08:31:00,0,0.0702563566602003,0,0,FALSE
2019-05-25 08:32:00,0,0.0702563566602003,0,0,FALSE
2019-05-25 08:33:00,0,0.0702563566602003,0,0,FALSE
2019-05-25 08:34:00,0,0.0702563566602003,0,0,FALSE
2019-05-25 08:35:00,0,0.0702563566602003,0,0,FALSE
2019-05-25 08:36:00,0,0.0702563566602003,0,0,FALSE
2019-05-25 08:37:00,0,0.0702563566602003,0,0,FALSE
2019-05-25 08:38:00,0,0.0702563566602003,0,0,FALSE
2019-05-25 08:39:00,6,0.0701633194871732,483.403766388629,2,FALSE
2019-05-25 08:40:00,0,0.0701633194871732,0,0,FALSE
2019-05-25 08:41:00,2,0.0702563566602003,43.7697101993048,0,FALSE
2019-05-25 08:42:00,0,0.0702563566602003,0,0,FALSE
2019-05-25 08:43:00,2,0.0703759758826637,44.8146239805972,0,FALSE
2019-05-25 08:44:00,0,0.0703759758826637,0,0,FALSE
2019-05-25 08:45:00,0,0.0703759758826637,0,0,FALSE
2019-05-25 08:46:00,0,0.0703759758826637,0,0,FALSE
2019-05-25 08:47:00,0,0.0703759758826637,0,0,FALSE
2019-05-25 08:48:00,0,0.0703759758826637,0,0,FALSE
2019-05-25 08:49:00,0,0.0703759758826637,0,0,FALSE
2019-05-25 08:50:00,0,0.0703759758826637,0,0,FALSE
2019-05-25 08:51:00,0,0.0703759758826637,0,0,FALSE
2019-05-25 08:52:00,0,0.0703759758826637,0,0,FALSE
2019-05-25 08:53:00,0,0.0703759758826637,0,0,FALSE
2019-05-25 08:54:00,0,0.0703759758826637,0,0,FALSE
2019-05-25 08:55:00,0,0.0703759758826637,0,0,FALSE
2019-05-25 08:56:00,2,0.0713646696991259,162.918577534578,0,FALSE
2019-05-25 08:57:00,0,0.0713646696991259,0,0,FALSE
2019-05-25 08:58:00,0,0.0713646696991259,0,0,FALSE
2019-05-25 08:59:00,1,0.0710829140939968,16.7755677261832,0,FALSE
2019-05-25 09:00:00,3,0.0711097479611519,40.3173755571394,2,FALSE
2019-05-25 09:01:00,8,0.0711231648947295,150.474398475243,0,FALSE
2019-05-25 09:02:00,2,0.0710829140939968,27.1536731839068,0,FALSE
2019-05-25 09:03:00,1,0.0711634156954622,142.824975300793,0,FALSE
2019-05-25 09:04:00,0,0.0711634156954622,0,0,FALSE
2019-05-25 09:05:00,0,0.0711634156954622,0,0,FALSE
2019-05-25 09:06:00,0,0.0711634156954622,0,0,FALSE
2019-05-25 09:07:00,0,0.0711634156954622,0,0,FALSE
2019-05-25 09:08:00,0,0.0711634156954622,0,0,FALSE
2019-05-25 09:09:00,0,0.0711634156954622,0,0,FALSE
2019-05-25 09:10:00,0,0.0711634156954622,0,0,FALSE
2019-05-25 09:11:00,0,0.0711634156954622,0,0,FALSE
2019-05-25 09:12:00,0,0.0711634156954622,0,0,FALSE
2019-05-25 09:13:00,2,0.071042663293264,200.071515639711,2,FALSE
2019-05-25 09:14:00,1,0.0710024124925313,16.1175476358046,0,FALSE
2019-05-25 09:15:00,0,0.0710024124925313,0,0,FALSE
2019-05-25 09:16:00,1,0.0710024124925313,7.66826054919338,0,FALSE
2019-05-25 09:17:00,1,0.0710829140939968,17.5574797812172,0,FALSE
2019-05-25 09:18:00,1,0.0711634156954622,133.289077597601,0,FALSE
2019-05-25 09:19:00,0,0.0711634156954622,0,0,FALSE
2019-05-25 09:20:00,0,0.0711634156954622,0,0,FALSE
2019-05-25 09:21:00,0,0.0711634156954622,0,0,FALSE
2019-05-25 09:22:00,0,0.0711634156954622,0,0,FALSE
2019-05-25 09:23:00,0,0.0711634156954622,0,0,FALSE
2019-05-25 09:24:00,0,0.0711634156954622,0,0,FALSE
2019-05-25 09:25:00,0,0.0711634156954622,0,0,FALSE
2019-05-25 09:26:00,0,0.0711634156954622,0,0,FALSE
2019-05-25 09:27:00,0,0.0711634156954622,0,0,FALSE
2019-05-25 09:28:00,0,0.0711634156954622,0,0,FALSE
2019-05-25 09:29:00,0,0.0711634156954622,0,0,FALSE
2019-05-25 09:30:00,0,0.0711634156954622,0,0,FALSE
2019-05-25 09:31:00,0,0.0711634156954622,0,0,FALSE
2019-05-25 09:32:00,0,0.0711634156954622,0,0,FALSE
2019-05-25 09:33:00,0,0.0711634156954622,0,0,FALSE
2019-05-25 09:34:00,0,0.0711634156954622,0,0,FALSE
2019-05-25 09:35:00,0,0.0711634156954622,0,0,FALSE
2019-05-25 09:36:00,0,0.0711634156954622,0,0,FALSE
2019-05-25 09:37:00,0,0.0711634156954622,0,0,FALSE
2019-05-25 09:38:00,0,0.0711634156954622,0,0,FALSE
2019-05-25 09:39:00,0,0.0711634156954622,0,0,FALSE
2019-05-25 09:40:00,0,0.0711634156954622,0,0,FALSE
2019-05-25 09:41:00,0,0.0711634156954622,0,0,FALSE
2019-05-25 09:42:00,0,0.0711634156954622,0,0,FALSE
2019-05-25 09:43:00,0,0.0711634156954622,0,0,FALSE
2019-05-25 09:44:00,0,0.0711634156954622,0,0,FALSE
2019-05-25 09:45:00,0,0.0711634156954622,0,0,FALSE
2019-05-25 09:46:00,0,0.0711634156954622,0,0,FALSE
2019-05-25 09:47:00,0,0.0711634156954622,0,0,FALSE
2019-05-25 09:48:00,0,0.0711634156954622,0,0,FALSE
2019-05-25 09:49:00,0,0.0711634156954622,0,0,FALSE
2019-05-25 09:50:00,6,0.0705462367508937,334.918701733676,0,FALSE
2019-05-25 09:51:00,0,0.0705462367508937,0,0,FALSE
2019-05-25 09:52:00,0,0.0705462367508937,0,0,FALSE
2019-05-25 09:53:00,0,0.0705462367508937,0,0,FALSE
2019-05-25 09:54:00,0,0.0705462367508937,0,0,FALSE
2019-05-25 09:55:00,0,0.0705462367508937,0,0,FALSE
2019-05-25 09:56:00,0,0.0705462367508937,0,0,FALSE
2019-05-25 09:57:00,2,0.0704389012822679,29.0208273282949,0,FALSE
2019-05-25 09:58:00,0,0.0704389012822679,0,0,FALSE
2019-05-25 09:59:00,0,0.0704389012822679,0,0,FALSE
2019-05-25 10:00:00,0,0.0704389012822679,0,0,FALSE
2019-05-25 10:01:00,1,0.0707609076881349,10.9679406916609,0,FALSE
2019-05-25 10:02:00,0,0.0707609076881349,0,0,FALSE
2019-05-25 10:03:00,1,0.0707609076881349,8.63283073795246,0,FALSE
2019-05-25 10:04:00,0,0.0707609076881349,0,0,FALSE
2019-05-25 10:05:00,2,0.0708011584888677,557.342211534684,2,FALSE
2019-05-25 10:06:00,0,0.0708011584888677,0,0,FALSE
2019-05-25 10:07:00,0,0.0708011584888677,0,0,FALSE
2019-05-25 10:08:00,0,0.0708011584888677,0,0,FALSE
2019-05-25 10:09:00,2,0.0710829140939968,28.8596631221627,0,FALSE
2019-05-25 10:10:00,2,0.0704791520830056,113.564253200128,0,FALSE
2019-05-25 10:11:00,1,0.0704389012822709,25.4284433628998,0,FALSE
2019-05-25 10:12:00,0,0.0704389012822709,0,0,FALSE
2019-05-25 10:13:00,0,0.0704389012822709,0,0,FALSE
2019-05-25 10:14:00,0,0.0704389012822709,0,0,FALSE
2019-05-25 10:15:00,0,0.0704389012822709,0,0,FALSE
2019-05-25 10:16:00,0,0.0704389012822709,0,0,FALSE
2019-05-25 10:17:00,0,0.0704389012822709,0,0,FALSE
2019-05-25 10:18:00,5,0.0706321051257901,812.552011072535,3,FALSE
2019-05-25 10:19:00,0,0.0706321051257901,0,0,FALSE
2019-05-25 10:20:00,0,0.0706321051257901,0,0,FALSE
2019-05-25 10:21:00,0,0.0706321051257901,0,0,FALSE
2019-05-25 10:22:00,1,0.0706804060866695,423.941075707844,0,FALSE
2019-05-25 10:23:00,0,0.0706804060866695,0,0,FALSE
2019-05-25 10:24:00,0,0.0706804060866695,0,0,FALSE
2019-05-25 10:25:00,0,0.0706804060866695,0,0,FALSE
2019-05-25 10:26:00,0,0.0706804060866695,0,0,FALSE
2019-05-25 10:27:00,0,0.0706804060866695,0,0,FALSE
2019-05-25 10:28:00,1,0.0702778980793407,38.7231218417168,0,FALSE
2019-05-25 10:29:00,0,0.0702778980793407,0,0,FALSE
2019-05-25 10:30:00,0,0.0702778980793407,0,0,FALSE
2019-05-25 10:31:00,0,0.0702778980793407,0,0,FALSE
2019-05-25 10:32:00,0,0.0702778980793407,0,0,FALSE
2019-05-25 10:33:00,0,0.0702778980793407,0,0,FALSE
2019-05-25 10:34:00,0,0.0702778980793407,0,0,FALSE
2019-05-25 10:35:00,0,0.0702778980793407,0,0,FALSE
2019-05-25 10:36:00,2,0.0703583996808063,84.0782876185636,0,FALSE
2019-05-25 10:37:00,0,0.0703583996808063,0,0,FALSE
2019-05-25 10:38:00,0,0.0703583996808063,0,0,FALSE
2019-05-25 10:39:00,0,0.0703583996808063,0,0,FALSE
2019-05-25 10:40:00,0,0.0703583996808063,0,0,FALSE
2019-05-25 10:41:00,0,0.0703583996808063,0,0,FALSE
2019-05-25 10:42:00,0,0.0703583996808063,0,0,FALSE
2019-05-25 10:43:00,0,0.0703583996808063,0,0,FALSE
2019-05-25 10:44:00,0,0.0703583996808063,0,0,FALSE
2019-05-25 10:45:00,0,0.0703583996808063,0,0,FALSE
2019-05-25 10:46:00,0,0.0703583996808063,0,0,FALSE
2019-05-25 10:47:00,0,0.0703583996808063,0,0,FALSE
2019-05-25 10:48:00,0,0.0703583996808063,0,0,FALSE
2019-05-25 10:49:00,0,0.0703583996808063,0,0,FALSE
2019-05-25 10:50:00,0,0.0703583996808063,0,0,FALSE
2019-05-25 10:51:00,0,0.0703583996808063,0,0,FALSE
2019-05-25 10:52:00,0,0.0703583996808063,0,0,FALSE
2019-05-25 10:53:00,0,0.0703583996808063,0,0,FALSE
2019-05-25 10:54:00,3,0.0706535722195143,532.390176649256,2,FALSE
2019-05-25 10:55:00,0,0.0706535722195143,0,0,FALSE
2019-05-25 10:56:00,0,0.0706535722195143,0,0,FALSE
2019-05-25 10:57:00,0,0.0706535722195143,0,0,FALSE
2019-05-25 10:58:00,0,0.0706535722195143,0,0,FALSE
2019-05-25 10:59:00,1,0.0704389012822717,41.4180739539758,0,FALSE
2019-05-25 11:00:00,4,0.070599904485204,91.7113689679181,0,FALSE
2019-05-25 11:01:00,0,0.070599904485204,0,0,FALSE
2019-05-25 11:02:00,2,0.0704389012822559,58.0416546565914,0,FALSE
2019-05-25 11:03:00,0,0.0704389012822559,0,0,FALSE
2019-05-25 11:04:00,0,0.0704389012822559,0,0,FALSE
2019-05-25 11:05:00,0,0.0704389012822559,0,0,FALSE
2019-05-25 11:06:00,0,0.0704389012822559,0,0,FALSE
2019-05-25 11:07:00,0,0.0704389012822559,0,0,FALSE
2019-05-25 11:08:00,2,0.0705194028837386,196.608095239863,0,FALSE
2019-05-25 11:09:00,0,0.0705194028837386,0,0,FALSE
2019-05-25 11:10:00,0,0.0705194028837386,0,0,FALSE
2019-05-25 11:11:00,0,0.0705194028837386,0,0,FALSE
2019-05-25 11:12:00,0,0.0705194028837386,0,0,FALSE
2019-05-25 11:13:00,2,0.0704791520830059,15.2226918339146,2,FALSE
2019-05-25 11:14:00,3,0.0705999044852037,206.25250910183,0,FALSE
2019-05-25 11:15:00,0,0.0705999044852037,0,0,FALSE
2019-05-25 11:16:00,0,0.0705999044852037,0,0,FALSE
2019-05-25 11:17:00,9,0.0706893507090545,718.310959780167,4,FALSE
2019-05-25 11:18:00,0,0.0706893507090545,0,0,FALSE
2019-05-25 11:19:00,0,0.0706893507090545,0,0,FALSE
2019-05-25 11:20:00,0,0.0706893507090545,0,0,FALSE
2019-05-25 11:21:00,0,0.0706893507090545,0,0,FALSE
2019-05-25 11:22:00,0,0.0706893507090545,0,0,FALSE
2019-05-25 11:23:00,0,0.0706893507090545,0,0,FALSE
2019-05-25 11:24:00,0,0.0706893507090545,0,0,FALSE
2019-05-25 11:25:00,0,0.0706893507090545,0,0,FALSE
2019-05-25 11:26:00,0,0.0706893507090545,0,0,FALSE
2019-05-25 11:27:00,1,0.0703583996808077,37.0788766317856,0,FALSE
2019-05-25 11:28:00,0,0.0703583996808077,0,0,FALSE
2019-05-25 11:29:00,1,0.0704389012822731,27.5416104013688,0,FALSE
2019-05-25 11:30:00,1,0.0705194028837386,40.3370984494985,0,FALSE
2019-05-25 11:31:00,0,0.0705194028837386,0,0,FALSE
2019-05-25 11:32:00,0,0.0705194028837386,0,0,FALSE
2019-05-25 11:33:00,1,0.0705194028837386,59.5183760338754,0,FALSE
2019-05-25 11:34:00,0,0.0705194028837386,0,0,FALSE
2019-05-25 11:35:00,0,0.0705194028837386,0,0,FALSE
2019-05-25 11:36:00,0,0.0705194028837386,0,0,FALSE
2019-05-25 11:37:00,0,0.0705194028837386,0,0,FALSE
2019-05-25 11:38:00,0,0.0705194028837386,0,0,FALSE
2019-05-25 11:39:00,0,0.0705194028837386,0,0,FALSE
2019-05-25 11:40:00,0,0.0705194028837386,0,0,FALSE
2019-05-25 11:41:00,0,0.0705194028837386,0,0,FALSE
2019-05-25 11:42:00,0,0.0705194028837386,0,0,FALSE
2019-05-25 11:43:00,0,0.0705194028837386,0,0,FALSE
2019-05-25 11:44:00,2,0.0706401552859368,86.9185451214694,0,FALSE
2019-05-25 11:45:00,0,0.0706401552859368,0,0,FALSE
2019-05-25 11:46:00,0,0.0706401552859368,0,0,FALSE
2019-05-25 11:47:00,0,0.0706401552859368,0,0,FALSE
2019-05-25 11:48:00,0,0.0706401552859368,0,0,FALSE
2019-05-25 11:49:00,0,0.0706401552859368,0,0,FALSE
2019-05-25 11:50:00,0,0.0706401552859368,0,0,FALSE
2019-05-25 11:51:00,0,0.0706401552859368,0,0,FALSE
2019-05-25 11:52:00,0,0.0706401552859368,0,0,FALSE
2019-05-25 11:53:00,0,0.0706401552859368,0,0,FALSE
2019-05-25 11:54:00,0,0.0706401552859368,0,0,FALSE
2019-05-25 11:55:00,0,0.0706401552859368,0,0,FALSE
2019-05-25 11:56:00,0,0.0706401552859368,0,0,FALSE
2019-05-25 11:57:00,0,0.0706401552859368,0,0,FALSE
2019-05-25 11:58:00,0,0.0706401552859368,0,0,FALSE
2019-05-25 11:59:00,0,0.0706401552859368,0,0,FALSE
2019-05-25 12:00:00,0,0.0706401552859368,0,0,FALSE
2019-05-25 12:01:00,0,0.0706401552859368,0,0,FALSE
2019-05-25 12:02:00,0,0.0706401552859368,0,0,FALSE
2019-05-25 12:03:00,0,0.0706401552859368,0,0,FALSE
2019-05-25 12:04:00,0,0.0706401552859368,0,0,FALSE
2019-05-25 12:05:00,0,0.0706401552859368,0,0,FALSE
2019-05-25 12:06:00,0,0.0706401552859368,0,0,FALSE
2019-05-25 12:07:00,0,0.0706401552859368,0,0,FALSE
2019-05-25 12:08:00,0,0.0706401552859368,0,0,FALSE
2019-05-25 12:09:00,3,0.0706804060866695,75.9814365431697,0,FALSE
2019-05-25 12:10:00,0,0.0706804060866695,0,0,FALSE
2019-05-25 12:11:00,0,0.0706804060866695,0,0,FALSE
2019-05-25 12:12:00,1,0.0707609076881349,16.0627260452066,0,FALSE
2019-05-25 12:13:00,0,0.0707609076881349,0,0,FALSE
2019-05-25 12:14:00,0,0.0707609076881349,0,0,FALSE
2019-05-25 12:15:00,0,0.0707609076881349,0,0,FALSE
2019-05-25 12:16:00,0,0.0707609076881349,0,0,FALSE
2019-05-25 12:17:00,0,0.0707609076881349,0,0,FALSE
2019-05-25 12:18:00,4,0.0706602806863022,48.6567779577495,2,FALSE
2019-05-25 12:19:00,0,0.0706602806863022,0,0,FALSE
2019-05-25 12:20:00,0,0.0706602806863022,0,0,FALSE
2019-05-25 12:21:00,0,0.0706602806863022,0,0,FALSE
2019-05-25 12:22:00,0,0.0706602806863022,0,0,FALSE
2019-05-25 12:23:00,1,0.0709219108910659,208.29765228706,0,FALSE
2019-05-25 12:24:00,1,0.0709219108910659,167.65939734648,0,FALSE
2019-05-25 12:25:00,2,0.0709219108910659,63.4751102475039,0,FALSE
2019-05-25 12:26:00,1,0.0709219108910659,203.120352792013,0,FALSE
2019-05-25 12:27:00,0,0.0709219108910659,0,0,FALSE
2019-05-25 12:28:00,0,0.0709219108910659,0,0,FALSE
2019-05-25 12:29:00,0,0.0709219108910659,0,0,FALSE
2019-05-25 12:30:00,0,0.0709219108910659,0,0,FALSE
2019-05-25 12:31:00,0,0.0709219108910659,0,0,FALSE
2019-05-25 12:32:00,0,0.0709219108910659,0,0,FALSE
2019-05-25 12:33:00,0,0.0709219108910659,0,0,FALSE
2019-05-25 12:34:00,0,0.0709219108910659,0,0,FALSE
2019-05-25 12:35:00,0,0.0709219108910659,0,0,FALSE
2019-05-25 12:36:00,1,0.0707609076881349,8.13750438413552,0,FALSE
2019-05-25 12:37:00,0,0.0707609076881349,0,0,FALSE
2019-05-25 12:38:00,0,0.0707609076881349,0,0,FALSE
2019-05-25 12:39:00,0,0.0707609076881349,0,0,FALSE
2019-05-25 12:40:00,0,0.0707609076881349,0,0,FALSE
2019-05-25 12:41:00,0,0.0707609076881349,0,0,FALSE
2019-05-25 12:42:00,4,0.0708414092896004,25.2056954316457,4,FALSE
2019-05-25 12:43:00,0,0.0708414092896004,0,0,FALSE
2019-05-25 12:44:00,0,0.0708414092896004,0,0,FALSE
2019-05-25 12:45:00,0,0.0708414092896004,0,0,FALSE
2019-05-25 12:46:00,0,0.0708414092896004,0,0,FALSE
2019-05-25 12:47:00,0,0.0708414092896004,0,0,FALSE
2019-05-25 12:48:00,0,0.0708414092896004,0,0,FALSE
2019-05-25 12:49:00,0,0.0708414092896004,0,0,FALSE
2019-05-25 12:50:00,0,0.0708414092896004,0,0,FALSE
2019-05-25 12:51:00,0,0.0708414092896004,0,0,FALSE
2019-05-25 12:52:00,0,0.0708414092896004,0,0,FALSE
2019-05-25 12:53:00,0,0.0708414092896004,0,0,FALSE
2019-05-25 12:54:00,0,0.0708414092896004,0,0,FALSE
2019-05-25 12:55:00,0,0.0708414092896004,0,0,FALSE
2019-05-25 12:56:00,0,0.0708414092896004,0,0,FALSE
2019-05-25 12:57:00,0,0.0708414092896004,0,0,FALSE
2019-05-25 12:58:00,0,0.0708414092896004,0,0,FALSE
2019-05-25 12:59:00,0,0.0708414092896004,0,0,FALSE
2019-05-25 13:00:00,0,0.0708414092896004,0,0,FALSE
2019-05-25 13:01:00,0,0.0708414092896004,0,0,FALSE
2019-05-25 13:02:00,0,0.0708414092896004,0,0,FALSE
2019-05-25 13:03:00,0,0.0708414092896004,0,0,FALSE
2019-05-25 13:04:00,0,0.0708414092896004,0,0,FALSE
2019-05-25 13:05:00,0,0.0708414092896004,0,0,FALSE
2019-05-25 13:06:00,0,0.0708414092896004,0,0,FALSE
2019-05-25 13:07:00,0,0.0708414092896004,0,0,FALSE
2019-05-25 13:08:00,0,0.0708414092896004,0,0,FALSE
2019-05-25 13:09:00,0,0.0708414092896004,0,0,FALSE
2019-05-25 13:10:00,0,0.0708414092896004,0,0,FALSE
2019-05-25 13:11:00,0,0.0708414092896004,0,0,FALSE
2019-05-25 13:12:00,0,0.0708414092896004,0,0,FALSE
2019-05-25 13:13:00,0,0.0708414092896004,0,0,FALSE
2019-05-25 13:14:00,0,0.0708414092896004,0,0,FALSE
2019-05-25 13:15:00,2,0.0710024124925313,19.5857176301393,2,FALSE
2019-05-25 13:16:00,0,0.0710024124925313,0,0,FALSE
2019-05-25 13:17:00,11,0.0701388498586289,986.638656280014,2,FALSE
2019-05-25 13:18:00,4,0.0706804060866695,84.4487559885092,2,FALSE
2019-05-25 13:19:00,2,0.0706804060866695,59.442221518889,0,FALSE
2019-05-25 13:20:00,0,0.0706804060866695,0,0,FALSE
2019-05-25 13:21:00,0,0.0706804060866695,0,0,FALSE
2019-05-25 13:22:00,0,0.0706804060866695,0,0,FALSE
2019-05-25 13:23:00,0,0.0706804060866695,0,0,FALSE
2019-05-25 13:24:00,0,0.0706804060866695,0,0,FALSE
2019-05-25 13:25:00,0,0.0706804060866695,0,0,FALSE
2019-05-25 13:26:00,3,0.0695112561232475,156.539348789553,0,FALSE
2019-05-25 13:27:00,0,0.0695112561232475,0,0,FALSE
2019-05-25 13:28:00,0,0.0695112561232475,0,0,FALSE
2019-05-25 13:29:00,0,0.0695112561232475,0,0,FALSE
2019-05-25 13:30:00,0,0.0695112561232475,0,0,FALSE
2019-05-25 13:31:00,0,0.0695112561232475,0,0,FALSE
2019-05-25 13:32:00,0,0.0695112561232475,0,0,FALSE
2019-05-25 13:33:00,0,0.0695112561232475,0,0,FALSE
2019-05-25 13:34:00,0,0.0695112561232475,0,0,FALSE
2019-05-25 13:35:00,0,0.0695112561232475,0,0,FALSE
2019-05-25 13:36:00,1,0.0695909708665048,16.7018330079611,0,FALSE
2019-05-25 13:37:00,1,0.0695909708665081,45.3037220340968,0,FALSE
2019-05-25 13:38:00,2,0.0698301150962899,47.693968610766,0,FALSE
2019-05-25 13:39:00,1,0.0697504003530293,23.854636920736,0,FALSE
2019-05-25 13:40:00,2,0.0697504003530269,47.4302722400583,0,FALSE
2019-05-25 13:41:00,1,0.0697504003530293,23.3663841182648,0,FALSE
2019-05-25 13:42:00,6,0.0697504003530283,156.031645589724,2,FALSE
2019-05-25 13:43:00,3,0.0697504003530293,71.5639107622081,0,FALSE
2019-05-25 13:44:00,1,0.0697504003530293,23.784886520383,0,FALSE
2019-05-25 13:45:00,0,0.0697504003530293,0,0,FALSE
2019-05-25 13:46:00,0,0.0697504003530293,0,0,FALSE
2019-05-25 13:47:00,0,0.0697504003530293,0,0,FALSE
2019-05-25 13:48:00,3,0.0699364014206342,57.6007574737067,3,FALSE
2019-05-25 13:49:00,1,0.0698301150962899,15.9212662419541,0,FALSE
2019-05-25 13:50:00,1,0.0698301150962899,0.34915057548145,0,FALSE
2019-05-25 13:51:00,0,0.0698301150962899,0,0,FALSE
2019-05-25 13:52:00,0,0.0698301150962899,0,0,FALSE
2019-05-25 13:53:00,0,0.0698301150962899,0,0,FALSE
2019-05-25 13:54:00,0,0.0698301150962899,0,0,FALSE
2019-05-25 13:55:00,0,0.0698301150962899,0,0,FALSE
2019-05-25 13:56:00,0,0.0698301150962899,0,0,FALSE
2019-05-25 13:57:00,0,0.0698301150962899,0,0,FALSE
2019-05-25 13:58:00,1,0.0699098298395505,20.9729489518651,0,FALSE
2019-05-25 13:59:00,1,0.0699098298395505,4.54413893957078,0,FALSE
2019-05-25 14:00:00,0,0.0699098298395505,0,0,FALSE
2019-05-25 14:01:00,0,0.0699098298395505,0,0,FALSE
2019-05-25 14:02:00,0,0.0699098298395505,0,0,FALSE
2019-05-25 14:03:00,0,0.0699098298395505,0,0,FALSE
2019-05-25 14:04:00,0,0.0699098298395505,0,0,FALSE
2019-05-25 14:05:00,0,0.0699098298395505,0,0,FALSE
2019-05-25 14:06:00,0,0.0699098298395505,0,0,FALSE
2019-05-25 14:07:00,0,0.0699098298395505,0,0,FALSE
2019-05-25 14:08:00,0,0.0699098298395505,0,0,FALSE
2019-05-25 14:09:00,0,0.0699098298395505,0,0,FALSE
2019-05-25 14:10:00,0,0.0699098298395505,0,0,FALSE
2019-05-25 14:11:00,0,0.0699098298395505,0,0,FALSE
2019-05-25 14:12:00,0,0.0699098298395505,0,0,FALSE
2019-05-25 14:13:00,0,0.0699098298395505,0,0,FALSE
2019-05-25 14:14:00,0,0.0699098298395505,0,0,FALSE
2019-05-25 14:15:00,0,0.0699098298395505,0,0,FALSE
2019-05-25 14:16:00,0,0.0699098298395505,0,0,FALSE
2019-05-25 14:17:00,0,0.0699098298395505,0,0,FALSE
2019-05-25 14:18:00,0,0.0699098298395505,0,0,FALSE
2019-05-25 14:19:00,0,0.0699098298395505,0,0,FALSE
2019-05-25 14:20:00,0,0.0699098298395505,0,0,FALSE
2019-05-25 14:21:00,0,0.0699098298395505,0,0,FALSE
2019-05-25 14:22:00,0,0.0699098298395505,0,0,FALSE
2019-05-25 14:23:00,0,0.0699098298395505,0,0,FALSE
2019-05-25 14:24:00,0,0.0699098298395505,0,0,FALSE
2019-05-25 14:25:00,0,0.0699098298395505,0,0,FALSE
2019-05-25 14:26:00,0,0.0699098298395505,0,0,FALSE
2019-05-25 14:27:00,0,0.0699098298395505,0,0,FALSE
2019-05-25 14:28:00,0,0.0699098298395505,0,0,FALSE
2019-05-25 14:29:00,0,0.0699098298395505,0,0,FALSE
2019-05-25 14:30:00,0,0.0699098298395505,0,0,FALSE
2019-05-25 14:31:00,0,0.0699098298395505,0,0,FALSE
2019-05-25 14:32:00,0,0.0699098298395505,0,0,FALSE
2019-05-25 14:33:00,0,0.0699098298395505,0,0,FALSE
2019-05-25 14:34:00,0,0.0699098298395505,0,0,FALSE
2019-05-25 14:35:00,0,0.0699098298395505,0,0,FALSE
2019-05-25 14:36:00,0,0.0699098298395505,0,0,FALSE
2019-05-25 14:37:00,0,0.0699098298395505,0,0,FALSE
2019-05-25 14:38:00,0,0.0699098298395505,0,0,FALSE
2019-05-25 14:39:00,0,0.0699098298395505,0,0,FALSE
2019-05-25 14:40:00,0,0.0699098298395505,0,0,FALSE
2019-05-25 14:41:00,0,0.0699098298395505,0,0,FALSE
2019-05-25 14:42:00,3,0.0699895445828111,74.1889172577798,2,FALSE
2019-05-25 14:43:00,0,0.0699895445828111,0,0,FALSE
2019-05-25 14:44:00,0,0.0699895445828111,0,0,FALSE
2019-05-25 14:45:00,1,0.0699895445828111,12.3181598465748,0,FALSE
2019-05-25 14:46:00,0,0.0699895445828111,0,0,FALSE
2019-05-25 14:47:00,0,0.0699895445828111,0,0,FALSE
2019-05-25 14:48:00,1,0.0699895445828111,621.927093162859,0,FALSE
2019-05-25 14:49:00,0,0.0699895445828111,0,0,FALSE
2019-05-25 14:50:00,0,0.0699895445828111,0,0,FALSE
2019-05-25 14:51:00,0,0.0699895445828111,0,0,FALSE
2019-05-25 14:52:00,0,0.0699895445828111,0,0,FALSE
2019-05-25 14:53:00,0,0.0699895445828111,0,0,FALSE
2019-05-25 14:54:00,0,0.0699895445828111,0,0,FALSE
2019-05-25 14:55:00,0,0.0699895445828111,0,0,FALSE
2019-05-25 14:56:00,0,0.0699895445828111,0,0,FALSE
2019-05-25 14:57:00,0,0.0699895445828111,0,0,FALSE
2019-05-25 14:58:00,0,0.0699895445828111,0,0,FALSE
2019-05-25 14:59:00,0,0.0699895445828111,0,0,FALSE
2019-05-25 15:00:00,0,0.0699895445828111,0,0,FALSE
2019-05-25 15:01:00,0,0.0699895445828111,0,0,FALSE
2019-05-25 15:02:00,0,0.0699895445828111,0,0,FALSE
2019-05-25 15:03:00,0,0.0699895445828111,0,0,FALSE
2019-05-25 15:04:00,1,0.0701489740693323,21.6760329874237,0,FALSE
2019-05-25 15:05:00,7,0.0704678330423747,1263.64671935938,4,FALSE
2019-05-25 15:06:00,2,0.0705475477856353,263.071805692634,0,FALSE
2019-05-25 15:07:00,1,0.070627262528896,81.1507246457014,0,FALSE
2019-05-25 15:08:00,0,0.070627262528896,0,0,FALSE
2019-05-25 15:09:00,0,0.070627262528896,0,0,FALSE
2019-05-25 15:10:00,2,0.0707069772721566,380.180495872559,0,FALSE
2019-05-25 15:11:00,0,0.0707069772721566,0,0,FALSE
2019-05-25 15:12:00,0,0.0707069772721566,0,0,FALSE
2019-05-25 15:13:00,0,0.0707069772721566,0,0,FALSE
2019-05-25 15:14:00,0,0.0707069772721566,0,0,FALSE
2019-05-25 15:15:00,0,0.0707069772721566,0,0,FALSE
2019-05-25 15:16:00,0,0.0707069772721566,0,0,FALSE
2019-05-25 15:17:00,0,0.0707069772721566,0,0,FALSE
2019-05-25 15:18:00,0,0.0707069772721566,0,0,FALSE
2019-05-25 15:19:00,0,0.0707069772721566,0,0,FALSE
2019-05-25 15:20:00,0,0.0707069772721566,0,0,FALSE
2019-05-25 15:21:00,0,0.0707069772721566,0,0,FALSE
2019-05-25 15:22:00,0,0.0707069772721566,0,0,FALSE
2019-05-25 15:23:00,0,0.0707069772721566,0,0,FALSE
2019-05-25 15:24:00,0,0.0707069772721566,0,0,FALSE
2019-05-25 15:25:00,0,0.0707069772721566,0,0,FALSE
2019-05-25 15:26:00,0,0.0707069772721566,0,0,FALSE
2019-05-25 15:27:00,0,0.0707069772721566,0,0,FALSE
2019-05-25 15:28:00,1,0.0704678330423747,29.5964898777974,0,FALSE
2019-05-25 15:29:00,0,0.0704678330423747,0,0,FALSE
2019-05-25 15:30:00,0,0.0704678330423747,0,0,FALSE
2019-05-25 15:31:00,0,0.0704678330423747,0,0,FALSE
2019-05-25 15:32:00,2,0.0707069772721566,288.671796917061,0,FALSE
2019-05-25 15:33:00,0,0.0707069772721566,0,0,FALSE
2019-05-25 15:34:00,0,0.0707069772721566,0,0,FALSE
2019-05-25 15:35:00,0,0.0707069772721566,0,0,FALSE
2019-05-25 15:36:00,0,0.0707069772721566,0,0,FALSE
2019-05-25 15:37:00,0,0.0707069772721566,0,0,FALSE
2019-05-25 15:38:00,3,0.0707069772721566,56.5790536093363,3,FALSE
2019-05-25 15:39:00,2,0.0706272625288892,16.6680339568178,2,FALSE
2019-05-25 15:40:00,0,0.0706272625288892,0,0,FALSE
2019-05-25 15:41:00,0,0.0706272625288892,0,0,FALSE
2019-05-25 15:42:00,0,0.0706272625288892,0,0,FALSE
2019-05-25 15:43:00,0,0.0706272625288892,0,0,FALSE
2019-05-25 15:44:00,0,0.0706272625288892,0,0,FALSE
2019-05-25 15:45:00,0,0.0706272625288892,0,0,FALSE
2019-05-25 15:46:00,0,0.0706272625288892,0,0,FALSE
2019-05-25 15:47:00,0,0.0706272625288892,0,0,FALSE
2019-05-25 15:48:00,0,0.0706272625288892,0,0,FALSE
2019-05-25 15:49:00,0,0.0706272625288892,0,0,FALSE
2019-05-25 15:50:00,0,0.0706272625288892,0,0,FALSE
2019-05-25 15:51:00,0,0.0706272625288892,0,0,FALSE
2019-05-25 15:52:00,0,0.0706272625288892,0,0,FALSE
2019-05-25 15:53:00,0,0.0706272625288892,0,0,FALSE
2019-05-25 15:54:00,0,0.0706272625288892,0,0,FALSE
2019-05-25 15:55:00,1,0.0704678330423747,20.9289464135853,0,FALSE
2019-05-25 15:56:00,0,0.0704678330423747,0,0,FALSE
2019-05-25 15:57:00,1,0.0706272625288959,11.9360073673834,0,FALSE
2019-05-25 15:58:00,0,0.0706272625288959,0,0,FALSE
2019-05-25 15:59:00,0,0.0706272625288959,0,0,FALSE
2019-05-25 16:00:00,0,0.0706272625288959,0,0,FALSE
2019-05-25 16:01:00,0,0.0706272625288959,0,0,FALSE
2019-05-25 16:02:00,0,0.0706272625288959,0,0,FALSE
2019-05-25 16:03:00,0,0.0706272625288959,0,0,FALSE
2019-05-25 16:04:00,0,0.0706272625288959,0,0,FALSE
2019-05-25 16:05:00,0,0.0706272625288959,0,0,FALSE
2019-05-25 16:06:00,0,0.0706272625288959,0,0,FALSE
2019-05-25 16:07:00,0,0.0706272625288959,0,0,FALSE
2019-05-25 16:08:00,0,0.0706272625288959,0,0,FALSE
2019-05-25 16:09:00,0,0.0706272625288959,0,0,FALSE
2019-05-25 16:10:00,0,0.0706272625288959,0,0,FALSE
2019-05-25 16:11:00,0,0.0706272625288959,0,0,FALSE
2019-05-25 16:12:00,0,0.0706272625288959,0,0,FALSE
2019-05-25 16:13:00,0,0.0706272625288959,0,0,FALSE
2019-05-25 16:14:00,0,0.0706272625288959,0,0,FALSE
2019-05-25 16:15:00,0,0.0706272625288959,0,0,FALSE
2019-05-25 16:16:00,0,0.0706272625288959,0,0,FALSE
2019-05-25 16:17:00,0,0.0706272625288959,0,0,FALSE
2019-05-25 16:18:00,0,0.0706272625288959,0,0,FALSE
2019-05-25 16:19:00,0,0.0706272625288959,0,0,FALSE
2019-05-25 16:20:00,0,0.0706272625288959,0,0,FALSE
2019-05-25 16:21:00,0,0.0706272625288959,0,0,FALSE
2019-05-25 16:22:00,0,0.0706272625288959,0,0,FALSE
2019-05-25 16:23:00,0,0.0706272625288959,0,0,FALSE
2019-05-25 16:24:00,0,0.0706272625288959,0,0,FALSE
2019-05-25 16:25:00,0,0.0706272625288959,0,0,FALSE
2019-05-25 16:26:00,1,0.0703084035558535,175.48977527541,0,FALSE
2019-05-25 16:27:00,0,0.0703084035558535,0,0,FALSE
2019-05-25 16:28:00,0,0.0703084035558535,0,0,FALSE
2019-05-25 16:29:00,0,0.0703084035558535,0,0,FALSE
2019-05-25 16:30:00,1,0.0704678330423747,9.58362529376296,0,FALSE
2019-05-25 16:31:00,2,0.0703482609274838,70.4855297153786,2,FALSE
2019-05-25 16:32:00,0,0.0703482609274838,0,0,FALSE
2019-05-25 16:33:00,0,0.0703482609274838,0,0,FALSE
2019-05-25 16:34:00,0,0.0703482609274838,0,0,FALSE
2019-05-25 16:35:00,0,0.0703482609274838,0,0,FALSE
2019-05-25 16:36:00,0,0.0703482609274838,0,0,FALSE
2019-05-25 16:37:00,0,0.0703482609274838,0,0,FALSE
2019-05-25 16:38:00,0,0.0703482609274838,0,0,FALSE
2019-05-25 16:39:00,0,0.0703482609274838,0,0,FALSE
2019-05-25 16:40:00,0,0.0703482609274838,0,0,FALSE
2019-05-25 16:41:00,0,0.0703482609274838,0,0,FALSE
2019-05-25 16:42:00,0,0.0703482609274838,0,0,FALSE
2019-05-25 16:43:00,2,0.0701489740693323,159.582698257757,0,FALSE
2019-05-25 16:44:00,0,0.0701489740693323,0,0,FALSE
2019-05-25 16:45:00,0,0.0701489740693323,0,0,FALSE
2019-05-25 16:46:00,1,0.0705475477856353,24.4799990816155,0,FALSE
2019-05-25 16:47:00,0,0.0705475477856353,0,0,FALSE
2019-05-25 16:48:00,0,0.0705475477856353,0,0,FALSE
2019-05-25 16:49:00,0,0.0705475477856353,0,0,FALSE
2019-05-25 16:50:00,0,0.0705475477856353,0,0,FALSE
2019-05-25 16:51:00,0,0.0705475477856353,0,0,FALSE
2019-05-25 16:52:00,0,0.0705475477856353,0,0,FALSE
2019-05-25 16:53:00,0,0.0705475477856353,0,0,FALSE
2019-05-25 16:54:00,0,0.0705475477856353,0,0,FALSE
2019-05-25 16:55:00,0,0.0705475477856353,0,0,FALSE
2019-05-25 16:56:00,0,0.0705475477856353,0,0,FALSE
2019-05-25 16:57:00,0,0.0705475477856353,0,0,FALSE
2019-05-25 16:58:00,0,0.0705475477856353,0,0,FALSE
2019-05-25 16:59:00,0,0.0705475477856353,0,0,FALSE
2019-05-25 17:00:00,3,0.0702552603936798,146.205687476451,3,FALSE
2019-05-25 17:01:00,0,0.0702552603936798,0,0,FALSE
2019-05-25 17:02:00,0,0.0702552603936798,0,0,FALSE
2019-05-25 17:03:00,0,0.0702552603936798,0,0,FALSE
2019-05-25 17:04:00,0,0.0702552603936798,0,0,FALSE
2019-05-25 17:05:00,0,0.0702552603936798,0,0,FALSE
2019-05-25 17:06:00,0,0.0702552603936798,0,0,FALSE
2019-05-25 17:07:00,0,0.0702552603936798,0,0,FALSE
2019-05-25 17:08:00,0,0.0702552603936798,0,0,FALSE
2019-05-25 17:09:00,0,0.0702552603936798,0,0,FALSE
2019-05-25 17:10:00,0,0.0702552603936798,0,0,FALSE
2019-05-25 17:11:00,0,0.0702552603936798,0,0,FALSE
2019-05-25 17:12:00,0,0.0702552603936798,0,0,FALSE
2019-05-25 17:13:00,0,0.0702552603936798,0,0,FALSE
2019-05-25 17:14:00,0,0.0702552603936798,0,0,FALSE
2019-05-25 17:15:00,0,0.0702552603936798,0,0,FALSE
2019-05-25 17:16:00,0,0.0702552603936798,0,0,FALSE
2019-05-25 17:17:00,0,0.0702552603936798,0,0,FALSE
2019-05-25 17:18:00,0,0.0702552603936798,0,0,FALSE
2019-05-25 17:19:00,0,0.0702552603936798,0,0,FALSE
2019-05-25 17:20:00,0,0.0702552603936798,0,0,FALSE
2019-05-25 17:21:00,0,0.0702552603936798,0,0,FALSE
2019-05-25 17:22:00,0,0.0702552603936798,0,0,FALSE
2019-05-25 17:23:00,0,0.0702552603936798,0,0,FALSE
2019-05-25 17:24:00,0,0.0702552603936798,0,0,FALSE
2019-05-25 17:25:00,0,0.0702552603936798,0,0,FALSE
2019-05-25 17:26:00,0,0.0702552603936798,0,0,FALSE
2019-05-25 17:27:00,3,0.0700426877449848,102.523044461302,2,FALSE
2019-05-25 17:28:00,0,0.0700426877449848,0,0,FALSE
2019-05-25 17:29:00,0,0.0700426877449848,0,0,FALSE
2019-05-25 17:30:00,0,0.0700426877449848,0,0,FALSE
2019-05-25 17:31:00,0,0.0700426877449848,0,0,FALSE
2019-05-25 17:32:00,0,0.0700426877449848,0,0,FALSE
2019-05-25 17:33:00,0,0.0700426877449848,0,0,FALSE
2019-05-25 17:34:00,0,0.0700426877449848,0,0,FALSE
2019-05-25 17:35:00,0,0.0700426877449848,0,0,FALSE
2019-05-25 17:36:00,2,0.070109116697702,353.145878413671,2,FALSE
2019-05-25 17:37:00,1,0.0703881182991141,15.9781028538989,0,FALSE
2019-05-25 17:38:00,0,0.0703881182991141,0,0,FALSE
2019-05-25 17:39:00,1,0.0699895445828111,521.632075775691,0,FALSE
2019-05-25 17:40:00,0,0.0699895445828111,0,0,FALSE
2019-05-25 17:41:00,0,0.0699895445828111,0,0,FALSE
2019-05-25 17:42:00,0,0.0699895445828111,0,0,FALSE
2019-05-25 17:43:00,0,0.0699895445828111,0,0,FALSE
2019-05-25 17:44:00,0,0.0699895445828111,0,0,FALSE
2019-05-25 17:45:00,0,0.0699895445828111,0,0,FALSE
2019-05-25 17:46:00,0,0.0699895445828111,0,0,FALSE
2019-05-25 17:47:00,0,0.0699895445828111,0,0,FALSE
2019-05-25 17:48:00,0,0.0699895445828111,0,0,FALSE
2019-05-25 17:49:00,0,0.0699895445828111,0,0,FALSE
2019-05-25 17:50:00,0,0.0699895445828111,0,0,FALSE
2019-05-25 17:51:00,0,0.0699895445828111,0,0,FALSE
2019-05-25 17:52:00,0,0.0699895445828111,0,0,FALSE
2019-05-25 17:53:00,0,0.0699895445828111,0,0,FALSE
2019-05-25 17:54:00,0,0.0699895445828111,0,0,FALSE
2019-05-25 17:55:00,0,0.0699895445828111,0,0,FALSE
2019-05-25 17:56:00,0,0.0699895445828111,0,0,FALSE
2019-05-25 17:57:00,0,0.0699895445828111,0,0,FALSE
2019-05-25 17:58:00,0,0.0699895445828111,0,0,FALSE
2019-05-25 17:59:00,0,0.0699895445828111,0,0,FALSE
2019-05-25 18:00:00,0,0.0699895445828111,0,0,FALSE
2019-05-25 18:01:00,0,0.0699895445828111,0,0,FALSE
2019-05-25 18:02:00,0,0.0699895445828111,0,0,FALSE
2019-05-25 18:03:00,0,0.0699895445828111,0,0,FALSE
2019-05-25 18:04:00,0,0.0699895445828111,0,0,FALSE
2019-05-25 18:05:00,0,0.0699895445828111,0,0,FALSE
2019-05-25 18:06:00,0,0.0699895445828111,0,0,FALSE
2019-05-25 18:07:00,0,0.0699895445828111,0,0,FALSE
2019-05-25 18:08:00,0,0.0699895445828111,0,0,FALSE
2019-05-25 18:09:00,1,0.0704308965322131,36.2719117140897,0,FALSE
2019-05-25 18:10:00,0,0.0704308965322131,0,0,FALSE
2019-05-25 18:11:00,0,0.0704308965322131,0,0,FALSE
2019-05-25 18:12:00,0,0.0704308965322131,0,0,FALSE
2019-05-25 18:13:00,0,0.0704308965322131,0,0,FALSE
2019-05-25 18:14:00,0,0.0704308965322131,0,0,FALSE
2019-05-25 18:15:00,0,0.0704308965322131,0,0,FALSE
2019-05-25 18:16:00,0,0.0704308965322131,0,0,FALSE
2019-05-25 18:17:00,1,0.0704308965322131,34.4407084042522,0,FALSE
2019-05-25 18:18:00,0,0.0704308965322131,0,0,FALSE
2019-05-25 18:19:00,2,0.0703107072889841,19.3998258757603,2,FALSE
2019-05-25 18:20:00,0,0.0703107072889841,0,0,FALSE
2019-05-25 18:21:00,0,0.0703107072889841,0,0,FALSE
2019-05-25 18:22:00,0,0.0703107072889841,0,0,FALSE
2019-05-25 18:23:00,0,0.0703107072889841,0,0,FALSE
2019-05-25 18:24:00,0,0.0703107072889841,0,0,FALSE
2019-05-25 18:25:00,2,0.0703507703700604,23.9192619258205,2,FALSE
2019-05-25 18:26:00,0,0.0703507703700604,0,0,FALSE
2019-05-25 18:27:00,0,0.0703507703700604,0,0,FALSE
2019-05-25 18:28:00,0,0.0703507703700604,0,0,FALSE
2019-05-25 18:29:00,0,0.0703507703700604,0,0,FALSE
2019-05-25 18:30:00,0,0.0703507703700604,0,0,FALSE
2019-05-25 18:31:00,0,0.0703507703700604,0,0,FALSE
2019-05-25 18:32:00,0,0.0703507703700604,0,0,FALSE
2019-05-25 18:33:00,0,0.0703507703700604,0,0,FALSE
2019-05-25 18:34:00,0,0.0703507703700604,0,0,FALSE
2019-05-25 18:35:00,1,0.0703507703700604,36.1602959702111,0,FALSE
2019-05-25 18:36:00,0,0.0703507703700604,0,0,FALSE
2019-05-25 18:37:00,0,0.0703507703700604,0,0,FALSE
2019-05-25 18:38:00,0,0.0703507703700604,0,0,FALSE
2019-05-25 18:39:00,0,0.0703507703700604,0,0,FALSE
2019-05-25 18:40:00,0,0.0703507703700604,0,0,FALSE
2019-05-25 18:41:00,0,0.0703507703700604,0,0,FALSE
2019-05-25 18:42:00,0,0.0703507703700604,0,0,FALSE
2019-05-25 18:43:00,0,0.0703507703700604,0,0,FALSE
2019-05-25 18:44:00,0,0.0703507703700604,0,0,FALSE
2019-05-25 18:45:00,0,0.0703507703700604,0,0,FALSE
2019-05-25 18:46:00,0,0.0703507703700604,0,0,FALSE
2019-05-25 18:47:00,0,0.0703507703700604,0,0,FALSE
2019-05-25 18:48:00,0,0.0703507703700604,0,0,FALSE
2019-05-25 18:49:00,0,0.0703507703700604,0,0,FALSE
2019-05-25 18:50:00,0,0.0703507703700604,0,0,FALSE
2019-05-25 18:51:00,0,0.0703507703700604,0,0,FALSE
2019-05-25 18:52:00,0,0.0703507703700604,0,0,FALSE
2019-05-25 18:53:00,0,0.0703507703700604,0,0,FALSE
2019-05-25 18:54:00,0,0.0703507703700604,0,0,FALSE
2019-05-25 18:55:00,0,0.0703507703700604,0,0,FALSE
2019-05-25 18:56:00,0,0.0703507703700604,0,0,FALSE
2019-05-25 18:57:00,0,0.0703507703700604,0,0,FALSE
2019-05-25 18:58:00,0,0.0703507703700604,0,0,FALSE
2019-05-25 18:59:00,0,0.0703507703700604,0,0,FALSE
2019-05-25 19:00:00,0,0.0703507703700604,0,0,FALSE
2019-05-25 19:01:00,0,0.0703507703700604,0,0,FALSE
2019-05-25 19:02:00,1,0.0700302657214483,40.1273422583899,0,FALSE
2019-05-25 19:03:00,0,0.0700302657214483,0,0,FALSE
2019-05-25 19:04:00,0,0.0700302657214483,0,0,FALSE
2019-05-25 19:05:00,0,0.0700302657214483,0,0,FALSE
2019-05-25 19:06:00,1,0.0698700133971377,8.45427162105366,0,FALSE
2019-05-25 19:07:00,0,0.0698700133971377,0,0,FALSE
2019-05-25 19:08:00,0,0.0698700133971377,0,0,FALSE
2019-05-25 19:09:00,0,0.0698700133971377,0,0,FALSE
2019-05-25 19:10:00,9,0.0696296349106862,94.2088960341585,0,FALSE
2019-05-25 19:11:00,5,0.0696296349106862,48.4622258978376,0,FALSE
2019-05-25 19:12:00,0,0.0696296349106862,0,0,FALSE
2019-05-25 19:13:00,0,0.0696296349106862,0,0,FALSE
2019-05-25 19:14:00,0,0.0696296349106862,0,0,FALSE
2019-05-25 19:15:00,0,0.0696296349106862,0,0,FALSE
2019-05-25 19:16:00,1,0.0697898872349888,20.0296976364418,0,FALSE
2019-05-25 19:17:00,0,0.0697898872349888,0,0,FALSE
2019-05-25 19:18:00,0,0.0697898872349888,0,0,FALSE
2019-05-25 19:19:00,0,0.0697898872349888,0,0,FALSE
2019-05-25 19:20:00,12,0.0692022953792052,1204.53130731466,2,FALSE
2019-05-25 19:21:00,7,0.069332023451262,184.791442221611,2,FALSE
2019-05-25 19:22:00,0,0.069332023451262,0,0,FALSE
2019-05-25 19:23:00,0,0.069332023451262,0,0,FALSE
2019-05-25 19:24:00,0,0.069332023451262,0,0,FALSE
2019-05-25 19:25:00,0,0.069332023451262,0,0,FALSE
2019-05-25 19:26:00,0,0.069332023451262,0,0,FALSE
2019-05-25 19:27:00,0,0.069332023451262,0,0,FALSE
2019-05-25 19:28:00,0,0.069332023451262,0,0,FALSE
2019-05-25 19:29:00,1,0.0697097610728377,44.6839568476889,0,FALSE
2019-05-25 19:30:00,0,0.0697097610728377,0,0,FALSE
2019-05-25 19:31:00,0,0.0697097610728377,0,0,FALSE
2019-05-25 19:32:00,0,0.0697097610728377,0,0,FALSE
2019-05-25 19:33:00,0,0.0697097610728377,0,0,FALSE
2019-05-25 19:34:00,0,0.0697097610728377,0,0,FALSE
2019-05-25 19:35:00,0,0.0697097610728377,0,0,FALSE
2019-05-25 19:36:00,0,0.0697097610728377,0,0,FALSE
2019-05-25 19:37:00,0,0.0697097610728377,0,0,FALSE
2019-05-25 19:38:00,0,0.0697097610728377,0,0,FALSE
2019-05-25 19:39:00,0,0.0697097610728377,0,0,FALSE
2019-05-25 19:40:00,0,0.0697097610728377,0,0,FALSE
2019-05-25 19:41:00,0,0.0697097610728377,0,0,FALSE
2019-05-25 19:42:00,0,0.0697097610728377,0,0,FALSE
2019-05-25 19:43:00,0,0.0697097610728377,0,0,FALSE
2019-05-25 19:44:00,0,0.0697097610728377,0,0,FALSE
2019-05-25 19:45:00,0,0.0697097610728377,0,0,FALSE
2019-05-25 19:46:00,0,0.0697097610728377,0,0,FALSE
2019-05-25 19:47:00,1,0.0696296349106851,47.5570406439979,0,FALSE
2019-05-25 19:48:00,0,0.0696296349106851,0,0,FALSE
2019-05-25 19:49:00,0,0.0696296349106851,0,0,FALSE
2019-05-25 19:50:00,0,0.0696296349106851,0,0,FALSE
2019-05-25 19:51:00,0,0.0696296349106851,0,0,FALSE
2019-05-25 19:52:00,0,0.0696296349106851,0,0,FALSE
2019-05-25 19:53:00,0,0.0696296349106851,0,0,FALSE
2019-05-25 19:54:00,0,0.0696296349106851,0,0,FALSE
2019-05-25 19:55:00,0,0.0696296349106851,0,0,FALSE
2019-05-25 19:56:00,0,0.0696296349106851,0,0,FALSE
2019-05-25 19:57:00,0,0.0696296349106851,0,0,FALSE
2019-05-25 19:58:00,0,0.0696296349106851,0,0,FALSE
2019-05-25 19:59:00,0,0.0696296349106851,0,0,FALSE
2019-05-25 20:00:00,0,0.0696296349106851,0,0,FALSE
2019-05-25 20:01:00,0,0.0696296349106851,0,0,FALSE
2019-05-25 20:02:00,0,0.0696296349106851,0,0,FALSE
2019-05-25 20:03:00,0,0.0696296349106851,0,0,FALSE
2019-05-25 20:04:00,0,0.0696296349106851,0,0,FALSE
2019-05-25 20:05:00,0,0.0696296349106851,0,0,FALSE
2019-05-25 20:06:00,0,0.0696296349106851,0,0,FALSE
2019-05-25 20:07:00,0,0.0696296349106851,0,0,FALSE
2019-05-25 20:08:00,0,0.0696296349106851,0,0,FALSE
2019-05-25 20:09:00,0,0.0696296349106851,0,0,FALSE
2019-05-25 20:10:00,0,0.0696296349106851,0,0,FALSE
2019-05-25 20:11:00,0,0.0696296349106851,0,0,FALSE
2019-05-25 20:12:00,0,0.0696296349106851,0,0,FALSE
2019-05-25 20:13:00,0,0.0696296349106851,0,0,FALSE
2019-05-25 20:14:00,0,0.0696296349106851,0,0,FALSE
2019-05-25 20:15:00,0,0.0696296349106851,0,0,FALSE
2019-05-25 20:16:00,0,0.0696296349106851,0,0,FALSE
2019-05-25 20:17:00,0,0.0696296349106851,0,0,FALSE
2019-05-25 20:18:00,1,0.0695495087485274,9.04143613730856,0,FALSE
2019-05-25 20:19:00,0,0.0695495087485274,0,0,FALSE
2019-05-25 20:20:00,0,0.0695495087485274,0,0,FALSE
2019-05-25 20:21:00,0,0.0695495087485274,0,0,FALSE
2019-05-25 20:22:00,0,0.0695495087485274,0,0,FALSE
2019-05-25 20:23:00,0,0.0695495087485274,0,0,FALSE
2019-05-25 20:24:00,1,0.0695495087485335,14.3967483109464,0,FALSE
2019-05-25 20:25:00,0,0.0695495087485335,0,0,FALSE
2019-05-25 20:26:00,0,0.0695495087485335,0,0,FALSE
2019-05-25 20:27:00,0,0.0695495087485335,0,0,FALSE
2019-05-25 20:28:00,0,0.0695495087485335,0,0,FALSE
2019-05-25 20:29:00,0,0.0695495087485335,0,0,FALSE
2019-05-25 20:30:00,0,0.0695495087485335,0,0,FALSE
2019-05-25 20:31:00,0,0.0695495087485335,0,0,FALSE
2019-05-25 20:32:00,0,0.0695495087485335,0,0,FALSE
2019-05-25 20:33:00,0,0.0695495087485335,0,0,FALSE
2019-05-25 20:34:00,0,0.0695495087485335,0,0,FALSE
2019-05-25 20:35:00,0,0.0695495087485335,0,0,FALSE
2019-05-25 20:36:00,0,0.0695495087485335,0,0,FALSE
2019-05-25 20:37:00,0,0.0695495087485335,0,0,FALSE
2019-05-25 20:38:00,0,0.0695495087485335,0,0,FALSE
2019-05-25 20:39:00,0,0.0695495087485335,0,0,FALSE
2019-05-25 20:40:00,3,0.0693091302620755,121.881828278346,3,FALSE
2019-05-25 20:41:00,1,0.0693892564242282,16.7922000546632,0,FALSE
2019-05-25 20:42:00,0,0.0693892564242282,0,0,FALSE
2019-05-25 20:43:00,0,0.0693892564242282,0,0,FALSE
2019-05-25 20:44:00,0,0.0693892564242282,0,0,FALSE
2019-05-25 20:45:00,0,0.0693892564242282,0,0,FALSE
2019-05-25 20:46:00,0,0.0693892564242282,0,0,FALSE
2019-05-25 20:47:00,0,0.0693892564242282,0,0,FALSE
2019-05-25 20:48:00,0,0.0693892564242282,0,0,FALSE
2019-05-25 20:49:00,1,0.0693892564242281,224.057908993833,0,FALSE
2019-05-25 20:50:00,1,0.0695495087485335,4.79891610364881,0,FALSE
2019-05-25 20:51:00,0,0.0695495087485335,0,0,FALSE
2019-05-25 20:52:00,0,0.0695495087485335,0,0,FALSE
2019-05-25 20:53:00,0,0.0695495087485335,0,0,FALSE
2019-05-25 20:54:00,0,0.0695495087485335,0,0,FALSE
2019-05-25 20:55:00,0,0.0695495087485335,0,0,FALSE
2019-05-25 20:56:00,0,0.0695495087485335,0,0,FALSE
2019-05-25 20:57:00,1,0.0696296349106862,15.9451863945471,0,FALSE
2019-05-25 20:58:00,0,0.0696296349106862,0,0,FALSE
2019-05-25 20:59:00,0,0.0696296349106862,0,0,FALSE
2019-05-25 21:00:00,0,0.0696296349106862,0,0,FALSE
2019-05-25 21:01:00,0,0.0696296349106862,0,0,FALSE
2019-05-25 21:02:00,0,0.0696296349106862,0,0,FALSE
2019-05-25 21:03:00,0,0.0696296349106862,0,0,FALSE
2019-05-25 21:04:00,0,0.0696296349106862,0,0,FALSE
2019-05-25 21:05:00,0,0.0696296349106862,0,0,FALSE
2019-05-25 21:06:00,0,0.0696296349106862,0,0,FALSE
2019-05-25 21:07:00,0,0.0696296349106862,0,0,FALSE
2019-05-25 21:08:00,0,0.0696296349106862,0,0,FALSE
2019-05-25 21:09:00,2,0.0695895718296099,258.010248439764,2,FALSE
2019-05-25 21:10:00,0,0.0695895718296099,0,0,FALSE
2019-05-25 21:11:00,0,0.0695895718296099,0,0,FALSE
2019-05-25 21:12:00,0,0.0695895718296099,0,0,FALSE
2019-05-25 21:13:00,0,0.0695895718296099,0,0,FALSE
2019-05-25 21:14:00,0,0.0695895718296099,0,0,FALSE
2019-05-25 21:15:00,0,0.0695895718296099,0,0,FALSE
2019-05-25 21:16:00,0,0.0695895718296099,0,0,FALSE
2019-05-25 21:17:00,0,0.0695895718296099,0,0,FALSE
2019-05-25 21:18:00,0,0.0695895718296099,0,0,FALSE
2019-05-25 21:19:00,0,0.0695895718296099,0,0,FALSE
2019-05-25 21:20:00,0,0.0695895718296099,0,0,FALSE
2019-05-25 21:21:00,0,0.0695895718296099,0,0,FALSE
2019-05-25 21:22:00,0,0.0695895718296099,0,0,FALSE
2019-05-25 21:23:00,0,0.0695895718296099,0,0,FALSE
2019-05-25 21:24:00,0,0.0695895718296099,0,0,FALSE
2019-05-25 21:25:00,0,0.0695895718296099,0,0,FALSE
2019-05-25 21:26:00,0,0.0695895718296099,0,0,FALSE
2019-05-25 21:27:00,0,0.0695895718296099,0,0,FALSE
2019-05-25 21:28:00,0,0.0695895718296099,0,0,FALSE
2019-05-25 21:29:00,0,0.0695895718296099,0,0,FALSE
2019-05-25 21:30:00,3,0.0696830523521214,582.460229148754,3,FALSE
2019-05-25 21:31:00,0,0.0696830523521214,0,0,FALSE
2019-05-25 21:32:00,3,0.0697898872349916,80.204124908463,3,FALSE
2019-05-25 21:33:00,0,0.0697898872349916,0,0,FALSE
2019-05-25 21:34:00,0,0.0697898872349916,0,0,FALSE
2019-05-25 21:35:00,0,0.0697898872349916,0,0,FALSE
2019-05-25 21:36:00,0,0.0697898872349916,0,0,FALSE
2019-05-25 21:37:00,0,0.0697898872349916,0,0,FALSE
2019-05-25 21:38:00,0,0.0697898872349916,0,0,FALSE
2019-05-25 21:39:00,0,0.0697898872349916,0,0,FALSE
2019-05-25 21:40:00,0,0.0697898872349916,0,0,FALSE
2019-05-25 21:41:00,0,0.0697898872349916,0,0,FALSE
2019-05-25 21:42:00,0,0.0697898872349916,0,0,FALSE
2019-05-25 21:43:00,0,0.0697898872349916,0,0,FALSE
2019-05-25 21:44:00,1,0.0697898872349916,8.304996580964,0,FALSE
2019-05-25 21:45:00,0,0.0697898872349916,0,0,FALSE
2019-05-25 21:46:00,1,0.0697898872349916,697.898872349916,0,FALSE
2019-05-25 21:47:00,0,0.0697898872349916,0,0,FALSE
2019-05-25 21:48:00,0,0.0697898872349916,0,0,FALSE
2019-05-25 21:49:00,0,0.0697898872349916,0,0,FALSE
2019-05-25 21:50:00,0,0.0697898872349916,0,0,FALSE
2019-05-25 21:51:00,0,0.0697898872349916,0,0,FALSE
2019-05-25 21:52:00,0,0.0697898872349916,0,0,FALSE
2019-05-25 21:53:00,0,0.0697898872349916,0,0,FALSE
2019-05-25 21:54:00,0,0.0697898872349916,0,0,FALSE
2019-05-25 21:55:00,0,0.0697898872349916,0,0,FALSE
2019-05-25 21:56:00,0,0.0697898872349916,0,0,FALSE
2019-05-25 21:57:00,0,0.0697898872349916,0,0,FALSE
2019-05-25 21:58:00,0,0.0697898872349916,0,0,FALSE
2019-05-25 21:59:00,1,0.0697097610728389,233.179150788646,0,FALSE
2019-05-25 22:00:00,0,0.0697097610728389,0,0,FALSE
2019-05-25 22:01:00,0,0.0697097610728389,0,0,FALSE
2019-05-25 22:02:00,0,0.0697097610728389,0,0,FALSE
2019-05-25 22:03:00,0,0.0697097610728389,0,0,FALSE
2019-05-25 22:04:00,0,0.0697097610728389,0,0,FALSE
2019-05-25 22:05:00,0,0.0697097610728389,0,0,FALSE
2019-05-25 22:06:00,0,0.0697097610728389,0,0,FALSE
2019-05-25 22:07:00,0,0.0697097610728389,0,0,FALSE
2019-05-25 22:08:00,0,0.0697097610728389,0,0,FALSE
2019-05-25 22:09:00,0,0.0697097610728389,0,0,FALSE
2019-05-25 22:10:00,0,0.0697097610728389,0,0,FALSE
2019-05-25 22:11:00,1,0.0695495087485335,19.1956644145953,0,FALSE
2019-05-25 22:12:00,9,0.0696741494452108,1226.2834770589,8,FALSE
2019-05-25 22:13:00,0,0.0696741494452108,0,0,FALSE
2019-05-25 22:14:00,0,0.0696741494452108,0,0,FALSE
2019-05-25 22:15:00,0,0.0696741494452108,0,0,FALSE
2019-05-25 22:16:00,0,0.0696741494452108,0,0,FALSE
2019-05-25 22:17:00,0,0.0696741494452108,0,0,FALSE
2019-05-25 22:18:00,0,0.0696741494452108,0,0,FALSE
2019-05-25 22:19:00,0,0.0696741494452108,0,0,FALSE
2019-05-25 22:20:00,0,0.0696741494452108,0,0,FALSE
2019-05-25 22:21:00,0,0.0696741494452108,0,0,FALSE
2019-05-25 22:22:00,0,0.0696741494452108,0,0,FALSE
2019-05-25 22:23:00,10,0.0694693825863808,496.983963022969,0,FALSE
2019-05-25 22:24:00,0,0.0694693825863808,0,0,FALSE
2019-05-25 22:25:00,0,0.0694693825863808,0,0,FALSE
2019-05-25 22:26:00,0,0.0694693825863808,0,0,FALSE
2019-05-25 22:27:00,22,0.0693892564242282,2554.70425377081,0,FALSE
2019-05-25 22:28:00,12,0.0693892564242282,278.875421568973,0,FALSE
2019-05-25 22:29:00,32,0.0693892564242282,328.627518425145,0,FALSE
2019-05-25 22:30:00,5,0.0693892564242282,81.1160407599227,0,FALSE
2019-05-25 22:31:00,0,0.0693892564242282,0,0,FALSE
2019-05-25 22:32:00,7,0.0693892564242281,584.673874630546,0,FALSE
2019-05-25 22:33:00,0,0.0693892564242281,0,0,FALSE
2019-05-25 22:34:00,0,0.0693892564242281,0,0,FALSE
2019-05-25 22:35:00,1,0.0693892564242281,44.4785133679302,0,FALSE
2019-05-25 22:36:00,0,0.0693892564242281,0,0,FALSE
2019-05-25 22:37:00,0,0.0693892564242281,0,0,FALSE
2019-05-25 22:38:00,0,0.0693892564242281,0,0,FALSE
2019-05-25 22:39:00,0,0.0693892564242281,0,0,FALSE
2019-05-25 22:40:00,0,0.0693892564242281,0,0,FALSE
2019-05-25 22:41:00,0,0.0693892564242281,0,0,FALSE
2019-05-25 22:42:00,0,0.0693892564242281,0,0,FALSE
2019-05-25 22:43:00,0,0.0693892564242281,0,0,FALSE
2019-05-25 22:44:00,0,0.0693892564242281,0,0,FALSE
2019-05-25 22:45:00,0,0.0693892564242281,0,0,FALSE
2019-05-25 22:46:00,0,0.0693892564242281,0,0,FALSE
2019-05-25 22:47:00,0,0.0693892564242281,0,0,FALSE
2019-05-25 22:48:00,0,0.0693892564242281,0,0,FALSE
2019-05-25 22:49:00,44,0.0683297991332849,14549.7027246443,0,FALSE
2019-05-25 22:50:00,15,0.0688867946318378,812.457400133385,3,FALSE
2019-05-25 22:51:00,5,0.0688973926002427,211.965117495822,0,FALSE
2019-05-25 22:52:00,0,0.0688973926002427,0,0,FALSE
2019-05-25 22:53:00,0,0.0688973926002427,0,0,FALSE
2019-05-25 22:54:00,0,0.0688973926002427,0,0,FALSE
2019-05-25 22:55:00,0,0.0688973926002427,0,0,FALSE
2019-05-25 22:56:00,22,0.0687543200267766,221.595173446301,0,FALSE
2019-05-25 22:57:00,33,0.0687543200267766,332.358383009438,0,FALSE
2019-05-25 22:58:00,13,0.0687359773891527,206.07267355762,0,FALSE
2019-05-25 22:59:00,34,0.0687543200267766,343.634091493829,0,FALSE
2019-05-25 23:00:00,17,0.0686982131352212,493.883344214541,2,FALSE
2019-05-25 23:01:00,3,0.0686748352637398,236.175301984418,0,FALSE
2019-05-25 23:02:00,0,0.0686748352637398,0,0,FALSE
2019-05-25 23:03:00,0,0.0686748352637398,0,0,FALSE
2019-05-25 23:04:00,0,0.0686748352637398,0,0,FALSE
2019-05-25 23:05:00,0,0.0686748352637398,0,0,FALSE
2019-05-25 23:06:00,4,0.0685158657376664,153.612570983848,0,FALSE
2019-05-25 23:07:00,0,0.0685158657376664,0,0,FALSE
2019-05-25 23:08:00,1,0.0685158657376664,11.1680861152396,0,FALSE
2019-05-25 23:09:00,0,0.0685158657376664,0,0,FALSE
2019-05-25 23:10:00,0,0.0685158657376664,0,0,FALSE
2019-05-25 23:11:00,3,0.0685953505007031,7.40829785407593,0,FALSE
2019-05-25 23:12:00,2,0.0685953505007031,19.7554609442025,2,FALSE
2019-05-25 23:13:00,0,0.0685953505007031,0,0,FALSE
2019-05-25 23:14:00,0,0.0685953505007031,0,0,FALSE
2019-05-25 23:15:00,0,0.0685953505007031,0,0,FALSE
2019-05-25 23:16:00,0,0.0685953505007031,0,0,FALSE
2019-05-25 23:17:00,0,0.0685953505007031,0,0,FALSE
2019-05-25 23:18:00,0,0.0685953505007031,0,0,FALSE
2019-05-25 23:19:00,0,0.0685953505007031,0,0,FALSE
2019-05-25 23:20:00,0,0.0685953505007031,0,0,FALSE
2019-05-25 23:21:00,0,0.0685953505007031,0,0,FALSE
2019-05-25 23:22:00,0,0.0685953505007031,0,0,FALSE
2019-05-25 23:23:00,1,0.0685953505007031,9.87773047210124,0,FALSE
2019-05-25 23:24:00,0,0.0685953505007031,0,0,FALSE
2019-05-25 23:25:00,0,0.0685953505007031,0,0,FALSE
2019-05-25 23:26:00,0,0.0685953505007031,0,0,FALSE
2019-05-25 23:27:00,0,0.0685953505007031,0,0,FALSE
2019-05-25 23:28:00,0,0.0685953505007031,0,0,FALSE
2019-05-25 23:29:00,0,0.0685953505007031,0,0,FALSE
2019-05-25 23:30:00,0,0.0685953505007031,0,0,FALSE
2019-05-25 23:31:00,0,0.0685953505007031,0,0,FALSE
2019-05-25 23:32:00,0,0.0685953505007031,0,0,FALSE
2019-05-25 23:33:00,0,0.0685953505007031,0,0,FALSE
2019-05-25 23:34:00,0,0.0685953505007031,0,0,FALSE
2019-05-25 23:35:00,0,0.0685953505007031,0,0,FALSE
2019-05-25 23:36:00,0,0.0685953505007031,0,0,FALSE
2019-05-25 23:37:00,0,0.0685953505007031,0,0,FALSE
2019-05-25 23:38:00,0,0.0685953505007031,0,0,FALSE
2019-05-25 23:39:00,0,0.0685953505007031,0,0,FALSE
2019-05-25 23:40:00,0,0.0685953505007031,0,0,FALSE
2019-05-25 23:41:00,0,0.0685953505007031,0,0,FALSE
2019-05-25 23:42:00,0,0.0685953505007031,0,0,FALSE
2019-05-25 23:43:00,0,0.0685953505007031,0,0,FALSE
2019-05-25 23:44:00,0,0.0685953505007031,0,0,FALSE
2019-05-25 23:45:00,0,0.0685953505007031,0,0,FALSE
2019-05-25 23:46:00,0,0.0685953505007031,0,0,FALSE
2019-05-25 23:47:00,0,0.0685953505007031,0,0,FALSE
2019-05-25 23:48:00,2,0.0686350928822214,79.510834039012,2,FALSE
2019-05-25 23:49:00,0,0.0686350928822214,0,0,FALSE
2019-05-25 23:50:00,0,0.0686350928822214,0,0,FALSE
2019-05-25 23:51:00,0,0.0686350928822214,0,0,FALSE
2019-05-25 23:52:00,0,0.0686350928822214,0,0,FALSE
2019-05-25 23:53:00,0,0.0686350928822214,0,0,FALSE
2019-05-25 23:54:00,0,0.0686350928822214,0,0,FALSE
2019-05-25 23:55:00,0,0.0686350928822214,0,0,FALSE
2019-05-25 23:56:00,0,0.0686350928822214,0,0,FALSE
2019-05-25 23:57:00,0,0.0686350928822214,0,0,FALSE
2019-05-25 23:58:00,2,0.0686350928822214,34.6629872212684,0,FALSE
2019-05-25 23:59:00,0,0.0686350928822214,0,0,FALSE
2019-05-26,0,0.0686350928822214,0,0,FALSE
2019-05-26 00:01:00,2,0.0684363809746296,58.7868512572068,0,FALSE
2019-05-26 00:02:00,1,0.0684363809746296,11.3604392417885,0,FALSE
2019-05-26 00:03:00,12,0.0680190859686867,583.68117577053,0,FALSE
2019-05-26 00:04:00,8,0.0679793435871684,849.428624873239,0,FALSE
2019-05-26 00:05:00,1,0.0681979266855183,47.5339548998062,0,FALSE
2019-05-26 00:06:00,0,0.0681979266855183,0,0,FALSE
2019-05-26 00:07:00,0,0.0681979266855183,0,0,FALSE
2019-05-26 00:08:00,0,0.0681979266855183,0,0,FALSE
2019-05-26 00:09:00,0,0.0681979266855183,0,0,FALSE
2019-05-26 00:10:00,0,0.0681979266855183,0,0,FALSE
2019-05-26 00:11:00,0,0.0681979266855183,0,0,FALSE
2019-05-26 00:12:00,1,0.068197926685518,39.6911933309715,0,FALSE
2019-05-26 00:13:00,0,0.068197926685518,0,0,FALSE
2019-05-26 00:14:00,2,0.0683966385931112,55.6731151500057,0,FALSE
2019-05-26 00:15:00,0,0.0683966385931112,0,0,FALSE
2019-05-26 00:16:00,1,0.0685158657376664,22.4046880962169,0,FALSE
2019-05-26 00:17:00,0,0.0685158657376664,0,0,FALSE
2019-05-26 00:18:00,0,0.0685158657376664,0,0,FALSE
2019-05-26 00:19:00,2,0.0682774114485561,88.6923574716744,0,FALSE
2019-05-26 00:20:00,0,0.0682774114485561,0,0,FALSE
2019-05-26 00:21:00,0,0.0682774114485561,0,0,FALSE
2019-05-26 00:22:00,0,0.0682774114485561,0,0,FALSE
2019-05-26 00:23:00,0,0.0682774114485561,0,0,FALSE
2019-05-26 00:24:00,0,0.0682774114485561,0,0,FALSE
2019-05-26 00:25:00,0,0.0682774114485561,0,0,FALSE
2019-05-26 00:26:00,5,0.068213823638126,264.801421453044,0,FALSE
2019-05-26 00:27:00,0,0.068213823638126,0,0,FALSE
2019-05-26 00:28:00,12,0.0676415333442622,2396.75000203973,0,FALSE
2019-05-26 00:29:00,12,0.0675752960417316,4593.31993342957,0,FALSE
2019-05-26 00:30:00,0,0.0675752960417316,0,0,FALSE
2019-05-26 00:31:00,0,0.0675752960417316,0,0,FALSE
2019-05-26 00:32:00,0,0.0675752960417316,0,0,FALSE
2019-05-26 00:33:00,0,0.0675752960417316,0,0,FALSE
2019-05-26 00:34:00,1,0.067721018107296,18.2846748889699,0,FALSE
2019-05-26 00:35:00,0,0.067721018107296,0,0,FALSE
2019-05-26 00:36:00,1,0.0678005028703357,15.8653176716586,0,FALSE
2019-05-26 00:37:00,0,0.0678005028703357,0,0,FALSE
2019-05-26 00:38:00,1,0.0678005028703357,8.13606034444029,0,FALSE
2019-05-26 00:39:00,4,0.0678005028703354,192.553428151753,0,FALSE
2019-05-26 00:40:00,2,0.0678402452518522,79.5388126756001,2,FALSE
2019-05-26 00:41:00,0,0.0678402452518522,0,0,FALSE
2019-05-26 00:42:00,2,0.0676415333442623,71.1588930781639,0,FALSE
2019-05-26 00:43:00,2,0.0678799876333625,18.6669965991766,0,FALSE
2019-05-26 00:44:00,0,0.0678799876333625,0,0,FALSE
2019-05-26 00:45:00,0,0.0678799876333625,0,0,FALSE
2019-05-26 00:46:00,1,0.0676415333442622,81.4404061464918,0,FALSE
2019-05-26 00:47:00,10,0.0675620485812255,346.120374881618,0,FALSE
2019-05-26 00:48:00,4,0.0675620485812255,84.8579330180193,0,FALSE
2019-05-26 00:49:00,0,0.0675620485812255,0,0,FALSE
2019-05-26 00:50:00,1,0.0675620485812255,15.877081416588,0,FALSE
2019-05-26 00:51:00,4,0.0675620485812255,220.792774763445,0,FALSE
2019-05-26 00:52:00,0,0.0675620485812255,0,0,FALSE
2019-05-26 00:53:00,0,0.0675620485812255,0,0,FALSE
2019-05-26 00:54:00,0,0.0675620485812255,0,0,FALSE
2019-05-26 00:55:00,0,0.0675620485812255,0,0,FALSE
2019-05-26 00:56:00,0,0.0675620485812255,0,0,FALSE
2019-05-26 00:57:00,0,0.0675620485812255,0,0,FALSE
2019-05-26 00:58:00,0,0.0675620485812255,0,0,FALSE
2019-05-26 00:59:00,0,0.0675620485812255,0,0,FALSE
2019-05-26 01:00:00,1,0.0675620485812255,15.877081416588,0,FALSE
2019-05-26 01:01:00,0,0.0675620485812255,0,0,FALSE
2019-05-26 01:02:00,7,0.0674371439535964,1425.24589612797,2,FALSE
2019-05-26 01:03:00,45,0.0673235942921153,1109.49283393406,0,FALSE
2019-05-26 01:04:00,4,0.0673235942921153,50.1560777476259,0,FALSE
2019-05-26 01:05:00,9,0.0673235942921153,217.589856752117,0,FALSE
2019-05-26 01:06:00,2,0.0675223061997071,47.9533165095888,0,FALSE
2019-05-26 01:07:00,0,0.0675223061997071,0,0,FALSE
2019-05-26 01:08:00,0,0.0675223061997071,0,0,FALSE
2019-05-26 01:09:00,3,0.0676415333442621,226.622505223611,2,FALSE
2019-05-26 01:10:00,2,0.0675620485812255,365.645806921593,2,FALSE
2019-05-26 01:11:00,0,0.0675620485812255,0,0,FALSE
2019-05-26 01:12:00,1,0.067403079055152,19.8839083212699,0,FALSE
2019-05-26 01:13:00,0,0.067403079055152,0,0,FALSE
2019-05-26 01:14:00,0,0.067403079055152,0,0,FALSE
2019-05-26 01:15:00,0,0.067403079055152,0,0,FALSE
2019-05-26 01:16:00,1,0.067403079055152,58.6406787779823,0,FALSE
2019-05-26 01:17:00,6,0.0674825638181888,57.6975920645514,0,FALSE
2019-05-26 01:18:00,0,0.0674825638181888,0,0,FALSE
2019-05-26 01:19:00,1,0.0674030790551521,17.0529790009535,0,FALSE
2019-05-26 01:20:00,0,0.0674030790551521,0,0,FALSE
2019-05-26 01:21:00,0,0.0674030790551521,0,0,FALSE
2019-05-26 01:22:00,0,0.0674030790551521,0,0,FALSE
2019-05-26 01:23:00,0,0.0674030790551521,0,0,FALSE
2019-05-26 01:24:00,2,0.0673235942921153,49.4155182104126,0,FALSE
2019-05-26 01:25:00,0,0.0673235942921153,0,0,FALSE
2019-05-26 01:26:00,0,0.0673235942921153,0,0,FALSE
2019-05-26 01:27:00,0,0.0673235942921153,0,0,FALSE
2019-05-26 01:28:00,0,0.0673235942921153,0,0,FALSE
2019-05-26 01:29:00,1,0.0674030790551521,10.3126710954383,0,FALSE
2019-05-26 01:30:00,2,0.067403079055152,31.5446409978112,0,FALSE
2019-05-26 01:31:00,0,0.067403079055152,0,0,FALSE
2019-05-26 01:32:00,0,0.067403079055152,0,0,FALSE
2019-05-26 01:33:00,5,0.067403079055152,286.780071219387,2,FALSE
2019-05-26 01:34:00,0,0.067403079055152,0,0,FALSE
2019-05-26 01:35:00,0,0.067403079055152,0,0,FALSE
2019-05-26 01:36:00,0,0.067403079055152,0,0,FALSE
2019-05-26 01:37:00,0,0.067403079055152,0,0,FALSE
2019-05-26 01:38:00,0,0.067403079055152,0,0,FALSE
2019-05-26 01:39:00,0,0.067403079055152,0,0,FALSE
2019-05-26 01:40:00,0,0.067403079055152,0,0,FALSE
2019-05-26 01:41:00,1,0.067403079055152,15.7723204989056,0,FALSE
2019-05-26 01:42:00,0,0.067403079055152,0,0,FALSE
2019-05-26 01:43:00,0,0.067403079055152,0,0,FALSE
2019-05-26 01:44:00,0,0.067403079055152,0,0,FALSE
2019-05-26 01:45:00,0,0.067403079055152,0,0,FALSE
2019-05-26 01:46:00,0,0.067403079055152,0,0,FALSE
2019-05-26 01:47:00,0,0.067403079055152,0,0,FALSE
2019-05-26 01:48:00,0,0.067403079055152,0,0,FALSE
2019-05-26 01:49:00,11,0.06747533793064,167.140718683174,2,FALSE
2019-05-26 01:50:00,2,0.0674825638181888,131.186104062559,0,FALSE
2019-05-26 01:51:00,0,0.0674825638181888,0,0,FALSE
2019-05-26 01:52:00,2,0.0674825638181888,184.834742298019,0,FALSE
2019-05-26 01:53:00,0,0.0674825638181888,0,0,FALSE
2019-05-26 01:54:00,0,0.0674825638181888,0,0,FALSE
2019-05-26 01:55:00,1,0.0674825638181888,9.58252406218281,0,FALSE
2019-05-26 01:56:00,0,0.0674825638181888,0,0,FALSE
2019-05-26 01:57:00,0,0.0674825638181888,0,0,FALSE
2019-05-26 01:58:00,8,0.0675322417950867,1343.44884184973,4,FALSE
2019-05-26 01:59:00,0,0.0675322417950867,0,0,FALSE
2019-05-26 02:00:00,0,0.0675322417950867,0,0,FALSE
2019-05-26 02:01:00,1,0.0675620485812255,1558.79158486604,0,FALSE
2019-05-26 02:02:00,1,0.0675620485812255,13.9853440563137,0,FALSE
2019-05-26 02:03:00,8,0.0676713401304008,1125.94649782172,4,FALSE
2019-05-26 02:04:00,0,0.0676713401304008,0,0,FALSE
2019-05-26 02:05:00,1,0.0676415333442623,8.59047473472131,0,FALSE
2019-05-26 02:06:00,2,0.0678005028703357,31.7306353433171,2,FALSE
2019-05-26 02:07:00,0,0.0678005028703357,0,0,FALSE
2019-05-26 02:08:00,0,0.0678005028703357,0,0,FALSE
2019-05-26 02:09:00,0,0.0678005028703357,0,0,FALSE
2019-05-26 02:10:00,0,0.0678005028703357,0,0,FALSE
2019-05-26 02:11:00,0,0.0678005028703357,0,0,FALSE
2019-05-26 02:12:00,0,0.0678005028703357,0,0,FALSE
2019-05-26 02:13:00,1,0.067721018107299,13.7473666757817,0,FALSE
2019-05-26 02:14:00,1,0.067721018107299,70.903905958342,0,FALSE
2019-05-26 02:15:00,0,0.067721018107299,0,0,FALSE
2019-05-26 02:16:00,0,0.067721018107299,0,0,FALSE
2019-05-26 02:17:00,0,0.067721018107299,0,0,FALSE
2019-05-26 02:18:00,0,0.067721018107299,0,0,FALSE
2019-05-26 02:19:00,2,0.0674030790551521,20.3151926455072,0,FALSE
2019-05-26 02:20:00,0,0.0674030790551521,0,0,FALSE
2019-05-26 02:21:00,0,0.0674030790551521,0,0,FALSE
2019-05-26 02:22:00,1,0.067403079055152,79.4682302060243,0,FALSE
2019-05-26 02:23:00,0,0.067403079055152,0,0,FALSE
2019-05-26 02:24:00,0,0.067403079055152,0,0,FALSE
2019-05-26 02:25:00,1,0.067403079055152,79.4682302060243,0,FALSE
2019-05-26 02:26:00,0,0.067403079055152,0,0,FALSE
2019-05-26 02:27:00,0,0.067403079055152,0,0,FALSE
2019-05-26 02:28:00,0,0.067403079055152,0,0,FALSE
2019-05-26 02:29:00,0,0.067403079055152,0,0,FALSE
2019-05-26 02:30:00,0,0.067403079055152,0,0,FALSE
2019-05-26 02:31:00,0,0.067403079055152,0,0,FALSE
2019-05-26 02:32:00,6,0.0675488011207194,242.898123242066,2,FALSE
2019-05-26 02:33:00,0,0.0675488011207194,0,0,FALSE
2019-05-26 02:34:00,1,0.0676415333442622,15.8957603359016,0,FALSE
2019-05-26 02:35:00,1,0.0675620485812255,10.6072416272524,0,FALSE
2019-05-26 02:36:00,0,0.0675620485812255,0,0,FALSE
2019-05-26 02:37:00,0,0.0675620485812255,0,0,FALSE
2019-05-26 02:38:00,0,0.0675620485812255,0,0,FALSE
2019-05-26 02:39:00,0,0.0675620485812255,0,0,FALSE
2019-05-26 02:40:00,1,0.0675620485812255,9.39112475279035,0,FALSE
2019-05-26 02:41:00,0,0.0675620485812255,0,0,FALSE
2019-05-26 02:42:00,10,0.0677130696309947,235.210118506863,2,FALSE
2019-05-26 02:43:00,0,0.0677130696309947,0,0,FALSE
2019-05-26 02:44:00,0,0.0677130696309947,0,0,FALSE
2019-05-26 02:45:00,0,0.0677130696309947,0,0,FALSE
2019-05-26 02:46:00,0,0.0677130696309947,0,0,FALSE
2019-05-26 02:47:00,0,0.0677130696309947,0,0,FALSE
2019-05-26 02:48:00,1,0.067721018107299,51.8065788520837,0,FALSE
2019-05-26 02:49:00,0,0.067721018107299,0,0,FALSE
2019-05-26 02:50:00,0,0.067721018107299,0,0,FALSE
2019-05-26 02:51:00,2,0.0678402452518537,558.158379905144,2,FALSE
2019-05-26 02:52:00,0,0.0678402452518537,0,0,FALSE
2019-05-26 02:53:00,12,0.0682442927972907,12297.0121788885,7,FALSE
2019-05-26 02:54:00,2,0.0685556081191847,29.8164037951034,0,FALSE
2019-05-26 02:55:00,1,0.0685158657376663,162.382601798269,0,FALSE
2019-05-26 02:56:00,1,0.0685158657376664,16.6493553742529,0,FALSE
2019-05-26 02:57:00,0,0.0685158657376664,0,0,FALSE
2019-05-26 02:58:00,0,0.0685158657376664,0,0,FALSE
2019-05-26 02:59:00,0,0.0685158657376664,0,0,FALSE
2019-05-26 03:00:00,1,0.0685158657376664,17.4715457631049,0,FALSE
2019-05-26 03:01:00,0,0.0685158657376664,0,0,FALSE
2019-05-26 03:02:00,0,0.0685158657376664,0,0,FALSE
2019-05-26 03:03:00,0,0.0685158657376664,0,0,FALSE
2019-05-26 03:04:00,0,0.0685158657376664,0,0,FALSE
2019-05-26 03:05:00,0,0.0685158657376664,0,0,FALSE
2019-05-26 03:06:00,0,0.0685158657376664,0,0,FALSE
2019-05-26 03:07:00,0,0.0685158657376664,0,0,FALSE
2019-05-26 03:08:00,0,0.0685158657376664,0,0,FALSE
2019-05-26 03:09:00,0,0.0685158657376664,0,0,FALSE
2019-05-26 03:10:00,0,0.0685158657376664,0,0,FALSE
2019-05-26 03:11:00,0,0.0685158657376664,0,0,FALSE
2019-05-26 03:12:00,0,0.0685158657376664,0,0,FALSE
2019-05-26 03:13:00,0,0.0685158657376664,0,0,FALSE
2019-05-26 03:14:00,1,0.0685231141877785,104.292179793799,0,FALSE
2019-05-26 03:15:00,0,0.0685231141877785,0,0,FALSE
2019-05-26 03:16:00,0,0.0685231141877785,0,0,FALSE
2019-05-26 03:17:00,1,0.0685231141877785,21.2421653982113,0,FALSE
2019-05-26 03:18:00,0,0.0685231141877785,0,0,FALSE
2019-05-26 03:19:00,2,0.0687220779339683,341.357403793486,2,FALSE
2019-05-26 03:20:00,4,0.0687618706832063,120.840870004891,2,FALSE
2019-05-26 03:21:00,1,0.0686026996862544,46.3068222882217,0,FALSE
2019-05-26 03:22:00,0,0.0686026996862544,0,0,FALSE
2019-05-26 03:23:00,0,0.0686026996862544,0,0,FALSE
2019-05-26 03:24:00,0,0.0686026996862544,0,0,FALSE
2019-05-26 03:25:00,0,0.0686026996862544,0,0,FALSE
2019-05-26 03:26:00,0,0.0686026996862544,0,0,FALSE
2019-05-26 03:27:00,0,0.0686026996862544,0,0,FALSE
2019-05-26 03:28:00,0,0.0686026996862544,0,0,FALSE
2019-05-26 03:29:00,0,0.0686026996862544,0,0,FALSE
2019-05-26 03:30:00,3,0.0687088136842223,1099.41357439367,3,FALSE
2019-05-26 03:31:00,0,0.0687088136842223,0,0,FALSE
2019-05-26 03:32:00,0,0.0687088136842223,0,0,FALSE
2019-05-26 03:33:00,0,0.0687088136842223,0,0,FALSE
2019-05-26 03:34:00,0,0.0687088136842223,0,0,FALSE
2019-05-26 03:35:00,0,0.0687088136842223,0,0,FALSE
2019-05-26 03:36:00,0,0.0687088136842223,0,0,FALSE
2019-05-26 03:37:00,0,0.0687088136842223,0,0,FALSE
2019-05-26 03:38:00,0,0.0687088136842223,0,0,FALSE
2019-05-26 03:39:00,0,0.0687088136842223,0,0,FALSE
2019-05-26 03:40:00,0,0.0687088136842223,0,0,FALSE
2019-05-26 03:41:00,0,0.0687088136842223,0,0,FALSE
2019-05-26 03:42:00,0,0.0687088136842223,0,0,FALSE
2019-05-26 03:43:00,0,0.0687088136842223,0,0,FALSE
2019-05-26 03:44:00,0,0.0687088136842223,0,0,FALSE
2019-05-26 03:45:00,0,0.0687088136842223,0,0,FALSE
2019-05-26 03:46:00,0,0.0687088136842223,0,0,FALSE
2019-05-26 03:47:00,0,0.0687088136842223,0,0,FALSE
2019-05-26 03:48:00,0,0.0687088136842223,0,0,FALSE
2019-05-26 03:49:00,0,0.0687088136842223,0,0,FALSE
2019-05-26 03:50:00,0,0.0687088136842223,0,0,FALSE
2019-05-26 03:51:00,0,0.0687088136842223,0,0,FALSE
2019-05-26 03:52:00,0,0.0687088136842223,0,0,FALSE
2019-05-26 03:53:00,0,0.0687088136842223,0,0,FALSE
2019-05-26 03:54:00,0,0.0687088136842223,0,0,FALSE
2019-05-26 03:55:00,0,0.0687088136842223,0,0,FALSE
2019-05-26 03:56:00,0,0.0687088136842223,0,0,FALSE
2019-05-26 03:57:00,0,0.0687088136842223,0,0,FALSE
2019-05-26 03:58:00,0,0.0687088136842223,0,0,FALSE
2019-05-26 03:59:00,0,0.0687088136842223,0,0,FALSE
2019-05-26 04:00:00,0,0.0687088136842223,0,0,FALSE
2019-05-26 04:01:00,1,0.0686026996862544,15.9844290268973,0,FALSE
2019-05-26 04:02:00,0,0.0686026996862544,0,0,FALSE
2019-05-26 04:03:00,0,0.0686026996862544,0,0,FALSE
2019-05-26 04:04:00,0,0.0686026996862544,0,0,FALSE
2019-05-26 04:05:00,0,0.0686026996862544,0,0,FALSE
2019-05-26 04:06:00,0,0.0686026996862544,0,0,FALSE
2019-05-26 04:07:00,0,0.0686026996862544,0,0,FALSE
2019-05-26 04:08:00,0,0.0686026996862544,0,0,FALSE
2019-05-26 04:09:00,0,0.0686026996862544,0,0,FALSE
2019-05-26 04:10:00,0,0.0686026996862544,0,0,FALSE
2019-05-26 04:11:00,0,0.0686026996862544,0,0,FALSE
2019-05-26 04:12:00,0,0.0686026996862544,0,0,FALSE
2019-05-26 04:13:00,0,0.0686026996862544,0,0,FALSE
2019-05-26 04:14:00,0,0.0686026996862544,0,0,FALSE
2019-05-26 04:15:00,0,0.0686026996862544,0,0,FALSE
2019-05-26 04:16:00,0,0.0686026996862544,0,0,FALSE
2019-05-26 04:17:00,0,0.0686026996862544,0,0,FALSE
2019-05-26 04:18:00,0,0.0686026996862544,0,0,FALSE
2019-05-26 04:19:00,0,0.0686026996862544,0,0,FALSE
2019-05-26 04:20:00,0,0.0686026996862544,0,0,FALSE
2019-05-26 04:21:00,0,0.0686026996862544,0,0,FALSE
2019-05-26 04:22:00,0,0.0686026996862544,0,0,FALSE
2019-05-26 04:23:00,0,0.0686026996862544,0,0,FALSE
2019-05-26 04:24:00,0,0.0686026996862544,0,0,FALSE
2019-05-26 04:25:00,0,0.0686026996862544,0,0,FALSE
2019-05-26 04:26:00,0,0.0686026996862544,0,0,FALSE
2019-05-26 04:27:00,0,0.0686026996862544,0,0,FALSE
2019-05-26 04:28:00,0,0.0686026996862544,0,0,FALSE
2019-05-26 04:29:00,0,0.0686026996862544,0,0,FALSE
2019-05-26 04:30:00,0,0.0686026996862544,0,0,FALSE
2019-05-26 04:31:00,1,0.0685231141877785,15.8973624915646,0,FALSE
2019-05-26 04:32:00,0,0.0685231141877785,0,0,FALSE
2019-05-26 04:33:00,0,0.0685231141877785,0,0,FALSE
2019-05-26 04:34:00,0,0.0685231141877785,0,0,FALSE
2019-05-26 04:35:00,0,0.0685231141877785,0,0,FALSE
2019-05-26 04:36:00,0,0.0685231141877785,0,0,FALSE
2019-05-26 04:37:00,0,0.0685231141877785,0,0,FALSE
2019-05-26 04:38:00,0,0.0685231141877785,0,0,FALSE
2019-05-26 04:39:00,0,0.0685231141877785,0,0,FALSE
2019-05-26 04:40:00,0,0.0685231141877785,0,0,FALSE
2019-05-26 04:41:00,0,0.0685231141877785,0,0,FALSE
2019-05-26 04:42:00,0,0.0685231141877785,0,0,FALSE
2019-05-26 04:43:00,0,0.0685231141877785,0,0,FALSE
2019-05-26 04:44:00,0,0.0685231141877785,0,0,FALSE
2019-05-26 04:45:00,0,0.0685231141877785,0,0,FALSE
2019-05-26 04:46:00,0,0.0685231141877785,0,0,FALSE
2019-05-26 04:47:00,0,0.0685231141877785,0,0,FALSE
2019-05-26 04:48:00,0,0.0685231141877785,0,0,FALSE
2019-05-26 04:49:00,0,0.0685231141877785,0,0,FALSE
2019-05-26 04:50:00,0,0.0685231141877785,0,0,FALSE
2019-05-26 04:51:00,0,0.0685231141877785,0,0,FALSE
2019-05-26 04:52:00,0,0.0685231141877785,0,0,FALSE
2019-05-26 04:53:00,0,0.0685231141877785,0,0,FALSE
2019-05-26 04:54:00,0,0.0685231141877785,0,0,FALSE
2019-05-26 04:55:00,0,0.0685231141877785,0,0,FALSE
2019-05-26 04:56:00,0,0.0685231141877785,0,0,FALSE
2019-05-26 04:57:00,0,0.0685231141877785,0,0,FALSE
2019-05-26 04:58:00,0,0.0685231141877785,0,0,FALSE
2019-05-26 04:59:00,0,0.0685231141877785,0,0,FALSE
2019-05-26 05:00:00,1,0.0686822851847304,15.796925592488,0,FALSE
2019-05-26 05:01:00,0,0.0686822851847304,0,0,FALSE
2019-05-26 05:02:00,0,0.0686822851847304,0,0,FALSE
2019-05-26 05:03:00,0,0.0686822851847304,0,0,FALSE
2019-05-26 05:04:00,0,0.0686822851847304,0,0,FALSE
2019-05-26 05:05:00,0,0.0686822851847304,0,0,FALSE
2019-05-26 05:06:00,0,0.0686822851847304,0,0,FALSE
2019-05-26 05:07:00,0,0.0686822851847304,0,0,FALSE
2019-05-26 05:08:00,0,0.0686822851847304,0,0,FALSE
2019-05-26 05:09:00,0,0.0686822851847304,0,0,FALSE
2019-05-26 05:10:00,0,0.0686822851847304,0,0,FALSE
2019-05-26 05:11:00,0,0.0686822851847304,0,0,FALSE
2019-05-26 05:12:00,0,0.0686822851847304,0,0,FALSE
2019-05-26 05:13:00,0,0.0686822851847304,0,0,FALSE
2019-05-26 05:14:00,0,0.0686822851847304,0,0,FALSE
2019-05-26 05:15:00,0,0.0686822851847304,0,0,FALSE
2019-05-26 05:16:00,0,0.0686822851847304,0,0,FALSE
2019-05-26 05:17:00,0,0.0686822851847304,0,0,FALSE
2019-05-26 05:18:00,0,0.0686822851847304,0,0,FALSE
2019-05-26 05:19:00,0,0.0686822851847304,0,0,FALSE
2019-05-26 05:20:00,0,0.0686822851847304,0,0,FALSE
2019-05-26 05:21:00,0,0.0686822851847304,0,0,FALSE
2019-05-26 05:22:00,0,0.0686822851847304,0,0,FALSE
2019-05-26 05:23:00,0,0.0686822851847304,0,0,FALSE
2019-05-26 05:24:00,0,0.0686822851847304,0,0,FALSE
2019-05-26 05:25:00,0,0.0686822851847304,0,0,FALSE
2019-05-26 05:26:00,0,0.0686822851847304,0,0,FALSE
2019-05-26 05:27:00,0,0.0686822851847304,0,0,FALSE
2019-05-26 05:28:00,0,0.0686822851847304,0,0,FALSE
2019-05-26 05:29:00,0,0.0686822851847304,0,0,FALSE
2019-05-26 05:30:00,0,0.0686822851847304,0,0,FALSE
2019-05-26 05:31:00,1,0.0686822851847304,15.9342901628574,0,FALSE
2019-05-26 05:32:00,1,0.0686822851847304,47.4594590626487,0,FALSE
2019-05-26 05:33:00,1,0.0689210416801582,31.2901529227918,0,FALSE
2019-05-26 05:34:00,0,0.0689210416801582,0,0,FALSE
2019-05-26 05:35:00,0,0.0689210416801582,0,0,FALSE
2019-05-26 05:36:00,0,0.0689210416801582,0,0,FALSE
2019-05-26 05:37:00,0,0.0689210416801582,0,0,FALSE
2019-05-26 05:38:00,0,0.0689210416801582,0,0,FALSE
2019-05-26 05:39:00,0,0.0689210416801582,0,0,FALSE
2019-05-26 05:40:00,0,0.0689210416801582,0,0,FALSE
2019-05-26 05:41:00,0,0.0689210416801582,0,0,FALSE
2019-05-26 05:42:00,0,0.0689210416801582,0,0,FALSE
2019-05-26 05:43:00,0,0.0689210416801582,0,0,FALSE
2019-05-26 05:44:00,0,0.0689210416801582,0,0,FALSE
2019-05-26 05:45:00,0,0.0689210416801582,0,0,FALSE
2019-05-26 05:46:00,0,0.0689210416801582,0,0,FALSE
2019-05-26 05:47:00,0,0.0689210416801582,0,0,FALSE
2019-05-26 05:48:00,0,0.0689210416801582,0,0,FALSE
2019-05-26 05:49:00,0,0.0689210416801582,0,0,FALSE
2019-05-26 05:50:00,0,0.0689210416801582,0,0,FALSE
2019-05-26 05:51:00,1,0.0686026996862544,8.5753374607818,0,FALSE
2019-05-26 05:52:00,0,0.0686026996862544,0,0,FALSE
2019-05-26 05:53:00,0,0.0686026996862544,0,0,FALSE
2019-05-26 05:54:00,0,0.0686026996862544,0,0,FALSE
2019-05-26 05:55:00,0,0.0686026996862544,0,0,FALSE
2019-05-26 05:56:00,0,0.0686026996862544,0,0,FALSE
2019-05-26 05:57:00,0,0.0686026996862544,0,0,FALSE
2019-05-26 05:58:00,0,0.0686026996862544,0,0,FALSE
2019-05-26 05:59:00,0,0.0686026996862544,0,0,FALSE
2019-05-26 06:00:00,0,0.0686026996862544,0,0,FALSE
2019-05-26 06:01:00,0,0.0686026996862544,0,0,FALSE
2019-05-26 06:02:00,0,0.0686026996862544,0,0,FALSE
2019-05-26 06:03:00,0,0.0686026996862544,0,0,FALSE
2019-05-26 06:04:00,0,0.0686026996862544,0,0,FALSE
2019-05-26 06:05:00,0,0.0686026996862544,0,0,FALSE
2019-05-26 06:06:00,0,0.0686026996862544,0,0,FALSE
2019-05-26 06:07:00,0,0.0686026996862544,0,0,FALSE
2019-05-26 06:08:00,0,0.0686026996862544,0,0,FALSE
2019-05-26 06:09:00,0,0.0686026996862544,0,0,FALSE
2019-05-26 06:10:00,0,0.0686026996862544,0,0,FALSE
2019-05-26 06:11:00,0,0.0686026996862544,0,0,FALSE
2019-05-26 06:12:00,0,0.0686026996862544,0,0,FALSE
2019-05-26 06:13:00,0,0.0686026996862544,0,0,FALSE
2019-05-26 06:14:00,0,0.0686026996862544,0,0,FALSE
2019-05-26 06:15:00,1,0.0689210416801581,39.8363620911314,0,FALSE
2019-05-26 06:16:00,0,0.0689210416801581,0,0,FALSE
2019-05-26 06:17:00,0,0.0689210416801581,0,0,FALSE
2019-05-26 06:18:00,0,0.0689210416801581,0,0,FALSE
2019-05-26 06:19:00,0,0.0689210416801581,0,0,FALSE
2019-05-26 06:20:00,0,0.0689210416801581,0,0,FALSE
2019-05-26 06:21:00,0,0.0689210416801581,0,0,FALSE
2019-05-26 06:22:00,0,0.0689210416801581,0,0,FALSE
2019-05-26 06:23:00,0,0.0689210416801581,0,0,FALSE
2019-05-26 06:24:00,0,0.0689210416801581,0,0,FALSE
2019-05-26 06:25:00,0,0.0689210416801581,0,0,FALSE
2019-05-26 06:26:00,0,0.0689210416801581,0,0,FALSE
2019-05-26 06:27:00,0,0.0689210416801581,0,0,FALSE
2019-05-26 06:28:00,0,0.0689210416801581,0,0,FALSE
2019-05-26 06:29:00,0,0.0689210416801581,0,0,FALSE
2019-05-26 06:30:00,0,0.0689210416801581,0,0,FALSE
2019-05-26 06:31:00,0,0.0689210416801581,0,0,FALSE
2019-05-26 06:32:00,0,0.0689210416801581,0,0,FALSE
2019-05-26 06:33:00,0,0.0689210416801581,0,0,FALSE
2019-05-26 06:34:00,0,0.0689210416801581,0,0,FALSE
2019-05-26 06:35:00,0,0.0689210416801581,0,0,FALSE
2019-05-26 06:36:00,0,0.0689210416801581,0,0,FALSE
2019-05-26 06:37:00,0,0.0689210416801581,0,0,FALSE
2019-05-26 06:38:00,0,0.0689210416801581,0,0,FALSE
2019-05-26 06:39:00,0,0.0689210416801581,0,0,FALSE
2019-05-26 06:40:00,0,0.0689210416801581,0,0,FALSE
2019-05-26 06:41:00,0,0.0689210416801581,0,0,FALSE
2019-05-26 06:42:00,0,0.0689210416801581,0,0,FALSE
2019-05-26 06:43:00,0,0.0689210416801581,0,0,FALSE
2019-05-26 06:44:00,0,0.0689210416801581,0,0,FALSE
2019-05-26 06:45:00,0,0.0689210416801581,0,0,FALSE
2019-05-26 06:46:00,0,0.0689210416801581,0,0,FALSE
2019-05-26 06:47:00,0,0.0689210416801581,0,0,FALSE
2019-05-26 06:48:00,0,0.0689210416801581,0,0,FALSE
2019-05-26 06:49:00,0,0.0689210416801581,0,0,FALSE
2019-05-26 06:50:00,0,0.0689210416801581,0,0,FALSE
2019-05-26 06:51:00,0,0.0689210416801581,0,0,FALSE
2019-05-26 06:52:00,0,0.0689210416801581,0,0,FALSE
2019-05-26 06:53:00,0,0.0689210416801581,0,0,FALSE
2019-05-26 06:54:00,0,0.0689210416801581,0,0,FALSE
2019-05-26 06:55:00,2,0.0688414561816822,180.35872586912,2,FALSE
2019-05-26 06:56:00,0,0.0688414561816822,0,0,FALSE
2019-05-26 06:57:00,0,0.0688414561816822,0,0,FALSE
2019-05-26 06:58:00,0,0.0688414561816822,0,0,FALSE
2019-05-26 06:59:00,0,0.0688414561816822,0,0,FALSE
2019-05-26 07:00:00,0,0.0688414561816822,0,0,FALSE
2019-05-26 07:01:00,1,0.06908021267711,62.7248331108159,0,FALSE
2019-05-26 07:02:00,1,0.0689210416801581,43.2824141751393,0,FALSE
2019-05-26 07:03:00,1,0.0689210416801582,30.1874162559093,0,FALSE
2019-05-26 07:04:00,0,0.0689210416801582,0,0,FALSE
2019-05-26 07:05:00,0,0.0689210416801582,0,0,FALSE
2019-05-26 07:06:00,1,0.0688414561816822,13.5617668677914,0,FALSE
2019-05-26 07:07:00,0,0.0688414561816822,0,0,FALSE
2019-05-26 07:08:00,0,0.0688414561816822,0,0,FALSE
2019-05-26 07:09:00,0,0.0688414561816822,0,0,FALSE
2019-05-26 07:10:00,0,0.0688414561816822,0,0,FALSE
2019-05-26 07:11:00,0,0.0688414561816822,0,0,FALSE
2019-05-26 07:12:00,0,0.0688414561816822,0,0,FALSE
2019-05-26 07:13:00,1,0.0687618706832063,19.1158000499313,0,FALSE
2019-05-26 07:14:00,0,0.0687618706832063,0,0,FALSE
2019-05-26 07:15:00,0,0.0687618706832063,0,0,FALSE
2019-05-26 07:16:00,0,0.0687618706832063,0,0,FALSE
2019-05-26 07:17:00,0,0.0687618706832063,0,0,FALSE
2019-05-26 07:18:00,0,0.0687618706832063,0,0,FALSE
2019-05-26 07:19:00,0,0.0687618706832063,0,0,FALSE
2019-05-26 07:20:00,1,0.0687618706832063,477.482430024184,0,FALSE
2019-05-26 07:21:00,0,0.0687618706832063,0,0,FALSE
2019-05-26 07:22:00,0,0.0687618706832063,0,0,FALSE
2019-05-26 07:23:00,0,0.0687618706832063,0,0,FALSE
2019-05-26 07:24:00,0,0.0687618706832063,0,0,FALSE
2019-05-26 07:25:00,0,0.0687618706832063,0,0,FALSE
2019-05-26 07:26:00,0,0.0687618706832063,0,0,FALSE
2019-05-26 07:27:00,0,0.0687618706832063,0,0,FALSE
2019-05-26 07:28:00,0,0.0687618706832063,0,0,FALSE
2019-05-26 07:29:00,0,0.0687618706832063,0,0,FALSE
2019-05-26 07:30:00,0,0.0687618706832063,0,0,FALSE
2019-05-26 07:31:00,1,0.0687618706832063,19.5283712740306,0,FALSE
2019-05-26 07:32:00,2,0.0687618706832063,339.821164916405,2,FALSE
2019-05-26 07:33:00,0,0.0687618706832063,0,0,FALSE
2019-05-26 07:34:00,0,0.0687618706832063,0,0,FALSE
2019-05-26 07:35:00,0,0.0687618706832063,0,0,FALSE
2019-05-26 07:36:00,0,0.0687618706832063,0,0,FALSE
2019-05-26 07:37:00,0,0.0687618706832063,0,0,FALSE
2019-05-26 07:38:00,0,0.0687618706832063,0,0,FALSE
2019-05-26 07:39:00,0,0.0687618706832063,0,0,FALSE
2019-05-26 07:40:00,3,0.0686822851847304,553.330354735192,0,FALSE
2019-05-26 07:41:00,0,0.0686822851847304,0,0,FALSE
2019-05-26 07:42:00,0,0.0686822851847304,0,0,FALSE
2019-05-26 07:43:00,0,0.0686822851847304,0,0,FALSE
2019-05-26 07:44:00,0,0.0686822851847304,0,0,FALSE
2019-05-26 07:45:00,0,0.0686822851847304,0,0,FALSE
2019-05-26 07:46:00,1,0.0684201812875457,184.802909657661,0,FALSE
2019-05-26 07:47:00,0,0.0684201812875457,0,0,FALSE
2019-05-26 07:48:00,0,0.0684201812875457,0,0,FALSE
2019-05-26 07:49:00,7,0.0686461769317655,919.378665739077,7,FALSE
2019-05-26 07:50:00,0,0.0686461769317655,0,0,FALSE
2019-05-26 07:51:00,0,0.0686461769317655,0,0,FALSE
2019-05-26 07:52:00,1,0.0685783782384996,233.715113036807,0,FALSE
2019-05-26 07:53:00,0,0.0685783782384996,0,0,FALSE
2019-05-26 07:54:00,0,0.0685783782384996,0,0,FALSE
2019-05-26 07:55:00,0,0.0685783782384996,0,0,FALSE
2019-05-26 07:56:00,0,0.0685783782384996,0,0,FALSE
2019-05-26 07:57:00,0,0.0685783782384996,0,0,FALSE
2019-05-26 07:58:00,0,0.0685783782384996,0,0,FALSE
2019-05-26 07:59:00,0,0.0685783782384996,0,0,FALSE
2019-05-26 08:00:00,0,0.0685783782384996,0,0,FALSE
2019-05-26 08:01:00,0,0.0685783782384996,0,0,FALSE
2019-05-26 08:02:00,0,0.0685783782384996,0,0,FALSE
2019-05-26 08:03:00,0,0.0685783782384996,0,0,FALSE
2019-05-26 08:04:00,0,0.0685783782384996,0,0,FALSE
2019-05-26 08:05:00,0,0.0685783782384996,0,0,FALSE
2019-05-26 08:06:00,2,0.0686574767139765,133.538792208684,0,FALSE
2019-05-26 08:07:00,0,0.0686574767139765,0,0,FALSE
2019-05-26 08:08:00,0,0.0686574767139765,0,0,FALSE
2019-05-26 08:09:00,0,0.0686574767139765,0,0,FALSE
2019-05-26 08:10:00,0,0.0686574767139765,0,0,FALSE
2019-05-26 08:11:00,0,0.0686574767139765,0,0,FALSE
2019-05-26 08:12:00,0,0.0686574767139765,0,0,FALSE
2019-05-26 08:13:00,0,0.0686574767139765,0,0,FALSE
2019-05-26 08:14:00,0,0.0686574767139765,0,0,FALSE
2019-05-26 08:15:00,0,0.0686574767139765,0,0,FALSE
2019-05-26 08:16:00,0,0.0686574767139765,0,0,FALSE
2019-05-26 08:17:00,0,0.0686574767139765,0,0,FALSE
2019-05-26 08:18:00,0,0.0686574767139765,0,0,FALSE
2019-05-26 08:19:00,0,0.0686574767139765,0,0,FALSE
2019-05-26 08:20:00,0,0.0686574767139765,0,0,FALSE
2019-05-26 08:21:00,0,0.0686574767139765,0,0,FALSE
2019-05-26 08:22:00,0,0.0686574767139765,0,0,FALSE
2019-05-26 08:23:00,0,0.0686574767139765,0,0,FALSE
2019-05-26 08:24:00,0,0.0686574767139765,0,0,FALSE
2019-05-26 08:25:00,0,0.0686574767139765,0,0,FALSE
2019-05-26 08:26:00,0,0.0686574767139765,0,0,FALSE
2019-05-26 08:27:00,0,0.0686574767139765,0,0,FALSE
2019-05-26 08:28:00,0,0.0686574767139765,0,0,FALSE
2019-05-26 08:29:00,0,0.0686574767139765,0,0,FALSE
2019-05-26 08:30:00,0,0.0686574767139765,0,0,FALSE
2019-05-26 08:31:00,0,0.0686574767139765,0,0,FALSE
2019-05-26 08:32:00,0,0.0686574767139765,0,0,FALSE
2019-05-26 08:33:00,0,0.0686574767139765,0,0,FALSE
2019-05-26 08:34:00,1,0.0682619843365919,18.3624737865432,0,FALSE
2019-05-26 08:35:00,3,0.0685783782384996,137.225493052189,3,FALSE
2019-05-26 08:36:00,0,0.0685783782384996,0,0,FALSE
2019-05-26 08:37:00,0,0.0685783782384996,0,0,FALSE
2019-05-26 08:38:00,0,0.0685783782384996,0,0,FALSE
2019-05-26 08:39:00,0,0.0685783782384996,0,0,FALSE
2019-05-26 08:40:00,0,0.0685783782384996,0,0,FALSE
2019-05-26 08:41:00,0,0.0685783782384996,0,0,FALSE
2019-05-26 08:42:00,0,0.0685783782384996,0,0,FALSE
2019-05-26 08:43:00,0,0.0685783782384996,0,0,FALSE
2019-05-26 08:44:00,0,0.0685783782384996,0,0,FALSE
2019-05-26 08:45:00,0,0.0685783782384996,0,0,FALSE
2019-05-26 08:46:00,0,0.0685783782384996,0,0,FALSE
2019-05-26 08:47:00,0,0.0685783782384996,0,0,FALSE
2019-05-26 08:48:00,0,0.0685783782384996,0,0,FALSE
2019-05-26 08:49:00,0,0.0685783782384996,0,0,FALSE
2019-05-26 08:50:00,0,0.0685783782384996,0,0,FALSE
2019-05-26 08:51:00,0,0.0685783782384996,0,0,FALSE
2019-05-26 08:52:00,0,0.0685783782384996,0,0,FALSE
2019-05-26 08:53:00,0,0.0685783782384996,0,0,FALSE
2019-05-26 08:54:00,0,0.0685783782384996,0,0,FALSE
2019-05-26 08:55:00,1,0.0684992797630227,52.4704482984754,0,FALSE
2019-05-26 08:56:00,0,0.0684992797630227,0,0,FALSE
2019-05-26 08:57:00,0,0.0684992797630227,0,0,FALSE
2019-05-26 08:58:00,0,0.0684992797630227,0,0,FALSE
2019-05-26 08:59:00,0,0.0684992797630227,0,0,FALSE
2019-05-26 09:00:00,0,0.0684992797630227,0,0,FALSE
2019-05-26 09:01:00,0,0.0684992797630227,0,0,FALSE
2019-05-26 09:02:00,0,0.0684992797630227,0,0,FALSE
2019-05-26 09:03:00,0,0.0684992797630227,0,0,FALSE
2019-05-26 09:04:00,0,0.0684992797630227,0,0,FALSE
2019-05-26 09:05:00,0,0.0684992797630227,0,0,FALSE
2019-05-26 09:06:00,0,0.0684992797630227,0,0,FALSE
2019-05-26 09:07:00,0,0.0684992797630227,0,0,FALSE
2019-05-26 09:08:00,0,0.0684992797630227,0,0,FALSE
2019-05-26 09:09:00,3,0.0685783782384996,79.595609395304,2,FALSE
2019-05-26 09:10:00,0,0.0685783782384996,0,0,FALSE
2019-05-26 09:11:00,0,0.0685783782384996,0,0,FALSE
2019-05-26 09:12:00,0,0.0685783782384996,0,0,FALSE
2019-05-26 09:13:00,0,0.0685783782384996,0,0,FALSE
2019-05-26 09:14:00,0,0.0685783782384996,0,0,FALSE
2019-05-26 09:15:00,0,0.0685783782384996,0,0,FALSE
2019-05-26 09:16:00,1,0.0684201812875457,15.8734820587106,0,FALSE
2019-05-26 09:17:00,0,0.0684201812875457,0,0,FALSE
2019-05-26 09:18:00,0,0.0684201812875457,0,0,FALSE
2019-05-26 09:19:00,0,0.0684201812875457,0,0,FALSE
2019-05-26 09:20:00,0,0.0684201812875457,0,0,FALSE
2019-05-26 09:21:00,0,0.0684201812875457,0,0,FALSE
2019-05-26 09:22:00,0,0.0684201812875457,0,0,FALSE
2019-05-26 09:23:00,3,0.068525645921515,87.4121207419344,0,FALSE
2019-05-26 09:24:00,0,0.068525645921515,0,0,FALSE
2019-05-26 09:25:00,0,0.068525645921515,0,0,FALSE
2019-05-26 09:26:00,0,0.068525645921515,0,0,FALSE
2019-05-26 09:27:00,1,0.0686574767139765,19.6360383401973,0,FALSE
2019-05-26 09:28:00,1,0.0686574767139765,610.914227800963,0,FALSE
2019-05-26 09:29:00,3,0.0687102090309611,856.191006801281,2,FALSE
2019-05-26 09:30:00,0,0.0687102090309611,0,0,FALSE
2019-05-26 09:31:00,0,0.0687102090309611,0,0,FALSE
2019-05-26 09:32:00,0,0.0687102090309611,0,0,FALSE
2019-05-26 09:33:00,0,0.0687102090309611,0,0,FALSE
2019-05-26 09:34:00,0,0.0687102090309611,0,0,FALSE
2019-05-26 09:35:00,0,0.0687102090309611,0,0,FALSE
2019-05-26 09:36:00,0,0.0687102090309611,0,0,FALSE
2019-05-26 09:37:00,0,0.0687102090309611,0,0,FALSE
2019-05-26 09:38:00,0,0.0687102090309611,0,0,FALSE
2019-05-26 09:39:00,0,0.0687102090309611,0,0,FALSE
2019-05-26 09:40:00,0,0.0687102090309611,0,0,FALSE
2019-05-26 09:41:00,0,0.0687102090309611,0,0,FALSE
2019-05-26 09:42:00,0,0.0687102090309611,0,0,FALSE
2019-05-26 09:43:00,0,0.0687102090309611,0,0,FALSE
2019-05-26 09:44:00,4,0.0686574767139761,299.068409134685,3,FALSE
2019-05-26 09:45:00,0,0.0686574767139761,0,0,FALSE
2019-05-26 09:46:00,0,0.0686574767139761,0,0,FALSE
2019-05-26 09:47:00,0,0.0686574767139761,0,0,FALSE
2019-05-26 09:48:00,0,0.0686574767139761,0,0,FALSE
2019-05-26 09:49:00,0,0.0686574767139761,0,0,FALSE
2019-05-26 09:50:00,3,0.0686574767139765,677.589022128634,2,FALSE
2019-05-26 09:51:00,5,0.0689105918355025,4374.86193056975,2,FALSE
2019-05-26 09:52:00,3,0.068789307506438,929.524073499174,2,FALSE
2019-05-26 09:53:00,1,0.0687365751894535,274.946300757814,0,FALSE
2019-05-26 09:54:00,0,0.0687365751894535,0,0,FALSE
2019-05-26 09:55:00,2,0.0688552229026689,141.720422118116,0,FALSE
2019-05-26 09:56:00,0,0.0688552229026689,0,0,FALSE
2019-05-26 09:57:00,6,0.0688552229026689,2353.61025753921,4,FALSE
2019-05-26 09:58:00,2,0.0688552229026689,458.063147312209,0,FALSE
2019-05-26 09:59:00,0,0.0688552229026689,0,0,FALSE
2019-05-26 10:00:00,1,0.0689738706158843,310.244470030247,0,FALSE
2019-05-26 10:01:00,0,0.0689738706158843,0,0,FALSE
2019-05-26 10:02:00,0,0.0689738706158843,0,0,FALSE
2019-05-26 10:03:00,0,0.0689738706158843,0,0,FALSE
2019-05-26 10:04:00,0,0.0689738706158843,0,0,FALSE
2019-05-26 10:05:00,2,0.0686574767139765,267.626844231081,0,FALSE
2019-05-26 10:06:00,1,0.0688947721404073,303.619260822775,0,FALSE
2019-05-26 10:07:00,0,0.0688947721404073,0,0,FALSE
2019-05-26 10:08:00,1,0.0688947721404073,98.3128398443613,0,FALSE
2019-05-26 10:09:00,1,0.0689738706158841,323.073609964801,0,FALSE
2019-05-26 10:10:00,2,0.0689343213781458,1549.75483613571,0,FALSE
2019-05-26 10:11:00,1,0.0690529690913612,18.2990368092107,0,FALSE
2019-05-26 10:12:00,0,0.0690529690913612,0,0,FALSE
2019-05-26 10:13:00,0,0.0690529690913612,0,0,FALSE
2019-05-26 10:14:00,0,0.0690529690913612,0,0,FALSE
2019-05-26 10:15:00,2,0.0688552229026688,564.184034966323,0,FALSE
2019-05-26 10:16:00,0,0.0688552229026688,0,0,FALSE
2019-05-26 10:17:00,3,0.0688947721404073,161.696030213536,2,FALSE
2019-05-26 10:18:00,0,0.0688947721404073,0,0,FALSE
2019-05-26 10:19:00,0,0.0688947721404073,0,0,FALSE
2019-05-26 10:20:00,0,0.0688947721404073,0,0,FALSE
2019-05-26 10:21:00,0,0.0688947721404073,0,0,FALSE
2019-05-26 10:22:00,0,0.0688947721404073,0,0,FALSE
2019-05-26 10:23:00,0,0.0688947721404073,0,0,FALSE
2019-05-26 10:24:00,1,0.0688947721404073,1515.68498708896,0,FALSE
2019-05-26 10:25:00,0,0.0688947721404073,0,0,FALSE
2019-05-26 10:26:00,0,0.0688947721404073,0,0,FALSE
2019-05-26 10:27:00,0,0.0688947721404073,0,0,FALSE
2019-05-26 10:28:00,7,0.0691433673490489,5225.81495722648,6,FALSE
2019-05-26 10:29:00,0,0.0691433673490489,0,0,FALSE
2019-05-26 10:30:00,0,0.0691433673490489,0,0,FALSE
2019-05-26 10:31:00,0,0.0691433673490489,0,0,FALSE
2019-05-26 10:32:00,0,0.0691433673490489,0,0,FALSE
2019-05-26 10:33:00,0,0.0691433673490489,0,0,FALSE
2019-05-26 10:34:00,0,0.0691433673490489,0,0,FALSE
2019-05-26 10:35:00,0,0.0691433673490489,0,0,FALSE
2019-05-26 10:36:00,0,0.0691433673490489,0,0,FALSE
2019-05-26 10:37:00,0,0.0691433673490489,0,0,FALSE
2019-05-26 10:38:00,0,0.0691433673490489,0,0,FALSE
2019-05-26 10:39:00,0,0.0691433673490489,0,0,FALSE
2019-05-26 10:40:00,0,0.0691433673490489,0,0,FALSE
2019-05-26 10:41:00,0,0.0691433673490489,0,0,FALSE
2019-05-26 10:42:00,0,0.0691433673490489,0,0,FALSE
2019-05-26 10:43:00,0,0.0691433673490489,0,0,FALSE
2019-05-26 10:44:00,2,0.0688156736649304,983.265476101614,0,FALSE
2019-05-26 10:45:00,1,0.0688156736649304,198.257955828664,0,FALSE
2019-05-26 10:46:00,2,0.0688552229026682,282.693838233828,0,FALSE
2019-05-26 10:47:00,0,0.0688552229026682,0,0,FALSE
2019-05-26 10:48:00,1,0.0688947721404073,176.577300995864,0,FALSE
2019-05-26 10:49:00,0,0.0688947721404073,0,0,FALSE
2019-05-26 10:50:00,0,0.0688947721404073,0,0,FALSE
2019-05-26 10:51:00,0,0.0688947721404073,0,0,FALSE
2019-05-26 10:52:00,0,0.0688947721404073,0,0,FALSE
2019-05-26 10:53:00,0,0.0688947721404073,0,0,FALSE
2019-05-26 10:54:00,0,0.0688947721404073,0,0,FALSE
2019-05-26 10:55:00,0,0.0688947721404073,0,0,FALSE
2019-05-26 10:56:00,0,0.0688947721404073,0,0,FALSE
2019-05-26 10:57:00,1,0.0689738706158843,11.5876102634686,0,FALSE
2019-05-26 10:58:00,2,0.0692507152800533,230.360546691829,2,FALSE
2019-05-26 10:59:00,0,0.0692507152800533,0,0,FALSE
2019-05-26 11:00:00,3,0.0692638983592891,141.765903741515,2,FALSE
2019-05-26 11:01:00,3,0.0691584337253304,90.7264259628933,2,FALSE
2019-05-26 11:02:00,0,0.0691584337253304,0,0,FALSE
2019-05-26 11:03:00,2,0.0692507152800535,2286.36476771097,2,FALSE
2019-05-26 11:04:00,1,0.069290264517792,7.96838041954608,0,FALSE
2019-05-26 11:05:00,0,0.069290264517792,0,0,FALSE
2019-05-26 11:06:00,0,0.069290264517792,0,0,FALSE
2019-05-26 11:07:00,0,0.069290264517792,0,0,FALSE
2019-05-26 11:08:00,0,0.069290264517792,0,0,FALSE
2019-05-26 11:09:00,0,0.069290264517792,0,0,FALSE
2019-05-26 11:10:00,0,0.069290264517792,0,0,FALSE
2019-05-26 11:11:00,0,0.069290264517792,0,0,FALSE
2019-05-26 11:12:00,0,0.069290264517792,0,0,FALSE
2019-05-26 11:13:00,0,0.069290264517792,0,0,FALSE
2019-05-26 11:14:00,0,0.069290264517792,0,0,FALSE
2019-05-26 11:15:00,0,0.069290264517792,0,0,FALSE
2019-05-26 11:16:00,0,0.069290264517792,0,0,FALSE
2019-05-26 11:17:00,0,0.069290264517792,0,0,FALSE
2019-05-26 11:18:00,0,0.069290264517792,0,0,FALSE
2019-05-26 11:19:00,0,0.069290264517792,0,0,FALSE
2019-05-26 11:20:00,0,0.069290264517792,0,0,FALSE
2019-05-26 11:21:00,0,0.069290264517792,0,0,FALSE
2019-05-26 11:22:00,0,0.069290264517792,0,0,FALSE
2019-05-26 11:23:00,0,0.069290264517792,0,0,FALSE
2019-05-26 11:24:00,0,0.069290264517792,0,0,FALSE
2019-05-26 11:25:00,0,0.069290264517792,0,0,FALSE
2019-05-26 11:26:00,0,0.069290264517792,0,0,FALSE
2019-05-26 11:27:00,0,0.069290264517792,0,0,FALSE
2019-05-26 11:28:00,0,0.069290264517792,0,0,FALSE
2019-05-26 11:29:00,0,0.069290264517792,0,0,FALSE
2019-05-26 11:30:00,0,0.069290264517792,0,0,FALSE
2019-05-26 11:31:00,1,0.069290264517792,8.73057332924179,0,FALSE
2019-05-26 11:32:00,0,0.069290264517792,0,0,FALSE
2019-05-26 11:33:00,0,0.069290264517792,0,0,FALSE
2019-05-26 11:34:00,0,0.069290264517792,0,0,FALSE
2019-05-26 11:35:00,2,0.0693298137555305,844.154829083384,2,FALSE
2019-05-26 11:36:00,2,0.0693298137555305,36.2526505760137,2,FALSE
2019-05-26 11:37:00,34,0.070246425500763,22410.7441233529,20,FALSE
2019-05-26 11:38:00,11,0.0704695508794479,2364.76709750523,3,FALSE
2019-05-26 11:39:00,16,0.0705459528159883,2799.78751423692,6,FALSE
2019-05-26 11:40:00,14,0.0704710917588404,3186.73733536855,0,FALSE
2019-05-26 11:41:00,6,0.070410826253715,808.596821319007,0,FALSE
2019-05-26 11:42:00,10,0.070413462869564,188.82562082499,0,FALSE
2019-05-26 11:43:00,0,0.070413462869564,0,0,FALSE
2019-05-26 11:44:00,9,0.0705118965279345,2375.84776563936,2,FALSE
2019-05-26 11:45:00,16,0.0705558401254223,10187.6283115499,2,FALSE
2019-05-26 11:46:00,5,0.0705558401254223,316.372387122394,0,FALSE
2019-05-26 11:47:00,4,0.070555840125422,529.02768926042,0,FALSE
2019-05-26 11:48:00,4,0.0705558401254228,986.652868313912,0,FALSE
2019-05-26 11:49:00,2,0.0705558401254229,64.558593714762,0,FALSE
2019-05-26 11:50:00,5,0.0705558401254227,280.741687859057,0,FALSE
2019-05-26 11:51:00,4,0.0705558401254223,1182.65699218234,0,FALSE
2019-05-26 11:52:00,0,0.0705558401254223,0,0,FALSE
2019-05-26 11:53:00,1,0.0707140370763768,148.499477860391,0,FALSE
2019-05-26 11:54:00,0,0.0707140370763768,0,0,FALSE
2019-05-26 11:55:00,4,0.0707535863141152,2103.46156613884,2,FALSE
2019-05-26 11:56:00,3,0.0707140370763768,339.851662189067,0,FALSE
2019-05-26 11:57:00,0,0.0707140370763768,0,0,FALSE
2019-05-26 11:58:00,1,0.0707140370763768,74.7447371897302,0,FALSE
2019-05-26 11:59:00,15,0.0707667693933614,5257.22330077038,2,FALSE
2019-05-26 12:00:00,4,0.0708326847895921,771.624137320728,0,FALSE
2019-05-26 12:01:00,8,0.0709513325028076,1360.06609274632,0,FALSE
2019-05-26 12:02:00,14,0.0710925797804449,4941.57727494829,0,FALSE
2019-05-26 12:03:00,28,0.0721095601794339,5333.44725855001,22,FALSE
2019-05-26 12:04:00,14,0.0717705667131031,3135.88927590058,6,FALSE
2019-05-26 12:05:00,20,0.0723948796802613,5195.07895072413,12,FALSE
2019-05-26 12:06:00,2,0.0722960065859154,56.9135678629656,0,FALSE
2019-05-26 12:07:00,2,0.0722960065859154,152.013823125831,0,FALSE
2019-05-26 12:08:00,1,0.0722169081104384,1570.21223304526,0,FALSE
2019-05-26 12:09:00,0,0.0722169081104384,0,0,FALSE
2019-05-26 12:10:00,2,0.0722960065859154,29.7859547133971,0,FALSE
2019-05-26 12:11:00,3,0.0723223727444077,101.008832282517,2,FALSE
2019-05-26 12:12:00,3,0.0724805696953616,395.424194498796,2,FALSE
2019-05-26 12:13:00,3,0.0726914989633,1506.06740345572,3,FALSE
2019-05-26 12:14:00,4,0.0728694705331231,1028.77098724044,0,FALSE
2019-05-26 12:15:00,7,0.0731095909051058,2603.32857413451,2,FALSE
2019-05-26 12:16:00,8,0.073116653268988,431.552423172883,5,FALSE
2019-05-26 12:17:00,2,0.0730869913406845,178.697693827973,0,FALSE
2019-05-26 12:18:00,0,0.0730869913406845,0,0,FALSE
2019-05-26 12:19:00,0,0.0730869913406845,0,0,FALSE
2019-05-26 12:20:00,2,0.0726124004878231,25.1965029692746,0,FALSE
2019-05-26 12:21:00,2,0.073165467726806,33.9397059395165,0,FALSE
2019-05-26 12:22:00,1,0.0732052531904964,318.296440872279,0,FALSE
2019-05-26 12:23:00,0,0.0732052531904964,0,0,FALSE
2019-05-26 12:24:00,0,0.0732052531904964,0,0,FALSE
2019-05-26 12:25:00,4,0.0732848241178774,898.932420641931,2,FALSE
2019-05-26 12:26:00,0,0.0732848241178774,0,0,FALSE
2019-05-26 12:27:00,0,0.0732848241178774,0,0,FALSE
2019-05-26 12:28:00,0,0.0732848241178774,0,0,FALSE
2019-05-26 12:29:00,0,0.0732848241178774,0,0,FALSE
2019-05-26 12:30:00,0,0.0732848241178774,0,0,FALSE
2019-05-26 12:31:00,0,0.0732848241178774,0,0,FALSE
2019-05-26 12:32:00,0,0.0732848241178774,0,0,FALSE
2019-05-26 12:33:00,5,0.0732370815614488,3095.85198755742,0,FALSE
2019-05-26 12:34:00,3,0.0733643950452583,410.767247858401,0,FALSE
2019-05-26 12:35:00,0,0.0733643950452583,0,0,FALSE
2019-05-26 12:36:00,5,0.0733803092307345,2856.86420828947,3,FALSE
2019-05-26 12:37:00,0,0.0733803092307345,0,0,FALSE
2019-05-26 12:38:00,2,0.0732848241178774,94.6839927602976,0,FALSE
2019-05-26 12:39:00,0,0.0732848241178774,0,0,FALSE
2019-05-26 12:40:00,3,0.0732317768329568,85.9941313519488,2,FALSE
2019-05-26 12:41:00,0,0.0732317768329568,0,0,FALSE
2019-05-26 12:42:00,0,0.0732317768329568,0,0,FALSE
2019-05-26 12:43:00,0,0.0732317768329568,0,0,FALSE
2019-05-26 12:44:00,0,0.0732317768329568,0,0,FALSE
2019-05-26 12:45:00,0,0.0732317768329568,0,0,FALSE
2019-05-26 12:46:00,0,0.0732317768329568,0,0,FALSE
2019-05-26 12:47:00,0,0.0732317768329568,0,0,FALSE
2019-05-26 12:48:00,0,0.0732317768329568,0,0,FALSE
2019-05-26 12:49:00,0,0.0732317768329568,0,0,FALSE
2019-05-26 12:50:00,0,0.0732317768329568,0,0,FALSE
2019-05-26 12:51:00,0,0.0732317768329568,0,0,FALSE
2019-05-26 12:52:00,0,0.0732317768329568,0,0,FALSE
2019-05-26 12:53:00,0,0.0732317768329568,0,0,FALSE
2019-05-26 12:54:00,0,0.0732317768329568,0,0,FALSE
2019-05-26 12:55:00,2,0.0722504020619248,1139.82234292892,0,FALSE
2019-05-26 12:56:00,0,0.0722504020619248,0,0,FALSE
2019-05-26 12:57:00,0,0.0722504020619248,0,0,FALSE
2019-05-26 12:58:00,0,0.0722504020619248,0,0,FALSE
2019-05-26 12:59:00,3,0.0720912602071628,722.138153495149,0,FALSE
2019-05-26 13:00:00,8,0.0717530837657937,1851.0006355994,2,FALSE
2019-05-26 13:01:00,2,0.0716536201065675,123.399469462616,0,FALSE
2019-05-26 13:02:00,30,0.0711629327210514,11209.5040263977,0,FALSE
2019-05-26 13:03:00,1,0.0712159800059721,817.132154588524,0,FALSE
2019-05-26 13:04:00,0,0.0712159800059721,0,0,FALSE
2019-05-26 13:05:00,4,0.0713353363970436,654.629701279567,4,FALSE
2019-05-26 13:06:00,6,0.0716005728216468,1595.54294749843,0,FALSE
2019-05-26 13:07:00,6,0.0720249511010086,235.999254377376,6,FALSE
2019-05-26 13:08:00,1,0.0722504020619182,8.7422986494921,0,FALSE
2019-05-26 13:09:00,0,0.0722504020619182,0,0,FALSE
2019-05-26 13:10:00,1,0.0720912602071628,18.0949063119979,0,FALSE
2019-05-26 13:11:00,3,0.072144307492083,106.328800127866,2,FALSE
2019-05-26 13:12:00,0,0.072144307492083,0,0,FALSE
2019-05-26 13:13:00,3,0.0721177838496231,1309.03039743013,0,FALSE
2019-05-26 13:14:00,1,0.0716934055702579,50.9740113604534,0,FALSE
2019-05-26 13:15:00,0,0.0716934055702579,0,0,FALSE
2019-05-26 13:16:00,1,0.071613834642877,10.3840060232172,0,FALSE
2019-05-26 13:17:00,0,0.071613834642877,0,0,FALSE
2019-05-26 13:18:00,6,0.0714281691456547,816.300240542756,2,FALSE
2019-05-26 13:19:00,0,0.0714281691456547,0,0,FALSE
2019-05-26 13:20:00,1,0.0719321183524008,355.63239313427,0,FALSE
2019-05-26 13:21:00,1,0.0720116892797818,20.9554015804165,0,FALSE
2019-05-26 13:22:00,0,0.0720116892797818,0,0,FALSE
2019-05-26 13:23:00,0,0.0720116892797818,0,0,FALSE
2019-05-26 13:24:00,0,0.0720116892797818,0,0,FALSE
2019-05-26 13:25:00,1,0.0720116892797818,11.7379053526044,0,FALSE
2019-05-26 13:26:00,1,0.0720116892797818,8.13732088861535,0,FALSE
2019-05-26 13:27:00,8,0.0721210993049293,344.74159987456,2,FALSE
2019-05-26 13:28:00,4,0.0721708311345433,407.332170923363,0,FALSE
2019-05-26 13:29:00,1,0.0722504020619247,2145.11443721855,0,FALSE
2019-05-26 13:30:00,0,0.0722504020619247,0,0,FALSE
2019-05-26 13:31:00,1,0.0722504020619248,581.182234186123,0,FALSE
2019-05-26 13:32:00,2,0.0722504020619248,1458.30211521789,0,FALSE
2019-05-26 13:33:00,1,0.0724095439166865,331.852939770174,0,FALSE
2019-05-26 13:34:00,7,0.0727278276262106,374.257480535407,0,FALSE
2019-05-26 13:35:00,3,0.0729134931234329,263.665906685887,2,FALSE
2019-05-26 13:36:00,2,0.0729665404083535,418.390142701499,0,FALSE
2019-05-26 13:37:00,0,0.0729665404083535,0,0,FALSE
2019-05-26 13:38:00,0,0.0729665404083535,0,0,FALSE
2019-05-26 13:39:00,0,0.0729665404083535,0,0,FALSE
2019-05-26 13:40:00,2,0.0730461113357345,682.177633764424,0,FALSE
2019-05-26 13:41:00,1,0.0730461113357345,369.102000579466,0,FALSE
2019-05-26 13:42:00,5,0.0729187978519249,1123.77495572029,3,FALSE
2019-05-26 13:43:00,3,0.0731787295480361,580.481134744969,2,FALSE
2019-05-26 13:44:00,0,0.0731787295480361,0,0,FALSE
2019-05-26 13:45:00,0,0.0731787295480361,0,0,FALSE
2019-05-26 13:46:00,7,0.0727846640029108,258.27998932425,0,FALSE
2019-05-26 13:47:00,8,0.072558739405526,657.888926465092,2,FALSE
2019-05-26 13:48:00,1,0.0727278276262106,39.7821217115372,0,FALSE
2019-05-26 13:49:00,1,0.0722504020619247,11.0543115154745,0,FALSE
2019-05-26 13:50:00,0,0.0722504020619247,0,0,FALSE
2019-05-26 13:51:00,0,0.0722504020619247,0,0,FALSE
2019-05-26 13:52:00,1,0.0722504020619247,68.7101323608904,0,FALSE
2019-05-26 13:53:00,0,0.0722504020619247,0,0,FALSE
2019-05-26 13:54:00,2,0.0723299729893052,96.705173886701,0,FALSE
2019-05-26 13:55:00,1,0.0723299729893057,23.2179213295671,0,FALSE
2019-05-26 13:56:00,3,0.0723299729893031,39.5644952251486,0,FALSE
2019-05-26 13:57:00,0,0.0723299729893031,0,0,FALSE
2019-05-26 13:58:00,0,0.0723299729893031,0,0,FALSE
2019-05-26 13:59:00,0,0.0723299729893031,0,0,FALSE
2019-05-26 14:00:00,0,0.0723299729893031,0,0,FALSE
2019-05-26 14:01:00,0,0.0723299729893031,0,0,FALSE
2019-05-26 14:02:00,0,0.0723299729893031,0,0,FALSE
2019-05-26 14:03:00,0,0.0723299729893031,0,0,FALSE
2019-05-26 14:04:00,0,0.0723299729893031,0,0,FALSE
2019-05-26 14:05:00,0,0.0723299729893031,0,0,FALSE
2019-05-26 14:06:00,0,0.0723299729893031,0,0,FALSE
2019-05-26 14:07:00,2,0.0723299729893023,202.379264424076,0,FALSE
2019-05-26 14:08:00,0,0.0723299729893023,0,0,FALSE
2019-05-26 14:09:00,1,0.0724095439166867,19.1161195940053,0,FALSE
2019-05-26 14:10:00,0,0.0724095439166867,0,0,FALSE
2019-05-26 14:11:00,2,0.0724095439166867,59.3034164677664,0,FALSE
2019-05-26 14:12:00,0,0.0724095439166867,0,0,FALSE
2019-05-26 14:13:00,0,0.0724095439166867,0,0,FALSE
2019-05-26 14:14:00,0,0.0724095439166867,0,0,FALSE
2019-05-26 14:15:00,0,0.0724095439166867,0,0,FALSE
2019-05-26 14:16:00,1,0.0725686857714486,8.0551241206308,0,FALSE
2019-05-26 14:17:00,0,0.0725686857714486,0,0,FALSE
2019-05-26 14:18:00,1,0.0725686857714486,8.0551241206308,0,FALSE
2019-05-26 14:19:00,0,0.0725686857714486,0,0,FALSE
2019-05-26 14:20:00,0,0.0725686857714486,0,0,FALSE
2019-05-26 14:21:00,0,0.0725686857714486,0,0,FALSE
2019-05-26 14:22:00,0,0.0725686857714486,0,0,FALSE
2019-05-26 14:23:00,0,0.0725686857714486,0,0,FALSE
2019-05-26 14:24:00,2,0.0725686857714486,33.2364580833235,0,FALSE
2019-05-26 14:25:00,0,0.0725686857714486,0,0,FALSE
2019-05-26 14:26:00,0,0.0725686857714486,0,0,FALSE
2019-05-26 14:27:00,0,0.0725686857714486,0,0,FALSE
2019-05-26 14:28:00,0,0.0725686857714486,0,0,FALSE
2019-05-26 14:29:00,0,0.0725686857714486,0,0,FALSE
2019-05-26 14:30:00,0,0.0725686857714486,0,0,FALSE
2019-05-26 14:31:00,4,0.0727676130899011,198.590733429614,4,FALSE
2019-05-26 14:32:00,6,0.073085896799425,2057.8262438746,6,FALSE
2019-05-26 14:33:00,0,0.073085896799425,0,0,FALSE
2019-05-26 14:34:00,1,0.0731256822631155,9.28696164741566,0,FALSE
2019-05-26 14:35:00,0,0.0731256822631155,0,0,FALSE
2019-05-26 14:36:00,0,0.0731256822631155,0,0,FALSE
2019-05-26 14:37:00,0,0.0731256822631155,0,0,FALSE
2019-05-26 14:38:00,0,0.0731256822631155,0,0,FALSE
2019-05-26 14:39:00,1,0.0729665404083535,23.93302525394,0,FALSE
2019-05-26 14:40:00,1,0.0728073985535916,28.0308484431328,0,FALSE
2019-05-26 14:41:00,0,0.0728073985535916,0,0,FALSE
2019-05-26 14:42:00,0,0.0728073985535916,0,0,FALSE
2019-05-26 14:43:00,0,0.0728073985535916,0,0,FALSE
2019-05-26 14:44:00,1,0.0725686857714487,9.57906652183122,0,FALSE
2019-05-26 14:45:00,0,0.0725686857714487,0,0,FALSE
2019-05-26 14:46:00,0,0.0725686857714487,0,0,FALSE
2019-05-26 14:47:00,1,0.0724095439166866,425.6957086862,0,FALSE
2019-05-26 14:48:00,0,0.0724095439166866,0,0,FALSE
2019-05-26 14:49:00,1,0.0724095439166867,520.407392129227,0,FALSE
2019-05-26 14:50:00,0,0.0724095439166867,0,0,FALSE
2019-05-26 14:51:00,0,0.0724095439166867,0,0,FALSE
2019-05-26 14:52:00,0,0.0724095439166867,0,0,FALSE
2019-05-26 14:53:00,2,0.0724095439166867,1200.33300950691,0,FALSE
2019-05-26 14:54:00,0,0.0724095439166867,0,0,FALSE
2019-05-26 14:55:00,0,0.0724095439166867,0,0,FALSE
2019-05-26 14:56:00,0,0.0724095439166867,0,0,FALSE
2019-05-26 14:57:00,1,0.0724095439166859,69.151114440435,0,FALSE
2019-05-26 14:58:00,0,0.0724095439166859,0,0,FALSE
2019-05-26 14:59:00,0,0.0724095439166859,0,0,FALSE
2019-05-26 15:00:00,0,0.0724095439166859,0,0,FALSE
2019-05-26 15:01:00,1,0.0724095439166841,22.4469586141721,0,FALSE
2019-05-26 15:02:00,1,0.0724095439166867,12.3096224658367,0,FALSE
2019-05-26 15:03:00,3,0.0724095439166843,819.893265768642,0,FALSE
2019-05-26 15:04:00,0,0.0724095439166843,0,0,FALSE
2019-05-26 15:05:00,2,0.0724095439166867,568.994196097324,2,FALSE
2019-05-26 15:06:00,0,0.0724095439166867,0,0,FALSE
2019-05-26 15:07:00,0,0.0724095439166867,0,0,FALSE
2019-05-26 15:08:00,1,0.0724095439166837,19.4057577696712,0,FALSE
2019-05-26 15:09:00,0,0.0724095439166837,0,0,FALSE
2019-05-26 15:10:00,0,0.0724095439166837,0,0,FALSE
2019-05-26 15:11:00,1,0.0724095439166867,19.5505768575054,0,FALSE
2019-05-26 15:12:00,2,0.0724095439166859,1401.34190341964,0,FALSE
2019-05-26 15:13:00,0,0.0724095439166859,0,0,FALSE
2019-05-26 15:14:00,0,0.0724095439166859,0,0,FALSE
2019-05-26 15:15:00,0,0.0724095439166859,0,0,FALSE
2019-05-26 15:16:00,0,0.0724095439166859,0,0,FALSE
2019-05-26 15:17:00,0,0.0724095439166859,0,0,FALSE
2019-05-26 15:18:00,0,0.0724095439166859,0,0,FALSE
2019-05-26 15:19:00,0,0.0724095439166859,0,0,FALSE
2019-05-26 15:20:00,0,0.0724095439166859,0,0,FALSE
2019-05-26 15:21:00,4,0.0725487930396019,66.60739103392,2,FALSE
2019-05-26 15:22:00,0,0.0725487930396019,0,0,FALSE
2019-05-26 15:23:00,0,0.0725487930396019,0,0,FALSE
2019-05-26 15:24:00,1,0.0724891148440677,44.5808056291016,0,FALSE
2019-05-26 15:25:00,0,0.0724891148440677,0,0,FALSE
2019-05-26 15:26:00,0,0.0724891148440677,0,0,FALSE
2019-05-26 15:27:00,0,0.0724891148440677,0,0,FALSE
2019-05-26 15:28:00,1,0.0723299729893057,17.8655033283585,0,FALSE
2019-05-26 15:29:00,0,0.0723299729893057,0,0,FALSE
2019-05-26 15:30:00,1,0.0724095439166807,9.63046934091854,0,FALSE
2019-05-26 15:31:00,0,0.0724095439166807,0,0,FALSE
2019-05-26 15:32:00,0,0.0724095439166807,0,0,FALSE
2019-05-26 15:33:00,3,0.0723034493468405,37.4448052906461,0,FALSE
2019-05-26 15:34:00,5,0.0721390027635901,98.5002144374884,2,FALSE
2019-05-26 15:35:00,3,0.0721177838496231,166.149029768972,2,FALSE
2019-05-26 15:36:00,1,0.0723299729893057,218.364188454714,0,FALSE
2019-05-26 15:37:00,1,0.0723299729893057,223.282626617987,0,FALSE
2019-05-26 15:38:00,1,0.0724095439166867,393.907918906776,0,FALSE
2019-05-26 15:39:00,0,0.0724095439166867,0,0,FALSE
2019-05-26 15:40:00,1,0.0724891148440677,32.0401887610779,0,FALSE
2019-05-26 15:41:00,0,0.0724891148440677,0,0,FALSE
2019-05-26 15:42:00,0,0.0724891148440677,0,0,FALSE
2019-05-26 15:43:00,0,0.0724891148440677,0,0,FALSE
2019-05-26 15:44:00,0,0.0724891148440677,0,0,FALSE
2019-05-26 15:45:00,3,0.072462591201607,474.131884888765,3,FALSE
2019-05-26 15:46:00,0,0.072462591201607,0,0,FALSE
2019-05-26 15:47:00,0,0.072462591201607,0,0,FALSE
2019-05-26 15:48:00,0,0.072462591201607,0,0,FALSE
2019-05-26 15:49:00,0,0.072462591201607,0,0,FALSE
2019-05-26 15:50:00,3,0.0721973547770036,78.2482994260471,0,FALSE
2019-05-26 15:51:00,0,0.0721973547770036,0,0,FALSE
2019-05-26 15:52:00,0,0.0721973547770036,0,0,FALSE
2019-05-26 15:53:00,1,0.0724095439166822,12.8164892732528,0,FALSE
2019-05-26 15:54:00,0,0.0724095439166822,0,0,FALSE
2019-05-26 15:55:00,0,0.0724095439166822,0,0,FALSE
2019-05-26 15:56:00,0,0.0724095439166822,0,0,FALSE
2019-05-26 15:57:00,0,0.0724095439166822,0,0,FALSE
2019-05-26 15:58:00,0,0.0724095439166822,0,0,FALSE
2019-05-26 15:59:00,0,0.0724095439166822,0,0,FALSE
2019-05-26 16:00:00,0,0.0724095439166822,0,0,FALSE
2019-05-26 16:01:00,2,0.0721708311345438,62.4999397625149,0,FALSE
2019-05-26 16:02:00,2,0.0721708311345438,21.506907678094,0,FALSE
2019-05-26 16:03:00,0,0.0721708311345438,0,0,FALSE
2019-05-26 16:04:00,0,0.0721708311345438,0,0,FALSE
2019-05-26 16:05:00,0,0.0721708311345438,0,0,FALSE
2019-05-26 16:06:00,0,0.0721708311345438,0,0,FALSE
2019-05-26 16:07:00,0,0.0721708311345438,0,0,FALSE
2019-05-26 16:08:00,0,0.0721708311345438,0,0,FALSE
2019-05-26 16:09:00,0,0.0721708311345438,0,0,FALSE
2019-05-26 16:10:00,0,0.0721708311345438,0,0,FALSE
2019-05-26 16:11:00,0,0.0721708311345438,0,0,FALSE
2019-05-26 16:12:00,1,0.0720912602071628,39.6501931139395,0,FALSE
2019-05-26 16:13:00,0,0.0720912602071628,0,0,FALSE
2019-05-26 16:14:00,0,0.0720912602071628,0,0,FALSE
2019-05-26 16:15:00,0,0.0720912602071628,0,0,FALSE
2019-05-26 16:16:00,0,0.0720912602071628,0,0,FALSE
2019-05-26 16:17:00,0,0.0720912602071628,0,0,FALSE
2019-05-26 16:18:00,0,0.0720912602071628,0,0,FALSE
2019-05-26 16:19:00,0,0.0720912602071628,0,0,FALSE
2019-05-26 16:20:00,0,0.0720912602071628,0,0,FALSE
2019-05-26 16:21:00,0,0.0720912602071628,0,0,FALSE
2019-05-26 16:22:00,0,0.0720912602071628,0,0,FALSE
2019-05-26 16:23:00,0,0.0720912602071628,0,0,FALSE
2019-05-26 16:24:00,0,0.0720912602071628,0,0,FALSE
2019-05-26 16:25:00,1,0.0722504020619247,24.3483854948686,0,FALSE
2019-05-26 16:26:00,1,0.0722504020619247,418.474328742668,0,FALSE
2019-05-26 16:27:00,0,0.0722504020619247,0,0,FALSE
2019-05-26 16:28:00,0,0.0722504020619247,0,0,FALSE
2019-05-26 16:29:00,0,0.0722504020619247,0,0,FALSE
2019-05-26 16:30:00,0,0.0722504020619247,0,0,FALSE
2019-05-26 16:31:00,0,0.0722504020619247,0,0,FALSE
2019-05-26 16:32:00,2,0.0725289003077579,130.36590415482,0,FALSE
2019-05-26 16:33:00,0,0.0725289003077579,0,0,FALSE
2019-05-26 16:34:00,0,0.0725289003077579,0,0,FALSE
2019-05-26 16:35:00,14,0.0730517949734046,7788.8770126316,13,FALSE
2019-05-26 16:36:00,5,0.0731256822631155,186.393942538804,4,FALSE
2019-05-26 16:37:00,1,0.0732052531904964,37.1882686207722,0,FALSE
2019-05-26 16:38:00,0,0.0732052531904964,0,0,FALSE
2019-05-26 16:39:00,1,0.0728073985535916,61.4494443792313,0,FALSE
2019-05-26 16:40:00,1,0.0726482566988296,160.189406020919,0,FALSE
2019-05-26 16:41:00,1,0.0729665404083535,57.4246673013742,0,FALSE
2019-05-26 16:42:00,1,0.0724891148440677,16.3825399547593,0,FALSE
2019-05-26 16:43:00,0,0.0724891148440677,0,0,FALSE
2019-05-26 16:44:00,0,0.0724891148440677,0,0,FALSE
2019-05-26 16:45:00,1,0.0728073985535916,8.00881384089507,0,FALSE
2019-05-26 16:46:00,5,0.0728073985535916,200.365960819484,0,FALSE
2019-05-26 16:47:00,1,0.0729665404083535,63.0430909128174,0,FALSE
2019-05-26 16:48:00,0,0.0729665404083535,0,0,FALSE
2019-05-26 16:49:00,0,0.0729665404083535,0,0,FALSE
2019-05-26 16:50:00,0,0.0729665404083535,0,0,FALSE
2019-05-26 16:51:00,0,0.0729665404083535,0,0,FALSE
2019-05-26 16:52:00,0,0.0729665404083535,0,0,FALSE
2019-05-26 16:53:00,0,0.0729665404083535,0,0,FALSE
2019-05-26 16:54:00,0,0.0729665404083535,0,0,FALSE
2019-05-26 16:55:00,0,0.0729665404083535,0,0,FALSE
2019-05-26 16:56:00,0,0.0729665404083535,0,0,FALSE
2019-05-26 16:57:00,0,0.0729665404083535,0,0,FALSE
2019-05-26 16:58:00,0,0.0729665404083535,0,0,FALSE
2019-05-26 16:59:00,0,0.0729665404083535,0,0,FALSE
2019-05-26 17:00:00,0,0.0729665404083535,0,0,FALSE
2019-05-26 17:01:00,0,0.0729665404083535,0,0,FALSE
2019-05-26 17:02:00,0,0.0729665404083535,0,0,FALSE
2019-05-26 17:03:00,0,0.0729665404083535,0,0,FALSE
2019-05-26 17:04:00,0,0.0729665404083535,0,0,FALSE
2019-05-26 17:05:00,0,0.0729665404083535,0,0,FALSE
2019-05-26 17:06:00,0,0.0729665404083535,0,0,FALSE
2019-05-26 17:07:00,0,0.0729665404083535,0,0,FALSE
2019-05-26 17:08:00,1,0.0774133907648716,80.8969933492908,0,FALSE
2019-05-26 17:09:00,0,0.0774133907648716,0,0,FALSE
2019-05-26 17:10:00,0,0.0774133907648716,0,0,FALSE
2019-05-26 17:11:00,0,0.0774133907648716,0,0,FALSE
2019-05-26 17:12:00,0,0.0774133907648716,0,0,FALSE
2019-05-26 17:13:00,0,0.0774133907648716,0,0,FALSE
2019-05-26 17:14:00,0,0.0774133907648716,0,0,FALSE
2019-05-26 17:15:00,0,0.0774133907648716,0,0,FALSE
2019-05-26 17:16:00,0,0.0774133907648716,0,0,FALSE
2019-05-26 17:17:00,0,0.0774133907648716,0,0,FALSE
2019-05-26 17:18:00,0,0.0774133907648716,0,0,FALSE
2019-05-26 17:19:00,0,0.0774133907648716,0,0,FALSE
2019-05-26 17:20:00,0,0.0774133907648716,0,0,FALSE
2019-05-26 17:21:00,0,0.0774133907648716,0,0,FALSE
2019-05-26 17:22:00,1,0.0772426886904176,27.6528825511695,0,FALSE
2019-05-26 17:23:00,1,0.0774987418020981,153.060015059144,0,FALSE
2019-05-26 17:24:00,0,0.0774987418020981,0,0,FALSE
2019-05-26 17:25:00,0,0.0774987418020981,0,0,FALSE
2019-05-26 17:26:00,0,0.0774987418020981,0,0,FALSE
2019-05-26 17:27:00,0,0.0774987418020981,0,0,FALSE
2019-05-26 17:28:00,0,0.0774987418020981,0,0,FALSE
2019-05-26 17:29:00,0,0.0774987418020981,0,0,FALSE
2019-05-26 17:30:00,0,0.0774987418020981,0,0,FALSE
2019-05-26 17:31:00,0,0.0774987418020981,0,0,FALSE
2019-05-26 17:32:00,0,0.0774987418020981,0,0,FALSE
2019-05-26 17:33:00,0,0.0774987418020981,0,0,FALSE
2019-05-26 17:34:00,0,0.0774987418020981,0,0,FALSE
2019-05-26 17:35:00,0,0.0774987418020981,0,0,FALSE
2019-05-26 17:36:00,0,0.0774987418020981,0,0,FALSE
2019-05-26 17:37:00,0,0.0774987418020981,0,0,FALSE
2019-05-26 17:38:00,0,0.0774987418020981,0,0,FALSE
2019-05-26 17:39:00,0,0.0774987418020981,0,0,FALSE
2019-05-26 17:40:00,0,0.0774987418020981,0,0,FALSE
2019-05-26 17:41:00,0,0.0774987418020981,0,0,FALSE
2019-05-26 17:42:00,0,0.0774987418020981,0,0,FALSE
2019-05-26 17:43:00,0,0.0774987418020981,0,0,FALSE
2019-05-26 17:44:00,3,0.0776125431850673,425.967822816483,0,FALSE
2019-05-26 17:45:00,0,0.0776125431850673,0,0,FALSE
2019-05-26 17:46:00,4,0.0778614837103132,167.820025979918,2,FALSE
2019-05-26 17:47:00,1,0.0779254969882335,38.9627484941167,0,FALSE
2019-05-26 17:48:00,26,0.0780075652932594,1254.76539971448,4,FALSE
2019-05-26 17:49:00,1,0.0780108480254605,25.6655690003765,0,FALSE
2019-05-26 17:50:00,0,0.0780108480254605,0,0,FALSE
2019-05-26 17:51:00,0,0.0780108480254605,0,0,FALSE
2019-05-26 17:52:00,0,0.0780108480254605,0,0,FALSE
2019-05-26 17:53:00,4,0.0780535235440739,217.530603836842,4,FALSE
2019-05-26 17:54:00,0,0.0780535235440739,0,0,FALSE
2019-05-26 17:55:00,0,0.0780535235440739,0,0,FALSE
2019-05-26 17:56:00,0,0.0780535235440739,0,0,FALSE
2019-05-26 17:57:00,1,0.0780108480254604,67.089329301896,0,FALSE
2019-05-26 17:58:00,0,0.0780108480254604,0,0,FALSE
2019-05-26 17:59:00,0,0.0780108480254604,0,0,FALSE
2019-05-26 18:00:00,1,0.0776694438765525,8.54363882642078,0,FALSE
2019-05-26 18:01:00,2,0.0775840928393255,202.4168982178,0,FALSE
2019-05-26 18:02:00,0,0.0775840928393255,0,0,FALSE
2019-05-26 18:03:00,0,0.0775840928393255,0,0,FALSE
2019-05-26 18:04:00,1,0.0775840928393255,434.78125627158,0,FALSE
2019-05-26 18:05:00,0,0.0775840928393255,0,0,FALSE
2019-05-26 18:06:00,1,0.0775840928393252,180.305431758592,0,FALSE
2019-05-26 18:07:00,0,0.0775840928393252,0,0,FALSE
2019-05-26 18:08:00,1,0.0775840928393256,131.272285084139,0,FALSE
2019-05-26 18:09:00,1,0.0778401459510065,49.5063328248401,0,FALSE
2019-05-26 18:10:00,0,0.0778401459510065,0,0,FALSE
2019-05-26 18:11:00,0,0.0778401459510065,0,0,FALSE
2019-05-26 18:12:00,0,0.0778401459510065,0,0,FALSE
2019-05-26 18:13:00,2,0.0777121193951436,62.913871209714,2,FALSE
2019-05-26 18:14:00,0,0.0777121193951436,0,0,FALSE
2019-05-26 18:15:00,0,0.0777121193951436,0,0,FALSE
2019-05-26 18:16:00,0,0.0777121193951436,0,0,FALSE
2019-05-26 18:17:00,0,0.0777121193951436,0,0,FALSE
2019-05-26 18:18:00,0,0.0777121193951436,0,0,FALSE
2019-05-26 18:19:00,0,0.0777121193951436,0,0,FALSE
2019-05-26 18:20:00,0,0.0777121193951436,0,0,FALSE
2019-05-26 18:21:00,1,0.0778401459510065,53.4761802683415,0,FALSE
2019-05-26 18:22:00,0,0.0778401459510065,0,0,FALSE
2019-05-26 18:23:00,0,0.0778401459510065,0,0,FALSE
2019-05-26 18:24:00,0,0.0778401459510065,0,0,FALSE
2019-05-26 18:25:00,0,0.0778401459510065,0,0,FALSE
2019-05-26 18:26:00,0,0.0778401459510065,0,0,FALSE
2019-05-26 18:27:00,0,0.0778401459510065,0,0,FALSE
2019-05-26 18:28:00,0,0.0778401459510065,0,0,FALSE
2019-05-26 18:29:00,0,0.0778401459510065,0,0,FALSE
2019-05-26 18:30:00,0,0.0778401459510065,0,0,FALSE
2019-05-26 18:31:00,0,0.0778401459510065,0,0,FALSE
2019-05-26 18:32:00,0,0.0778401459510065,0,0,FALSE
2019-05-26 18:33:00,0,0.0778401459510065,0,0,FALSE
2019-05-26 18:34:00,0,0.0778401459510065,0,0,FALSE
2019-05-26 18:35:00,0,0.0778401459510065,0,0,FALSE
2019-05-26 18:36:00,0,0.0778401459510065,0,0,FALSE
2019-05-26 18:37:00,0,0.0778401459510065,0,0,FALSE
2019-05-26 18:38:00,0,0.0778401459510065,0,0,FALSE
2019-05-26 18:39:00,14,0.0781449710839595,4683.914278436,14,FALSE
2019-05-26 18:40:00,0,0.0781449710839595,0,0,FALSE
2019-05-26 18:41:00,0,0.0781449710839595,0,0,FALSE
2019-05-26 18:42:00,6,0.0780819738898163,997.316371819692,4,FALSE
2019-05-26 18:43:00,0,0.0780819738898163,0,0,FALSE
2019-05-26 18:44:00,0,0.0780819738898163,0,0,FALSE
2019-05-26 18:45:00,1,0.0783522521743684,586.780016533845,0,FALSE
2019-05-26 18:46:00,2,0.0784376032115953,34.2772326034672,0,FALSE
2019-05-26 18:47:00,3,0.0785229542488223,94.1234168331699,2,FALSE
2019-05-26 18:48:00,1,0.078693656323275,52.8034433929175,0,FALSE
2019-05-26 18:49:00,2,0.0788216828791168,1770.58123520736,2,FALSE
2019-05-26 18:50:00,2,0.0789070339163438,42.8603036090868,0,FALSE
2019-05-26 18:51:00,0,0.0789070339163438,0,0,FALSE
2019-05-26 18:52:00,0,0.0789070339163438,0,0,FALSE
2019-05-26 18:53:00,3,0.0788643583977299,1662.47612356189,3,FALSE
2019-05-26 18:54:00,0,0.0788643583977299,0,0,FALSE
2019-05-26 18:55:00,0,0.0788643583977299,0,0,FALSE
2019-05-26 18:56:00,0,0.0788643583977299,0,0,FALSE
2019-05-26 18:57:00,1,0.0789497094349571,744.179961133906,0,FALSE
2019-05-26 18:58:00,0,0.0789497094349571,0,0,FALSE
2019-05-26 18:59:00,0,0.0789497094349571,0,0,FALSE
2019-05-26 19:00:00,0,0.0789497094349571,0,0,FALSE
2019-05-26 19:01:00,3,0.0789497094349566,85.4235856086229,0,FALSE
2019-05-26 19:02:00,1,0.078949709434952,12.7898529284622,0,FALSE
2019-05-26 19:03:00,0,0.078949709434952,0,0,FALSE
2019-05-26 19:04:00,0,0.078949709434952,0,0,FALSE
2019-05-26 19:05:00,0,0.078949709434952,0,0,FALSE
2019-05-26 19:06:00,4,0.0781815500999144,304.673500739366,0,FALSE
2019-05-26 19:07:00,0,0.0781815500999144,0,0,FALSE
2019-05-26 19:08:00,0,0.0781815500999144,0,0,FALSE
2019-05-26 19:09:00,2,0.0779254969882335,1227.27929309005,0,FALSE
2019-05-26 19:10:00,0,0.0779254969882335,0,0,FALSE
2019-05-26 19:11:00,0,0.0779254969882335,0,0,FALSE
2019-05-26 19:12:00,0,0.0779254969882335,0,0,FALSE
2019-05-26 19:13:00,0,0.0779254969882335,0,0,FALSE
2019-05-26 19:14:00,0,0.0779254969882335,0,0,FALSE
2019-05-26 19:15:00,0,0.0779254969882335,0,0,FALSE
2019-05-26 19:16:00,0,0.0779254969882335,0,0,FALSE
2019-05-26 19:17:00,1,0.0780961990626874,20.5393003534868,0,FALSE
2019-05-26 19:18:00,0,0.0780961990626874,0,0,FALSE
2019-05-26 19:19:00,0,0.0780961990626874,0,0,FALSE
2019-05-26 19:20:00,1,0.0780961990626874,82.5476824092606,0,FALSE
2019-05-26 19:21:00,0,0.0780961990626874,0,0,FALSE
2019-05-26 19:22:00,0,0.0780961990626874,0,0,FALSE
2019-05-26 19:23:00,0,0.0780961990626874,0,0,FALSE
2019-05-26 19:24:00,0,0.0780961990626874,0,0,FALSE
2019-05-26 19:25:00,0,0.0780961990626874,0,0,FALSE
2019-05-26 19:26:00,0,0.0780961990626874,0,0,FALSE
2019-05-26 19:27:00,0,0.0780961990626874,0,0,FALSE
2019-05-26 19:28:00,1,0.0781815500999144,75.1324696460178,0,FALSE
2019-05-26 19:29:00,1,0.0780961990626874,35.4556743744601,0,FALSE
2019-05-26 19:30:00,21,0.0769216062170399,2251.44394323298,7,FALSE
2019-05-26 19:31:00,7,0.0775840928393252,533.649507966272,5,FALSE
2019-05-26 19:32:00,1,0.0771573376531729,3.7035522073523,0,FALSE
2019-05-26 19:33:00,0,0.0771573376531729,0,0,FALSE
2019-05-26 19:34:00,2,0.0774987418020986,18.909692999712,0,FALSE
2019-05-26 19:35:00,0,0.0774987418020986,0,0,FALSE
2019-05-26 19:36:00,0,0.0774987418020986,0,0,FALSE
2019-05-26 19:37:00,0,0.0774987418020986,0,0,FALSE
2019-05-26 19:38:00,2,0.0763465027995343,167.430398494977,0,FALSE
2019-05-26 19:39:00,1,0.0765598803926018,43.5625719433904,0,FALSE
2019-05-26 19:40:00,6,0.0752511644884547,282.931006814091,0,FALSE
2019-05-26 19:41:00,9,0.07507097896542,1144.35632217011,2,FALSE
2019-05-26 19:42:00,6,0.0746821575736082,138.087309353602,0,FALSE
2019-05-26 19:43:00,30,0.0738058869247445,3486.6520916283,0,FALSE
2019-05-26 19:44:00,3,0.0738570975470805,702.142185470576,0,FALSE
2019-05-26 19:45:00,4,0.0739353359978721,34.2599916939473,2,FALSE
2019-05-26 19:46:00,8,0.0737112895251513,2034.33574167937,0,FALSE
2019-05-26 19:47:00,0,0.0737112895251513,0,0,FALSE
2019-05-26 19:48:00,2,0.0740847003130193,325.87034548365,2,FALSE
2019-05-26 19:49:00,0,0.0740847003130193,0,0,FALSE
2019-05-26 19:50:00,2,0.0736579451268844,106.214756872967,2,FALSE
2019-05-26 19:51:00,0,0.0736579451268844,0,0,FALSE
2019-05-26 19:52:00,2,0.0734018920152035,122.874767233451,0,FALSE
2019-05-26 19:53:00,0,0.0734018920152035,0,0,FALSE
2019-05-26 19:54:00,0,0.0734018920152035,0,0,FALSE
2019-05-26 19:55:00,15,0.0731401488343719,733.978549111414,0,FALSE
2019-05-26 19:56:00,7,0.0730482948609761,513.047047845237,0,FALSE
2019-05-26 19:57:00,2,0.0727190837173876,187.760674158295,0,FALSE
2019-05-26 19:58:00,0,0.0727190837173876,0,0,FALSE
2019-05-26 19:59:00,0,0.0727190837173876,0,0,FALSE
2019-05-26 20:00:00,1,0.0728897857918416,15.3068550162867,0,FALSE
2019-05-26 20:01:00,2,0.0728471102732281,21.8541330819684,2,FALSE
2019-05-26 20:02:00,1,0.0725483816429337,36.2741908214668,0,FALSE
2019-05-26 20:03:00,8,0.0717482156689307,464.230180699116,4,FALSE
2019-05-26 20:04:00,6,0.0719082488637313,197.242832990064,2,FALSE
2019-05-26 20:05:00,1,0.0718655733451178,106.792241990845,0,FALSE
2019-05-26 20:06:00,32,0.0698278173313236,4909.61698803421,10,FALSE
2019-05-26 20:07:00,7,0.0699146924942145,599.337543938973,0,FALSE
2019-05-26 20:08:00,4,0.0696037708586006,108.438151392729,0,FALSE
2019-05-26 20:09:00,9,0.0702344201892244,1850.15665309623,7,FALSE
2019-05-26 20:10:00,10,0.0698342186591151,392.441081883351,2,FALSE
2019-05-26 20:11:00,3,0.0697317974144433,788.736360554767,0,FALSE
2019-05-26 20:12:00,4,0.0697744729330568,518.726561915433,0,FALSE
2019-05-26 20:13:00,2,0.0698598239702838,64.144291762379,0,FALSE
2019-05-26 20:14:00,2,0.0701585526005777,319.36173143783,0,FALSE
2019-05-26 20:15:00,2,0.0702012281191913,184.451529093967,0,FALSE
2019-05-26 20:16:00,2,0.0705426322680996,21.0199973951492,0,FALSE
2019-05-26 20:17:00,4,0.0704146057122592,170.473760429379,0,FALSE
2019-05-26 20:18:00,2,0.0705853077867131,52.1599819232642,0,FALSE
2019-05-26 20:19:00,1,0.070926711935621,28.5125381981197,0,FALSE
2019-05-26 20:20:00,0,0.070926711935621,0,0,FALSE
2019-05-26 20:21:00,0,0.070926711935621,0,0,FALSE
2019-05-26 20:22:00,0,0.070926711935621,0,0,FALSE
2019-05-26 20:23:00,0,0.070926711935621,0,0,FALSE
2019-05-26 20:24:00,2,0.0707560098611671,213.824661800447,0,FALSE
2019-05-26 20:25:00,2,0.0707560098611671,652.087386880516,0,FALSE
2019-05-26 20:26:00,3,0.0707560098611671,835.769988480106,0,FALSE
2019-05-26 20:27:00,0,0.0707560098611671,0,0,FALSE
2019-05-26 20:28:00,1,0.0707560098611671,379.039944826272,0,FALSE
2019-05-26 20:29:00,7,0.0711949580526185,1258.3492044166,7,FALSE
2019-05-26 20:30:00,1,0.0704146057122592,142.871234990174,0,FALSE
2019-05-26 20:31:00,0,0.0704146057122592,0,0,FALSE
2019-05-26 20:32:00,2,0.0704146057122592,131.393654259076,0,FALSE
2019-05-26 20:33:00,1,0.0707560098611671,19.1748786723763,0,FALSE
2019-05-26 20:34:00,1,0.0708413608983941,74.0292221388218,0,FALSE
2019-05-26 20:35:00,0,0.0708413608983941,0,0,FALSE
2019-05-26 20:36:00,0,0.0708413608983941,0,0,FALSE
2019-05-26 20:37:00,0,0.0708413608983941,0,0,FALSE
2019-05-26 20:38:00,7,0.0713046951004831,667.714222935365,0,FALSE
2019-05-26 20:39:00,6,0.0715383943690781,116.160371836875,2,FALSE
2019-05-26 20:40:00,5,0.0715241691962083,68.734726597556,0,FALSE
2019-05-26 20:41:00,1,0.0714388181589789,15.0021518133856,0,FALSE
2019-05-26 20:42:00,1,0.0715241691962099,47.2059516694985,0,FALSE
2019-05-26 20:43:00,0,0.0715241691962099,0,0,FALSE
2019-05-26 20:44:00,1,0.0717802223078909,15.0738466846571,0,FALSE
2019-05-26 20:45:00,0,0.0717802223078909,0,0,FALSE
2019-05-26 20:46:00,0,0.0717802223078909,0,0,FALSE
2019-05-26 20:47:00,4,0.0717588845485835,135.47633577379,4,FALSE
2019-05-26 20:48:00,0,0.0717588845485835,0,0,FALSE
2019-05-26 20:49:00,0,0.0717588845485835,0,0,FALSE
2019-05-26 20:50:00,0,0.0717588845485835,0,0,FALSE
2019-05-26 20:51:00,1,0.0716095202334354,41.0322550937585,0,FALSE
2019-05-26 20:52:00,0,0.0716095202334354,0,0,FALSE
2019-05-26 20:53:00,0,0.0716095202334354,0,0,FALSE
2019-05-26 20:54:00,0,0.0716095202334354,0,0,FALSE
2019-05-26 20:55:00,1,0.0716948712706636,222.254100939057,0,FALSE
2019-05-26 20:56:00,0,0.0716948712706636,0,0,FALSE
2019-05-26 20:57:00,0,0.0716948712706636,0,0,FALSE
2019-05-26 20:58:00,0,0.0716948712706636,0,0,FALSE
2019-05-26 20:59:00,0,0.0716948712706636,0,0,FALSE
2019-05-26 21:00:00,0,0.0716948712706636,0,0,FALSE
2019-05-26 21:01:00,0,0.0716948712706636,0,0,FALSE
2019-05-26 21:02:00,2,0.0716948712706633,64.8121636286793,0,FALSE
2019-05-26 21:03:00,1,0.0716095202334367,254.070577788233,0,FALSE
2019-05-26 21:04:00,0,0.0716095202334367,0,0,FALSE
2019-05-26 21:05:00,5,0.071677801063218,1713.31589564133,2,FALSE
2019-05-26 21:06:00,2,0.0716948712706638,472.182422188591,0,FALSE
2019-05-26 21:07:00,1,0.0716095202334369,21.9125131914317,0,FALSE
2019-05-26 21:08:00,4,0.0716948712706633,411.887035449961,0,FALSE
2019-05-26 21:09:00,0,0.0716948712706633,0,0,FALSE
2019-05-26 21:10:00,0,0.0716948712706633,0,0,FALSE
2019-05-26 21:11:00,0,0.0716948712706633,0,0,FALSE
2019-05-26 21:12:00,0,0.0716948712706633,0,0,FALSE
2019-05-26 21:13:00,1,0.0715241691962096,182.458155619531,0,FALSE
2019-05-26 21:14:00,1,0.0715241691962099,124.094433555424,0,FALSE
2019-05-26 21:15:00,0,0.0715241691962099,0,0,FALSE
2019-05-26 21:16:00,0,0.0715241691962099,0,0,FALSE
2019-05-26 21:17:00,0,0.0715241691962099,0,0,FALSE
2019-05-26 21:18:00,0,0.0715241691962099,0,0,FALSE
2019-05-26 21:19:00,0,0.0715241691962099,0,0,FALSE
2019-05-26 21:20:00,0,0.0715241691962099,0,0,FALSE
2019-05-26 21:21:00,0,0.0715241691962099,0,0,FALSE
2019-05-26 21:22:00,0,0.0715241691962099,0,0,FALSE
2019-05-26 21:23:00,0,0.0715241691962099,0,0,FALSE
2019-05-26 21:24:00,1,0.0716095202334369,17.043065815558,0,FALSE
2019-05-26 21:25:00,1,0.0716095202334369,214.39890357891,0,FALSE
2019-05-26 21:26:00,0,0.0716095202334369,0,0,FALSE
2019-05-26 21:27:00,1,0.0716948712706639,314.023536165508,0,FALSE
2019-05-26 21:28:00,1,0.071694871270661,21.5084613811983,0,FALSE
2019-05-26 21:29:00,5,0.0717119414781092,1041.58718666999,2,FALSE
2019-05-26 21:30:00,0,0.0717119414781092,0,0,FALSE
2019-05-26 21:31:00,4,0.073186911985831,613.208914146503,2,FALSE
2019-05-26 21:32:00,0,0.073186911985831,0,0,FALSE
2019-05-26 21:33:00,0,0.073186911985831,0,0,FALSE
2019-05-26 21:34:00,0,0.073186911985831,0,0,FALSE
2019-05-26 21:35:00,1,0.0731869119858265,13.3932048934062,0,FALSE
2019-05-26 21:36:00,1,0.073186911985831,331.683085119786,0,FALSE
2019-05-26 21:37:00,2,0.0730997847096564,47.5148600612766,0,FALSE
2019-05-26 21:38:00,0,0.0730997847096564,0,0,FALSE
2019-05-26 21:39:00,1,0.0730997847096553,27.777918189669,0,FALSE
2019-05-26 21:40:00,6,0.072751275604963,713.544511133477,0,FALSE
2019-05-26 21:41:00,2,0.0727512756049632,33.611089329493,0,FALSE
2019-05-26 21:42:00,1,0.0727512756049632,84.3187284261523,0,FALSE
2019-05-26 21:43:00,0,0.0727512756049632,0,0,FALSE
2019-05-26 21:44:00,1,0.0727512756049632,18.1878189012408,0,FALSE
2019-05-26 21:45:00,0,0.0727512756049632,0,0,FALSE
2019-05-26 21:46:00,2,0.0727512756049632,166.891426237786,2,FALSE
2019-05-26 21:47:00,0,0.0727512756049632,0,0,FALSE
2019-05-26 21:48:00,1,0.0727512756049625,87.0832768991401,0,FALSE
2019-05-26 21:49:00,0,0.0727512756049625,0,0,FALSE
2019-05-26 21:50:00,1,0.072577021052616,86.366655052613,0,FALSE
2019-05-26 21:51:00,0,0.072577021052616,0,0,FALSE
2019-05-26 21:52:00,0,0.072577021052616,0,0,FALSE
2019-05-26 21:53:00,31,0.0713403758424095,2432.39376792288,2,FALSE
2019-05-26 21:54:00,4,0.0709433846243608,670.991897959393,0,FALSE
2019-05-26 21:55:00,4,0.071008730081491,243.902702883981,0,FALSE
2019-05-26 21:56:00,2,0.0709216028053174,541.060907801766,0,FALSE
2019-05-26 21:57:00,2,0.0708780391672306,240.373786817121,0,FALSE
2019-05-26 21:58:00,5,0.0707821991634396,760.621992268365,0,FALSE
2019-05-26 21:59:00,3,0.0709216028053174,521.554853212019,0,FALSE
2019-05-26 22:00:00,0,0.0709216028053174,0,0,FALSE
2019-05-26 22:01:00,3,0.0708925603799262,1148.05442344787,0,FALSE
2019-05-26 22:02:00,2,0.071008730081491,102.607614967755,0,FALSE
2019-05-26 22:03:00,1,0.071008730081491,471.4979677411,0,FALSE
2019-05-26 22:04:00,1,0.071008730081491,8.7340738000234,0,FALSE
2019-05-26 22:05:00,2,0.071008730081491,620.900335832557,0,FALSE
2019-05-26 22:06:00,2,0.0710087300814778,13.9177110959705,0,FALSE
2019-05-26 22:07:00,0,0.0710087300814778,0,0,FALSE
2019-05-26 22:08:00,0,0.0710087300814778,0,0,FALSE
2019-05-26 22:09:00,0,0.0710087300814778,0,0,FALSE
2019-05-26 22:10:00,7,0.0710585170964473,2900.7973233234,0,FALSE
2019-05-26 22:11:00,0,0.0710585170964473,0,0,FALSE
2019-05-26 22:12:00,0,0.0710585170964473,0,0,FALSE
2019-05-26 22:13:00,1,0.0711829846338382,208.352596023245,0,FALSE
2019-05-26 22:14:00,2,0.0710958573576646,758.449909273357,0,FALSE
2019-05-26 22:15:00,0,0.0710958573576646,0,0,FALSE
2019-05-26 22:16:00,2,0.0707037846148834,202.690107217446,0,FALSE
2019-05-26 22:17:00,4,0.0707473482529702,141.428566903325,2,FALSE
2019-05-26 22:18:00,0,0.0707473482529702,0,0,FALSE
2019-05-26 22:19:00,0,0.0707473482529702,0,0,FALSE
2019-05-26 22:20:00,0,0.0707473482529702,0,0,FALSE
2019-05-26 22:21:00,1,0.0707473482529702,13.1590067750525,0,FALSE
2019-05-26 22:22:00,1,0.0706602209767966,21.6220276188998,0,FALSE
2019-05-26 22:23:00,0,0.0706602209767966,0,0,FALSE
2019-05-26 22:24:00,0,0.0706602209767966,0,0,FALSE
2019-05-26 22:25:00,1,0.0703988391482758,95.742421241655,0,FALSE
2019-05-26 22:26:00,5,0.0702420100511633,727.651027036919,0,FALSE
2019-05-26 22:27:00,1,0.0703988391482757,130.6602454592,0,FALSE
2019-05-26 22:28:00,2,0.0704424027863626,846.825370805429,0,FALSE
2019-05-26 22:29:00,2,0.0705295300625362,84.7507054614211,0,FALSE
2019-05-26 22:30:00,0,0.0705295300625362,0,0,FALSE
2019-05-26 22:31:00,0,0.0705295300625362,0,0,FALSE
2019-05-26 22:32:00,0,0.0705295300625362,0,0,FALSE
2019-05-26 22:33:00,0,0.0705295300625362,0,0,FALSE
2019-05-26 22:34:00,0,0.0705295300625362,0,0,FALSE
2019-05-26 22:35:00,0,0.0705295300625362,0,0,FALSE
2019-05-26 22:36:00,1,0.0707473482529702,179.769011910797,0,FALSE
2019-05-26 22:37:00,0,0.0707473482529702,0,0,FALSE
2019-05-26 22:38:00,2,0.0708780391672306,119.257376062703,0,FALSE
2019-05-26 22:39:00,1,0.071008730081491,25.9181864797442,0,FALSE
2019-05-26 22:40:00,0,0.071008730081491,0,0,FALSE
2019-05-26 22:41:00,1,0.0709216028053174,8.79427874785936,0,FALSE
2019-05-26 22:42:00,0,0.0709216028053174,0,0,FALSE
2019-05-26 22:43:00,0,0.0709216028053174,0,0,FALSE
2019-05-26 22:44:00,0,0.0709216028053174,0,0,FALSE
2019-05-26 22:45:00,2,0.0707037846148834,144.618644993145,2,FALSE
2019-05-26 22:46:00,0,0.0707037846148834,0,0,FALSE
2019-05-26 22:47:00,0,0.0707037846148834,0,0,FALSE
2019-05-26 22:48:00,6,0.0708199543164482,1487.49871920193,4,FALSE
2019-05-26 22:49:00,0,0.0708199543164482,0,0,FALSE
2019-05-26 22:50:00,0,0.0708199543164482,0,0,FALSE
2019-05-26 22:51:00,0,0.0708199543164482,0,0,FALSE
2019-05-26 22:52:00,0,0.0708199543164482,0,0,FALSE
2019-05-26 22:53:00,0,0.0708199543164482,0,0,FALSE
2019-05-26 22:54:00,0,0.0708199543164482,0,0,FALSE
2019-05-26 22:55:00,0,0.0708199543164482,0,0,FALSE
2019-05-26 22:56:00,2,0.0708780391672306,504.367081186699,2,FALSE
2019-05-26 22:57:00,0,0.0708780391672306,0,0,FALSE
2019-05-26 22:58:00,1,0.0707473482529702,277.25885780339,0,FALSE
2019-05-26 22:59:00,4,0.0703334936911456,389.538994462834,2,FALSE
2019-05-26 23:00:00,3,0.0701084148943635,430.578816740717,2,FALSE
2019-05-26 23:01:00,0,0.0701084148943635,0,0,FALSE
2019-05-26 23:02:00,3,0.0700212876181883,2188.98864891313,0,FALSE
2019-05-26 23:03:00,0,0.0700212876181883,0,0,FALSE
2019-05-26 23:04:00,3,0.0702536270213197,115.753029887724,2,FALSE
2019-05-26 23:05:00,0,0.0702536270213197,0,0,FALSE
2019-05-26 23:06:00,0,0.0702536270213197,0,0,FALSE
2019-05-26 23:07:00,0,0.0702536270213197,0,0,FALSE
2019-05-26 23:08:00,0,0.0702536270213197,0,0,FALSE
2019-05-26 23:09:00,1,0.0704859664244494,67.5960418010469,0,FALSE
2019-05-26 23:10:00,3,0.0703988391482758,411.622012499968,0,FALSE
2019-05-26 23:11:00,0,0.0703988391482758,0,0,FALSE
2019-05-26 23:12:00,0,0.0703988391482758,0,0,FALSE
2019-05-26 23:13:00,0,0.0703988391482758,0,0,FALSE
2019-05-26 23:14:00,0,0.0703988391482758,0,0,FALSE
2019-05-26 23:15:00,0,0.0703988391482758,0,0,FALSE
2019-05-26 23:16:00,0,0.0703988391482758,0,0,FALSE
2019-05-26 23:17:00,1,0.0700503300435813,13.1694620481933,0,FALSE
2019-05-26 23:18:00,1,0.0700503300435813,2.94211386183042,0,FALSE
2019-05-26 23:19:00,0,0.0700503300435813,0,0,FALSE
2019-05-26 23:20:00,0,0.0700503300435813,0,0,FALSE
2019-05-26 23:21:00,0,0.0700503300435813,0,0,FALSE
2019-05-26 23:22:00,0,0.0700503300435813,0,0,FALSE
2019-05-26 23:23:00,1,0.0703117118721022,3.09371532237249,0,FALSE
2019-05-26 23:24:00,3,0.0703988391482758,2065.50725537426,3,FALSE
2019-05-26 23:25:00,1,0.0702245845959285,13.1319973194386,0,FALSE
2019-05-26 23:26:00,5,0.0707647737082049,6193.67026462816,5,FALSE
2019-05-26 23:27:00,2,0.070790911891057,850.341653417243,2,FALSE
2019-05-26 23:28:00,1,0.0708344755291438,3.11671692328233,0,FALSE
2019-05-26 23:29:00,0,0.0708344755291438,0,0,FALSE
2019-05-26 23:30:00,0,0.0708344755291438,0,0,FALSE
2019-05-26 23:31:00,0,0.0708344755291438,0,0,FALSE
2019-05-26 23:32:00,4,0.0708780391672306,561.739608401535,2,FALSE
2019-05-26 23:33:00,3,0.0712120270592293,2157.4240050464,2,FALSE
2019-05-26 23:34:00,8,0.0716839664718363,696.920801094105,6,FALSE
2019-05-26 23:35:00,1,0.0715314937385327,52.64717939156,0,FALSE
2019-05-26 23:36:00,0,0.0715314937385327,0,0,FALSE
2019-05-26 23:37:00,0,0.0715314937385327,0,0,FALSE
2019-05-26 23:38:00,0,0.0715314937385327,0,0,FALSE
2019-05-26 23:39:00,0,0.0715314937385327,0,0,FALSE
2019-05-26 23:40:00,0,0.0715314937385327,0,0,FALSE
2019-05-26 23:41:00,0,0.0715314937385327,0,0,FALSE
2019-05-26 23:42:00,0,0.0715314937385327,0,0,FALSE
2019-05-26 23:43:00,0,0.0715314937385327,0,0,FALSE
2019-05-26 23:44:00,1,0.0718800028432271,1028.74660069227,0,FALSE
2019-05-26 23:45:00,0,0.0718800028432271,0,0,FALSE
2019-05-26 23:46:00,0,0.0718800028432271,0,0,FALSE
2019-05-26 23:47:00,0,0.0718800028432271,0,0,FALSE
2019-05-26 23:48:00,2,0.0711829846338382,147.348778192045,0,FALSE
2019-05-26 23:49:00,0,0.0711829846338382,0,0,FALSE
2019-05-26 23:50:00,0,0.0711829846338382,0,0,FALSE
2019-05-26 23:51:00,0,0.0711829846338382,0,0,FALSE
2019-05-26 23:52:00,7,0.0714194729548796,1243.85739814647,0,FALSE
2019-05-26 23:53:00,0,0.0714194729548796,0,0,FALSE
2019-05-26 23:54:00,1,0.0713572391861854,12.1307306616515,0,FALSE
2019-05-26 23:55:00,1,0.0719671301194007,26.3399696237007,0,FALSE
2019-05-26 23:56:00,0,0.0719671301194007,0,0,FALSE
2019-05-26 23:57:00,0,0.0719671301194007,0,0,FALSE
2019-05-26 23:58:00,1,0.0713572391861854,0.642215152675669,0,FALSE
2019-05-26 23:59:00,0,0.0713572391861854,0,0,FALSE
2019-05-27,0,0.0713572391861854,0,0,FALSE
2019-05-27 00:01:00,0,0.0713572391861854,0,0,FALSE
2019-05-27 00:02:00,0,0.0713572391861854,0,0,FALSE
2019-05-27 00:03:00,0,0.0713572391861854,0,0,FALSE
2019-05-27 00:04:00,0,0.0713572391861854,0,0,FALSE
2019-05-27 00:05:00,0,0.0713572391861854,0,0,FALSE
2019-05-27 00:06:00,0,0.0713572391861854,0,0,FALSE
2019-05-27 00:07:00,5,0.0707299227977355,60.1945796900989,0,FALSE
2019-05-27 00:08:00,4,0.0711176391767016,24.9617903691839,2,FALSE
2019-05-27 00:09:00,5,0.0711829846338367,145.782752530099,0,FALSE
2019-05-27 00:10:00,0,0.0711829846338367,0,0,FALSE
2019-05-27 00:11:00,0,0.0711829846338367,0,0,FALSE
2019-05-27 00:12:00,1,0.071008730081491,87.1277118099895,0,FALSE
2019-05-27 00:13:00,0,0.071008730081491,0,0,FALSE
2019-05-27 00:14:00,0,0.071008730081491,0,0,FALSE
2019-05-27 00:15:00,0,0.071008730081491,0,0,FALSE
2019-05-27 00:16:00,2,0.0709216028053059,37.517527884012,0,FALSE
2019-05-27 00:17:00,0,0.0709216028053059,0,0,FALSE
2019-05-27 00:18:00,9,0.0702245845959285,1157.02025580252,0,FALSE
2019-05-27 00:19:00,1,0.0697889482150605,465.841229335529,0,FALSE
2019-05-27 00:20:00,0,0.0697889482150605,0,0,FALSE
2019-05-27 00:21:00,0,0.0697889482150605,0,0,FALSE
2019-05-27 00:22:00,0,0.0697889482150605,0,0,FALSE
2019-05-27 00:23:00,0,0.0697889482150605,0,0,FALSE
2019-05-27 00:24:00,0,0.0697889482150605,0,0,FALSE
2019-05-27 00:25:00,4,0.0693533118341922,157.121409124057,0,FALSE
2019-05-27 00:26:00,1,0.0694404391103661,17.5684310949226,0,FALSE
2019-05-27 00:27:00,1,0.0695275663865397,28.7844124840274,0,FALSE
2019-05-27 00:28:00,1,0.0690919300056716,34.6150569328415,0,FALSE
2019-05-27 00:29:00,4,0.0690919300056716,75.8629391462274,0,FALSE
2019-05-27 00:30:00,1,0.0690919300056716,12.9892828410663,0,FALSE
2019-05-27 00:31:00,1,0.0690919300056716,156.493221462846,0,FALSE
2019-05-27 00:32:00,4,0.069004802729498,301.997166709191,2,FALSE
2019-05-27 00:33:00,0,0.069004802729498,0,0,FALSE
2019-05-27 00:34:00,1,0.0690919300056716,10.0183298508224,0,FALSE
2019-05-27 00:35:00,2,0.0690919300056716,89.3358654973334,0,FALSE
2019-05-27 00:36:00,0,0.0690919300056716,0,0,FALSE
2019-05-27 00:37:00,1,0.0690919300056716,34.8914246528642,0,FALSE
2019-05-27 00:38:00,2,0.069004802729498,370.555790657404,0,FALSE
2019-05-27 00:39:00,0,0.069004802729498,0,0,FALSE
2019-05-27 00:40:00,2,0.0690919300056716,45.2204503705216,0,FALSE
2019-05-27 00:41:00,3,0.0690628875802804,93.2913567083391,0,FALSE
2019-05-27 00:42:00,0,0.0690628875802804,0,0,FALSE
2019-05-27 00:43:00,1,0.069004802729498,13.5249413349816,0,FALSE
2019-05-27 00:44:00,4,0.069004802729498,356.478810900587,2,FALSE
2019-05-27 00:45:00,4,0.0687434209009772,367.364841294822,0,FALSE
2019-05-27 00:46:00,1,0.0688305481771508,24.0218613138256,0,FALSE
2019-05-27 00:47:00,5,0.069248759102784,898.402104481919,5,FALSE
2019-05-27 00:48:00,0,0.069248759102784,0,0,FALSE
2019-05-27 00:49:00,0,0.069248759102784,0,0,FALSE
2019-05-27 00:50:00,0,0.069248759102784,0,0,FALSE
2019-05-27 00:51:00,0,0.069248759102784,0,0,FALSE
2019-05-27 00:52:00,4,0.0687434209009772,141.748933897815,0,FALSE
2019-05-27 00:53:00,0,0.0687434209009772,0,0,FALSE
2019-05-27 00:54:00,0,0.0687434209009772,0,0,FALSE
2019-05-27 00:55:00,1,0.0693533118341925,433.943672146542,0,FALSE
2019-05-27 00:56:00,0,0.0693533118341925,0,0,FALSE
2019-05-27 00:57:00,0,0.0693533118341925,0,0,FALSE
2019-05-27 00:58:00,0,0.0693533118341925,0,0,FALSE
2019-05-27 00:59:00,0,0.0693533118341925,0,0,FALSE
2019-05-27 01:00:00,0,0.0693533118341925,0,0,FALSE
2019-05-27 01:01:00,0,0.0693533118341925,0,0,FALSE
2019-05-27 01:02:00,0,0.0693533118341925,0,0,FALSE
2019-05-27 01:03:00,0,0.0693533118341925,0,0,FALSE
2019-05-27 01:04:00,0,0.0693533118341925,0,0,FALSE
2019-05-27 01:05:00,0,0.0693533118341925,0,0,FALSE
2019-05-27 01:06:00,0,0.0693533118341925,0,0,FALSE
2019-05-27 01:07:00,2,0.069004802729498,68.452764307662,0,FALSE
2019-05-27 01:08:00,1,0.069004802729498,185.691924145079,0,FALSE
2019-05-27 01:09:00,1,0.069004802729498,42.9209872977478,0,FALSE
2019-05-27 01:10:00,0,0.069004802729498,0,0,FALSE
2019-05-27 01:11:00,0,0.069004802729498,0,0,FALSE
2019-05-27 01:12:00,0,0.069004802729498,0,0,FALSE
2019-05-27 01:13:00,1,0.069004802729498,128.969976301432,0,FALSE
2019-05-27 01:14:00,0,0.069004802729498,0,0,FALSE
2019-05-27 01:15:00,0,0.069004802729498,0,0,FALSE
2019-05-27 01:16:00,0,0.069004802729498,0,0,FALSE
2019-05-27 01:17:00,1,0.0686562936248036,29.2475810841663,0,FALSE
2019-05-27 01:18:00,3,0.0688015057517596,39.8407767031822,0,FALSE
2019-05-27 01:19:00,0,0.0688015057517596,0,0,FALSE
2019-05-27 01:20:00,2,0.0689176754533244,9.50332052136019,2,FALSE
2019-05-27 01:21:00,1,0.0686562936248036,4.94325314098586,0,FALSE
2019-05-27 01:22:00,1,0.069004802729498,9.52266277667073,0,FALSE
2019-05-27 01:23:00,0,0.069004802729498,0,0,FALSE
2019-05-27 01:24:00,0,0.069004802729498,0,0,FALSE
2019-05-27 01:25:00,0,0.069004802729498,0,0,FALSE
2019-05-27 01:26:00,0,0.069004802729498,0,0,FALSE
2019-05-27 01:27:00,0,0.069004802729498,0,0,FALSE
2019-05-27 01:28:00,0,0.069004802729498,0,0,FALSE
2019-05-27 01:29:00,0,0.069004802729498,0,0,FALSE
2019-05-27 01:30:00,0,0.069004802729498,0,0,FALSE
2019-05-27 01:31:00,3,0.0691790572818431,383.146379082699,2,FALSE
2019-05-27 01:32:00,3,0.0694985239611462,110.704526997119,2,FALSE
2019-05-27 01:33:00,0,0.0694985239611462,0,0,FALSE
2019-05-27 01:34:00,0,0.0694985239611462,0,0,FALSE
2019-05-27 01:35:00,0,0.0694985239611462,0,0,FALSE
2019-05-27 01:36:00,0,0.0694985239611462,0,0,FALSE
2019-05-27 01:37:00,0,0.0694985239611462,0,0,FALSE
2019-05-27 01:38:00,0,0.0694985239611462,0,0,FALSE
2019-05-27 01:39:00,0,0.0694985239611462,0,0,FALSE
2019-05-27 01:40:00,0,0.0694985239611462,0,0,FALSE
2019-05-27 01:41:00,1,0.0695275663865397,10.3596073915944,0,FALSE
2019-05-27 01:42:00,0,0.0695275663865397,0,0,FALSE
2019-05-27 01:43:00,2,0.0687434209009772,631.477064396376,0,FALSE
2019-05-27 01:44:00,8,0.069473111838931,1641.53861082228,8,FALSE
2019-05-27 01:45:00,0,0.069473111838931,0,0,FALSE
2019-05-27 01:46:00,2,0.0691790572818452,43.8595223166899,2,FALSE
2019-05-27 01:47:00,0,0.0691790572818452,0,0,FALSE
2019-05-27 01:48:00,0,0.0691790572818452,0,0,FALSE
2019-05-27 01:49:00,2,0.0689176754533244,295.594967328678,0,FALSE
2019-05-27 01:50:00,3,0.0686562936248036,495.217845915708,0,FALSE
2019-05-27 01:51:00,4,0.0688741118152376,1034.07042577558,2,FALSE
2019-05-27 01:52:00,1,0.069004802729498,208.94654266492,0,FALSE
2019-05-27 01:53:00,0,0.069004802729498,0,0,FALSE
2019-05-27 01:54:00,5,0.0689176754533244,1288.6499664637,3,FALSE
2019-05-27 01:55:00,0,0.0689176754533244,0,0,FALSE
2019-05-27 01:56:00,0,0.0689176754533244,0,0,FALSE
2019-05-27 01:57:00,1,0.0688305481771508,253.434078388269,0,FALSE
2019-05-27 01:58:00,1,0.0686562936248036,182.831709922852,0,FALSE
2019-05-27 01:59:00,0,0.0686562936248036,0,0,FALSE
2019-05-27 02:00:00,1,0.0686562936248036,67.1458551650579,0,FALSE
2019-05-27 02:01:00,3,0.068482039072456,248.658283872087,0,FALSE
2019-05-27 02:02:00,8,0.0683404572486736,428.545440369375,0,FALSE
2019-05-27 02:03:00,1,0.0683077845201048,13.7981724730612,0,FALSE
2019-05-27 02:04:00,0,0.0683077845201048,0,0,FALSE
2019-05-27 02:05:00,0,0.0683077845201048,0,0,FALSE
2019-05-27 02:06:00,2,0.0681199190949699,93.2850909380465,0,FALSE
2019-05-27 02:07:00,6,0.0683078161771287,851.928434695236,4,FALSE
2019-05-27 02:08:00,15,0.0686257958546413,2792.93550150929,4,FALSE
2019-05-27 02:09:00,2,0.0687269712065753,434.702905937616,0,FALSE
2019-05-27 02:10:00,0,0.0687269712065753,0,0,FALSE
2019-05-27 02:11:00,10,0.0689090868400564,1632.9358384091,5,FALSE
2019-05-27 02:12:00,0,0.0689090868400564,0,0,FALSE
2019-05-27 02:13:00,1,0.068857053801919,16.0436935358471,0,FALSE
2019-05-27 02:14:00,0,0.068857053801919,0,0,FALSE
2019-05-27 02:15:00,0,0.068857053801919,0,0,FALSE
2019-05-27 02:16:00,0,0.068857053801919,0,0,FALSE
2019-05-27 02:17:00,0,0.068857053801919,0,0,FALSE
2019-05-27 02:18:00,0,0.068857053801919,0,0,FALSE
2019-05-27 02:19:00,0,0.068857053801919,0,0,FALSE
2019-05-27 02:20:00,0,0.068857053801919,0,0,FALSE
2019-05-27 02:21:00,0,0.068857053801919,0,0,FALSE
2019-05-27 02:22:00,0,0.068857053801919,0,0,FALSE
2019-05-27 02:23:00,1,0.0690304972623772,194.942124268953,0,FALSE
2019-05-27 02:24:00,0,0.0690304972623772,0,0,FALSE
2019-05-27 02:25:00,2,0.0689437755321481,25.2334218447662,0,FALSE
2019-05-27 02:26:00,2,0.0689871363972626,1182.19383518734,0,FALSE
2019-05-27 02:27:00,1,0.0690304972623772,1137.69162538124,0,FALSE
2019-05-27 02:28:00,2,0.0690304972623772,1036.00970291376,0,FALSE
2019-05-27 02:29:00,0,0.0690304972623772,0,0,FALSE
2019-05-27 02:30:00,0,0.0690304972623772,0,0,FALSE
2019-05-27 02:31:00,0,0.0690304972623772,0,0,FALSE
2019-05-27 02:32:00,0,0.0690304972623772,0,0,FALSE
2019-05-27 02:33:00,0,0.0690304972623772,0,0,FALSE
2019-05-27 02:34:00,0,0.0690304972623772,0,0,FALSE
2019-05-27 02:35:00,0,0.0690304972623772,0,0,FALSE
2019-05-27 02:36:00,0,0.0690304972623772,0,0,FALSE
2019-05-27 02:37:00,0,0.0690304972623772,0,0,FALSE
2019-05-27 02:38:00,0,0.0690304972623772,0,0,FALSE
2019-05-27 02:39:00,0,0.0690304972623772,0,0,FALSE
2019-05-27 02:40:00,0,0.0690304972623772,0,0,FALSE
2019-05-27 02:41:00,0,0.0690304972623772,0,0,FALSE
2019-05-27 02:42:00,0,0.0690304972623772,0,0,FALSE
2019-05-27 02:43:00,2,0.0690304972623772,132.12437176019,2,FALSE
2019-05-27 02:44:00,3,0.0692039407228343,1431.60136868323,2,FALSE
2019-05-27 02:45:00,0,0.0692039407228343,0,0,FALSE
2019-05-27 02:46:00,1,0.0692039407228354,340.898612000687,0,FALSE
2019-05-27 02:47:00,0,0.0692039407228354,0,0,FALSE
2019-05-27 02:48:00,0,0.0692039407228354,0,0,FALSE
2019-05-27 02:49:00,0,0.0692039407228354,0,0,FALSE
2019-05-27 02:50:00,1,0.0692039407228354,36.1936609980429,0,FALSE
2019-05-27 02:51:00,0,0.0692039407228354,0,0,FALSE
2019-05-27 02:52:00,0,0.0692039407228354,0,0,FALSE
2019-05-27 02:53:00,0,0.0692039407228354,0,0,FALSE
2019-05-27 02:54:00,0,0.0692039407228354,0,0,FALSE
2019-05-27 02:55:00,0,0.0692039407228354,0,0,FALSE
2019-05-27 02:56:00,0,0.0692039407228354,0,0,FALSE
2019-05-27 02:57:00,0,0.0692039407228354,0,0,FALSE
2019-05-27 02:58:00,1,0.0690304972623772,260.106913684637,0,FALSE
2019-05-27 02:59:00,0,0.0690304972623772,0,0,FALSE
2019-05-27 03:00:00,0,0.0690304972623772,0,0,FALSE
2019-05-27 03:01:00,1,0.0690304972623772,8.7668731523219,0,FALSE
2019-05-27 03:02:00,1,0.0690304972623772,9.87136110851994,0,FALSE
2019-05-27 03:03:00,1,0.0690304972623772,9.94039160578232,0,FALSE
2019-05-27 03:04:00,0,0.0690304972623772,0,0,FALSE
2019-05-27 03:05:00,2,0.0690738581274918,273.362763758809,2,FALSE
2019-05-27 03:06:00,0,0.0690738581274918,0,0,FALSE
2019-05-27 03:07:00,0,0.0690738581274918,0,0,FALSE
2019-05-27 03:08:00,0,0.0690738581274918,0,0,FALSE
2019-05-27 03:09:00,0,0.0690738581274918,0,0,FALSE
2019-05-27 03:10:00,0,0.0690738581274918,0,0,FALSE
2019-05-27 03:11:00,0,0.0690738581274918,0,0,FALSE
2019-05-27 03:12:00,0,0.0690738581274918,0,0,FALSE
2019-05-27 03:13:00,0,0.0690738581274918,0,0,FALSE
2019-05-27 03:14:00,0,0.0690738581274918,0,0,FALSE
2019-05-27 03:15:00,0,0.0690738581274918,0,0,FALSE
2019-05-27 03:16:00,0,0.0690738581274918,0,0,FALSE
2019-05-27 03:17:00,0,0.0690738581274918,0,0,FALSE
2019-05-27 03:18:00,0,0.0690738581274918,0,0,FALSE
2019-05-27 03:19:00,0,0.0690738581274918,0,0,FALSE
2019-05-27 03:20:00,0,0.0690738581274918,0,0,FALSE
2019-05-27 03:21:00,0,0.0690738581274918,0,0,FALSE
2019-05-27 03:22:00,1,0.0690304972623772,76.4857909667139,0,FALSE
2019-05-27 03:23:00,0,0.0690304972623772,0,0,FALSE
2019-05-27 03:24:00,3,0.0690883117491966,26.1767808261985,2,FALSE
2019-05-27 03:25:00,1,0.0690304972623772,12.4254895072279,0,FALSE
2019-05-27 03:26:00,1,0.0691172189926063,56.3305334789742,0,FALSE
2019-05-27 03:27:00,0,0.0691172189926063,0,0,FALSE
2019-05-27 03:28:00,0,0.0691172189926063,0,0,FALSE
2019-05-27 03:29:00,0,0.0691172189926063,0,0,FALSE
2019-05-27 03:30:00,0,0.0691172189926063,0,0,FALSE
2019-05-27 03:31:00,0,0.0691172189926063,0,0,FALSE
2019-05-27 03:32:00,0,0.0691172189926063,0,0,FALSE
2019-05-27 03:33:00,0,0.0691172189926063,0,0,FALSE
2019-05-27 03:34:00,0,0.0691172189926063,0,0,FALSE
2019-05-27 03:35:00,0,0.0691172189926063,0,0,FALSE
2019-05-27 03:36:00,0,0.0691172189926063,0,0,FALSE
2019-05-27 03:37:00,0,0.0691172189926063,0,0,FALSE
2019-05-27 03:38:00,0,0.0691172189926063,0,0,FALSE
2019-05-27 03:39:00,0,0.0691172189926063,0,0,FALSE
2019-05-27 03:40:00,0,0.0691172189926063,0,0,FALSE
2019-05-27 03:41:00,0,0.0691172189926063,0,0,FALSE
2019-05-27 03:42:00,0,0.0691172189926063,0,0,FALSE
2019-05-27 03:43:00,0,0.0691172189926063,0,0,FALSE
2019-05-27 03:44:00,0,0.0691172189926063,0,0,FALSE
2019-05-27 03:45:00,0,0.0691172189926063,0,0,FALSE
2019-05-27 03:46:00,0,0.0691172189926063,0,0,FALSE
2019-05-27 03:47:00,0,0.0691172189926063,0,0,FALSE
2019-05-27 03:48:00,0,0.0691172189926063,0,0,FALSE
2019-05-27 03:49:00,0,0.0691172189926063,0,0,FALSE
2019-05-27 03:50:00,0,0.0691172189926063,0,0,FALSE
2019-05-27 03:51:00,0,0.0691172189926063,0,0,FALSE
2019-05-27 03:52:00,0,0.0691172189926063,0,0,FALSE
2019-05-27 03:53:00,0,0.0691172189926063,0,0,FALSE
2019-05-27 03:54:00,0,0.0691172189926063,0,0,FALSE
2019-05-27 03:55:00,0,0.0691172189926063,0,0,FALSE
2019-05-27 03:56:00,1,0.0690304972623772,10.6997270756685,0,FALSE
2019-05-27 03:57:00,4,0.0691605798577209,498.589330327993,2,FALSE
2019-05-27 03:58:00,0,0.0691605798577209,0,0,FALSE
2019-05-27 03:59:00,1,0.0691172189926063,9.46905900198707,0,FALSE
2019-05-27 04:00:00,0,0.0691172189926063,0,0,FALSE
2019-05-27 04:01:00,0,0.0691172189926063,0,0,FALSE
2019-05-27 04:02:00,0,0.0691172189926063,0,0,FALSE
2019-05-27 04:03:00,0,0.0691172189926063,0,0,FALSE
2019-05-27 04:04:00,3,0.0693195696964727,120.31530031143,3,FALSE
2019-05-27 04:05:00,0,0.0693195696964727,0,0,FALSE
2019-05-27 04:06:00,0,0.0693195696964727,0,0,FALSE
2019-05-27 04:07:00,0,0.0693195696964727,0,0,FALSE
2019-05-27 04:08:00,0,0.0693195696964727,0,0,FALSE
2019-05-27 04:09:00,0,0.0693195696964727,0,0,FALSE
2019-05-27 04:10:00,0,0.0693195696964727,0,0,FALSE
2019-05-27 04:11:00,0,0.0693195696964727,0,0,FALSE
2019-05-27 04:12:00,0,0.0693195696964727,0,0,FALSE
2019-05-27 04:13:00,0,0.0693195696964727,0,0,FALSE
2019-05-27 04:14:00,1,0.0691172189926063,32.1395068315619,0,FALSE
2019-05-27 04:15:00,0,0.0691172189926063,0,0,FALSE
2019-05-27 04:16:00,0,0.0691172189926063,0,0,FALSE
2019-05-27 04:17:00,0,0.0691172189926063,0,0,FALSE
2019-05-27 04:18:00,0,0.0691172189926063,0,0,FALSE
2019-05-27 04:19:00,0,0.0691172189926063,0,0,FALSE
2019-05-27 04:20:00,0,0.0691172189926063,0,0,FALSE
2019-05-27 04:21:00,0,0.0691172189926063,0,0,FALSE
2019-05-27 04:22:00,0,0.0691172189926063,0,0,FALSE
2019-05-27 04:23:00,1,0.0690304972623772,20.0188442060894,0,FALSE
2019-05-27 04:24:00,0,0.0690304972623772,0,0,FALSE
2019-05-27 04:25:00,4,0.0691822602902779,576.890640717053,3,FALSE
2019-05-27 04:26:00,0,0.0691822602902779,0,0,FALSE
2019-05-27 04:27:00,1,0.0691172189926063,253.660193702865,0,FALSE
2019-05-27 04:28:00,0,0.0691172189926063,0,0,FALSE
2019-05-27 04:29:00,0,0.0691172189926063,0,0,FALSE
2019-05-27 04:30:00,0,0.0691172189926063,0,0,FALSE
2019-05-27 04:31:00,0,0.0691172189926063,0,0,FALSE
2019-05-27 04:32:00,0,0.0691172189926063,0,0,FALSE
2019-05-27 04:33:00,0,0.0691172189926063,0,0,FALSE
2019-05-27 04:34:00,0,0.0691172189926063,0,0,FALSE
2019-05-27 04:35:00,3,0.0692039407228354,55.501560459714,2,FALSE
2019-05-27 04:36:00,0,0.0692039407228354,0,0,FALSE
2019-05-27 04:37:00,0,0.0692039407228354,0,0,FALSE
2019-05-27 04:38:00,1,0.0692039407228354,16.1937221291435,0,FALSE
2019-05-27 04:39:00,2,0.0692039407228283,37.3009240496074,0,FALSE
2019-05-27 04:40:00,1,0.0692906624530646,10.8093433426781,0,FALSE
2019-05-27 04:41:00,0,0.0692906624530646,0,0,FALSE
2019-05-27 04:42:00,0,0.0692906624530646,0,0,FALSE
2019-05-27 04:43:00,0,0.0692906624530646,0,0,FALSE
2019-05-27 04:44:00,1,0.0692039407228354,50.1728570240557,0,FALSE
2019-05-27 04:45:00,0,0.0692039407228354,0,0,FALSE
2019-05-27 04:46:00,0,0.0692039407228354,0,0,FALSE
2019-05-27 04:47:00,1,0.0693773841832937,8.67217302291171,0,FALSE
2019-05-27 04:48:00,0,0.0693773841832937,0,0,FALSE
2019-05-27 04:49:00,1,0.0692906624530644,344.513173716636,0,FALSE
2019-05-27 04:50:00,0,0.0692906624530644,0,0,FALSE
2019-05-27 04:51:00,0,0.0692906624530644,0,0,FALSE
2019-05-27 04:52:00,0,0.0692906624530644,0,0,FALSE
2019-05-27 04:53:00,0,0.0692906624530644,0,0,FALSE
2019-05-27 04:54:00,1,0.0693773841832937,8.67217302291171,0,FALSE
2019-05-27 04:55:00,0,0.0693773841832937,0,0,FALSE
2019-05-27 04:56:00,0,0.0693773841832937,0,0,FALSE
2019-05-27 04:57:00,0,0.0693773841832937,0,0,FALSE
2019-05-27 04:58:00,0,0.0693773841832937,0,0,FALSE
2019-05-27 04:59:00,0,0.0693773841832937,0,0,FALSE
2019-05-27 05:00:00,0,0.0693773841832937,0,0,FALSE
2019-05-27 05:01:00,0,0.0693773841832937,0,0,FALSE
2019-05-27 05:02:00,1,0.0692906624530646,8.7999141315392,0,FALSE
2019-05-27 05:03:00,0,0.0692906624530646,0,0,FALSE
2019-05-27 05:04:00,1,0.0692906624530646,0.76219728698371,0,FALSE
2019-05-27 05:05:00,0,0.0692906624530646,0,0,FALSE
2019-05-27 05:06:00,0,0.0692906624530646,0,0,FALSE
2019-05-27 05:07:00,0,0.0692906624530646,0,0,FALSE
2019-05-27 05:08:00,0,0.0692906624530646,0,0,FALSE
2019-05-27 05:09:00,0,0.0692906624530646,0,0,FALSE
2019-05-27 05:10:00,0,0.0692906624530646,0,0,FALSE
2019-05-27 05:11:00,0,0.0692906624530646,0,0,FALSE
2019-05-27 05:12:00,0,0.0692906624530646,0,0,FALSE
2019-05-27 05:13:00,0,0.0692906624530646,0,0,FALSE
2019-05-27 05:14:00,0,0.0692906624530646,0,0,FALSE
2019-05-27 05:15:00,0,0.0692906624530646,0,0,FALSE
2019-05-27 05:16:00,4,0.0686836103414607,1356.15788619214,0,FALSE
2019-05-27 05:17:00,11,0.0686047724048888,280.031924978619,0,FALSE
2019-05-27 05:18:00,4,0.0685968886112316,133.489545237457,0,FALSE
2019-05-27 05:19:00,0,0.0685968886112316,0,0,FALSE
2019-05-27 05:20:00,1,0.0685968886112316,58.3073553195469,0,FALSE
2019-05-27 05:21:00,0,0.0685968886112316,0,0,FALSE
2019-05-27 05:22:00,1,0.0684234451507734,29.0799641890787,0,FALSE
2019-05-27 05:23:00,0,0.0684234451507734,0,0,FALSE
2019-05-27 05:24:00,0,0.0684234451507734,0,0,FALSE
2019-05-27 05:25:00,12,0.0685968886112316,234.326971495967,0,FALSE
2019-05-27 05:26:00,10,0.0685968886112316,188.984428123943,0,FALSE
2019-05-27 05:27:00,0,0.0685968886112316,0,0,FALSE
2019-05-27 05:28:00,0,0.0685968886112316,0,0,FALSE
2019-05-27 05:29:00,1,0.0686836103414607,685.119013156071,0,FALSE
2019-05-27 05:30:00,1,0.0687703320716899,255.756864974615,0,FALSE
2019-05-27 05:31:00,4,0.0689871363972626,52.2662328700563,0,FALSE
2019-05-27 05:32:00,4,0.0690088168298199,1177.88567307302,0,FALSE
2019-05-27 05:33:00,11,0.0691172189926063,1214.45865491909,2,FALSE
2019-05-27 05:34:00,0,0.0691172189926063,0,0,FALSE
2019-05-27 05:35:00,1,0.0691172189926063,205.831078159982,0,FALSE
2019-05-27 05:36:00,0,0.0691172189926063,0,0,FALSE
2019-05-27 05:37:00,5,0.0691172189926063,108.514033818392,0,FALSE
2019-05-27 05:38:00,1,0.0691172189926063,21.7028067636784,0,FALSE
2019-05-27 05:39:00,0,0.0691172189926063,0,0,FALSE
2019-05-27 05:40:00,0,0.0691172189926063,0,0,FALSE
2019-05-27 05:41:00,0,0.0691172189926063,0,0,FALSE
2019-05-27 05:42:00,2,0.0690304972623772,25.1271010035053,0,FALSE
2019-05-27 05:43:00,0,0.0690304972623772,0,0,FALSE
2019-05-27 05:44:00,0,0.0690304972623772,0,0,FALSE
2019-05-27 05:45:00,0,0.0690304972623772,0,0,FALSE
2019-05-27 05:46:00,0,0.0690304972623772,0,0,FALSE
2019-05-27 05:47:00,0,0.0690304972623772,0,0,FALSE
2019-05-27 05:48:00,0,0.0690304972623772,0,0,FALSE
2019-05-27 05:49:00,0,0.0690304972623772,0,0,FALSE
2019-05-27 05:50:00,1,0.0690304972623772,393.818986881862,0,FALSE
2019-05-27 05:51:00,0,0.0690304972623772,0,0,FALSE
2019-05-27 05:52:00,0,0.0690304972623772,0,0,FALSE
2019-05-27 05:53:00,0,0.0690304972623772,0,0,FALSE
2019-05-27 05:54:00,0,0.0690304972623772,0,0,FALSE
2019-05-27 05:55:00,3,0.0692328479662452,2368.64180485107,0,FALSE
2019-05-27 05:56:00,4,0.0693990646158509,437.186095960997,0,FALSE
2019-05-27 05:57:00,0,0.0693990646158509,0,0,FALSE
2019-05-27 05:58:00,3,0.0695219204003341,867.326571671258,0,FALSE
2019-05-27 05:59:00,2,0.0694207450484082,1439.83013349948,0,FALSE
2019-05-27 06:00:00,0,0.0694207450484082,0,0,FALSE
2019-05-27 06:01:00,0,0.0694207450484082,0,0,FALSE
2019-05-27 06:02:00,0,0.0694207450484082,0,0,FALSE
2019-05-27 06:03:00,2,0.0693773841832937,5.61956811884679,0,FALSE
2019-05-27 06:04:00,1,0.0693773841832937,3.19135967243151,0,FALSE
2019-05-27 06:05:00,1,0.0692906624530625,29.1713688927393,0,FALSE
2019-05-27 06:06:00,0,0.0692906624530625,0,0,FALSE
2019-05-27 06:07:00,2,0.0691172189926063,162.992538026593,0,FALSE
2019-05-27 06:08:00,0,0.0691172189926063,0,0,FALSE
2019-05-27 06:09:00,0,0.0691172189926063,0,0,FALSE
2019-05-27 06:10:00,0,0.0691172189926063,0,0,FALSE
2019-05-27 06:11:00,0,0.0691172189926063,0,0,FALSE
2019-05-27 06:12:00,0,0.0691172189926063,0,0,FALSE
2019-05-27 06:13:00,0,0.0691172189926063,0,0,FALSE
2019-05-27 06:14:00,0,0.0691172189926063,0,0,FALSE
2019-05-27 06:15:00,0,0.0691172189926063,0,0,FALSE
2019-05-27 06:16:00,1,0.0693773841832709,2.63634059896429,0,FALSE
2019-05-27 06:17:00,5,0.0694987946056144,1405.99599733751,2,FALSE
2019-05-27 06:18:00,1,0.069637549373981,3.13368972182915,0,FALSE
2019-05-27 06:19:00,0,0.069637549373981,0,0,FALSE
2019-05-27 06:20:00,0,0.069637549373981,0,0,FALSE
2019-05-27 06:21:00,1,0.069637549373981,2.71586442558526,0,FALSE
2019-05-27 06:22:00,0,0.069637549373981,0,0,FALSE
2019-05-27 06:23:00,1,0.0695508276437519,11.5454373888628,0,FALSE
2019-05-27 06:24:00,0,0.0695508276437519,0,0,FALSE
2019-05-27 06:25:00,0,0.0695508276437519,0,0,FALSE
2019-05-27 06:26:00,0,0.0695508276437519,0,0,FALSE
2019-05-27 06:27:00,1,0.0695508276437519,69.4117259884644,0,FALSE
2019-05-27 06:28:00,0,0.0695508276437519,0,0,FALSE
2019-05-27 06:29:00,3,0.0696086421305713,2841.16865359331,2,FALSE
2019-05-27 06:30:00,0,0.0696086421305713,0,0,FALSE
2019-05-27 06:31:00,0,0.0696086421305713,0,0,FALSE
2019-05-27 06:32:00,0,0.0696086421305713,0,0,FALSE
2019-05-27 06:33:00,0,0.0696086421305713,0,0,FALSE
2019-05-27 06:34:00,0,0.0696086421305713,0,0,FALSE
2019-05-27 06:35:00,0,0.0696086421305713,0,0,FALSE
2019-05-27 06:36:00,0,0.0696086421305713,0,0,FALSE
2019-05-27 06:37:00,0,0.0696086421305713,0,0,FALSE
2019-05-27 06:38:00,0,0.0696086421305713,0,0,FALSE
2019-05-27 06:39:00,1,0.0692039407228354,2.62974974746775,0,FALSE
2019-05-27 06:40:00,4,0.0691388994251636,75.6889049876386,0,FALSE
2019-05-27 06:41:00,0,0.0691388994251636,0,0,FALSE
2019-05-27 06:42:00,2,0.0693013362354611,504.63404080816,2,FALSE
2019-05-27 06:43:00,4,0.0693446766583623,11.6499056786049,0,FALSE
2019-05-27 06:44:00,3,0.069315783043084,8.11011997773243,0,FALSE
2019-05-27 06:45:00,0,0.069315783043084,0,0,FALSE
2019-05-27 06:46:00,2,0.0692579958125498,5.81767164825419,0,FALSE
2019-05-27 06:47:00,1,0.0692579958125498,2.90883582412709,0,FALSE
2019-05-27 06:48:00,0,0.0692579958125498,0,0,FALSE
2019-05-27 06:49:00,1,0.0693446766583728,2.49640835970142,0,FALSE
2019-05-27 06:50:00,6,0.0693157830430951,183.332762702638,0,FALSE
2019-05-27 06:51:00,1,0.0691713149667269,8.71558568580759,0,FALSE
2019-05-27 06:52:00,4,0.0691713149667269,155.842972620036,0,FALSE
2019-05-27 06:53:00,7,0.0691713149667269,42.8170439644039,0,FALSE
2019-05-27 06:54:00,3,0.0692291021972755,544.33092104632,0,FALSE
2019-05-27 06:55:00,0,0.0692291021972755,0,0,FALSE
2019-05-27 06:56:00,3,0.0692868894278242,292.859732335781,2,FALSE
2019-05-27 06:57:00,3,0.0692868894278241,509.979301846679,2,FALSE
2019-05-27 06:58:00,2,0.0692579958125498,66.2106439967976,0,FALSE
2019-05-27 06:59:00,1,0.0691713149667269,81.2762950859041,0,FALSE
2019-05-27 07:00:00,5,0.0693100043200436,189.89051541253,2,FALSE
2019-05-27 07:01:00,2,0.0693446766583724,121.283839475493,0,FALSE
2019-05-27 07:02:00,0,0.0693446766583724,0,0,FALSE
2019-05-27 07:03:00,0,0.0693446766583724,0,0,FALSE
2019-05-27 07:04:00,0,0.0693446766583724,0,0,FALSE
2019-05-27 07:05:00,0,0.0693446766583724,0,0,FALSE
2019-05-27 07:06:00,6,0.0688534851987073,798.16780340106,0,FALSE
2019-05-27 07:07:00,2,0.0685645490459661,744.278148191232,0,FALSE
2019-05-27 07:08:00,1,0.0686512298917891,227.098268482038,0,FALSE
2019-05-27 07:09:00,1,0.0686512298917891,173.344355476767,0,FALSE
2019-05-27 07:10:00,0,0.0686512298917891,0,0,FALSE
2019-05-27 07:11:00,1,0.068737910737612,24.7456478655403,0,FALSE
2019-05-27 07:12:00,1,0.068737910737612,24.7456478655403,0,FALSE
2019-05-27 07:13:00,1,0.068737910737612,6.66757734154837,0,FALSE
2019-05-27 07:14:00,1,0.068824591583435,24.7768529700366,0,FALSE
2019-05-27 07:15:00,2,0.068824591583435,346.738292397346,0,FALSE
2019-05-27 07:16:00,1,0.068824591583435,65.5210111874301,0,FALSE
2019-05-27 07:17:00,0,0.068824591583435,0,0,FALSE
2019-05-27 07:18:00,0,0.068824591583435,0,0,FALSE
2019-05-27 07:19:00,0,0.068824591583435,0,0,FALSE
2019-05-27 07:20:00,0,0.068824591583435,0,0,FALSE
2019-05-27 07:21:00,0,0.068824591583435,0,0,FALSE
2019-05-27 07:22:00,0,0.068824591583435,0,0,FALSE
2019-05-27 07:23:00,0,0.068824591583435,0,0,FALSE
2019-05-27 07:24:00,0,0.068824591583435,0,0,FALSE
2019-05-27 07:25:00,0,0.068824591583435,0,0,FALSE
2019-05-27 07:26:00,2,0.068737910737612,238.245598616563,2,FALSE
2019-05-27 07:27:00,0,0.068737910737612,0,0,FALSE
2019-05-27 07:28:00,0,0.068737910737612,0,0,FALSE
2019-05-27 07:29:00,0,0.068737910737612,0,0,FALSE
2019-05-27 07:30:00,1,0.0686512298917891,68.6512298917891,0,FALSE
2019-05-27 07:31:00,0,0.0686512298917891,0,0,FALSE
2019-05-27 07:32:00,0,0.0686512298917891,0,0,FALSE
2019-05-27 07:33:00,0,0.0686512298917891,0,0,FALSE
2019-05-27 07:34:00,1,0.0686512298917891,10.6409406332273,0,FALSE
2019-05-27 07:35:00,0,0.0686512298917891,0,0,FALSE
2019-05-27 07:36:00,0,0.0686512298917891,0,0,FALSE
2019-05-27 07:37:00,1,0.0686512298917891,330.349718239289,0,FALSE
2019-05-27 07:38:00,1,0.0686512298917891,34.3256149458945,0,FALSE
2019-05-27 07:39:00,1,0.0686512298917891,2.88335165545514,0,FALSE
2019-05-27 07:40:00,0,0.0686512298917891,0,0,FALSE
2019-05-27 07:41:00,0,0.0686512298917891,0,0,FALSE
2019-05-27 07:42:00,0,0.0686512298917891,0,0,FALSE
2019-05-27 07:43:00,0,0.0686512298917891,0,0,FALSE
2019-05-27 07:44:00,0,0.0686512298917891,0,0,FALSE
2019-05-27 07:45:00,0,0.0686512298917891,0,0,FALSE
2019-05-27 07:46:00,2,0.068737910737612,28.7324466883218,0,FALSE
2019-05-27 07:47:00,2,0.068737910737612,25.158075329966,0,FALSE
2019-05-27 07:48:00,0,0.068737910737612,0,0,FALSE
2019-05-27 07:49:00,0,0.068737910737612,0,0,FALSE
2019-05-27 07:50:00,0,0.068737910737612,0,0,FALSE
2019-05-27 07:51:00,0,0.068737910737612,0,0,FALSE
2019-05-27 07:52:00,0,0.068737910737612,0,0,FALSE
2019-05-27 07:53:00,0,0.068737910737612,0,0,FALSE
2019-05-27 07:54:00,0,0.068737910737612,0,0,FALSE
2019-05-27 07:55:00,0,0.068737910737612,0,0,FALSE
2019-05-27 07:56:00,0,0.068737910737612,0,0,FALSE
2019-05-27 07:57:00,0,0.068737910737612,0,0,FALSE
2019-05-27 07:58:00,0,0.068737910737612,0,0,FALSE
2019-05-27 07:59:00,8,0.0689654479578973,7232.09527809755,8,FALSE
2019-05-27 08:00:00,0,0.0689654479578973,0,0,FALSE
2019-05-27 08:01:00,0,0.0689654479578973,0,0,FALSE
2019-05-27 08:02:00,0,0.0689654479578973,0,0,FALSE
2019-05-27 08:03:00,0,0.0689654479578973,0,0,FALSE
2019-05-27 08:04:00,0,0.0689654479578973,0,0,FALSE
2019-05-27 08:05:00,2,0.0692579958125498,501.029851238842,2,FALSE
2019-05-27 08:06:00,0,0.0692579958125498,0,0,FALSE
2019-05-27 08:07:00,1,0.0690846341209028,52.0207294930398,0,FALSE
2019-05-27 08:08:00,0,0.0690846341209028,0,0,FALSE
2019-05-27 08:09:00,3,0.0687956979681607,40.5193947841746,0,FALSE
2019-05-27 08:10:00,0,0.0687956979681607,0,0,FALSE
2019-05-27 08:11:00,0,0.0687956979681607,0,0,FALSE
2019-05-27 08:12:00,0,0.0687956979681607,0,0,FALSE
2019-05-27 08:13:00,2,0.0689979532750809,62.0981579475728,0,FALSE
2019-05-27 08:14:00,0,0.0689979532750809,0,0,FALSE
2019-05-27 08:15:00,1,0.0689979532750809,47.9535775261813,0,FALSE
2019-05-27 08:16:00,1,0.0689979532750809,2.55292427117799,0,FALSE
2019-05-27 08:17:00,0,0.0689979532750809,0,0,FALSE
2019-05-27 08:18:00,0,0.0689979532750809,0,0,FALSE
2019-05-27 08:19:00,0,0.0689979532750809,0,0,FALSE
2019-05-27 08:20:00,0,0.0689979532750809,0,0,FALSE
2019-05-27 08:21:00,0,0.0689979532750809,0,0,FALSE
2019-05-27 08:22:00,0,0.0689979532750809,0,0,FALSE
2019-05-27 08:23:00,0,0.0689979532750809,0,0,FALSE
2019-05-27 08:24:00,0,0.0689979532750809,0,0,FALSE
2019-05-27 08:25:00,0,0.0689979532750809,0,0,FALSE
2019-05-27 08:26:00,0,0.0689979532750809,0,0,FALSE
2019-05-27 08:27:00,0,0.0689979532750809,0,0,FALSE
2019-05-27 08:28:00,0,0.0689979532750809,0,0,FALSE
2019-05-27 08:29:00,0,0.0689979532750809,0,0,FALSE
2019-05-27 08:30:00,0,0.0689979532750809,0,0,FALSE
2019-05-27 08:31:00,0,0.0689979532750809,0,0,FALSE
2019-05-27 08:32:00,0,0.0689979532750809,0,0,FALSE
2019-05-27 08:33:00,0,0.0689979532750809,0,0,FALSE
2019-05-27 08:34:00,0,0.0689979532750809,0,0,FALSE
2019-05-27 08:35:00,0,0.0689979532750809,0,0,FALSE
2019-05-27 08:36:00,0,0.0689979532750809,0,0,FALSE
2019-05-27 08:37:00,1,0.068911272429258,39.1416027398185,0,FALSE
2019-05-27 08:38:00,0,0.068911272429258,0,0,FALSE
2019-05-27 08:39:00,0,0.068911272429258,0,0,FALSE
2019-05-27 08:40:00,0,0.068911272429258,0,0,FALSE
2019-05-27 08:41:00,0,0.068911272429258,0,0,FALSE
2019-05-27 08:42:00,1,0.0691713149667269,7.67801596130668,0,FALSE
2019-05-27 08:43:00,0,0.0691713149667269,0,0,FALSE
2019-05-27 08:44:00,0,0.0691713149667269,0,0,FALSE
2019-05-27 08:45:00,0,0.0691713149667269,0,0,FALSE
2019-05-27 08:46:00,0,0.0691713149667269,0,0,FALSE
2019-05-27 08:47:00,0,0.0691713149667269,0,0,FALSE
2019-05-27 08:48:00,0,0.0691713149667269,0,0,FALSE
2019-05-27 08:49:00,0,0.0691713149667269,0,0,FALSE
2019-05-27 08:50:00,0,0.0691713149667269,0,0,FALSE
2019-05-27 08:51:00,0,0.0691713149667269,0,0,FALSE
2019-05-27 08:52:00,0,0.0691713149667269,0,0,FALSE
2019-05-27 08:53:00,0,0.0691713149667269,0,0,FALSE
2019-05-27 08:54:00,1,0.0690846341209039,345.423170604519,0,FALSE
2019-05-27 08:55:00,1,0.0691713149667269,17.2928287416817,0,FALSE
2019-05-27 08:56:00,0,0.0691713149667269,0,0,FALSE
2019-05-27 08:57:00,0,0.0691713149667269,0,0,FALSE
2019-05-27 08:58:00,0,0.0691713149667269,0,0,FALSE
2019-05-27 08:59:00,0,0.0691713149667269,0,0,FALSE
2019-05-27 09:00:00,4,0.0692146553896383,557.392077575771,2,FALSE
2019-05-27 09:01:00,2,0.0695613787729281,55.9944395081011,0,FALSE
2019-05-27 09:02:00,1,0.0694313575041958,92.4131368380846,0,FALSE
2019-05-27 09:03:00,2,0.0696047191958396,323.661944260662,0,FALSE
2019-05-27 09:04:00,0,0.0696047191958396,0,0,FALSE
2019-05-27 09:05:00,1,0.0695180383500187,12.9303551331035,0,FALSE
2019-05-27 09:06:00,0,0.0695180383500187,0,0,FALSE
2019-05-27 09:07:00,0,0.0695180383500187,0,0,FALSE
2019-05-27 09:08:00,0,0.0695180383500187,0,0,FALSE
2019-05-27 09:09:00,0,0.0695180383500187,0,0,FALSE
2019-05-27 09:10:00,0,0.0695180383500187,0,0,FALSE
2019-05-27 09:11:00,0,0.0695180383500187,0,0,FALSE
2019-05-27 09:12:00,0,0.0695180383500187,0,0,FALSE
2019-05-27 09:13:00,0,0.0695180383500187,0,0,FALSE
2019-05-27 09:14:00,0,0.0695180383500187,0,0,FALSE
2019-05-27 09:15:00,2,0.069301336235461,106.640064063007,2,FALSE
2019-05-27 09:16:00,0,0.069301336235461,0,0,FALSE
2019-05-27 09:17:00,0,0.069301336235461,0,0,FALSE
2019-05-27 09:18:00,0,0.069301336235461,0,0,FALSE
2019-05-27 09:19:00,0,0.069301336235461,0,0,FALSE
2019-05-27 09:20:00,0,0.069301336235461,0,0,FALSE
2019-05-27 09:21:00,0,0.069301336235461,0,0,FALSE
2019-05-27 09:22:00,0,0.069301336235461,0,0,FALSE
2019-05-27 09:23:00,0,0.069301336235461,0,0,FALSE
2019-05-27 09:24:00,3,0.0691713149667269,33.3405738139624,2,FALSE
2019-05-27 09:25:00,0,0.0691713149667269,0,0,FALSE
2019-05-27 09:26:00,0,0.0691713149667269,0,0,FALSE
2019-05-27 09:27:00,1,0.0689979532750809,17.3184862720453,0,FALSE
2019-05-27 09:28:00,1,0.0691713149667223,13.1425498436772,0,FALSE
2019-05-27 09:29:00,0,0.0691713149667223,0,0,FALSE
2019-05-27 09:30:00,0,0.0691713149667223,0,0,FALSE
2019-05-27 09:31:00,2,0.0693013362354613,18.0160070383827,2,FALSE
2019-05-27 09:32:00,0,0.0693013362354613,0,0,FALSE
2019-05-27 09:33:00,0,0.0693013362354613,0,0,FALSE
2019-05-27 09:34:00,0,0.0693013362354613,0,0,FALSE
2019-05-27 09:35:00,0,0.0693013362354613,0,0,FALSE
2019-05-27 09:36:00,4,0.0692579958125448,11.4968273048824,0,FALSE
2019-05-27 09:37:00,1,0.069257995812531,3.18586780737643,0,FALSE
2019-05-27 09:38:00,1,0.0693446766583728,3.18985512628515,0,FALSE
2019-05-27 09:39:00,0,0.0693446766583728,0,0,FALSE
2019-05-27 09:40:00,0,0.0693446766583728,0,0,FALSE
2019-05-27 09:41:00,0,0.0693446766583728,0,0,FALSE
2019-05-27 09:42:00,1,0.0689979532750809,19.5264207768479,0,FALSE
2019-05-27 09:43:00,1,0.0689979532750809,25.1152549921295,0,FALSE
2019-05-27 09:44:00,0,0.0689979532750809,0,0,FALSE
2019-05-27 09:45:00,2,0.0690846341209039,205.909482443997,2,FALSE
2019-05-27 09:46:00,1,0.0689979532750809,17.4564821785955,0,FALSE
2019-05-27 09:47:00,0,0.0689979532750809,0,0,FALSE
2019-05-27 09:48:00,1,0.0689979532750809,31.3250707868867,0,FALSE
2019-05-27 09:49:00,0,0.0689979532750809,0,0,FALSE
2019-05-27 09:50:00,2,0.0690846341208938,3.18136040339363,2,FALSE
2019-05-27 09:51:00,1,0.0689979532750809,20.492392122699,0,FALSE
2019-05-27 09:52:00,3,0.0691135277361782,210.178427419933,2,FALSE
2019-05-27 09:53:00,0,0.0691135277361782,0,0,FALSE
2019-05-27 09:54:00,0,0.0691135277361782,0,0,FALSE
2019-05-27 09:55:00,0,0.0691135277361782,0,0,FALSE
2019-05-27 09:56:00,0,0.0691135277361782,0,0,FALSE
2019-05-27 09:57:00,0,0.0691135277361782,0,0,FALSE
2019-05-27 09:58:00,0,0.0691135277361782,0,0,FALSE
2019-05-27 09:59:00,0,0.0691135277361782,0,0,FALSE
2019-05-27 10:00:00,0,0.0691135277361782,0,0,FALSE
2019-05-27 10:01:00,0,0.0691135277361782,0,0,FALSE
2019-05-27 10:02:00,1,0.0691713149667269,28.9136096560918,0,FALSE
2019-05-27 10:03:00,0,0.0691713149667269,0,0,FALSE
2019-05-27 10:04:00,0,0.0691713149667269,0,0,FALSE
2019-05-27 10:05:00,1,0.0692579958125498,3.04735181575219,0,FALSE
2019-05-27 10:06:00,0,0.0692579958125498,0,0,FALSE
2019-05-27 10:07:00,0,0.0692579958125498,0,0,FALSE
2019-05-27 10:08:00,0,0.0692579958125498,0,0,FALSE
2019-05-27 10:09:00,1,0.069257995812548,32.8282900151478,0,FALSE
2019-05-27 10:10:00,1,0.0692579958125498,128.265808244842,0,FALSE
2019-05-27 10:11:00,3,0.0693446766583728,50.4829246072954,0,FALSE
2019-05-27 10:12:00,0,0.0693446766583728,0,0,FALSE
2019-05-27 10:13:00,0,0.0693446766583728,0,0,FALSE
2019-05-27 10:14:00,0,0.0693446766583728,0,0,FALSE
2019-05-27 10:15:00,0,0.0693446766583728,0,0,FALSE
2019-05-27 10:16:00,0,0.0693446766583728,0,0,FALSE
2019-05-27 10:17:00,0,0.0693446766583728,0,0,FALSE
2019-05-27 10:18:00,1,0.0692579958125498,151.328720850421,0,FALSE
2019-05-27 10:19:00,0,0.0692579958125498,0,0,FALSE
2019-05-27 10:20:00,0,0.0692579958125498,0,0,FALSE
2019-05-27 10:21:00,0,0.0692579958125498,0,0,FALSE
2019-05-27 10:22:00,0,0.0692579958125498,0,0,FALSE
2019-05-27 10:23:00,0,0.0692579958125498,0,0,FALSE
2019-05-27 10:24:00,0,0.0692579958125498,0,0,FALSE
2019-05-27 10:25:00,0,0.0692579958125498,0,0,FALSE
2019-05-27 10:26:00,0,0.0692579958125498,0,0,FALSE
2019-05-27 10:27:00,1,0.068911272429258,86.6214694435773,0,FALSE
2019-05-27 10:28:00,0,0.068911272429258,0,0,FALSE
2019-05-27 10:29:00,0,0.068911272429258,0,0,FALSE
2019-05-27 10:30:00,4,0.0689329426407137,284.129930991259,0,FALSE
2019-05-27 10:31:00,0,0.0689329426407137,0,0,FALSE
2019-05-27 10:32:00,1,0.0690846341209039,1626.25228720608,0,FALSE
2019-05-27 10:33:00,3,0.0689979532750809,191.883308058,0,FALSE
2019-05-27 10:34:00,0,0.0689979532750809,0,0,FALSE
2019-05-27 10:35:00,1,0.0690846341209039,92.4352404537694,0,FALSE
2019-05-27 10:36:00,0,0.0690846341209039,0,0,FALSE
2019-05-27 10:37:00,2,0.0691713149667269,5.18784862250452,0,FALSE
2019-05-27 10:38:00,6,0.0693302298507349,359.701326209323,4,FALSE
2019-05-27 10:39:00,0,0.0693302298507349,0,0,FALSE
2019-05-27 10:40:00,0,0.0693302298507349,0,0,FALSE
2019-05-27 10:41:00,0,0.0693302298507349,0,0,FALSE
2019-05-27 10:42:00,0,0.0693302298507349,0,0,FALSE
2019-05-27 10:43:00,0,0.0693302298507349,0,0,FALSE
2019-05-27 10:44:00,1,0.06917131496672,8.78475700077344,0,FALSE
2019-05-27 10:45:00,1,0.0690846341209039,33.0224551097921,0,FALSE
2019-05-27 10:46:00,0,0.0690846341209039,0,0,FALSE
2019-05-27 10:47:00,0,0.0690846341209039,0,0,FALSE
2019-05-27 10:48:00,0,0.0690846341209039,0,0,FALSE
2019-05-27 10:49:00,1,0.0690846341209039,36.4766868158373,0,FALSE
2019-05-27 10:50:00,0,0.0690846341209039,0,0,FALSE
2019-05-27 10:51:00,0,0.0690846341209039,0,0,FALSE
2019-05-27 10:52:00,1,0.0690846341209039,2.69430073071525,0,FALSE
2019-05-27 10:53:00,0,0.0690846341209039,0,0,FALSE
2019-05-27 10:54:00,0,0.0690846341209039,0,0,FALSE
2019-05-27 10:55:00,0,0.0690846341209039,0,0,FALSE
2019-05-27 10:56:00,0,0.0690846341209039,0,0,FALSE
2019-05-27 10:57:00,0,0.0690846341209039,0,0,FALSE
2019-05-27 10:58:00,0,0.0690846341209039,0,0,FALSE
2019-05-27 10:59:00,0,0.0690846341209039,0,0,FALSE
2019-05-27 11:00:00,0,0.0690846341209039,0,0,FALSE
2019-05-27 11:01:00,0,0.0690846341209039,0,0,FALSE
2019-05-27 11:02:00,0,0.0690846341209039,0,0,FALSE
2019-05-27 11:03:00,1,0.0690846341209039,21.2780673092384,0,FALSE
2019-05-27 11:04:00,0,0.0690846341209039,0,0,FALSE
2019-05-27 11:05:00,0,0.0690846341209039,0,0,FALSE
2019-05-27 11:06:00,1,0.0690846341209039,3.10880853544068,0,FALSE
2019-05-27 11:07:00,3,0.0691713149667268,761.263693334469,3,FALSE
2019-05-27 11:08:00,0,0.0691713149667268,0,0,FALSE
2019-05-27 11:09:00,0,0.0691713149667268,0,0,FALSE
2019-05-27 11:10:00,0,0.0691713149667268,0,0,FALSE
2019-05-27 11:11:00,0,0.0691713149667268,0,0,FALSE
2019-05-27 11:12:00,0,0.0691713149667268,0,0,FALSE
2019-05-27 11:13:00,0,0.0691713149667268,0,0,FALSE
2019-05-27 11:14:00,0,0.0691713149667268,0,0,FALSE
2019-05-27 11:15:00,13,0.0696713967695516,3833.16941892124,10,FALSE
2019-05-27 11:16:00,1,0.0707359585582441,70.5237506825693,0,FALSE
2019-05-27 11:17:00,0,0.0707359585582441,0,0,FALSE
2019-05-27 11:18:00,0,0.0707359585582441,0,0,FALSE
2019-05-27 11:19:00,0,0.0707359585582441,0,0,FALSE
2019-05-27 11:20:00,0,0.0707359585582441,0,0,FALSE
2019-05-27 11:21:00,0,0.0707359585582441,0,0,FALSE
2019-05-27 11:22:00,0,0.0707359585582441,0,0,FALSE
2019-05-27 11:23:00,0,0.0707359585582441,0,0,FALSE
2019-05-27 11:24:00,0,0.0707359585582441,0,0,FALSE
2019-05-27 11:25:00,1,0.0702955104974829,24.3925421426266,0,FALSE
2019-05-27 11:26:00,0,0.0702955104974829,0,0,FALSE
2019-05-27 11:27:00,0,0.0702955104974829,0,0,FALSE
2019-05-27 11:28:00,0,0.0702955104974829,0,0,FALSE
2019-05-27 11:29:00,0,0.0702955104974829,0,0,FALSE
2019-05-27 11:30:00,0,0.0702955104974829,0,0,FALSE
2019-05-27 11:31:00,1,0.0704716897217874,19.4501863632133,0,FALSE
2019-05-27 11:32:00,0,0.0704716897217874,0,0,FALSE
2019-05-27 11:33:00,0,0.0704716897217874,0,0,FALSE
2019-05-27 11:34:00,0,0.0704716897217874,0,0,FALSE
2019-05-27 11:35:00,0,0.0704716897217874,0,0,FALSE
2019-05-27 11:36:00,1,0.0703836001096318,18.933188429491,0,FALSE
2019-05-27 11:37:00,0,0.0703836001096318,0,0,FALSE
2019-05-27 11:38:00,0,0.0703836001096318,0,0,FALSE
2019-05-27 11:39:00,0,0.0703836001096318,0,0,FALSE
2019-05-27 11:40:00,0,0.0703836001096318,0,0,FALSE
2019-05-27 11:41:00,0,0.0703836001096318,0,0,FALSE
2019-05-27 11:42:00,0,0.0703836001096318,0,0,FALSE
2019-05-27 11:43:00,0,0.0703836001096318,0,0,FALSE
2019-05-27 11:44:00,0,0.0703836001096318,0,0,FALSE
2019-05-27 11:45:00,0,0.0703836001096318,0,0,FALSE
2019-05-27 11:46:00,0,0.0703836001096318,0,0,FALSE
2019-05-27 11:47:00,0,0.0703836001096318,0,0,FALSE
2019-05-27 11:48:00,0,0.0703836001096318,0,0,FALSE
2019-05-27 11:49:00,1,0.0705597793339381,40.9246720136841,0,FALSE
2019-05-27 11:50:00,2,0.0705597793339396,92.9272293827984,0,FALSE
2019-05-27 11:51:00,0,0.0705597793339396,0,0,FALSE
2019-05-27 11:52:00,0,0.0705597793339396,0,0,FALSE
2019-05-27 11:53:00,0,0.0705597793339396,0,0,FALSE
2019-05-27 11:54:00,1,0.0705597793339328,9.10221153407733,0,FALSE
2019-05-27 11:55:00,0,0.0705597793339328,0,0,FALSE
2019-05-27 11:56:00,1,0.0705597793339396,282.239117335758,0,FALSE
2019-05-27 11:57:00,0,0.0705597793339396,0,0,FALSE
2019-05-27 11:58:00,1,0.0705597793339396,26.4599172502273,0,FALSE
2019-05-27 11:59:00,0,0.0705597793339396,0,0,FALSE
2019-05-27 12:00:00,0,0.0705597793339396,0,0,FALSE
2019-05-27 12:01:00,1,0.0705597793339396,1360.53366511702,0,FALSE
2019-05-27 12:02:00,0,0.0705597793339396,0,0,FALSE
2019-05-27 12:03:00,1,0.0706478689460915,179.728178598857,0,FALSE
2019-05-27 12:04:00,0,0.0706478689460915,0,0,FALSE
2019-05-27 12:05:00,0,0.0706478689460915,0,0,FALSE
2019-05-27 12:06:00,0,0.0706478689460915,0,0,FALSE
2019-05-27 12:07:00,0,0.0706478689460915,0,0,FALSE
2019-05-27 12:08:00,0,0.0706478689460915,0,0,FALSE
2019-05-27 12:09:00,1,0.0707359585582441,894.880611720346,0,FALSE
2019-05-27 12:10:00,1,0.0704716897217874,2.95981096831507,0,FALSE
2019-05-27 12:11:00,3,0.0702074208853302,157.475245045796,0,FALSE
2019-05-27 12:12:00,0,0.0702074208853302,0,0,FALSE
2019-05-27 12:13:00,0,0.0702074208853302,0,0,FALSE
2019-05-27 12:14:00,0,0.0702074208853302,0,0,FALSE
2019-05-27 12:15:00,1,0.069590793600265,57.9691310690208,0,FALSE
2019-05-27 12:16:00,2,0.069590793600265,115.938262138042,2,FALSE
2019-05-27 12:17:00,1,0.069590793600265,449.556526657712,0,FALSE
2019-05-27 12:18:00,0,0.069590793600265,0,0,FALSE
2019-05-27 12:19:00,0,0.069590793600265,0,0,FALSE
2019-05-27 12:20:00,0,0.069590793600265,0,0,FALSE
2019-05-27 12:21:00,0,0.069590793600265,0,0,FALSE
2019-05-27 12:22:00,0,0.069590793600265,0,0,FALSE
2019-05-27 12:23:00,1,0.0693265247638065,34.2473032333204,0,FALSE
2019-05-27 12:24:00,0,0.0693265247638065,0,0,FALSE
2019-05-27 12:25:00,0,0.0693265247638065,0,0,FALSE
2019-05-27 12:26:00,0,0.0693265247638065,0,0,FALSE
2019-05-27 12:27:00,0,0.0693265247638065,0,0,FALSE
2019-05-27 12:28:00,0,0.0693265247638065,0,0,FALSE
2019-05-27 12:29:00,2,0.069590793600265,646.190863620826,0,FALSE
2019-05-27 12:30:00,0,0.069590793600265,0,0,FALSE
2019-05-27 12:31:00,1,0.069590793600265,407.10614256155,0,FALSE
2019-05-27 12:32:00,1,0.0696788832124173,9.685364766526,0,FALSE
2019-05-27 12:33:00,0,0.0696788832124173,0,0,FALSE
2019-05-27 12:34:00,0,0.0696788832124173,0,0,FALSE
2019-05-27 12:35:00,1,0.0693265247638082,603.972683742297,0,FALSE
2019-05-27 12:36:00,0,0.0693265247638082,0,0,FALSE
2019-05-27 12:37:00,0,0.0693265247638082,0,0,FALSE
2019-05-27 12:38:00,3,0.0695320671921635,799.965023612047,0,FALSE
2019-05-27 12:39:00,1,0.069590793600265,434.385733652854,0,FALSE
2019-05-27 12:40:00,0,0.069590793600265,0,0,FALSE
2019-05-27 12:41:00,0,0.069590793600265,0,0,FALSE
2019-05-27 12:42:00,1,0.069590793600265,179.753019869485,0,FALSE
2019-05-27 12:43:00,0,0.069590793600265,0,0,FALSE
2019-05-27 12:44:00,0,0.069590793600265,0,0,FALSE
2019-05-27 12:45:00,0,0.069590793600265,0,0,FALSE
2019-05-27 12:46:00,1,0.0696788832124173,594.848625984406,0,FALSE
2019-05-27 12:47:00,0,0.0696788832124173,0,0,FALSE
2019-05-27 12:48:00,0,0.0696788832124173,0,0,FALSE
2019-05-27 12:49:00,0,0.0696788832124173,0,0,FALSE
2019-05-27 12:50:00,0,0.0696788832124173,0,0,FALSE
2019-05-27 12:51:00,0,0.0696788832124173,0,0,FALSE
2019-05-27 12:52:00,0,0.0696788832124173,0,0,FALSE
2019-05-27 12:53:00,0,0.0696788832124173,0,0,FALSE
2019-05-27 12:54:00,0,0.0696788832124173,0,0,FALSE
2019-05-27 12:55:00,0,0.0696788832124173,0,0,FALSE
2019-05-27 12:56:00,0,0.0696788832124173,0,0,FALSE
2019-05-27 12:57:00,0,0.0696788832124173,0,0,FALSE
2019-05-27 12:58:00,2,0.0695467487941889,111.158960230722,2,FALSE
2019-05-27 12:59:00,0,0.0695467487941889,0,0,FALSE
2019-05-27 13:00:00,6,0.0695614303962143,322.977567909354,0,FALSE
2019-05-27 13:01:00,2,0.0695027039881128,39.9640547931648,0,FALSE
2019-05-27 13:02:00,4,0.0694586591820367,107.152204221978,2,FALSE
2019-05-27 13:03:00,0,0.0694586591820367,0,0,FALSE
2019-05-27 13:04:00,0,0.0694586591820367,0,0,FALSE
2019-05-27 13:05:00,0,0.0694586591820367,0,0,FALSE
2019-05-27 13:06:00,1,0.0694146143759606,10.4121921563941,0,FALSE
2019-05-27 13:07:00,0,0.0694146143759606,0,0,FALSE
2019-05-27 13:08:00,7,0.0687979870908949,394.556455966282,2,FALSE
2019-05-27 13:09:00,2,0.0687979870908949,106.292890055433,0,FALSE
2019-05-27 13:10:00,0,0.0687979870908949,0,0,FALSE
2019-05-27 13:11:00,0,0.0687979870908949,0,0,FALSE
2019-05-27 13:12:00,5,0.0689389304703383,797.643774242222,0,FALSE
2019-05-27 13:13:00,1,0.0687979870908949,40.1092264739917,0,FALSE
2019-05-27 13:14:00,2,0.0687979870908948,263.565088545218,0,FALSE
2019-05-27 13:15:00,3,0.0687979870908919,156.584218618875,2,FALSE
2019-05-27 13:16:00,1,0.0687979870908949,171.238189869237,0,FALSE
2019-05-27 13:17:00,0,0.0687979870908949,0,0,FALSE
2019-05-27 13:18:00,0,0.0687979870908949,0,0,FALSE
2019-05-27 13:19:00,0,0.0687979870908949,0,0,FALSE
2019-05-27 13:20:00,1,0.0688860767030471,25.7633926869396,0,FALSE
2019-05-27 13:21:00,0,0.0688860767030471,0,0,FALSE
2019-05-27 13:22:00,2,0.0688860767030471,321.629092126527,0,FALSE
2019-05-27 13:23:00,0,0.0688860767030471,0,0,FALSE
2019-05-27 13:24:00,0,0.0688860767030471,0,0,FALSE
2019-05-27 13:25:00,2,0.0690182111212737,25.8273457453613,2,FALSE
2019-05-27 13:26:00,3,0.0689154399070979,70.7911907450635,0,FALSE
2019-05-27 13:27:00,0,0.0689154399070979,0,0,FALSE
2019-05-27 13:28:00,0,0.0689154399070979,0,0,FALSE
2019-05-27 13:29:00,0,0.0689154399070979,0,0,FALSE
2019-05-27 13:30:00,0,0.0689154399070979,0,0,FALSE
2019-05-27 13:31:00,0,0.0689154399070979,0,0,FALSE
2019-05-27 13:32:00,1,0.0689741663151994,53.9377980584859,0,FALSE
2019-05-27 13:33:00,0,0.0689741663151994,0,0,FALSE
2019-05-27 13:34:00,0,0.0689741663151994,0,0,FALSE
2019-05-27 13:35:00,1,0.0689741663151994,30.6245298439485,0,FALSE
2019-05-27 13:36:00,1,0.0689741663151994,21.5889140566574,0,FALSE
2019-05-27 13:37:00,2,0.0691943903455799,289.266466145202,2,FALSE
2019-05-27 13:38:00,0,0.0691943903455799,0,0,FALSE
2019-05-27 13:39:00,1,0.0692384351516495,9.20871187516938,0,FALSE
2019-05-27 13:40:00,0,0.0692384351516495,0,0,FALSE
2019-05-27 13:41:00,0,0.0692384351516495,0,0,FALSE
2019-05-27 13:42:00,0,0.0692384351516495,0,0,FALSE
2019-05-27 13:43:00,15,0.0699196614856332,4570.05313789615,13,FALSE
2019-05-27 13:44:00,0,0.0699196614856332,0,0,FALSE
2019-05-27 13:45:00,1,0.0692384351516561,91.394734400186,0,FALSE
2019-05-27 13:46:00,0,0.0692384351516561,0,0,FALSE
2019-05-27 13:47:00,0,0.0692384351516561,0,0,FALSE
2019-05-27 13:48:00,1,0.069150345539502,32.5006624035659,0,FALSE
2019-05-27 13:49:00,2,0.0691503455395037,302.809363117486,0,FALSE
2019-05-27 13:50:00,0,0.0691503455395037,0,0,FALSE
2019-05-27 13:51:00,0,0.0691503455395037,0,0,FALSE
2019-05-27 13:52:00,3,0.0690622559273449,364.372462272706,0,FALSE
2019-05-27 13:53:00,1,0.0690622559273504,48.688890428782,0,FALSE
2019-05-27 13:54:00,0,0.0690622559273504,0,0,FALSE
2019-05-27 13:55:00,0,0.0690622559273504,0,0,FALSE
2019-05-27 13:56:00,0,0.0690622559273504,0,0,FALSE
2019-05-27 13:57:00,1,0.0690622559273516,52.832625784424,0,FALSE
2019-05-27 13:58:00,0,0.0690622559273516,0,0,FALSE
2019-05-27 13:59:00,0,0.0690622559273516,0,0,FALSE
2019-05-27 14:00:00,0,0.0690622559273516,0,0,FALSE
2019-05-27 14:01:00,0,0.0690622559273516,0,0,FALSE
2019-05-27 14:02:00,0,0.0690622559273516,0,0,FALSE
2019-05-27 14:03:00,5,0.0690622559273513,350.076575295744,0,FALSE
2019-05-27 14:04:00,0,0.0690622559273513,0,0,FALSE
2019-05-27 14:05:00,0,0.0690622559273513,0,0,FALSE
2019-05-27 14:06:00,1,0.0692384351516561,9.34718874547357,0,FALSE
2019-05-27 14:07:00,0,0.0692384351516561,0,0,FALSE
2019-05-27 14:08:00,0,0.0692384351516561,0,0,FALSE
2019-05-27 14:09:00,1,0.0691503455395038,39.6231479941357,0,FALSE
2019-05-27 14:10:00,0,0.0691503455395038,0,0,FALSE
2019-05-27 14:11:00,0,0.0691503455395038,0,0,FALSE
2019-05-27 14:12:00,3,0.0690622559273501,86.5119271985859,0,FALSE
2019-05-27 14:13:00,2,0.0691063007334275,281.295237141546,2,FALSE
2019-05-27 14:14:00,0,0.0691063007334275,0,0,FALSE
2019-05-27 14:15:00,0,0.0691063007334275,0,0,FALSE
2019-05-27 14:16:00,0,0.0691063007334275,0,0,FALSE
2019-05-27 14:17:00,0,0.0691063007334275,0,0,FALSE
2019-05-27 14:18:00,0,0.0691063007334275,0,0,FALSE
2019-05-27 14:19:00,0,0.0691063007334275,0,0,FALSE
2019-05-27 14:20:00,0,0.0691063007334275,0,0,FALSE
2019-05-27 14:21:00,0,0.0691063007334275,0,0,FALSE
2019-05-27 14:22:00,0,0.0691063007334275,0,0,FALSE
2019-05-27 14:23:00,0,0.0691063007334275,0,0,FALSE
2019-05-27 14:24:00,0,0.0691063007334275,0,0,FALSE
2019-05-27 14:25:00,0,0.0691063007334275,0,0,FALSE
2019-05-27 14:26:00,0,0.0691063007334275,0,0,FALSE
2019-05-27 14:27:00,1,0.0689741663151992,451.297970200349,0,FALSE
2019-05-27 14:28:00,0,0.0689741663151992,0,0,FALSE
2019-05-27 14:29:00,0,0.0689741663151992,0,0,FALSE
2019-05-27 14:30:00,1,0.0690622559273516,155.735387116178,0,FALSE
2019-05-27 14:31:00,0,0.0690622559273516,0,0,FALSE
2019-05-27 14:32:00,0,0.0690622559273516,0,0,FALSE
2019-05-27 14:33:00,0,0.0690622559273516,0,0,FALSE
2019-05-27 14:34:00,0,0.0690622559273516,0,0,FALSE
2019-05-27 14:35:00,0,0.0690622559273516,0,0,FALSE
2019-05-27 14:36:00,0,0.0690622559273516,0,0,FALSE
2019-05-27 14:37:00,0,0.0690622559273516,0,0,FALSE
2019-05-27 14:38:00,0,0.0690622559273516,0,0,FALSE
2019-05-27 14:39:00,0,0.0690622559273516,0,0,FALSE
2019-05-27 14:40:00,0,0.0690622559273516,0,0,FALSE
2019-05-27 14:41:00,3,0.0688273502949453,564.626137130319,0,FALSE
2019-05-27 14:42:00,0,0.0688273502949453,0,0,FALSE
2019-05-27 14:43:00,0,0.0688273502949453,0,0,FALSE
2019-05-27 14:44:00,15,0.0691973266659803,1973.62010013259,9,FALSE
2019-05-27 14:45:00,0,0.0691973266659803,0,0,FALSE
2019-05-27 14:46:00,0,0.0691973266659803,0,0,FALSE
2019-05-27 14:47:00,0,0.0691973266659803,0,0,FALSE
2019-05-27 14:48:00,0,0.0691973266659803,0,0,FALSE
2019-05-27 14:49:00,0,0.0691973266659803,0,0,FALSE
2019-05-27 14:50:00,1,0.0687979870908949,9.76931416690708,0,FALSE
2019-05-27 14:51:00,0,0.0687979870908949,0,0,FALSE
2019-05-27 14:52:00,0,0.0687979870908949,0,0,FALSE
2019-05-27 14:53:00,0,0.0687979870908949,0,0,FALSE
2019-05-27 14:54:00,0,0.0687979870908949,0,0,FALSE
2019-05-27 14:55:00,0,0.0687979870908949,0,0,FALSE
2019-05-27 14:56:00,0,0.0687979870908949,0,0,FALSE
2019-05-27 14:57:00,0,0.0687979870908949,0,0,FALSE
2019-05-27 14:58:00,0,0.0687979870908949,0,0,FALSE
2019-05-27 14:59:00,3,0.0686218078665904,40.1358295368617,0,FALSE
2019-05-27 15:00:00,0,0.0686218078665904,0,0,FALSE
2019-05-27 15:01:00,3,0.0686218078665904,97.84659377344,2,FALSE
2019-05-27 15:02:00,0,0.0686218078665904,0,0,FALSE
2019-05-27 15:03:00,0,0.0686218078665904,0,0,FALSE
2019-05-27 15:04:00,2,0.0685337182544382,157.147815957427,0,FALSE
2019-05-27 15:05:00,1,0.0685337182544382,30.0863023136984,0,FALSE
2019-05-27 15:06:00,2,0.0685337182544382,46.0546586669825,0,FALSE
2019-05-27 15:07:00,1,0.0685337182544382,8.90938337307697,0,FALSE
2019-05-27 15:08:00,0,0.0685337182544382,0,0,FALSE
2019-05-27 15:09:00,0,0.0685337182544382,0,0,FALSE
2019-05-27 15:10:00,3,0.0687098974787427,112.857944580302,0,FALSE
2019-05-27 15:11:00,0,0.0687098974787427,0,0,FALSE
2019-05-27 15:12:00,0,0.0687098974787427,0,0,FALSE
2019-05-27 15:13:00,0,0.0687098974787427,0,0,FALSE
2019-05-27 15:14:00,0,0.0687098974787427,0,0,FALSE
2019-05-27 15:15:00,7,0.0688986609333538,609.673138723891,6,FALSE
2019-05-27 15:16:00,0,0.0688986609333538,0,0,FALSE
2019-05-27 15:17:00,0,0.0688986609333538,0,0,FALSE
2019-05-27 15:18:00,0,0.0688986609333538,0,0,FALSE
2019-05-27 15:19:00,1,0.0686218078665904,137.243615733181,0,FALSE
2019-05-27 15:20:00,1,0.0686218078665904,8.85221321479017,0,FALSE
2019-05-27 15:21:00,0,0.0686218078665904,0,0,FALSE
2019-05-27 15:22:00,6,0.0687833054888682,926.019672988873,5,FALSE
2019-05-27 15:23:00,2,0.0686218078665904,38.7713214446236,0,FALSE
2019-05-27 15:24:00,0,0.0686218078665904,0,0,FALSE
2019-05-27 15:25:00,1,0.0686218078665904,15.0281759227833,0,FALSE
2019-05-27 15:26:00,0,0.0686218078665904,0,0,FALSE
2019-05-27 15:27:00,1,0.0686218078665904,32.5953587366305,0,FALSE
2019-05-27 15:28:00,1,0.0685337182544382,11.8563332580178,0,FALSE
2019-05-27 15:29:00,16,0.0685337182544382,707.473573540566,0,FALSE
2019-05-27 15:30:00,0,0.0685337182544382,0,0,FALSE
2019-05-27 15:31:00,1,0.068445628642286,75.8377565356529,0,FALSE
2019-05-27 15:32:00,1,0.068445628642286,892.188769352198,0,FALSE
2019-05-27 15:33:00,1,0.0685337182544382,104.650987774527,0,FALSE
2019-05-27 15:34:00,2,0.068445628642286,36.8237482095499,0,FALSE
2019-05-27 15:35:00,1,0.068445628642286,102.531551706144,0,FALSE
2019-05-27 15:36:00,0,0.068445628642286,0,0,FALSE
2019-05-27 15:37:00,3,0.068445628642286,189.868173853701,0,FALSE
2019-05-27 15:38:00,0,0.068445628642286,0,0,FALSE
2019-05-27 15:39:00,0,0.068445628642286,0,0,FALSE
2019-05-27 15:40:00,1,0.068445628642286,17.5905265610675,0,FALSE
2019-05-27 15:41:00,0,0.068445628642286,0,0,FALSE
2019-05-27 15:42:00,0,0.068445628642286,0,0,FALSE
2019-05-27 15:43:00,2,0.068445628642286,24.3666437966538,0,FALSE
2019-05-27 15:44:00,0,0.068445628642286,0,0,FALSE
2019-05-27 15:45:00,0,0.068445628642286,0,0,FALSE
2019-05-27 15:46:00,0,0.068445628642286,0,0,FALSE
2019-05-27 15:47:00,2,0.0684896734483621,241.60285071226,2,FALSE
2019-05-27 15:48:00,2,0.068445628642286,26.077784512711,0,FALSE
2019-05-27 15:49:00,0,0.068445628642286,0,0,FALSE
2019-05-27 15:50:00,0,0.068445628642286,0,0,FALSE
2019-05-27 15:51:00,0,0.068445628642286,0,0,FALSE
2019-05-27 15:52:00,0,0.068445628642286,0,0,FALSE
2019-05-27 15:53:00,1,0.0680686139744389,17.4936337914308,0,FALSE
2019-05-27 15:54:00,1,0.0680686139744389,4.56059713628741,0,FALSE
2019-05-27 15:55:00,3,0.0681562183682284,214.146838112974,0,FALSE
2019-05-27 15:56:00,0,0.0681562183682284,0,0,FALSE
2019-05-27 15:57:00,4,0.0682000205651232,307.688269273978,4,FALSE
2019-05-27 15:58:00,1,0.0679810095806494,15.2957271556461,0,FALSE
2019-05-27 15:59:00,1,0.0679810095806494,63.018395881262,0,FALSE
2019-05-27 16:00:00,0,0.0679810095806494,0,0,FALSE
2019-05-27 16:01:00,1,0.0679810095806494,84.364432889586,0,FALSE
2019-05-27 16:02:00,0,0.0679810095806494,0,0,FALSE
2019-05-27 16:03:00,0,0.0679810095806494,0,0,FALSE
2019-05-27 16:04:00,0,0.0679810095806494,0,0,FALSE
2019-05-27 16:05:00,1,0.0678934051868599,45.8280485011305,0,FALSE
2019-05-27 16:06:00,0,0.0678934051868599,0,0,FALSE
2019-05-27 16:07:00,0,0.0678934051868599,0,0,FALSE
2019-05-27 16:08:00,0,0.0678934051868599,0,0,FALSE
2019-05-27 16:09:00,1,0.0678934051868599,58.7277954866338,0,FALSE
2019-05-27 16:10:00,1,0.0679810095806494,87.7634833686184,0,FALSE
2019-05-27 16:11:00,3,0.0679810095806494,184.636422021044,0,FALSE
2019-05-27 16:12:00,1,0.0682438227620179,13.4440330841175,0,FALSE
2019-05-27 16:13:00,1,0.0681562183682284,247.066291584828,0,FALSE
2019-05-27 16:14:00,1,0.0681562183682285,17.5161481206347,0,FALSE
2019-05-27 16:15:00,6,0.0682438227620179,1500.86212758798,6,FALSE
2019-05-27 16:16:00,0,0.0682438227620179,0,0,FALSE
2019-05-27 16:17:00,0,0.0682438227620179,0,0,FALSE
2019-05-27 16:18:00,0,0.0682438227620179,0,0,FALSE
2019-05-27 16:19:00,0,0.0682438227620179,0,0,FALSE
2019-05-27 16:20:00,0,0.0682438227620179,0,0,FALSE
2019-05-27 16:21:00,0,0.0682438227620179,0,0,FALSE
2019-05-27 16:22:00,1,0.0683314271558074,17.4245139247309,0,FALSE
2019-05-27 16:23:00,0,0.0683314271558074,0,0,FALSE
2019-05-27 16:24:00,1,0.0682438227620179,17.4704186270766,0,FALSE
2019-05-27 16:25:00,0,0.0682438227620179,0,0,FALSE
2019-05-27 16:26:00,0,0.0682438227620179,0,0,FALSE
2019-05-27 16:27:00,0,0.0682438227620179,0,0,FALSE
2019-05-27 16:28:00,0,0.0682438227620179,0,0,FALSE
2019-05-27 16:29:00,1,0.0683314271558074,17.4928453518867,0,FALSE
2019-05-27 16:30:00,0,0.0683314271558074,0,0,FALSE
2019-05-27 16:31:00,0,0.0683314271558074,0,0,FALSE
2019-05-27 16:32:00,5,0.0686818447309638,2398.77107092008,3,FALSE
2019-05-27 16:33:00,1,0.0686818447309646,70.1241634703148,0,FALSE
2019-05-27 16:34:00,1,0.0686818447309654,40.7970157701935,0,FALSE
2019-05-27 16:35:00,0,0.0686818447309654,0,0,FALSE
2019-05-27 16:36:00,0,0.0686818447309654,0,0,FALSE
2019-05-27 16:37:00,4,0.06863804253407,977.353250653285,2,FALSE
2019-05-27 16:38:00,1,0.0682438227620179,9.82711047773058,0,FALSE
2019-05-27 16:39:00,5,0.0685416777009006,909.133519099559,3,FALSE
2019-05-27 16:40:00,0,0.0685416777009006,0,0,FALSE
2019-05-27 16:41:00,0,0.0685416777009006,0,0,FALSE
2019-05-27 16:42:00,0,0.0685416777009006,0,0,FALSE
2019-05-27 16:43:00,0,0.0685416777009006,0,0,FALSE
2019-05-27 16:44:00,5,0.0683314271558074,516.327681962588,3,FALSE
2019-05-27 16:45:00,1,0.0685066359433864,87.6884940075346,0,FALSE
2019-05-27 16:46:00,0,0.0685066359433864,0,0,FALSE
2019-05-27 16:47:00,0,0.0685066359433864,0,0,FALSE
2019-05-27 16:48:00,0,0.0685066359433864,0,0,FALSE
2019-05-27 16:49:00,5,0.0686117612159337,4311.59207186362,3,FALSE
2019-05-27 16:50:00,0,0.0686117612159337,0,0,FALSE
2019-05-27 16:51:00,0,0.0686117612159337,0,0,FALSE
2019-05-27 16:52:00,1,0.0683314271558074,17.6295082061983,0,FALSE
2019-05-27 16:53:00,15,0.0693301172450076,3182.03748796789,14,FALSE
2019-05-27 16:54:00,4,0.0692950754874918,448.092532035554,0,FALSE
2019-05-27 16:55:00,0,0.0692950754874918,0,0,FALSE
2019-05-27 16:56:00,1,0.0686818447309612,14.148460014578,0,FALSE
2019-05-27 16:57:00,0,0.0686818447309612,0,0,FALSE
2019-05-27 16:58:00,11,0.0684508876927926,977.813348929467,4,FALSE
2019-05-27 16:59:00,1,0.0684190315495969,35.8515725319888,0,FALSE
2019-05-27 17:00:00,0,0.0684190315495969,0,0,FALSE
2019-05-27 17:01:00,2,0.0679810095806494,113.936172057168,0,FALSE
2019-05-27 17:02:00,3,0.0680394125098424,134.601172508173,0,FALSE
2019-05-27 17:03:00,0,0.0680394125098424,0,0,FALSE
2019-05-27 17:04:00,3,0.0681562183682284,278.666422886213,2,FALSE
2019-05-27 17:05:00,1,0.0683314271558074,10.5913712091502,0,FALSE
2019-05-27 17:06:00,2,0.0683314271558074,197.614487334595,0,FALSE
2019-05-27 17:07:00,1,0.0683314271558074,40.7255305848612,0,FALSE
2019-05-27 17:08:00,0,0.0683314271558074,0,0,FALSE
2019-05-27 17:09:00,1,0.0681562183682284,9.61002678992021,0,FALSE
2019-05-27 17:10:00,0,0.0681562183682284,0,0,FALSE
2019-05-27 17:11:00,1,0.0680686139744389,58.6070766319919,0,FALSE
2019-05-27 17:12:00,0,0.0680686139744389,0,0,FALSE
2019-05-27 17:13:00,2,0.0680686139744389,41.5218545244078,2,FALSE
2019-05-27 17:14:00,0,0.0680686139744389,0,0,FALSE
2019-05-27 17:15:00,1,0.0680686139744389,116.397329896291,0,FALSE
2019-05-27 17:16:00,0,0.0680686139744389,0,0,FALSE
2019-05-27 17:17:00,1,0.0680686139744389,4.28832268038965,0,FALSE
2019-05-27 17:18:00,0,0.0680686139744389,0,0,FALSE
2019-05-27 17:19:00,0,0.0680686139744389,0,0,FALSE
2019-05-27 17:20:00,0,0.0680686139744389,0,0,FALSE
2019-05-27 17:21:00,1,0.0682438227620179,16.7197365766944,0,FALSE
2019-05-27 17:22:00,0,0.0682438227620179,0,0,FALSE
2019-05-27 17:23:00,0,0.0682438227620179,0,0,FALSE
2019-05-27 17:24:00,0,0.0682438227620179,0,0,FALSE
2019-05-27 17:25:00,0,0.0682438227620179,0,0,FALSE
2019-05-27 17:26:00,0,0.0682438227620179,0,0,FALSE
2019-05-27 17:27:00,0,0.0682438227620179,0,0,FALSE
2019-05-27 17:28:00,0,0.0682438227620179,0,0,FALSE
2019-05-27 17:29:00,0,0.0682438227620179,0,0,FALSE
2019-05-27 17:30:00,0,0.0682438227620179,0,0,FALSE
2019-05-27 17:31:00,0,0.0682438227620179,0,0,FALSE
2019-05-27 17:32:00,0,0.0682438227620179,0,0,FALSE
2019-05-27 17:33:00,3,0.0682438227620179,131.437602639647,0,FALSE
2019-05-27 17:34:00,0,0.0682438227620179,0,0,FALSE
2019-05-27 17:35:00,0,0.0682438227620179,0,0,FALSE
2019-05-27 17:36:00,2,0.0682000205651232,12.6133682222055,2,FALSE
2019-05-27 17:37:00,5,0.0683139062770495,1793.98012169128,0,FALSE
2019-05-27 17:38:00,4,0.0683533282542531,718.79177332858,0,FALSE
2019-05-27 17:39:00,3,0.0684774344787899,35.8078579394878,2,FALSE
2019-05-27 17:40:00,2,0.068506635943383,23.5662827645241,0,FALSE
2019-05-27 17:41:00,1,0.0685942403371707,11.5924266169819,0,FALSE
2019-05-27 17:42:00,0,0.0685942403371707,0,0,FALSE
2019-05-27 17:43:00,4,0.0690322623061227,660.18285700432,3,FALSE
2019-05-27 17:44:00,1,0.0691198666999129,8.91646280428876,0,FALSE
2019-05-27 17:45:00,0,0.0691198666999129,0,0,FALSE
2019-05-27 17:46:00,0,0.0691198666999129,0,0,FALSE
2019-05-27 17:47:00,2,0.0691198666999129,102.228282849171,0,FALSE
2019-05-27 17:48:00,0,0.0691198666999129,0,0,FALSE
2019-05-27 17:49:00,1,0.0691198666999129,241.781293716295,0,FALSE
2019-05-27 17:50:00,0,0.0691198666999129,0,0,FALSE
2019-05-27 17:51:00,0,0.0691198666999129,0,0,FALSE
2019-05-27 17:52:00,2,0.0692074710937024,675.810955230004,0,FALSE
2019-05-27 17:53:00,0,0.0692074710937024,0,0,FALSE
2019-05-27 17:54:00,0,0.0692074710937024,0,0,FALSE
2019-05-27 17:55:00,0,0.0692074710937024,0,0,FALSE
2019-05-27 17:56:00,1,0.0692074710937024,21.1082786835792,0,FALSE
2019-05-27 17:57:00,1,0.0692074710937024,11.7652700859294,0,FALSE
2019-05-27 17:58:00,0,0.0692074710937024,0,0,FALSE
2019-05-27 17:59:00,0,0.0692074710937024,0,0,FALSE
2019-05-27 18:00:00,0,0.0692074710937024,0,0,FALSE
2019-05-27 18:01:00,0,0.0692074710937024,0,0,FALSE
2019-05-27 18:02:00,0,0.0692074710937024,0,0,FALSE
2019-05-27 18:03:00,0,0.0692074710937024,0,0,FALSE
2019-05-27 18:04:00,0,0.0692074710937024,0,0,FALSE
2019-05-27 18:05:00,2,0.0692074710937024,157.239374324892,0,FALSE
2019-05-27 18:06:00,1,0.0692950754874919,13.5818347955484,0,FALSE
2019-05-27 18:07:00,0,0.0692950754874919,0,0,FALSE
2019-05-27 18:08:00,3,0.0692074710937024,852.096838830639,2,FALSE
2019-05-27 18:09:00,0,0.0692074710937024,0,0,FALSE
2019-05-27 18:10:00,1,0.0692950754874919,103.942613231238,0,FALSE
2019-05-27 18:11:00,2,0.0695578886688604,22.397640151373,2,FALSE
2019-05-27 18:12:00,0,0.0695578886688604,0,0,FALSE
2019-05-27 18:13:00,0,0.0695578886688604,0,0,FALSE
2019-05-27 18:14:00,2,0.0695140864719656,26.2709808183819,2,FALSE
2019-05-27 18:15:00,0,0.0695140864719656,0,0,FALSE
2019-05-27 18:16:00,3,0.0691198666999129,55.4341330933301,0,FALSE
2019-05-27 18:17:00,15,0.0689796996698493,3912.60101410753,11,FALSE
2019-05-27 18:18:00,2,0.0687694491247545,76.9530135705999,0,FALSE
2019-05-27 18:19:00,2,0.0687694491247544,70.8325325984967,0,FALSE
2019-05-27 18:20:00,3,0.0687694491247536,38.5796609589866,0,FALSE
2019-05-27 18:21:00,0,0.0687694491247536,0,0,FALSE
2019-05-27 18:22:00,0,0.0687694491247536,0,0,FALSE
2019-05-27 18:23:00,0,0.0687694491247536,0,0,FALSE
2019-05-27 18:24:00,0,0.0687694491247536,0,0,FALSE
2019-05-27 18:25:00,0,0.0687694491247536,0,0,FALSE
2019-05-27 18:26:00,0,0.0687694491247536,0,0,FALSE
2019-05-27 18:27:00,0,0.0687694491247536,0,0,FALSE
2019-05-27 18:28:00,0,0.0687694491247536,0,0,FALSE
2019-05-27 18:29:00,1,0.0687694491247465,7.15202270897364,0,FALSE
2019-05-27 18:30:00,0,0.0687694491247465,0,0,FALSE
2019-05-27 18:31:00,0,0.0687694491247465,0,0,FALSE
2019-05-27 18:32:00,0,0.0687694491247465,0,0,FALSE
2019-05-27 18:33:00,0,0.0687694491247465,0,0,FALSE
2019-05-27 18:34:00,0,0.0687694491247465,0,0,FALSE
2019-05-27 18:35:00,0,0.0687694491247465,0,0,FALSE
2019-05-27 18:36:00,1,0.0688570535185415,20.5882590020439,0,FALSE
2019-05-27 18:37:00,0,0.0688570535185415,0,0,FALSE
2019-05-27 18:38:00,0,0.0688570535185415,0,0,FALSE
2019-05-27 18:39:00,0,0.0688570535185415,0,0,FALSE
2019-05-27 18:40:00,0,0.0688570535185415,0,0,FALSE
2019-05-27 18:41:00,2,0.0687694491247549,23.9317682954147,0,FALSE
2019-05-27 18:42:00,0,0.0687694491247549,0,0,FALSE
2019-05-27 18:43:00,0,0.0687694491247549,0,0,FALSE
2019-05-27 18:44:00,3,0.0688570535185442,1010.54813233921,3,FALSE
2019-05-27 18:45:00,0,0.0688570535185442,0,0,FALSE
2019-05-27 18:46:00,1,0.0689446579123334,127.823395769466,0,FALSE
2019-05-27 18:47:00,0,0.0689446579123334,0,0,FALSE
2019-05-27 18:48:00,3,0.0689738593769296,139.621780316247,2,FALSE
2019-05-27 18:49:00,1,0.0690322623061234,70.1367785030214,0,FALSE
2019-05-27 18:50:00,0,0.0690322623061234,0,0,FALSE
2019-05-27 18:51:00,0,0.0690322623061234,0,0,FALSE
2019-05-27 18:52:00,0,0.0690322623061234,0,0,FALSE
2019-05-27 18:53:00,2,0.0690322623061234,35.2064537761229,0,FALSE
2019-05-27 18:54:00,0,0.0690322623061234,0,0,FALSE
2019-05-27 18:55:00,2,0.0690322623061234,60.7483908293886,0,FALSE
2019-05-27 18:56:00,1,0.0690322623061234,207.09678691837,0,FALSE
2019-05-27 18:57:00,1,0.0690322623061234,11.8735491166532,0,FALSE
2019-05-27 18:58:00,0,0.0690322623061234,0,0,FALSE
2019-05-27 18:59:00,0,0.0690322623061234,0,0,FALSE
2019-05-27 19:00:00,0,0.0690322623061234,0,0,FALSE
2019-05-27 19:01:00,0,0.0690322623061234,0,0,FALSE
2019-05-27 19:02:00,0,0.0690322623061234,0,0,FALSE
2019-05-27 19:03:00,0,0.0690322623061234,0,0,FALSE
2019-05-27 19:04:00,0,0.0690322623061234,0,0,FALSE
2019-05-27 19:05:00,0,0.0690322623061234,0,0,FALSE
2019-05-27 19:06:00,1,0.0687694491247549,9.35264508096667,0,FALSE
2019-05-27 19:07:00,0,0.0687694491247549,0,0,FALSE
2019-05-27 19:08:00,0,0.0687694491247549,0,0,FALSE
2019-05-27 19:09:00,0,0.0687694491247549,0,0,FALSE
2019-05-27 19:10:00,2,0.0687694491247549,325.279494360091,2,FALSE
2019-05-27 19:11:00,0,0.0687694491247549,0,0,FALSE
2019-05-27 19:12:00,0,0.0687694491247549,0,0,FALSE
2019-05-27 19:13:00,0,0.0687694491247549,0,0,FALSE
2019-05-27 19:14:00,3,0.0688570535185368,90.7535965374389,0,FALSE
2019-05-27 19:15:00,2,0.0688570535185301,9.2268451714832,0,FALSE
2019-05-27 19:16:00,0,0.0688570535185301,0,0,FALSE
2019-05-27 19:17:00,0,0.0688570535185301,0,0,FALSE
2019-05-27 19:18:00,3,0.0689446579123224,28.1983650861419,0,FALSE
2019-05-27 19:19:00,0,0.0689446579123224,0,0,FALSE
2019-05-27 19:20:00,0,0.0689446579123224,0,0,FALSE
2019-05-27 19:21:00,3,0.0689446579123328,192.148761601673,0,FALSE
2019-05-27 19:22:00,0,0.0689446579123328,0,0,FALSE
2019-05-27 19:23:00,0,0.0689446579123328,0,0,FALSE
2019-05-27 19:24:00,0,0.0689446579123328,0,0,FALSE
2019-05-27 19:25:00,0,0.0689446579123328,0,0,FALSE
2019-05-27 19:26:00,0,0.0689446579123328,0,0,FALSE
2019-05-27 19:27:00,0,0.0689446579123328,0,0,FALSE
2019-05-27 19:28:00,2,0.0689884601092287,27.5947708129349,0,FALSE
2019-05-27 19:29:00,0,0.0689884601092287,0,0,FALSE
2019-05-27 19:30:00,0,0.0689884601092287,0,0,FALSE
2019-05-27 19:31:00,0,0.0689884601092287,0,0,FALSE
2019-05-27 19:32:00,0,0.0689884601092287,0,0,FALSE
2019-05-27 19:33:00,0,0.0689884601092287,0,0,FALSE
2019-05-27 19:34:00,0,0.0689884601092287,0,0,FALSE
2019-05-27 19:35:00,0,0.0689884601092287,0,0,FALSE
2019-05-27 19:36:00,0,0.0689884601092287,0,0,FALSE
2019-05-27 19:37:00,3,0.068944657912312,8.27335894947744,0,FALSE
2019-05-27 19:38:00,0,0.068944657912312,0,0,FALSE
2019-05-27 19:39:00,0,0.068944657912312,0,0,FALSE
2019-05-27 19:40:00,0,0.068944657912312,0,0,FALSE
2019-05-27 19:41:00,0,0.068944657912312,0,0,FALSE
2019-05-27 19:42:00,1,0.0689446579123339,8.82491621277874,0,FALSE
2019-05-27 19:43:00,0,0.0689446579123339,0,0,FALSE
2019-05-27 19:44:00,1,0.0689446579123125,2.82673097440481,0,FALSE
2019-05-27 19:45:00,0,0.0689446579123125,0,0,FALSE
2019-05-27 19:46:00,0,0.0689446579123125,0,0,FALSE
2019-05-27 19:47:00,2,0.0689884601092286,12.0693449367727,0,FALSE
2019-05-27 19:48:00,2,0.0689884601092287,28.4084404224518,0,FALSE
2019-05-27 19:49:00,0,0.0689884601092287,0,0,FALSE
2019-05-27 19:50:00,0,0.0689884601092287,0,0,FALSE
2019-05-27 19:51:00,0,0.0689884601092287,0,0,FALSE
2019-05-27 19:52:00,0,0.0689884601092287,0,0,FALSE
2019-05-27 19:53:00,1,0.0690322623061234,25.9561306271024,0,FALSE
2019-05-27 19:54:00,0,0.0690322623061234,0,0,FALSE
2019-05-27 19:55:00,1,0.0690322623061234,9.31935541132666,0,FALSE
2019-05-27 19:56:00,0,0.0690322623061234,0,0,FALSE
2019-05-27 19:57:00,0,0.0690322623061234,0,0,FALSE
2019-05-27 19:58:00,1,0.0687694491247542,91.6009062341727,0,FALSE
2019-05-27 19:59:00,0,0.0687694491247542,0,0,FALSE
2019-05-27 20:00:00,0,0.0687694491247542,0,0,FALSE
2019-05-27 20:01:00,2,0.0688132513216491,94.6255355341488,0,FALSE
2019-05-27 20:02:00,0,0.0688132513216491,0,0,FALSE
2019-05-27 20:03:00,0,0.0688132513216491,0,0,FALSE
2019-05-27 20:04:00,0,0.0688132513216491,0,0,FALSE
2019-05-27 20:05:00,0,0.0688132513216491,0,0,FALSE
2019-05-27 20:06:00,0,0.0688132513216491,0,0,FALSE
2019-05-27 20:07:00,0,0.0688132513216491,0,0,FALSE
2019-05-27 20:08:00,0,0.0688132513216491,0,0,FALSE
2019-05-27 20:09:00,0,0.0688132513216491,0,0,FALSE
2019-05-27 20:10:00,0,0.0688132513216491,0,0,FALSE
2019-05-27 20:11:00,0,0.0688132513216491,0,0,FALSE
2019-05-27 20:12:00,0,0.0688132513216491,0,0,FALSE
2019-05-27 20:13:00,0,0.0688132513216491,0,0,FALSE
2019-05-27 20:14:00,0,0.0688132513216491,0,0,FALSE
2019-05-27 20:15:00,0,0.0688132513216491,0,0,FALSE
2019-05-27 20:16:00,0,0.0688132513216491,0,0,FALSE
2019-05-27 20:17:00,0,0.0688132513216491,0,0,FALSE
2019-05-27 20:18:00,0,0.0688132513216491,0,0,FALSE
2019-05-27 20:19:00,0,0.0688132513216491,0,0,FALSE
2019-05-27 20:20:00,2,0.0687694491247477,27.5321336713746,2,FALSE
2019-05-27 20:21:00,0,0.0687694491247477,0,0,FALSE
2019-05-27 20:22:00,0,0.0687694491247477,0,0,FALSE
2019-05-27 20:23:00,0,0.0687694491247477,0,0,FALSE
2019-05-27 20:24:00,0,0.0687694491247477,0,0,FALSE
2019-05-27 20:25:00,1,0.0687694491247504,13.2725036810768,0,FALSE
2019-05-27 20:26:00,1,0.0686288164323073,206.43547982838,0,FALSE
2019-05-27 20:27:00,0,0.0686288164323073,0,0,FALSE
2019-05-27 20:28:00,0,0.0686288164323073,0,0,FALSE
2019-05-27 20:29:00,0,0.0686288164323073,0,0,FALSE
2019-05-27 20:30:00,0,0.0686288164323073,0,0,FALSE
2019-05-27 20:31:00,0,0.0686288164323073,0,0,FALSE
2019-05-27 20:32:00,0,0.0686288164323073,0,0,FALSE
2019-05-27 20:33:00,0,0.0686288164323073,0,0,FALSE
2019-05-27 20:34:00,1,0.0686288164323073,92.237129285021,0,FALSE
2019-05-27 20:35:00,0,0.0686288164323073,0,0,FALSE
2019-05-27 20:36:00,0,0.0686288164323073,0,0,FALSE
2019-05-27 20:37:00,0,0.0686288164323073,0,0,FALSE
2019-05-27 20:38:00,0,0.0686288164323073,0,0,FALSE
2019-05-27 20:39:00,0,0.0686288164323073,0,0,FALSE
2019-05-27 20:40:00,0,0.0686288164323073,0,0,FALSE
2019-05-27 20:41:00,0,0.0686288164323073,0,0,FALSE
2019-05-27 20:42:00,0,0.0686288164323073,0,0,FALSE
2019-05-27 20:43:00,5,0.0687686968224877,598.543118918209,0,FALSE
2019-05-27 20:44:00,0,0.0687686968224877,0,0,FALSE
2019-05-27 20:45:00,0,0.0687686968224877,0,0,FALSE
2019-05-27 20:46:00,0,0.0687686968224877,0,0,FALSE
2019-05-27 20:47:00,0,0.0687686968224877,0,0,FALSE
2019-05-27 20:48:00,1,0.0688036669200294,17.2009167300073,0,FALSE
2019-05-27 20:49:00,1,0.068803666920029,15.4808250570065,0,FALSE
2019-05-27 20:50:00,0,0.068803666920029,0,0,FALSE
2019-05-27 20:51:00,1,0.0688036669200327,396.928354461669,0,FALSE
2019-05-27 20:52:00,0,0.0688036669200327,0,0,FALSE
2019-05-27 20:53:00,0,0.0688036669200327,0,0,FALSE
2019-05-27 20:54:00,0,0.0688036669200327,0,0,FALSE
2019-05-27 20:55:00,3,0.0688328086679857,402.90902796908,0,FALSE
2019-05-27 20:56:00,0,0.0688328086679857,0,0,FALSE
2019-05-27 20:57:00,0,0.0688328086679857,0,0,FALSE
2019-05-27 20:58:00,0,0.0688328086679857,0,0,FALSE
2019-05-27 20:59:00,0,0.0688328086679857,0,0,FALSE
2019-05-27 21:00:00,2,0.0688036669200318,212.259312448301,0,FALSE
2019-05-27 21:01:00,5,0.0688910921638957,465.979347396591,0,FALSE
2019-05-27 21:02:00,0,0.0688910921638957,0,0,FALSE
2019-05-27 21:03:00,0,0.0688910921638957,0,0,FALSE
2019-05-27 21:04:00,13,0.0688910921638957,1355.22556504816,0,FALSE
2019-05-27 21:05:00,23,0.068955710822403,2397.91427611017,2,FALSE
2019-05-27 21:06:00,0,0.068955710822403,0,0,FALSE
2019-05-27 21:07:00,0,0.068955710822403,0,0,FALSE
2019-05-27 21:08:00,2,0.0690659426516213,932.804621452798,0,FALSE
2019-05-27 21:09:00,0,0.0690659426516213,0,0,FALSE
2019-05-27 21:10:00,1,0.0690659426516213,8.84044065940753,0,FALSE
2019-05-27 21:11:00,0,0.0690659426516213,0,0,FALSE
2019-05-27 21:12:00,0,0.0690659426516213,0,0,FALSE
2019-05-27 21:13:00,0,0.0690659426516213,0,0,FALSE
2019-05-27 21:14:00,0,0.0690659426516213,0,0,FALSE
2019-05-27 21:15:00,1,0.0693282183832098,262.337978362066,0,FALSE
2019-05-27 21:16:00,0,0.0693282183832098,0,0,FALSE
2019-05-27 21:17:00,0,0.0693282183832098,0,0,FALSE
2019-05-27 21:18:00,0,0.0693282183832098,0,0,FALSE
2019-05-27 21:19:00,0,0.0693282183832098,0,0,FALSE
2019-05-27 21:20:00,0,0.0693282183832098,0,0,FALSE
2019-05-27 21:21:00,1,0.0692407931393469,38.2209178129195,0,FALSE
2019-05-27 21:22:00,0,0.0692407931393469,0,0,FALSE
2019-05-27 21:23:00,0,0.0692407931393469,0,0,FALSE
2019-05-27 21:24:00,0,0.0692407931393469,0,0,FALSE
2019-05-27 21:25:00,0,0.0692407931393469,0,0,FALSE
2019-05-27 21:26:00,2,0.0692845057612783,150.570574149556,0,FALSE
2019-05-27 21:27:00,0,0.0692845057612783,0,0,FALSE
2019-05-27 21:28:00,0,0.0692845057612783,0,0,FALSE
2019-05-27 21:29:00,1,0.0693282183832098,10.1912481023318,0,FALSE
2019-05-27 21:30:00,2,0.0693719310051412,34.9729825781722,2,FALSE
2019-05-27 21:31:00,1,0.0695030688709354,8.82688974660879,0,FALSE
2019-05-27 21:32:00,1,0.0695030688709354,10.4254603306403,0,FALSE
2019-05-27 21:33:00,12,0.069459356249004,1436.52221189094,3,FALSE
2019-05-27 21:34:00,0,0.069459356249004,0,0,FALSE
2019-05-27 21:35:00,1,0.0697653446025219,31.81299713875,0,FALSE
2019-05-27 21:36:00,22,0.0701070978285325,4099.42388837843,10,FALSE
2019-05-27 21:37:00,2,0.0705084591753577,200.097936475521,2,FALSE
2019-05-27 21:38:00,4,0.0699620514012151,570.151683548519,0,FALSE
2019-05-27 21:39:00,1,0.070027620334111,48.1790027898684,0,FALSE
2019-05-27 21:40:00,0,0.070027620334111,0,0,FALSE
2019-05-27 21:41:00,1,0.0701150455779751,4.90805319045825,0,FALSE
2019-05-27 21:42:00,2,0.0703336086876292,37.0251153273631,0,FALSE
2019-05-27 21:43:00,2,0.0705084591753577,70.5254196726671,2,FALSE
2019-05-27 21:44:00,1,0.0705521717972891,26.4570644239834,0,FALSE
2019-05-27 21:45:00,0,0.0705521717972891,0,0,FALSE
2019-05-27 21:46:00,0,0.0705521717972891,0,0,FALSE
2019-05-27 21:47:00,7,0.0705521717972891,490.196489647565,0,FALSE
2019-05-27 21:48:00,52,0.0705773906176342,3293.4153328339,0,FALSE
2019-05-27 21:49:00,0,0.0705773906176342,0,0,FALSE
2019-05-27 21:50:00,8,0.0708690883062918,3449.77039824364,7,FALSE
2019-05-27 21:51:00,3,0.0711350067563745,117.887608409126,0,FALSE
2019-05-27 21:52:00,1,0.0711641485043288,437.873005747135,0,FALSE
2019-05-27 21:53:00,0,0.0711641485043288,0,0,FALSE
2019-05-27 21:54:00,1,0.0707270222850147,2.8998079136856,0,FALSE
2019-05-27 21:55:00,1,0.0704647465534263,13.1064428589373,0,FALSE
2019-05-27 21:56:00,0,0.0704647465534263,0,0,FALSE
2019-05-27 21:57:00,0,0.0704647465534263,0,0,FALSE
2019-05-27 21:58:00,1,0.0704647465534263,2.74812511558363,0,FALSE
2019-05-27 21:59:00,0,0.0704647465534263,0,0,FALSE
2019-05-27 22:00:00,0,0.0704647465534263,0,0,FALSE
2019-05-27 22:01:00,2,0.0704647465534263,64.0524546170645,0,FALSE
2019-05-27 22:02:00,2,0.0704647465534263,24.8740555333595,0,FALSE
2019-05-27 22:03:00,3,0.0705521717972891,105.993316556347,3,FALSE
2019-05-27 22:04:00,2,0.0706395970411519,349.666005353702,2,FALSE
2019-05-27 22:05:00,0,0.0706395970411519,0,0,FALSE
2019-05-27 22:06:00,0,0.0706395970411519,0,0,FALSE
2019-05-27 22:07:00,0,0.0706395970411519,0,0,FALSE
2019-05-27 22:08:00,0,0.0706395970411519,0,0,FALSE
2019-05-27 22:09:00,0,0.0706395970411519,0,0,FALSE
2019-05-27 22:10:00,2,0.0702024708218373,157.464142053381,0,FALSE
2019-05-27 22:11:00,7,0.0699152164491453,165.773911482542,5,FALSE
2019-05-27 22:12:00,0,0.0699152164491453,0,0,FALSE
2019-05-27 22:13:00,0,0.0699152164491453,0,0,FALSE
2019-05-27 22:14:00,0,0.0699152164491453,0,0,FALSE
2019-05-27 22:15:00,1,0.0701150455779751,67.1702136637001,0,FALSE
2019-05-27 22:16:00,0,0.0701150455779751,0,0,FALSE
2019-05-27 22:17:00,0,0.0701150455779751,0,0,FALSE
2019-05-27 22:18:00,0,0.0701150455779751,0,0,FALSE
2019-05-27 22:19:00,0,0.0701150455779751,0,0,FALSE
2019-05-27 22:20:00,0,0.0701150455779751,0,0,FALSE
2019-05-27 22:21:00,0,0.0701150455779751,0,0,FALSE
2019-05-27 22:22:00,0,0.0701150455779751,0,0,FALSE
2019-05-27 22:23:00,0,0.0701150455779751,0,0,FALSE
2019-05-27 22:24:00,1,0.0701150455779682,8.90461078840196,0,FALSE
2019-05-27 22:25:00,0,0.0701150455779682,0,0,FALSE
2019-05-27 22:26:00,1,0.0703773213095436,3.09660213761992,0,FALSE
2019-05-27 22:27:00,0,0.0703773213095436,0,0,FALSE
2019-05-27 22:28:00,0,0.0703773213095436,0,0,FALSE
2019-05-27 22:29:00,0,0.0703773213095436,0,0,FALSE
2019-05-27 22:30:00,0,0.0703773213095436,0,0,FALSE
2019-05-27 22:31:00,2,0.0702898960656981,47.8674192207404,0,FALSE
2019-05-27 22:32:00,3,0.0703481795616076,60.58237183766,0,FALSE
2019-05-27 22:33:00,1,0.0703773213095635,3.02622481631123,0,FALSE
2019-05-27 22:34:00,0,0.0703773213095635,0,0,FALSE
2019-05-27 22:35:00,0,0.0703773213095635,0,0,FALSE
2019-05-27 22:36:00,0,0.0703773213095635,0,0,FALSE
2019-05-27 22:37:00,0,0.0703773213095635,0,0,FALSE
2019-05-27 22:38:00,0,0.0703773213095635,0,0,FALSE
2019-05-27 22:39:00,0,0.0703773213095635,0,0,FALSE
2019-05-27 22:40:00,0,0.0703773213095635,0,0,FALSE
2019-05-27 22:41:00,0,0.0703773213095635,0,0,FALSE
2019-05-27 22:42:00,0,0.0703773213095635,0,0,FALSE
2019-05-27 22:43:00,0,0.0703773213095635,0,0,FALSE
2019-05-27 22:44:00,0,0.0703773213095635,0,0,FALSE
2019-05-27 22:45:00,1,0.07037732130956,17.4535756847709,0,FALSE
2019-05-27 22:46:00,0,0.07037732130956,0,0,FALSE
2019-05-27 22:47:00,1,0.0705521717972891,2.82208687189156,0,FALSE
2019-05-27 22:48:00,0,0.0705521717972891,0,0,FALSE
2019-05-27 22:49:00,0,0.0705521717972891,0,0,FALSE
2019-05-27 22:50:00,0,0.0705521717972891,0,0,FALSE
2019-05-27 22:51:00,0,0.0705521717972891,0,0,FALSE
2019-05-27 22:52:00,0,0.0705521717972891,0,0,FALSE
2019-05-27 22:53:00,0,0.0705521717972891,0,0,FALSE
2019-05-27 22:54:00,0,0.0705521717972891,0,0,FALSE
2019-05-27 22:55:00,0,0.0705521717972891,0,0,FALSE
2019-05-27 22:56:00,0,0.0705521717972891,0,0,FALSE
2019-05-27 22:57:00,0,0.0705521717972891,0,0,FALSE
2019-05-27 22:58:00,0,0.0705521717972891,0,0,FALSE
2019-05-27 22:59:00,0,0.0705521717972891,0,0,FALSE
2019-05-27 23:00:00,17,0.0707373076078221,851.766840757091,13,FALSE
2019-05-27 23:01:00,3,0.0711350067563745,515.937541324312,2,FALSE
2019-05-27 23:02:00,0,0.0711350067563745,0,0,FALSE
2019-05-27 23:03:00,2,0.071076723260466,34.9697478441493,2,FALSE
2019-05-27 23:04:00,0,0.071076723260466,0,0,FALSE
2019-05-27 23:05:00,0,0.071076723260466,0,0,FALSE
2019-05-27 23:06:00,0,0.071076723260466,0,0,FALSE
2019-05-27 23:07:00,2,0.0709018727727404,55.3743626355102,0,FALSE
2019-05-27 23:08:00,0,0.0709018727727404,0,0,FALSE
2019-05-27 23:09:00,3,0.071076723260466,62.1921328529077,0,FALSE
2019-05-27 23:10:00,1,0.071076723260466,57.7853760107589,0,FALSE
2019-05-27 23:11:00,0,0.071076723260466,0,0,FALSE
2019-05-27 23:12:00,0,0.071076723260466,0,0,FALSE
2019-05-27 23:13:00,0,0.071076723260466,0,0,FALSE
2019-05-27 23:14:00,2,0.071076723260466,81.596078303015,0,FALSE
2019-05-27 23:15:00,1,0.0711641485043288,87.4607385118201,0,FALSE
2019-05-27 23:16:00,1,0.071076723260466,45.3469494401773,0,FALSE
2019-05-27 23:17:00,1,0.071076723260466,11.3011989984141,0,FALSE
2019-05-27 23:18:00,0,0.071076723260466,0,0,FALSE
2019-05-27 23:19:00,0,0.071076723260466,0,0,FALSE
2019-05-27 23:20:00,0,0.071076723260466,0,0,FALSE
2019-05-27 23:21:00,1,0.0709892980166032,10.9323518945569,0,FALSE
2019-05-27 23:22:00,0,0.0709892980166032,0,0,FALSE
2019-05-27 23:23:00,1,0.0709892980166032,9.65454453025803,0,FALSE
2019-05-27 23:24:00,1,0.0709892980166032,64.1033361089927,0,FALSE
2019-05-27 23:25:00,0,0.0709892980166032,0,0,FALSE
2019-05-27 23:26:00,0,0.0709892980166032,0,0,FALSE
2019-05-27 23:27:00,0,0.0709892980166032,0,0,FALSE
2019-05-27 23:28:00,0,0.0709892980166032,0,0,FALSE
2019-05-27 23:29:00,0,0.0709892980166032,0,0,FALSE
2019-05-27 23:30:00,0,0.0709892980166032,0,0,FALSE
2019-05-27 23:31:00,2,0.0705521717972891,388.70006535979,0,FALSE
2019-05-27 23:32:00,1,0.0705521717972891,17.567490777525,0,FALSE
2019-05-27 23:33:00,0,0.0705521717972891,0,0,FALSE
2019-05-27 23:34:00,0,0.0705521717972891,0,0,FALSE
2019-05-27 23:35:00,0,0.0705521717972891,0,0,FALSE
2019-05-27 23:36:00,0,0.0705521717972891,0,0,FALSE
2019-05-27 23:37:00,0,0.0705521717972891,0,0,FALSE
2019-05-27 23:38:00,0,0.0705521717972891,0,0,FALSE
2019-05-27 23:39:00,0,0.0705521717972891,0,0,FALSE
2019-05-27 23:40:00,0,0.0705521717972891,0,0,FALSE
2019-05-27 23:41:00,1,0.0709018727727404,70.9018727727404,0,FALSE
2019-05-27 23:42:00,0,0.0709018727727404,0,0,FALSE
2019-05-27 23:43:00,0,0.0709018727727404,0,0,FALSE
2019-05-27 23:44:00,0,0.0709018727727404,0,0,FALSE
2019-05-27 23:45:00,0,0.0709018727727404,0,0,FALSE
2019-05-27 23:46:00,0,0.0709018727727404,0,0,FALSE
2019-05-27 23:47:00,0,0.0709018727727404,0,0,FALSE
2019-05-27 23:48:00,0,0.0709018727727404,0,0,FALSE
2019-05-27 23:49:00,0,0.0709018727727404,0,0,FALSE
2019-05-27 23:50:00,0,0.0709018727727404,0,0,FALSE
2019-05-27 23:51:00,0,0.0709018727727404,0,0,FALSE
2019-05-27 23:52:00,0,0.0709018727727404,0,0,FALSE
2019-05-27 23:53:00,0,0.0709018727727404,0,0,FALSE
2019-05-27 23:54:00,0,0.0709018727727404,0,0,FALSE
2019-05-27 23:55:00,0,0.0709018727727404,0,0,FALSE
2019-05-27 23:56:00,0,0.0709018727727404,0,0,FALSE
2019-05-27 23:57:00,0,0.0709018727727404,0,0,FALSE
2019-05-27 23:58:00,0,0.0709018727727404,0,0,FALSE
2019-05-27 23:59:00,2,0.0708144475288776,21.5275920487788,0,FALSE
2019-05-28,0,0.0708144475288776,0,0,FALSE
2019-05-28 00:01:00,1,0.0708144475288776,3.04502124374173,0,FALSE
2019-05-28 00:02:00,2,0.0708144475288776,75.9839021984856,0,FALSE
2019-05-28 00:03:00,0,0.0708144475288776,0,0,FALSE
2019-05-28 00:04:00,0,0.0708144475288776,0,0,FALSE
2019-05-28 00:05:00,0,0.0708144475288776,0,0,FALSE
2019-05-28 00:06:00,1,0.0709018727727404,9.14634158768351,0,FALSE
2019-05-28 00:07:00,0,0.0709018727727404,0,0,FALSE
2019-05-28 00:08:00,0,0.0709018727727404,0,0,FALSE
2019-05-28 00:09:00,1,0.0709018727727404,2.12705618318221,0,FALSE
2019-05-28 00:10:00,0,0.0709018727727404,0,0,FALSE
2019-05-28 00:11:00,0,0.0709018727727404,0,0,FALSE
2019-05-28 00:12:00,1,0.0709018727727404,45.7317079384175,0,FALSE
2019-05-28 00:13:00,1,0.0709018727727404,129.821329046888,0,FALSE
2019-05-28 00:14:00,0,0.0709018727727404,0,0,FALSE
2019-05-28 00:15:00,1,0.0709892980166032,38.1922423329325,0,FALSE
2019-05-28 00:16:00,2,0.0709018727727404,410.09643211753,0,FALSE
2019-05-28 00:17:00,0,0.0709018727727404,0,0,FALSE
2019-05-28 00:18:00,1,0.0709018727727404,3.04878052922784,0,FALSE
2019-05-28 00:19:00,0,0.0709018727727404,0,0,FALSE
2019-05-28 00:20:00,0,0.0709018727727404,0,0,FALSE
2019-05-28 00:21:00,0,0.0709018727727404,0,0,FALSE
2019-05-28 00:22:00,0,0.0709018727727404,0,0,FALSE
2019-05-28 00:23:00,0,0.0709018727727404,0,0,FALSE
2019-05-28 00:24:00,1,0.0709892980166032,8.8736622520754,0,FALSE
2019-05-28 00:25:00,1,0.0709892980166032,47.1368938830245,0,FALSE
2019-05-28 00:26:00,0,0.0709892980166032,0,0,FALSE
2019-05-28 00:27:00,0,0.0709892980166032,0,0,FALSE
2019-05-28 00:28:00,0,0.0709892980166032,0,0,FALSE
2019-05-28 00:29:00,0,0.0709892980166032,0,0,FALSE
2019-05-28 00:30:00,0,0.0709892980166032,0,0,FALSE
2019-05-28 00:31:00,0,0.0709892980166032,0,0,FALSE
2019-05-28 00:32:00,0,0.0709892980166032,0,0,FALSE
2019-05-28 00:33:00,0,0.0709892980166032,0,0,FALSE
2019-05-28 00:34:00,0,0.0709892980166032,0,0,FALSE
2019-05-28 00:35:00,0,0.0709892980166032,0,0,FALSE
2019-05-28 00:36:00,0,0.0709892980166032,0,0,FALSE
2019-05-28 00:37:00,1,0.0703773213095622,47.3639372413354,0,FALSE
2019-05-28 00:38:00,0,0.0703773213095622,0,0,FALSE
2019-05-28 00:39:00,1,0.0706395970411519,43.5846313743907,0,FALSE
2019-05-28 00:40:00,0,0.0706395970411519,0,0,FALSE
2019-05-28 00:41:00,0,0.0706395970411519,0,0,FALSE
2019-05-28 00:42:00,2,0.0703773213095635,122.52691639995,0,FALSE
2019-05-28 00:43:00,1,0.0702898960656993,45.2666930663104,0,FALSE
2019-05-28 00:44:00,2,0.0704647465534258,78.7269566499243,0,FALSE
2019-05-28 00:45:00,3,0.0704647465534263,447.169281628043,0,FALSE
2019-05-28 00:46:00,0,0.0704647465534263,0,0,FALSE
2019-05-28 00:47:00,1,0.0703773213095625,60.5948736475333,0,FALSE
2019-05-28 00:48:00,0,0.0703773213095625,0,0,FALSE
2019-05-28 00:49:00,1,0.0704647465534263,15.5022442417538,0,FALSE
2019-05-28 00:50:00,0,0.0704647465534263,0,0,FALSE
2019-05-28 00:51:00,6,0.0708290184028547,1416.54213408378,6,FALSE
2019-05-28 00:52:00,0,0.0708290184028547,0,0,FALSE
2019-05-28 00:53:00,0,0.0708290184028547,0,0,FALSE
2019-05-28 00:54:00,1,0.0708144475288776,20.1113030982012,0,FALSE
2019-05-28 00:55:00,0,0.0708144475288776,0,0,FALSE
2019-05-28 00:56:00,0,0.0708144475288776,0,0,FALSE
2019-05-28 00:57:00,0,0.0708144475288776,0,0,FALSE
2019-05-28 00:58:00,0,0.0708144475288776,0,0,FALSE
2019-05-28 00:59:00,0,0.0708144475288776,0,0,FALSE
2019-05-28 01:00:00,0,0.0708144475288776,0,0,FALSE
2019-05-28 01:01:00,0,0.0708144475288776,0,0,FALSE
2019-05-28 01:02:00,0,0.0708144475288776,0,0,FALSE
2019-05-28 01:03:00,0,0.0708144475288776,0,0,FALSE
2019-05-28 01:04:00,2,0.0707330124590069,97.5408241809706,0,FALSE
2019-05-28 01:05:00,0,0.0707330124590069,0,0,FALSE
2019-05-28 01:06:00,0,0.0707330124590069,0,0,FALSE
2019-05-28 01:07:00,0,0.0707330124590069,0,0,FALSE
2019-05-28 01:08:00,0,0.0707330124590069,0,0,FALSE
2019-05-28 01:09:00,0,0.0707330124590069,0,0,FALSE
2019-05-28 01:10:00,0,0.0707330124590069,0,0,FALSE
2019-05-28 01:11:00,0,0.0707330124590069,0,0,FALSE
2019-05-28 01:12:00,0,0.0707330124590069,0,0,FALSE
2019-05-28 01:13:00,0,0.0707330124590069,0,0,FALSE
2019-05-28 01:14:00,0,0.0707330124590069,0,0,FALSE
2019-05-28 01:15:00,2,0.0707330124590069,480.560086646493,0,FALSE
2019-05-28 01:16:00,0,0.0707330124590069,0,0,FALSE
2019-05-28 01:17:00,0,0.0707330124590069,0,0,FALSE
2019-05-28 01:18:00,1,0.0709078777555681,56.6553943266989,0,FALSE
2019-05-28 01:19:00,1,0.0709078777555681,8.79257684169045,0,FALSE
2019-05-28 01:20:00,1,0.0709953104038487,47.424867349771,0,FALSE
2019-05-28 01:21:00,0,0.0709953104038487,0,0,FALSE
2019-05-28 01:22:00,0,0.0709953104038487,0,0,FALSE
2019-05-28 01:23:00,0,0.0709953104038487,0,0,FALSE
2019-05-28 01:24:00,0,0.0709953104038487,0,0,FALSE
2019-05-28 01:25:00,1,0.0710827430521293,38.3135985050977,0,FALSE
2019-05-28 01:26:00,1,0.0711701757004099,85.1907003133907,0,FALSE
2019-05-28 01:27:00,0,0.0711701757004099,0,0,FALSE
2019-05-28 01:28:00,0,0.0711701757004099,0,0,FALSE
2019-05-28 01:29:00,1,0.0711701757004099,8.89627196255124,0,FALSE
2019-05-28 01:30:00,0,0.0711701757004099,0,0,FALSE
2019-05-28 01:31:00,0,0.0711701757004099,0,0,FALSE
2019-05-28 01:32:00,0,0.0711701757004099,0,0,FALSE
2019-05-28 01:33:00,0,0.0711701757004099,0,0,FALSE
2019-05-28 01:34:00,0,0.0711701757004099,0,0,FALSE
2019-05-28 01:35:00,0,0.0711701757004099,0,0,FALSE
2019-05-28 01:36:00,0,0.0711701757004099,0,0,FALSE
2019-05-28 01:37:00,0,0.0711701757004099,0,0,FALSE
2019-05-28 01:38:00,0,0.0711701757004099,0,0,FALSE
2019-05-28 01:39:00,1,0.0711701757004099,17.7213737494021,0,FALSE
2019-05-28 01:40:00,0,0.0711701757004099,0,0,FALSE
2019-05-28 01:41:00,0,0.0711701757004099,0,0,FALSE
2019-05-28 01:42:00,0,0.0711701757004099,0,0,FALSE
2019-05-28 01:43:00,2,0.0711264593762696,33.6433835971894,0,FALSE
2019-05-28 01:44:00,0,0.0711264593762696,0,0,FALSE
2019-05-28 01:45:00,1,0.0712576083486905,8.83594343523763,0,FALSE
2019-05-28 01:46:00,1,0.0712576083486901,128.976271111129,0,FALSE
2019-05-28 01:47:00,0,0.0712576083486901,0,0,FALSE
2019-05-28 01:48:00,0,0.0712576083486901,0,0,FALSE
2019-05-28 01:49:00,0,0.0712576083486901,0,0,FALSE
2019-05-28 01:50:00,5,0.071327554467315,714.030962754294,5,FALSE
2019-05-28 01:51:00,2,0.0712576083486905,36.1276074327861,0,FALSE
2019-05-28 01:52:00,0,0.0712576083486905,0,0,FALSE
2019-05-28 01:53:00,0,0.0712576083486905,0,0,FALSE
2019-05-28 01:54:00,0,0.0712576083486905,0,0,FALSE
2019-05-28 01:55:00,0,0.0712576083486905,0,0,FALSE
2019-05-28 01:56:00,1,0.0709953104038487,9.65536221492343,0,FALSE
2019-05-28 01:57:00,0,0.0709953104038487,0,0,FALSE
2019-05-28 01:58:00,0,0.0709953104038487,0,0,FALSE
2019-05-28 01:59:00,0,0.0709953104038487,0,0,FALSE
2019-05-28 02:00:00,0,0.0709953104038487,0,0,FALSE
2019-05-28 02:01:00,1,0.0709078777555681,40.1338588096516,0,FALSE
2019-05-28 02:02:00,0,0.0709078777555681,0,0,FALSE
2019-05-28 02:03:00,0,0.0709078777555681,0,0,FALSE
2019-05-28 02:04:00,0,0.0709078777555681,0,0,FALSE
2019-05-28 02:05:00,0,0.0709078777555681,0,0,FALSE
2019-05-28 02:06:00,0,0.0709078777555681,0,0,FALSE
2019-05-28 02:07:00,0,0.0709078777555681,0,0,FALSE
2019-05-28 02:08:00,0,0.0709078777555681,0,0,FALSE
2019-05-28 02:09:00,0,0.0709078777555681,0,0,FALSE
2019-05-28 02:10:00,0,0.0709078777555681,0,0,FALSE
2019-05-28 02:11:00,0,0.0709078777555681,0,0,FALSE
2019-05-28 02:12:00,4,0.0711483175383398,83.665262898839,3,FALSE
2019-05-28 02:13:00,1,0.0709953104038487,16.2579260824814,0,FALSE
2019-05-28 02:14:00,0,0.0709953104038487,0,0,FALSE
2019-05-28 02:15:00,0,0.0709953104038487,0,0,FALSE
2019-05-28 02:16:00,7,0.0704956952708167,975.159845655939,2,FALSE
2019-05-28 02:17:00,0,0.0704956952708167,0,0,FALSE
2019-05-28 02:18:00,0,0.0704956952708167,0,0,FALSE
2019-05-28 02:19:00,0,0.0704956952708167,0,0,FALSE
2019-05-28 02:20:00,0,0.0704956952708167,0,0,FALSE
2019-05-28 02:21:00,0,0.0704956952708167,0,0,FALSE
2019-05-28 02:22:00,2,0.0705581471624457,358.34865439813,2,FALSE
2019-05-28 02:23:00,1,0.0707330124590069,2.54638844852425,0,FALSE
2019-05-28 02:24:00,0,0.0707330124590069,0,0,FALSE
2019-05-28 02:25:00,0,0.0707330124590069,0,0,FALSE
2019-05-28 02:26:00,1,0.0707330124590069,3.11225254819631,0,FALSE
2019-05-28 02:27:00,1,0.0707330124590069,1323.20246407064,0,FALSE
2019-05-28 02:28:00,0,0.0707330124590069,0,0,FALSE
2019-05-28 02:29:00,0,0.0707330124590069,0,0,FALSE
2019-05-28 02:30:00,0,0.0707330124590069,0,0,FALSE
2019-05-28 02:31:00,0,0.0707330124590069,0,0,FALSE
2019-05-28 02:32:00,0,0.0707330124590069,0,0,FALSE
2019-05-28 02:33:00,0,0.0707330124590069,0,0,FALSE
2019-05-28 02:34:00,0,0.0707330124590069,0,0,FALSE
2019-05-28 02:35:00,0,0.0707330124590069,0,0,FALSE
2019-05-28 02:36:00,1,0.0707330124590069,2.54638844852425,0,FALSE
2019-05-28 02:37:00,1,0.0707330124590069,15.0661316537685,0,FALSE
2019-05-28 02:38:00,0,0.0707330124590069,0,0,FALSE
2019-05-28 02:39:00,0,0.0707330124590069,0,0,FALSE
2019-05-28 02:40:00,0,0.0707330124590069,0,0,FALSE
2019-05-28 02:41:00,0,0.0707330124590069,0,0,FALSE
2019-05-28 02:42:00,0,0.0707330124590069,0,0,FALSE
2019-05-28 02:43:00,0,0.0707330124590069,0,0,FALSE
2019-05-28 02:44:00,0,0.0707330124590069,0,0,FALSE
2019-05-28 02:45:00,0,0.0707330124590069,0,0,FALSE
2019-05-28 02:46:00,1,0.0703832818658841,135.135901182497,0,FALSE
2019-05-28 02:47:00,0,0.0703832818658841,0,0,FALSE
2019-05-28 02:48:00,0,0.0703832818658841,0,0,FALSE
2019-05-28 02:49:00,0,0.0703832818658841,0,0,FALSE
2019-05-28 02:50:00,1,0.0703832818658651,3.16724768396393,0,FALSE
2019-05-28 02:51:00,0,0.0703832818658651,0,0,FALSE
2019-05-28 02:52:00,0,0.0703832818658651,0,0,FALSE
2019-05-28 02:53:00,0,0.0703832818658651,0,0,FALSE
2019-05-28 02:54:00,0,0.0703832818658651,0,0,FALSE
2019-05-28 02:55:00,0,0.0703832818658651,0,0,FALSE
2019-05-28 02:56:00,1,0.0705581471624457,20.9557697072464,0,FALSE
2019-05-28 02:57:00,0,0.0705581471624457,0,0,FALSE
2019-05-28 02:58:00,3,0.0705581471624457,9.03144283679305,2,FALSE
2019-05-28 02:59:00,0,0.0705581471624457,0,0,FALSE
2019-05-28 03:00:00,0,0.0705581471624457,0,0,FALSE
2019-05-28 03:01:00,0,0.0705581471624457,0,0,FALSE
2019-05-28 03:02:00,0,0.0705581471624457,0,0,FALSE
2019-05-28 03:03:00,1,0.0701209839210416,54.7644884423335,0,FALSE
2019-05-28 03:04:00,0,0.0701209839210416,0,0,FALSE
2019-05-28 03:05:00,2,0.0704707145141651,52.500682313053,0,FALSE
2019-05-28 03:06:00,2,0.0704707145141651,13.3894357576914,0,FALSE
2019-05-28 03:07:00,0,0.0704707145141651,0,0,FALSE
2019-05-28 03:08:00,0,0.0704707145141651,0,0,FALSE
2019-05-28 03:09:00,0,0.0704707145141651,0,0,FALSE
2019-05-28 03:10:00,0,0.0704707145141651,0,0,FALSE
2019-05-28 03:11:00,2,0.0702084165693233,58.8346530850929,0,FALSE
2019-05-28 03:12:00,1,0.0702958492176011,21.7917132574563,0,FALSE
2019-05-28 03:13:00,0,0.0702958492176011,0,0,FALSE
2019-05-28 03:14:00,0,0.0702958492176011,0,0,FALSE
2019-05-28 03:15:00,0,0.0702958492176011,0,0,FALSE
2019-05-28 03:16:00,0,0.0702958492176011,0,0,FALSE
2019-05-28 03:17:00,0,0.0702958492176011,0,0,FALSE
2019-05-28 03:18:00,0,0.0702958492176011,0,0,FALSE
2019-05-28 03:19:00,0,0.0702958492176011,0,0,FALSE
2019-05-28 03:20:00,0,0.0702958492176011,0,0,FALSE
2019-05-28 03:21:00,1,0.0702084165693228,110.999506596099,0,FALSE
2019-05-28 03:22:00,0,0.0702084165693228,0,0,FALSE
2019-05-28 03:23:00,0,0.0702084165693228,0,0,FALSE
2019-05-28 03:24:00,1,0.0701209839210427,26.0148850347069,0,FALSE
2019-05-28 03:25:00,0,0.0701209839210427,0,0,FALSE
2019-05-28 03:26:00,1,0.0701209839210427,26.0148850347069,0,FALSE
2019-05-28 03:27:00,0,0.0701209839210427,0,0,FALSE
2019-05-28 03:28:00,0,0.0701209839210427,0,0,FALSE
2019-05-28 03:29:00,1,0.070120983921038,12.902261041471,0,FALSE
2019-05-28 03:30:00,0,0.070120983921038,0,0,FALSE
2019-05-28 03:31:00,1,0.0701209839210425,364.348632453737,0,FALSE
2019-05-28 03:32:00,0,0.0701209839210425,0,0,FALSE
2019-05-28 03:33:00,0,0.0701209839210425,0,0,FALSE
2019-05-28 03:34:00,0,0.0701209839210425,0,0,FALSE
2019-05-28 03:35:00,0,0.0701209839210425,0,0,FALSE
2019-05-28 03:36:00,0,0.0701209839210425,0,0,FALSE
2019-05-28 03:37:00,0,0.0701209839210425,0,0,FALSE
2019-05-28 03:38:00,0,0.0701209839210425,0,0,FALSE
2019-05-28 03:39:00,0,0.0701209839210425,0,0,FALSE
2019-05-28 03:40:00,1,0.0700335512727621,154.003779248804,0,FALSE
2019-05-28 03:41:00,0,0.0700335512727621,0,0,FALSE
2019-05-28 03:42:00,0,0.0700335512727621,0,0,FALSE
2019-05-28 03:43:00,0,0.0700335512727621,0,0,FALSE
2019-05-28 03:44:00,0,0.0700335512727621,0,0,FALSE
2019-05-28 03:45:00,0,0.0700335512727621,0,0,FALSE
2019-05-28 03:46:00,0,0.0700335512727621,0,0,FALSE
2019-05-28 03:47:00,1,0.0701209839210229,3.08532329252501,0,FALSE
2019-05-28 03:48:00,0,0.0701209839210229,0,0,FALSE
2019-05-28 03:49:00,1,0.0701209839210427,123.272689733193,0,FALSE
2019-05-28 03:50:00,0,0.0701209839210427,0,0,FALSE
2019-05-28 03:51:00,0,0.0701209839210427,0,0,FALSE
2019-05-28 03:52:00,0,0.0701209839210427,0,0,FALSE
2019-05-28 03:53:00,0,0.0701209839210427,0,0,FALSE
2019-05-28 03:54:00,0,0.0701209839210427,0,0,FALSE
2019-05-28 03:55:00,0,0.0701209839210427,0,0,FALSE
2019-05-28 03:56:00,1,0.0700335512727621,102.17895130696,0,FALSE
2019-05-28 03:57:00,0,0.0700335512727621,0,0,FALSE
2019-05-28 03:58:00,0,0.0700335512727621,0,0,FALSE
2019-05-28 03:59:00,1,0.0701209839210427,2.66459738899962,0,FALSE
2019-05-28 04:00:00,1,0.0694215227347979,179.385214746718,0,FALSE
2019-05-28 04:01:00,0,0.0694215227347979,0,0,FALSE
2019-05-28 04:02:00,0,0.0694215227347979,0,0,FALSE
2019-05-28 04:03:00,2,0.0697712533279203,79.3996862871733,0,FALSE
2019-05-28 04:04:00,0,0.0697712533279203,0,0,FALSE
2019-05-28 04:05:00,0,0.0697712533279203,0,0,FALSE
2019-05-28 04:06:00,0,0.0697712533279203,0,0,FALSE
2019-05-28 04:07:00,0,0.0697712533279203,0,0,FALSE
2019-05-28 04:08:00,0,0.0697712533279203,0,0,FALSE
2019-05-28 04:09:00,0,0.0697712533279203,0,0,FALSE
2019-05-28 04:10:00,0,0.0697712533279203,0,0,FALSE
2019-05-28 04:11:00,0,0.0697712533279203,0,0,FALSE
2019-05-28 04:12:00,0,0.0697712533279203,0,0,FALSE
2019-05-28 04:13:00,0,0.0697712533279203,0,0,FALSE
2019-05-28 04:14:00,0,0.0697712533279203,0,0,FALSE
2019-05-28 04:15:00,0,0.0697712533279203,0,0,FALSE
2019-05-28 04:16:00,0,0.0697712533279203,0,0,FALSE
2019-05-28 04:17:00,0,0.0697712533279203,0,0,FALSE
2019-05-28 04:18:00,0,0.0697712533279203,0,0,FALSE
2019-05-28 04:19:00,10,0.069876172505857,524.739279226791,2,FALSE
2019-05-28 04:20:00,0,0.069876172505857,0,0,FALSE
2019-05-28 04:21:00,0,0.069876172505857,0,0,FALSE
2019-05-28 04:22:00,1,0.0697712533279203,2.72107887978889,0,FALSE
2019-05-28 04:23:00,0,0.0697712533279203,0,0,FALSE
2019-05-28 04:24:00,0,0.0697712533279203,0,0,FALSE
2019-05-28 04:25:00,0,0.0697712533279203,0,0,FALSE
2019-05-28 04:26:00,0,0.0697712533279203,0,0,FALSE
2019-05-28 04:27:00,0,0.0697712533279203,0,0,FALSE
2019-05-28 04:28:00,1,0.0697712533279203,236.315235021666,0,FALSE
2019-05-28 04:29:00,0,0.0697712533279203,0,0,FALSE
2019-05-28 04:30:00,0,0.0697712533279203,0,0,FALSE
2019-05-28 04:31:00,0,0.0697712533279203,0,0,FALSE
2019-05-28 04:32:00,0,0.0697712533279203,0,0,FALSE
2019-05-28 04:33:00,0,0.0697712533279203,0,0,FALSE
2019-05-28 04:34:00,0,0.0697712533279203,0,0,FALSE
2019-05-28 04:35:00,0,0.0697712533279203,0,0,FALSE
2019-05-28 04:36:00,0,0.0697712533279203,0,0,FALSE
2019-05-28 04:37:00,1,0.0698586859762009,87.3932161562273,0,FALSE
2019-05-28 04:38:00,0,0.0698586859762009,0,0,FALSE
2019-05-28 04:39:00,2,0.0698586859762009,241.641194791679,0,FALSE
2019-05-28 04:40:00,0,0.0698586859762009,0,0,FALSE
2019-05-28 04:41:00,0,0.0698586859762009,0,0,FALSE
2019-05-28 04:42:00,3,0.0699461186244815,26.2297944841806,0,FALSE
2019-05-28 04:43:00,0,0.0699461186244815,0,0,FALSE
2019-05-28 04:44:00,1,0.0699461186244585,2.65795250772942,0,FALSE
2019-05-28 04:45:00,0,0.0699461186244585,0,0,FALSE
2019-05-28 04:46:00,0,0.0699461186244585,0,0,FALSE
2019-05-28 04:47:00,0,0.0699461186244585,0,0,FALSE
2019-05-28 04:48:00,0,0.0699461186244585,0,0,FALSE
2019-05-28 04:49:00,2,0.0699461186244815,6.01536620170541,0,FALSE
2019-05-28 04:50:00,2,0.0699461186244815,5.94542008308093,0,FALSE
2019-05-28 04:51:00,0,0.0699461186244815,0,0,FALSE
2019-05-28 04:52:00,1,0.0698586859762009,527.92208992215,0,FALSE
2019-05-28 04:53:00,4,0.0699024023003412,192.416176646459,4,FALSE
2019-05-28 04:54:00,0,0.0699024023003412,0,0,FALSE
2019-05-28 04:55:00,0,0.0699024023003412,0,0,FALSE
2019-05-28 04:56:00,0,0.0699024023003412,0,0,FALSE
2019-05-28 04:57:00,1,0.0699461186244815,43.7163241403009,0,FALSE
2019-05-28 04:58:00,1,0.0698586859762009,17.8838236099074,0,FALSE
2019-05-28 04:59:00,0,0.0698586859762009,0,0,FALSE
2019-05-28 05:00:00,0,0.0698586859762009,0,0,FALSE
2019-05-28 05:01:00,0,0.0698586859762009,0,0,FALSE
2019-05-28 05:02:00,1,0.0699461186244815,31.9653762113881,0,FALSE
2019-05-28 05:03:00,0,0.0699461186244815,0,0,FALSE
2019-05-28 05:04:00,0,0.0699461186244815,0,0,FALSE
2019-05-28 05:05:00,0,0.0699461186244815,0,0,FALSE
2019-05-28 05:06:00,0,0.0699461186244815,0,0,FALSE
2019-05-28 05:07:00,0,0.0699461186244815,0,0,FALSE
2019-05-28 05:08:00,0,0.0699461186244815,0,0,FALSE
2019-05-28 05:09:00,0,0.0699461186244815,0,0,FALSE
2019-05-28 05:10:00,0,0.0699461186244815,0,0,FALSE
2019-05-28 05:11:00,0,0.0699461186244815,0,0,FALSE
2019-05-28 05:12:00,0,0.0699461186244815,0,0,FALSE
2019-05-28 05:13:00,0,0.0699461186244815,0,0,FALSE
2019-05-28 05:14:00,0,0.0699461186244815,0,0,FALSE
2019-05-28 05:15:00,0,0.0699461186244815,0,0,FALSE
2019-05-28 05:16:00,0,0.0699461186244815,0,0,FALSE
2019-05-28 05:17:00,0,0.0699461186244815,0,0,FALSE
2019-05-28 05:18:00,0,0.0699461186244815,0,0,FALSE
2019-05-28 05:19:00,0,0.0699461186244815,0,0,FALSE
2019-05-28 05:20:00,0,0.0699461186244815,0,0,FALSE
2019-05-28 05:21:00,0,0.0699461186244815,0,0,FALSE
2019-05-28 05:22:00,0,0.0699461186244815,0,0,FALSE
2019-05-28 05:23:00,0,0.0699461186244815,0,0,FALSE
2019-05-28 05:24:00,0,0.0699461186244815,0,0,FALSE
2019-05-28 05:25:00,0,0.0699461186244815,0,0,FALSE
2019-05-28 05:26:00,0,0.0699461186244815,0,0,FALSE
2019-05-28 05:27:00,1,0.0697712533279203,8.02369413271084,0,FALSE
2019-05-28 05:28:00,0,0.0697712533279203,0,0,FALSE
2019-05-28 05:29:00,0,0.0697712533279203,0,0,FALSE
2019-05-28 05:30:00,0,0.0697712533279203,0,0,FALSE
2019-05-28 05:31:00,0,0.0697712533279203,0,0,FALSE
2019-05-28 05:32:00,0,0.0697712533279203,0,0,FALSE
2019-05-28 05:33:00,0,0.0697712533279203,0,0,FALSE
2019-05-28 05:34:00,0,0.0697712533279203,0,0,FALSE
2019-05-28 05:35:00,0,0.0697712533279203,0,0,FALSE
2019-05-28 05:36:00,0,0.0697712533279203,0,0,FALSE
2019-05-28 05:37:00,0,0.0697712533279203,0,0,FALSE
2019-05-28 05:38:00,0,0.0697712533279203,0,0,FALSE
2019-05-28 05:39:00,0,0.0697712533279203,0,0,FALSE
2019-05-28 05:40:00,0,0.0697712533279203,0,0,FALSE
2019-05-28 05:41:00,0,0.0697712533279203,0,0,FALSE
2019-05-28 05:42:00,0,0.0697712533279203,0,0,FALSE
2019-05-28 05:43:00,1,0.0697515079339668,58.5215151565981,0,FALSE
2019-05-28 05:44:00,0,0.0697515079339668,0,0,FALSE
2019-05-28 05:45:00,2,0.0697953216952318,58.5817152645763,2,FALSE
2019-05-28 05:46:00,0,0.0697953216952318,0,0,FALSE
2019-05-28 05:47:00,0,0.0697953216952318,0,0,FALSE
2019-05-28 05:48:00,0,0.0697953216952318,0,0,FALSE
2019-05-28 05:49:00,0,0.0697953216952318,0,0,FALSE
2019-05-28 05:50:00,0,0.0697953216952318,0,0,FALSE
2019-05-28 05:51:00,0,0.0697953216952318,0,0,FALSE
2019-05-28 05:52:00,1,0.0693133703213162,67.0953424710341,0,FALSE
2019-05-28 05:53:00,6,0.0694594161921997,4750.72341751666,4,FALSE
2019-05-28 05:54:00,14,0.0703148277216602,8842.37789306612,12,FALSE
2019-05-28 05:55:00,3,0.0706862015076208,1115.68658572668,0,FALSE
2019-05-28 05:56:00,0,0.0706862015076208,0,0,FALSE
2019-05-28 05:57:00,0,0.0706862015076208,0,0,FALSE
2019-05-28 05:58:00,1,0.070102018024087,244.235430795919,0,FALSE
2019-05-28 05:59:00,0,0.070102018024087,0,0,FALSE
2019-05-28 06:00:00,0,0.070102018024087,0,0,FALSE
2019-05-28 06:01:00,0,0.070102018024087,0,0,FALSE
2019-05-28 06:02:00,0,0.070102018024087,0,0,FALSE
2019-05-28 06:03:00,0,0.070102018024087,0,0,FALSE
2019-05-28 06:04:00,1,0.0701896455466173,165.99851171775,0,FALSE
2019-05-28 06:05:00,1,0.0701896455466173,3.15853404959778,0,FALSE
2019-05-28 06:06:00,0,0.0701896455466173,0,0,FALSE
2019-05-28 06:07:00,0,0.0701896455466173,0,0,FALSE
2019-05-28 06:08:00,0,0.0701896455466173,0,0,FALSE
2019-05-28 06:09:00,0,0.0701896455466173,0,0,FALSE
2019-05-28 06:10:00,2,0.0703649005916772,161.065257454349,0,FALSE
2019-05-28 06:11:00,0,0.0703649005916772,0,0,FALSE
2019-05-28 06:12:00,0,0.0703649005916772,0,0,FALSE
2019-05-28 06:13:00,0,0.0703649005916772,0,0,FALSE
2019-05-28 06:14:00,0,0.0703649005916772,0,0,FALSE
2019-05-28 06:15:00,0,0.0703649005916772,0,0,FALSE
2019-05-28 06:16:00,0,0.0703649005916772,0,0,FALSE
2019-05-28 06:17:00,0,0.0703649005916772,0,0,FALSE
2019-05-28 06:18:00,0,0.0703649005916772,0,0,FALSE
2019-05-28 06:19:00,0,0.0703649005916772,0,0,FALSE
2019-05-28 06:20:00,0,0.0703649005916772,0,0,FALSE
2019-05-28 06:21:00,0,0.0703649005916772,0,0,FALSE
2019-05-28 06:22:00,0,0.0703649005916772,0,0,FALSE
2019-05-28 06:23:00,1,0.0696638804114366,25.0789969481172,0,FALSE
2019-05-28 06:24:00,0,0.0696638804114366,0,0,FALSE
2019-05-28 06:25:00,0,0.0696638804114366,0,0,FALSE
2019-05-28 06:26:00,0,0.0696638804114366,0,0,FALSE
2019-05-28 06:27:00,0,0.0696638804114366,0,0,FALSE
2019-05-28 06:28:00,0,0.0696638804114366,0,0,FALSE
2019-05-28 06:29:00,0,0.0696638804114366,0,0,FALSE
2019-05-28 06:30:00,2,0.0694009978438463,84.3222123802733,0,FALSE
2019-05-28 06:31:00,0,0.0694009978438463,0,0,FALSE
2019-05-28 06:32:00,0,0.0694009978438463,0,0,FALSE
2019-05-28 06:33:00,0,0.0694009978438463,0,0,FALSE
2019-05-28 06:34:00,0,0.0694009978438463,0,0,FALSE
2019-05-28 06:35:00,0,0.0694009978438463,0,0,FALSE
2019-05-28 06:36:00,18,0.0703843733744607,2195.40040853182,12,FALSE
2019-05-28 06:37:00,2,0.0699705767402886,38.4967860804942,2,FALSE
2019-05-28 06:38:00,0,0.0699705767402886,0,0,FALSE
2019-05-28 06:39:00,4,0.069926762979027,997.674482641826,4,FALSE
2019-05-28 06:40:00,0,0.069926762979027,0,0,FALSE
2019-05-28 06:41:00,0,0.069926762979027,0,0,FALSE
2019-05-28 06:42:00,0,0.069926762979027,0,0,FALSE
2019-05-28 06:43:00,1,0.0701896455466173,2.66720653077146,0,FALSE
2019-05-28 06:44:00,0,0.0701896455466173,0,0,FALSE
2019-05-28 06:45:00,0,0.0701896455466173,0,0,FALSE
2019-05-28 06:46:00,0,0.0701896455466173,0,0,FALSE
2019-05-28 06:47:00,0,0.0701896455466173,0,0,FALSE
2019-05-28 06:48:00,0,0.0701896455466173,0,0,FALSE
2019-05-28 06:49:00,0,0.0701896455466173,0,0,FALSE
2019-05-28 06:50:00,0,0.0701896455466173,0,0,FALSE
2019-05-28 06:51:00,6,0.0703064822433228,640.676538380779,4,FALSE
2019-05-28 06:52:00,0,0.0703064822433228,0,0,FALSE
2019-05-28 06:53:00,0,0.0703064822433228,0,0,FALSE
2019-05-28 06:54:00,3,0.0709782932493883,1346.95331844319,3,FALSE
2019-05-28 06:55:00,1,0.0709782932493883,525.736218098219,0,FALSE
2019-05-28 06:56:00,1,0.0708906657268582,3.26097062343548,0,FALSE
2019-05-28 06:57:00,1,0.0708030382043281,58.4125065185707,0,FALSE
2019-05-28 06:58:00,1,0.0708030382043281,107.408208955966,0,FALSE
2019-05-28 06:59:00,2,0.0708906657268582,719.951931228457,0,FALSE
2019-05-28 07:00:00,2,0.0710221070106533,174.2410193695,2,FALSE
2019-05-28 07:01:00,1,0.0708906657268582,159.29132588825,0,FALSE
2019-05-28 07:02:00,0,0.0708906657268582,0,0,FALSE
2019-05-28 07:03:00,1,0.0708906657268582,10.8462718562093,0,FALSE
2019-05-28 07:04:00,0,0.0708906657268582,0,0,FALSE
2019-05-28 07:05:00,0,0.0708906657268582,0,0,FALSE
2019-05-28 07:06:00,0,0.0708906657268582,0,0,FALSE
2019-05-28 07:07:00,0,0.0708906657268582,0,0,FALSE
2019-05-28 07:08:00,0,0.0708906657268582,0,0,FALSE
2019-05-28 07:09:00,0,0.0708906657268582,0,0,FALSE
2019-05-28 07:10:00,0,0.0708906657268582,0,0,FALSE
2019-05-28 07:11:00,0,0.0708906657268582,0,0,FALSE
2019-05-28 07:12:00,2,0.0709344794881232,437.495653420489,2,FALSE
2019-05-28 07:13:00,0,0.0709344794881232,0,0,FALSE
2019-05-28 07:14:00,0,0.0709344794881232,0,0,FALSE
2019-05-28 07:15:00,1,0.0709782932493883,231.247279406507,0,FALSE
2019-05-28 07:16:00,0,0.0709782932493883,0,0,FALSE
2019-05-28 07:17:00,0,0.0709782932493883,0,0,FALSE
2019-05-28 07:18:00,1,0.0710659207719184,24.4466767455399,0,FALSE
2019-05-28 07:19:00,0,0.0710659207719184,0,0,FALSE
2019-05-28 07:20:00,4,0.071175455175081,277.796859552474,0,FALSE
2019-05-28 07:21:00,6,0.0715770813200107,2421.41571145063,6,FALSE
2019-05-28 07:22:00,0,0.0715770813200107,0,0,FALSE
2019-05-28 07:23:00,0,0.0715770813200107,0,0,FALSE
2019-05-28 07:24:00,0,0.0715770813200107,0,0,FALSE
2019-05-28 07:25:00,0,0.0715770813200107,0,0,FALSE
2019-05-28 07:26:00,0,0.0715770813200107,0,0,FALSE
2019-05-28 07:27:00,3,0.071825359300512,385.160027961858,2,FALSE
2019-05-28 07:28:00,1,0.0716793134296292,8.88823486527402,0,FALSE
2019-05-28 07:29:00,0,0.0716793134296292,0,0,FALSE
2019-05-28 07:30:00,0,0.0716793134296292,0,0,FALSE
2019-05-28 07:31:00,0,0.0716793134296292,0,0,FALSE
2019-05-28 07:32:00,1,0.0716793134296292,21.9338699094665,0,FALSE
2019-05-28 07:33:00,2,0.0717669409521585,221.216556902485,2,FALSE
2019-05-28 07:34:00,2,0.0717669409521585,131.756918131316,0,FALSE
2019-05-28 07:35:00,2,0.0717231271908942,66.5168255672903,0,FALSE
2019-05-28 07:36:00,0,0.0717231271908942,0,0,FALSE
2019-05-28 07:37:00,0,0.0717231271908942,0,0,FALSE
2019-05-28 07:38:00,7,0.07200478708474,332.783743332772,2,FALSE
2019-05-28 07:39:00,5,0.072345282600858,1613.26886948368,4,FALSE
2019-05-28 07:40:00,2,0.0722488923260749,59.7681042921114,0,FALSE
2019-05-28 07:41:00,3,0.07238033360987,196.963361726692,3,FALSE
2019-05-28 07:42:00,0,0.07238033360987,0,0,FALSE
2019-05-28 07:43:00,0,0.07238033360987,0,0,FALSE
2019-05-28 07:44:00,0,0.07238033360987,0,0,FALSE
2019-05-28 07:45:00,1,0.0717669409521593,13.1333501942451,0,FALSE
2019-05-28 07:46:00,1,0.0717669409521593,243.720531473533,0,FALSE
2019-05-28 07:47:00,0,0.0717669409521593,0,0,FALSE
2019-05-28 07:48:00,0,0.0717669409521593,0,0,FALSE
2019-05-28 07:49:00,0,0.0717669409521593,0,0,FALSE
2019-05-28 07:50:00,0,0.0717669409521593,0,0,FALSE
2019-05-28 07:51:00,0,0.0717669409521593,0,0,FALSE
2019-05-28 07:52:00,0,0.0717669409521593,0,0,FALSE
2019-05-28 07:53:00,0,0.0717669409521593,0,0,FALSE
2019-05-28 07:54:00,0,0.0717669409521593,0,0,FALSE
2019-05-28 07:55:00,0,0.0717669409521593,0,0,FALSE
2019-05-28 07:56:00,1,0.0718545684746894,170.510890990438,0,FALSE
2019-05-28 07:57:00,0,0.0718545684746894,0,0,FALSE
2019-05-28 07:58:00,0,0.0718545684746894,0,0,FALSE
2019-05-28 07:59:00,0,0.0718545684746894,0,0,FALSE
2019-05-28 08:00:00,0,0.0718545684746894,0,0,FALSE
2019-05-28 08:01:00,0,0.0718545684746894,0,0,FALSE
2019-05-28 08:02:00,0,0.0718545684746894,0,0,FALSE
2019-05-28 08:03:00,1,0.0717669409521593,132.984141584351,0,FALSE
2019-05-28 08:04:00,0,0.0717669409521593,0,0,FALSE
2019-05-28 08:05:00,0,0.0717669409521593,0,0,FALSE
2019-05-28 08:06:00,0,0.0717669409521593,0,0,FALSE
2019-05-28 08:07:00,0,0.0717669409521593,0,0,FALSE
2019-05-28 08:08:00,3,0.0713872216878621,297.689621579647,2,FALSE
2019-05-28 08:09:00,0,0.0713872216878621,0,0,FALSE
2019-05-28 08:10:00,0,0.0713872216878621,0,0,FALSE
2019-05-28 08:11:00,0,0.0713872216878621,0,0,FALSE
2019-05-28 08:12:00,0,0.0713872216878621,0,0,FALSE
2019-05-28 08:13:00,0,0.0713872216878621,0,0,FALSE
2019-05-28 08:14:00,0,0.0713872216878621,0,0,FALSE
2019-05-28 08:15:00,0,0.0713872216878621,0,0,FALSE
2019-05-28 08:16:00,0,0.0713872216878621,0,0,FALSE
2019-05-28 08:17:00,0,0.0713872216878621,0,0,FALSE
2019-05-28 08:18:00,0,0.0713872216878621,0,0,FALSE
2019-05-28 08:19:00,0,0.0713872216878621,0,0,FALSE
2019-05-28 08:20:00,0,0.0713872216878621,0,0,FALSE
2019-05-28 08:21:00,0,0.0713872216878621,0,0,FALSE
2019-05-28 08:22:00,0,0.0713872216878621,0,0,FALSE
2019-05-28 08:23:00,0,0.0713872216878621,0,0,FALSE
2019-05-28 08:24:00,0,0.0713872216878621,0,0,FALSE
2019-05-28 08:25:00,0,0.0713872216878621,0,0,FALSE
2019-05-28 08:26:00,0,0.0713872216878621,0,0,FALSE
2019-05-28 08:27:00,0,0.0713872216878621,0,0,FALSE
2019-05-28 08:28:00,2,0.0713288033395087,105.138656122436,0,FALSE
2019-05-28 08:29:00,4,0.0713507102201413,144.97018462611,0,FALSE
2019-05-28 08:30:00,0,0.0713507102201413,0,0,FALSE
2019-05-28 08:31:00,1,0.0713288033395087,24.537108348791,0,FALSE
2019-05-28 08:32:00,2,0.0712411758169786,61.7660994333205,0,FALSE
2019-05-28 08:33:00,1,0.0715040583845689,26.3849975439059,0,FALSE
2019-05-28 08:34:00,5,0.0716267369161102,151.260789213499,4,FALSE
2019-05-28 08:35:00,1,0.072029823519743,9.50793670460607,0,FALSE
2019-05-28 08:36:00,0,0.072029823519743,0,0,FALSE
2019-05-28 08:37:00,0,0.072029823519743,0,0,FALSE
2019-05-28 08:38:00,5,0.0718720939791951,535.468744143069,3,FALSE
2019-05-28 08:39:00,0,0.0718720939791951,0,0,FALSE
2019-05-28 08:40:00,0,0.0718720939791951,0,0,FALSE
2019-05-28 08:41:00,0,0.0718720939791951,0,0,FALSE
2019-05-28 08:42:00,0,0.0718720939791951,0,0,FALSE
2019-05-28 08:43:00,0,0.0718720939791951,0,0,FALSE
2019-05-28 08:44:00,1,0.0715040583845689,21.8802418656781,0,FALSE
2019-05-28 08:45:00,0,0.0715040583845689,0,0,FALSE
2019-05-28 08:46:00,0,0.0715040583845689,0,0,FALSE
2019-05-28 08:47:00,0,0.0715040583845689,0,0,FALSE
2019-05-28 08:48:00,0,0.0715040583845689,0,0,FALSE
2019-05-28 08:49:00,0,0.0715040583845689,0,0,FALSE
2019-05-28 08:50:00,0,0.0715040583845689,0,0,FALSE
2019-05-28 08:51:00,0,0.0715040583845689,0,0,FALSE
2019-05-28 08:52:00,0,0.0715040583845689,0,0,FALSE
2019-05-28 08:53:00,0,0.0715040583845689,0,0,FALSE
2019-05-28 08:54:00,0,0.0715040583845689,0,0,FALSE
2019-05-28 08:55:00,0,0.0715040583845689,0,0,FALSE
2019-05-28 08:56:00,0,0.0715040583845689,0,0,FALSE
2019-05-28 08:57:00,1,0.0715040583845688,715.040583845689,0,FALSE
2019-05-28 08:58:00,1,0.0715040583845689,21.8802418656781,0,FALSE
2019-05-28 08:59:00,2,0.0715040583845689,1326.90081144245,0,FALSE
2019-05-28 09:00:00,1,0.0717669409521592,782.259656378535,0,FALSE
2019-05-28 09:01:00,0,0.0717669409521592,0,0,FALSE
2019-05-28 09:02:00,0,0.0717669409521592,0,0,FALSE
2019-05-28 09:03:00,0,0.0717669409521592,0,0,FALSE
2019-05-28 09:04:00,0,0.0717669409521592,0,0,FALSE
2019-05-28 09:05:00,0,0.0717669409521592,0,0,FALSE
2019-05-28 09:06:00,3,0.0711535482944485,116.905279847779,0,FALSE
2019-05-28 09:07:00,0,0.0711535482944485,0,0,FALSE
2019-05-28 09:08:00,0,0.0711535482944485,0,0,FALSE
2019-05-28 09:09:00,1,0.0710659207719184,85.6344345301617,0,FALSE
2019-05-28 09:10:00,2,0.0709344794881232,147.898345918976,0,FALSE
2019-05-28 09:11:00,0,0.0709344794881232,0,0,FALSE
2019-05-28 09:12:00,0,0.0709344794881232,0,0,FALSE
2019-05-28 09:13:00,0,0.0709344794881232,0,0,FALSE
2019-05-28 09:14:00,0,0.0709344794881232,0,0,FALSE
2019-05-28 09:15:00,0,0.0709344794881232,0,0,FALSE
2019-05-28 09:16:00,0,0.0709344794881232,0,0,FALSE
2019-05-28 09:17:00,1,0.0708030382043281,30.0204881986351,0,FALSE
2019-05-28 09:18:00,0,0.0708030382043281,0,0,FALSE
2019-05-28 09:19:00,2,0.0708906657268582,98.3962440288792,0,FALSE
2019-05-28 09:20:00,0,0.0708906657268582,0,0,FALSE
2019-05-28 09:21:00,2,0.0709344794881232,503.011597425441,2,FALSE
2019-05-28 09:22:00,0,0.0709344794881232,0,0,FALSE
2019-05-28 09:23:00,1,0.0708906657268582,11.5551785134779,0,FALSE
2019-05-28 09:24:00,1,0.0708030382043281,333.199097789568,0,FALSE
2019-05-28 09:25:00,2,0.0708030382043281,56.2176123342365,0,FALSE
2019-05-28 09:26:00,2,0.0708030382043281,61.6694462759697,0,FALSE
2019-05-28 09:27:00,4,0.0706496900399004,1439.62249048207,2,FALSE
2019-05-28 09:28:00,0,0.0706496900399004,0,0,FALSE
2019-05-28 09:29:00,0,0.0706496900399004,0,0,FALSE
2019-05-28 09:30:00,6,0.0705547602238258,1641.22239968087,2,FALSE
2019-05-28 09:31:00,1,0.0706277831592678,160.395695554697,0,FALSE
2019-05-28 09:32:00,3,0.071007502423565,97.4431194663192,3,FALSE
2019-05-28 09:33:00,1,0.070715410681798,21.2146232045394,0,FALSE
2019-05-28 09:34:00,7,0.0712286575994743,1720.96914097224,7,FALSE
2019-05-28 09:35:00,0,0.0712286575994743,0,0,FALSE
2019-05-28 09:36:00,0,0.0712286575994743,0,0,FALSE
2019-05-28 09:37:00,1,0.0709782932493883,96.6014571124175,0,FALSE
2019-05-28 09:38:00,0,0.0709782932493883,0,0,FALSE
2019-05-28 09:39:00,3,0.0707446198559747,184.440161971824,0,FALSE
2019-05-28 09:40:00,0,0.0707446198559747,0,0,FALSE
2019-05-28 09:41:00,0,0.0707446198559747,0,0,FALSE
2019-05-28 09:42:00,0,0.0707446198559747,0,0,FALSE
2019-05-28 09:43:00,0,0.0707446198559747,0,0,FALSE
2019-05-28 09:44:00,0,0.0707446198559747,0,0,FALSE
2019-05-28 09:45:00,0,0.0707446198559747,0,0,FALSE
2019-05-28 09:46:00,0,0.0707446198559747,0,0,FALSE
2019-05-28 09:47:00,0,0.0707446198559747,0,0,FALSE
2019-05-28 09:48:00,0,0.0707446198559747,0,0,FALSE
2019-05-28 09:49:00,4,0.070715410681798,298.701894719915,2,FALSE
2019-05-28 09:50:00,0,0.070715410681798,0,0,FALSE
2019-05-28 09:51:00,2,0.0706277831592678,44.4248756071795,0,FALSE
2019-05-28 09:52:00,2,0.0705401556367356,58.689409489764,0,FALSE
2019-05-28 09:53:00,1,0.0705401556367353,25.5355363404982,0,FALSE
2019-05-28 09:54:00,0,0.0705401556367353,0,0,FALSE
2019-05-28 09:55:00,0,0.0705401556367353,0,0,FALSE
2019-05-28 09:56:00,0,0.0705401556367353,0,0,FALSE
2019-05-28 09:57:00,0,0.0705401556367353,0,0,FALSE
2019-05-28 09:58:00,0,0.0705401556367353,0,0,FALSE
2019-05-28 09:59:00,0,0.0705401556367353,0,0,FALSE
2019-05-28 10:00:00,0,0.0705401556367353,0,0,FALSE
2019-05-28 10:01:00,0,0.0705401556367353,0,0,FALSE
2019-05-28 10:02:00,0,0.0705401556367353,0,0,FALSE
2019-05-28 10:03:00,1,0.0704525281142076,69.8184553611798,0,FALSE
2019-05-28 10:04:00,1,0.070452528114206,39.1716056314986,0,FALSE
2019-05-28 10:05:00,1,0.0704525281142055,28.8855365268243,0,FALSE
2019-05-28 10:06:00,1,0.0704525281142018,10.6383317452445,0,FALSE
2019-05-28 10:07:00,0,0.0704525281142018,0,0,FALSE
2019-05-28 10:08:00,2,0.0704525281142061,35.8603368101308,0,FALSE
2019-05-28 10:09:00,1,0.0704525281142076,175.426795004377,0,FALSE
2019-05-28 10:10:00,1,0.0706277831592679,20.9764515983026,0,FALSE
2019-05-28 10:11:00,0,0.0706277831592679,0,0,FALSE
2019-05-28 10:12:00,0,0.0706277831592679,0,0,FALSE
2019-05-28 10:13:00,1,0.0697292203790419,40.8613231421186,0,FALSE
2019-05-28 10:14:00,0,0.0697292203790419,0,0,FALSE
2019-05-28 10:15:00,0,0.0697292203790419,0,0,FALSE
2019-05-28 10:16:00,0,0.0697292203790419,0,0,FALSE
2019-05-28 10:17:00,0,0.0697292203790419,0,0,FALSE
2019-05-28 10:18:00,1,0.0698158405285811,657.804849460291,0,FALSE
2019-05-28 10:19:00,0,0.0698158405285811,0,0,FALSE
2019-05-28 10:20:00,0,0.0698158405285811,0,0,FALSE
2019-05-28 10:21:00,1,0.0699024606781203,342.522057322789,0,FALSE
2019-05-28 10:22:00,2,0.0699024606781203,43.0599157777221,0,FALSE
2019-05-28 10:23:00,3,0.0699602074444797,335.451514376355,2,FALSE
2019-05-28 10:24:00,0,0.0699602074444797,0,0,FALSE
2019-05-28 10:25:00,0,0.0699602074444797,0,0,FALSE
2019-05-28 10:26:00,0,0.0699602074444797,0,0,FALSE
2019-05-28 10:27:00,0,0.0699602074444797,0,0,FALSE
2019-05-28 10:28:00,1,0.0699024606781203,26.8425449003982,0,FALSE
2019-05-28 10:29:00,1,0.0699024606781203,20.8309332820798,0,FALSE
2019-05-28 10:30:00,0,0.0699024606781203,0,0,FALSE
2019-05-28 10:31:00,0,0.0699024606781203,0,0,FALSE
2019-05-28 10:32:00,1,0.0699024606781203,46.8346486543406,0,FALSE
2019-05-28 10:33:00,0,0.0699024606781203,0,0,FALSE
2019-05-28 10:34:00,0,0.0699024606781203,0,0,FALSE
2019-05-28 10:35:00,0,0.0699024606781203,0,0,FALSE
2019-05-28 10:36:00,0,0.0699024606781203,0,0,FALSE
2019-05-28 10:37:00,0,0.0699024606781203,0,0,FALSE
2019-05-28 10:38:00,1,0.0698158405285811,139.631681057162,0,FALSE
2019-05-28 10:39:00,1,0.0698158405285811,95.2986223215132,0,FALSE
2019-05-28 10:40:00,0,0.0698158405285811,0,0,FALSE
2019-05-28 10:41:00,0,0.0698158405285811,0,0,FALSE
2019-05-28 10:42:00,0,0.0698158405285811,0,0,FALSE
2019-05-28 10:43:00,0,0.0698158405285811,0,0,FALSE
2019-05-28 10:44:00,0,0.0698158405285811,0,0,FALSE
2019-05-28 10:45:00,10,0.0695213320201474,1447.13286777938,0,FALSE
2019-05-28 10:46:00,0,0.0695213320201474,0,0,FALSE
2019-05-28 10:47:00,3,0.0695559800799631,452.46165042016,0,FALSE
2019-05-28 10:48:00,2,0.0694693599304244,312.889997126631,2,FALSE
2019-05-28 10:49:00,0,0.0694693599304244,0,0,FALSE
2019-05-28 10:50:00,1,0.0696426002295021,103.071048339663,0,FALSE
2019-05-28 10:51:00,0,0.0696426002295021,0,0,FALSE
2019-05-28 10:52:00,0,0.0696426002295021,0,0,FALSE
2019-05-28 10:53:00,0,0.0696426002295021,0,0,FALSE
2019-05-28 10:54:00,0,0.0696426002295021,0,0,FALSE
2019-05-28 10:55:00,4,0.0697075653416568,562.570326049434,3,FALSE
2019-05-28 10:56:00,0,0.0697075653416568,0,0,FALSE
2019-05-28 10:57:00,0,0.0697075653416568,0,0,FALSE
2019-05-28 10:58:00,0,0.0697075653416568,0,0,FALSE
2019-05-28 10:59:00,0,0.0697075653416568,0,0,FALSE
2019-05-28 11:00:00,3,0.0697003469958586,529.872692140935,2,FALSE
2019-05-28 11:01:00,0,0.0697003469958586,0,0,FALSE
2019-05-28 11:02:00,0,0.0697003469958586,0,0,FALSE
2019-05-28 11:03:00,0,0.0697003469958586,0,0,FALSE
2019-05-28 11:04:00,0,0.0697003469958586,0,0,FALSE
2019-05-28 11:05:00,0,0.0697003469958586,0,0,FALSE
2019-05-28 11:06:00,0,0.0697003469958586,0,0,FALSE
2019-05-28 11:07:00,0,0.0697003469958586,0,0,FALSE
2019-05-28 11:08:00,0,0.0697003469958586,0,0,FALSE
2019-05-28 11:09:00,2,0.0695559800799614,567.785465392742,0,FALSE
2019-05-28 11:10:00,1,0.0695559800799424,2.85179518327764,0,FALSE
2019-05-28 11:11:00,0,0.0695559800799424,0,0,FALSE
2019-05-28 11:12:00,0,0.0695559800799424,0,0,FALSE
2019-05-28 11:13:00,0,0.0695559800799424,0,0,FALSE
2019-05-28 11:14:00,0,0.0695559800799424,0,0,FALSE
2019-05-28 11:15:00,0,0.0695559800799424,0,0,FALSE
2019-05-28 11:16:00,2,0.0696859103042723,2841.84807178602,0,FALSE
2019-05-28 11:17:00,0,0.0696859103042723,0,0,FALSE
2019-05-28 11:18:00,1,0.0699024606781203,297.085457882011,0,FALSE
2019-05-28 11:19:00,0,0.0699024606781203,0,0,FALSE
2019-05-28 11:20:00,0,0.0699024606781203,0,0,FALSE
2019-05-28 11:21:00,0,0.0699024606781203,0,0,FALSE
2019-05-28 11:22:00,0,0.0699024606781203,0,0,FALSE
2019-05-28 11:23:00,0,0.0699024606781203,0,0,FALSE
2019-05-28 11:24:00,1,0.0696426002295018,64.7676182134367,0,FALSE
2019-05-28 11:25:00,0,0.0696426002295018,0,0,FALSE
2019-05-28 11:26:00,1,0.0696426002295027,183.090396003363,0,FALSE
2019-05-28 11:27:00,0,0.0696426002295027,0,0,FALSE
2019-05-28 11:28:00,0,0.0696426002295027,0,0,FALSE
2019-05-28 11:29:00,0,0.0696426002295027,0,0,FALSE
2019-05-28 11:30:00,0,0.0696426002295027,0,0,FALSE
2019-05-28 11:31:00,0,0.0696426002295027,0,0,FALSE
2019-05-28 11:32:00,2,0.0696859103042721,916.403242499051,0,FALSE
2019-05-28 11:33:00,2,0.0699024606781203,1082.78911590408,0,FALSE
2019-05-28 11:34:00,1,0.0699024606781203,1048.5369101718,0,FALSE
2019-05-28 11:35:00,0,0.0699024606781203,0,0,FALSE
2019-05-28 11:36:00,2,0.0699024606781203,430.878767619933,0,FALSE
2019-05-28 11:37:00,0,0.0699024606781203,0,0,FALSE
2019-05-28 11:38:00,0,0.0699024606781203,0,0,FALSE
2019-05-28 11:39:00,1,0.0698158405285811,10.1232968766443,0,FALSE
2019-05-28 11:40:00,0,0.0698158405285811,0,0,FALSE
2019-05-28 11:41:00,0,0.0698158405285811,0,0,FALSE
2019-05-28 11:42:00,0,0.0698158405285811,0,0,FALSE
2019-05-28 11:43:00,2,0.0698158405285811,22.2712531286174,0,FALSE
2019-05-28 11:44:00,0,0.0698158405285811,0,0,FALSE
2019-05-28 11:45:00,0,0.0698158405285811,0,0,FALSE
2019-05-28 11:46:00,1,0.0699024606781203,40.2638173505973,0,FALSE
2019-05-28 11:47:00,0,0.0699024606781203,0,0,FALSE
2019-05-28 11:48:00,0,0.0699024606781203,0,0,FALSE
2019-05-28 11:49:00,0,0.0699024606781203,0,0,FALSE
2019-05-28 11:50:00,2,0.0698591506033507,52.4614935684059,2,FALSE
2019-05-28 11:51:00,0,0.0698591506033507,0,0,FALSE
2019-05-28 11:52:00,1,0.0698158405285811,20.8051204775172,0,FALSE
2019-05-28 11:53:00,0,0.0698158405285811,0,0,FALSE
2019-05-28 11:54:00,0,0.0698158405285811,0,0,FALSE
2019-05-28 11:55:00,0,0.0698158405285811,0,0,FALSE
2019-05-28 11:56:00,1,0.0699024606781203,19.9222012932643,0,FALSE
2019-05-28 11:57:00,0,0.0699024606781203,0,0,FALSE
2019-05-28 11:58:00,0,0.0699024606781203,0,0,FALSE
2019-05-28 11:59:00,0,0.0699024606781203,0,0,FALSE
2019-05-28 12:00:00,1,0.0698158405285811,111.70534484573,0,FALSE
2019-05-28 12:01:00,0,0.0698158405285811,0,0,FALSE
2019-05-28 12:02:00,0,0.0698158405285811,0,0,FALSE
2019-05-28 12:03:00,0,0.0698158405285811,0,0,FALSE
2019-05-28 12:04:00,0,0.0698158405285811,0,0,FALSE
2019-05-28 12:05:00,0,0.0698158405285811,0,0,FALSE
2019-05-28 12:06:00,0,0.0698158405285811,0,0,FALSE
2019-05-28 12:07:00,1,0.0698158405285811,2583.95407380331,0,FALSE
2019-05-28 12:08:00,0,0.0698158405285811,0,0,FALSE
2019-05-28 12:09:00,2,0.0698158405285811,1417.40119441125,0,FALSE
2019-05-28 12:10:00,0,0.0698158405285811,0,0,FALSE
2019-05-28 12:11:00,0,0.0698158405285811,0,0,FALSE
2019-05-28 12:12:00,1,0.0699024606781203,41.1026468787347,0,FALSE
2019-05-28 12:13:00,0,0.0699024606781203,0,0,FALSE
2019-05-28 12:14:00,0,0.0699024606781203,0,0,FALSE
2019-05-28 12:15:00,0,0.0699024606781203,0,0,FALSE
2019-05-28 12:16:00,0,0.0699024606781203,0,0,FALSE
2019-05-28 12:17:00,0,0.0699024606781203,0,0,FALSE
2019-05-28 12:18:00,0,0.0699024606781203,0,0,FALSE
2019-05-28 12:19:00,0,0.0699024606781203,0,0,FALSE
2019-05-28 12:20:00,1,0.0699890808276595,161.814754873549,0,FALSE
2019-05-28 12:21:00,1,0.0699890808276595,1761.41519718971,0,FALSE
2019-05-28 12:22:00,0,0.0699890808276595,0,0,FALSE
2019-05-28 12:23:00,1,0.0699890808276595,1713.26270958028,0,FALSE
2019-05-28 12:24:00,0,0.0699890808276595,0,0,FALSE
2019-05-28 12:25:00,1,0.0700757009771986,21.3030130970684,0,FALSE
2019-05-28 12:26:00,2,0.0701623211267378,282.82431646188,0,FALSE
2019-05-28 12:27:00,2,0.0701623211267378,21.680157228162,0,FALSE
2019-05-28 12:28:00,0,0.0701623211267378,0,0,FALSE
2019-05-28 12:29:00,1,0.0701623211267378,466.158461566046,0,FALSE
2019-05-28 12:30:00,0,0.0701623211267378,0,0,FALSE
2019-05-28 12:31:00,0,0.0701623211267378,0,0,FALSE
2019-05-28 12:32:00,0,0.0701623211267378,0,0,FALSE
2019-05-28 12:33:00,0,0.0701623211267378,0,0,FALSE
2019-05-28 12:34:00,0,0.0701623211267378,0,0,FALSE
2019-05-28 12:35:00,0,0.0701623211267378,0,0,FALSE
2019-05-28 12:36:00,0,0.0701623211267378,0,0,FALSE
2019-05-28 12:37:00,0,0.0701623211267378,0,0,FALSE
2019-05-28 12:38:00,0,0.0701623211267378,0,0,FALSE
2019-05-28 12:39:00,0,0.0701623211267378,0,0,FALSE
2019-05-28 12:40:00,0,0.0701623211267378,0,0,FALSE
2019-05-28 12:41:00,0,0.0701623211267378,0,0,FALSE
2019-05-28 12:42:00,0,0.0701623211267378,0,0,FALSE
2019-05-28 12:43:00,1,0.0699024606781203,78.1509510381385,0,FALSE
2019-05-28 12:44:00,0,0.0699024606781203,0,0,FALSE
2019-05-28 12:45:00,0,0.0699024606781203,0,0,FALSE
2019-05-28 12:46:00,0,0.0699024606781203,0,0,FALSE
2019-05-28 12:47:00,0,0.0699024606781203,0,0,FALSE
2019-05-28 12:48:00,0,0.0699024606781203,0,0,FALSE
2019-05-28 12:49:00,0,0.0699024606781203,0,0,FALSE
2019-05-28 12:50:00,0,0.0699024606781203,0,0,FALSE
2019-05-28 12:51:00,0,0.0699024606781203,0,0,FALSE
2019-05-28 12:52:00,0,0.0699024606781203,0,0,FALSE
2019-05-28 12:53:00,1,0.0698158405285811,13.4744572220162,0,FALSE
2019-05-28 12:54:00,0,0.0698158405285811,0,0,FALSE
2019-05-28 12:55:00,0,0.0698158405285811,0,0,FALSE
2019-05-28 12:56:00,0,0.0698158405285811,0,0,FALSE
2019-05-28 12:57:00,1,0.0698158405285811,206.724703805129,0,FALSE
2019-05-28 12:58:00,0,0.0698158405285811,0,0,FALSE
2019-05-28 12:59:00,0,0.0698158405285811,0,0,FALSE
2019-05-28 13:00:00,0,0.0698158405285811,0,0,FALSE
2019-05-28 13:01:00,0,0.0698158405285811,0,0,FALSE
2019-05-28 13:02:00,1,0.0698158405285811,8.8666117471298,0,FALSE
2019-05-28 13:03:00,0,0.0698158405285811,0,0,FALSE
2019-05-28 13:04:00,1,0.0698158405285811,35.8853420316907,0,FALSE
2019-05-28 13:05:00,0,0.0698158405285811,0,0,FALSE
2019-05-28 13:06:00,0,0.0698158405285811,0,0,FALSE
2019-05-28 13:07:00,0,0.0698158405285811,0,0,FALSE
2019-05-28 13:08:00,0,0.0698158405285811,0,0,FALSE
2019-05-28 13:09:00,0,0.0698158405285811,0,0,FALSE
2019-05-28 13:10:00,0,0.0698158405285811,0,0,FALSE
2019-05-28 13:11:00,0,0.0698158405285811,0,0,FALSE
2019-05-28 13:12:00,0,0.0698158405285811,0,0,FALSE
2019-05-28 13:13:00,0,0.0698158405285811,0,0,FALSE
2019-05-28 13:14:00,0,0.0698158405285811,0,0,FALSE
2019-05-28 13:15:00,0,0.0698158405285811,0,0,FALSE
2019-05-28 13:16:00,0,0.0698158405285811,0,0,FALSE
2019-05-28 13:17:00,1,0.0698158405285811,12.7064829762018,0,FALSE
2019-05-28 13:18:00,0,0.0698158405285811,0,0,FALSE
2019-05-28 13:19:00,1,0.0698158405285811,43.3556369682489,0,FALSE
2019-05-28 13:20:00,1,0.0698158405285811,17.3841442916167,0,FALSE
2019-05-28 13:21:00,0,0.0698158405285811,0,0,FALSE
2019-05-28 13:22:00,0,0.0698158405285811,0,0,FALSE
2019-05-28 13:23:00,0,0.0698158405285811,0,0,FALSE
2019-05-28 13:24:00,5,0.0690709072425441,497.970750926105,2,FALSE
2019-05-28 13:25:00,5,0.0692787956014374,342.995263199719,3,FALSE
2019-05-28 13:26:00,0,0.0692787956014374,0,0,FALSE
2019-05-28 13:27:00,1,0.0691228793322676,316.582787341786,0,FALSE
2019-05-28 13:28:00,0,0.0691228793322676,0,0,FALSE
2019-05-28 13:29:00,0,0.0691228793322676,0,0,FALSE
2019-05-28 13:30:00,0,0.0691228793322676,0,0,FALSE
2019-05-28 13:31:00,0,0.0691228793322676,0,0,FALSE
2019-05-28 13:32:00,2,0.0689063289584197,1097.77457501466,2,FALSE
2019-05-28 13:33:00,0,0.0689063289584197,0,0,FALSE
2019-05-28 13:34:00,2,0.0686897785845717,342.899374694182,0,FALSE
2019-05-28 13:35:00,0,0.0686897785845717,0,0,FALSE
2019-05-28 13:36:00,0,0.0686897785845717,0,0,FALSE
2019-05-28 13:37:00,1,0.0685165382854934,18.9105645667962,0,FALSE
2019-05-28 13:38:00,4,0.0685815033976478,740.712372770075,2,FALSE
2019-05-28 13:39:00,2,0.0686897785845717,1622.31519061041,0,FALSE
2019-05-28 13:40:00,0,0.0686897785845717,0,0,FALSE
2019-05-28 13:41:00,3,0.0685165382854934,1606.77501606219,3,FALSE
2019-05-28 13:42:00,0,0.0685165382854934,0,0,FALSE
2019-05-28 13:43:00,1,0.0686897785845717,2.61021158621373,0,FALSE
2019-05-28 13:44:00,0,0.0686897785845717,0,0,FALSE
2019-05-28 13:45:00,2,0.0686897785845717,18.1341015463269,2,FALSE
2019-05-28 13:46:00,1,0.0688630188836501,2.754520755346,0,FALSE
2019-05-28 13:47:00,0,0.0688630188836501,0,0,FALSE
2019-05-28 13:48:00,0,0.0688630188836501,0,0,FALSE
2019-05-28 13:49:00,1,0.0687763987341109,17.9506400696029,0,FALSE
2019-05-28 13:50:00,0,0.0687763987341109,0,0,FALSE
2019-05-28 13:51:00,1,0.0687763987341109,343.881993670554,0,FALSE
2019-05-28 13:52:00,1,0.0687763987341109,68.7763987341109,0,FALSE
2019-05-28 13:53:00,2,0.0687763987341109,116.919877847989,0,FALSE
2019-05-28 13:54:00,0,0.0687763987341109,0,0,FALSE
2019-05-28 13:55:00,0,0.0687763987341109,0,0,FALSE
2019-05-28 13:56:00,1,0.0687763987341109,25.3784911328869,0,FALSE
2019-05-28 13:57:00,0,0.0687763987341109,0,0,FALSE
2019-05-28 13:58:00,1,0.0687763987341109,70.4270323037296,0,FALSE
2019-05-28 13:59:00,0,0.0687763987341109,0,0,FALSE
2019-05-28 14:00:00,0,0.0687763987341109,0,0,FALSE
2019-05-28 14:01:00,0,0.0687763987341109,0,0,FALSE
2019-05-28 14:02:00,0,0.0687763987341109,0,0,FALSE
2019-05-28 14:03:00,0,0.0687763987341109,0,0,FALSE
2019-05-28 14:04:00,1,0.0686031584350325,89.4585185992824,0,FALSE
2019-05-28 14:05:00,0,0.0686031584350325,0,0,FALSE
2019-05-28 14:06:00,0,0.0686031584350325,0,0,FALSE
2019-05-28 14:07:00,4,0.0686681235471869,70.7392113226688,2,FALSE
2019-05-28 14:08:00,2,0.0688197088088805,46.501854039811,0,FALSE
2019-05-28 14:09:00,0,0.0688197088088805,0,0,FALSE
2019-05-28 14:10:00,0,0.0688197088088805,0,0,FALSE
2019-05-28 14:11:00,0,0.0688197088088805,0,0,FALSE
2019-05-28 14:12:00,0,0.0688197088088805,0,0,FALSE
2019-05-28 14:13:00,0,0.0688197088088805,0,0,FALSE
2019-05-28 14:14:00,0,0.0688197088088805,0,0,FALSE
2019-05-28 14:15:00,0,0.0688197088088805,0,0,FALSE
2019-05-28 14:16:00,0,0.0688197088088805,0,0,FALSE
2019-05-28 14:17:00,0,0.0688197088088805,0,0,FALSE
2019-05-28 14:18:00,0,0.0688197088088805,0,0,FALSE
2019-05-28 14:19:00,0,0.0688197088088805,0,0,FALSE
2019-05-28 14:20:00,1,0.0686031584350325,20.3065348967696,0,FALSE
2019-05-28 14:21:00,0,0.0686031584350325,0,0,FALSE
2019-05-28 14:22:00,0,0.0686031584350325,0,0,FALSE
2019-05-28 14:23:00,0,0.0686031584350325,0,0,FALSE
2019-05-28 14:24:00,2,0.0691228793322674,236.123755799025,0,FALSE
2019-05-28 14:25:00,1,0.0690362591827284,2.55434158976095,0,FALSE
2019-05-28 14:26:00,0,0.0690362591827284,0,0,FALSE
2019-05-28 14:27:00,0,0.0690362591827284,0,0,FALSE
2019-05-28 14:28:00,0,0.0690362591827284,0,0,FALSE
2019-05-28 14:29:00,0,0.0690362591827284,0,0,FALSE
2019-05-28 14:30:00,0,0.0690362591827284,0,0,FALSE
2019-05-28 14:31:00,1,0.0690362591827284,85.1907438314869,0,FALSE
2019-05-28 14:32:00,0,0.0690362591827284,0,0,FALSE
2019-05-28 14:33:00,0,0.0690362591827284,0,0,FALSE
2019-05-28 14:34:00,0,0.0690362591827284,0,0,FALSE
2019-05-28 14:35:00,0,0.0690362591827284,0,0,FALSE
2019-05-28 14:36:00,1,0.0690362591827284,2.89952288567459,0,FALSE
2019-05-28 14:37:00,0,0.0690362591827284,0,0,FALSE
2019-05-28 14:38:00,0,0.0690362591827284,0,0,FALSE
2019-05-28 14:39:00,1,0.0690362591827284,3.24470418158824,0,FALSE
2019-05-28 14:40:00,0,0.0690362591827284,0,0,FALSE
2019-05-28 14:41:00,0,0.0690362591827284,0,0,FALSE
2019-05-28 14:42:00,0,0.0690362591827284,0,0,FALSE
2019-05-28 14:43:00,0,0.0690362591827284,0,0,FALSE
2019-05-28 14:44:00,1,0.0690362591827284,86.2953239784106,0,FALSE
2019-05-28 14:45:00,0,0.0690362591827284,0,0,FALSE
2019-05-28 14:46:00,0,0.0690362591827284,0,0,FALSE
2019-05-28 14:47:00,0,0.0690362591827284,0,0,FALSE
2019-05-28 14:48:00,1,0.0691659037595065,34.5829518797533,0,FALSE
2019-05-28 14:49:00,0,0.0691659037595065,0,0,FALSE
2019-05-28 14:50:00,0,0.0691659037595065,0,0,FALSE
2019-05-28 14:51:00,0,0.0691659037595065,0,0,FALSE
2019-05-28 14:52:00,0,0.0691659037595065,0,0,FALSE
2019-05-28 14:53:00,0,0.0691659037595065,0,0,FALSE
2019-05-28 14:54:00,0,0.0691659037595065,0,0,FALSE
2019-05-28 14:55:00,1,0.0691659037595065,138.331807519013,0,FALSE
2019-05-28 14:56:00,0,0.0691659037595065,0,0,FALSE
2019-05-28 14:57:00,0,0.0691659037595065,0,0,FALSE
2019-05-28 14:58:00,0,0.0691659037595065,0,0,FALSE
2019-05-28 14:59:00,1,0.0691659037594824,2.48997253534137,0,FALSE
2019-05-28 15:00:00,2,0.0691659037595065,6.29409724211509,0,FALSE
2019-05-28 15:01:00,2,0.0691659037595065,192.972871489023,0,FALSE
2019-05-28 15:02:00,1,0.0691659037595037,21.3722642616867,0,FALSE
2019-05-28 15:03:00,0,0.0691659037595037,0,0,FALSE
2019-05-28 15:04:00,0,0.0691659037595037,0,0,FALSE
2019-05-28 15:05:00,0,0.0691659037595037,0,0,FALSE
2019-05-28 15:06:00,1,0.0691659037595065,10.3057196601665,0,FALSE
2019-05-28 15:07:00,0,0.0691659037595065,0,0,FALSE
2019-05-28 15:08:00,0,0.0691659037595065,0,0,FALSE
2019-05-28 15:09:00,0,0.0691659037595065,0,0,FALSE
2019-05-28 15:10:00,0,0.0691659037595065,0,0,FALSE
2019-05-28 15:11:00,0,0.0691659037595065,0,0,FALSE
2019-05-28 15:12:00,0,0.0691659037595065,0,0,FALSE
2019-05-28 15:13:00,0,0.0691659037595065,0,0,FALSE
2019-05-28 15:14:00,0,0.0691659037595065,0,0,FALSE
2019-05-28 15:15:00,0,0.0691659037595065,0,0,FALSE
2019-05-28 15:16:00,2,0.0688621639061079,258.636394390403,0,FALSE
2019-05-28 15:17:00,0,0.0688621639061079,0,0,FALSE
2019-05-28 15:18:00,0,0.0688621639061079,0,0,FALSE
2019-05-28 15:19:00,0,0.0688621639061079,0,0,FALSE
2019-05-28 15:20:00,0,0.0688621639061079,0,0,FALSE
2019-05-28 15:21:00,1,0.0690791209442499,58.579094560724,0,FALSE
2019-05-28 15:22:00,0,0.0690791209442499,0,0,FALSE
2019-05-28 15:23:00,2,0.0690357295366217,64.483884093598,0,FALSE
2019-05-28 15:24:00,0,0.0690357295366217,0,0,FALSE
2019-05-28 15:25:00,0,0.0690357295366217,0,0,FALSE
2019-05-28 15:26:00,3,0.0690501933391644,454.381282564354,2,FALSE
2019-05-28 15:27:00,0,0.0690501933391644,0,0,FALSE
2019-05-28 15:28:00,0,0.0690501933391644,0,0,FALSE
2019-05-28 15:29:00,0,0.0690501933391644,0,0,FALSE
2019-05-28 15:30:00,0,0.0690501933391644,0,0,FALSE
2019-05-28 15:31:00,3,0.0692526865747628,717.817374118153,3,FALSE
2019-05-28 15:32:00,17,0.0701460390847575,12529.1794795884,14,FALSE
2019-05-28 15:33:00,6,0.0703230079629278,1596.89240597573,2,FALSE
2019-05-28 15:34:00,1,0.0702940803578423,13.0044048662008,0,FALSE
2019-05-28 15:35:00,0,0.0702940803578423,0,0,FALSE
2019-05-28 15:36:00,0,0.0702940803578423,0,0,FALSE
2019-05-28 15:37:00,1,0.0701205147273291,8.76506434091614,0,FALSE
2019-05-28 15:38:00,0,0.0701205147273291,0,0,FALSE
2019-05-28 15:39:00,1,0.0702072975425857,50.830083420832,0,FALSE
2019-05-28 15:40:00,0,0.0702072975425857,0,0,FALSE
2019-05-28 15:41:00,1,0.0700337319120725,86.6317263752337,0,FALSE
2019-05-28 15:42:00,0,0.0700337319120725,0,0,FALSE
2019-05-28 15:43:00,2,0.0700337319120725,199.736203413231,2,FALSE
2019-05-28 15:44:00,0,0.0700337319120725,0,0,FALSE
2019-05-28 15:45:00,0,0.0700337319120725,0,0,FALSE
2019-05-28 15:46:00,3,0.0700337319120725,93.4950321026168,0,FALSE
2019-05-28 15:47:00,0,0.0700337319120725,0,0,FALSE
2019-05-28 15:48:00,0,0.0700337319120725,0,0,FALSE
2019-05-28 15:49:00,0,0.0700337319120725,0,0,FALSE
2019-05-28 15:50:00,5,0.0688534856245828,6196.65966671537,0,FALSE
2019-05-28 15:51:00,3,0.0690791209442499,2006.34579116767,2,FALSE
2019-05-28 15:52:00,3,0.0691659037595065,7.88491302858375,0,FALSE
2019-05-28 15:53:00,0,0.0691659037595065,0,0,FALSE
2019-05-28 15:54:00,0,0.0691659037595065,0,0,FALSE
2019-05-28 15:55:00,2,0.0691659037595065,112.740423127996,0,FALSE
2019-05-28 15:56:00,0,0.0691659037595065,0,0,FALSE
2019-05-28 15:57:00,0,0.0691659037595065,0,0,FALSE
2019-05-28 15:58:00,0,0.0691659037595065,0,0,FALSE
2019-05-28 15:59:00,0,0.0691659037595065,0,0,FALSE
2019-05-28 16:00:00,1,0.0691659037595065,9.5448947188119,0,FALSE
2019-05-28 16:01:00,0,0.0691659037595065,0,0,FALSE
2019-05-28 16:02:00,0,0.0691659037595065,0,0,FALSE
2019-05-28 16:03:00,2,0.0691659037594945,5.04911097444311,0,FALSE
2019-05-28 16:04:00,1,0.0691659037595065,42.1220353895395,0,FALSE
2019-05-28 16:05:00,0,0.0691659037595065,0,0,FALSE
2019-05-28 16:06:00,0,0.0691659037595065,0,0,FALSE
2019-05-28 16:07:00,2,0.0691659037594925,17.3606418436344,0,FALSE
2019-05-28 16:08:00,0,0.0691659037594925,0,0,FALSE
2019-05-28 16:09:00,0,0.0691659037594925,0,0,FALSE
2019-05-28 16:10:00,2,0.0689055553137368,66.1493331011873,0,FALSE
2019-05-28 16:11:00,2,0.0689055553137368,270.109776829848,0,FALSE
2019-05-28 16:12:00,3,0.0689923381289933,65.1287671937697,0,FALSE
2019-05-28 16:13:00,3,0.0689923381289933,445.276550284523,0,FALSE
2019-05-28 16:14:00,1,0.0689923381289934,51.1923148917131,0,FALSE
2019-05-28 16:15:00,3,0.0689923381289933,830.460774058693,0,FALSE
2019-05-28 16:16:00,3,0.0689923381289933,7.72714187044726,0,FALSE
2019-05-28 16:17:00,0,0.0689923381289933,0,0,FALSE
2019-05-28 16:18:00,1,0.0689923381289933,71.6830393160241,0,FALSE
2019-05-28 16:19:00,0,0.0689923381289933,0,0,FALSE
2019-05-28 16:20:00,0,0.0689923381289933,0,0,FALSE
2019-05-28 16:21:00,0,0.0689923381289933,0,0,FALSE
2019-05-28 16:22:00,1,0.0691659037595065,10.374885563926,0,FALSE
2019-05-28 16:23:00,1,0.0691659037595065,259.994632231985,0,FALSE
2019-05-28 16:24:00,0,0.0691659037595065,0,0,FALSE
2019-05-28 16:25:00,0,0.0691659037595065,0,0,FALSE
2019-05-28 16:26:00,0,0.0691659037595065,0,0,FALSE
2019-05-28 16:27:00,0,0.0691659037595065,0,0,FALSE
2019-05-28 16:28:00,0,0.0691659037595065,0,0,FALSE
2019-05-28 16:29:00,0,0.0691659037595065,0,0,FALSE
2019-05-28 16:30:00,2,0.0691659037595065,6.43242904963411,0,FALSE
2019-05-28 16:31:00,0,0.0691659037595065,0,0,FALSE
2019-05-28 16:32:00,0,0.0691659037595065,0,0,FALSE
2019-05-28 16:33:00,0,0.0691659037595065,0,0,FALSE
2019-05-28 16:34:00,0,0.0691659037595065,0,0,FALSE
2019-05-28 16:35:00,0,0.0691659037595065,0,0,FALSE
2019-05-28 16:36:00,1,0.0689923381289934,35.9450081652055,0,FALSE
2019-05-28 16:37:00,2,0.0687753810908519,97.6212946196221,0,FALSE
2019-05-28 16:38:00,0,0.0687753810908519,0,0,FALSE
2019-05-28 16:39:00,1,0.0687319896832236,12.7154180913964,0,FALSE
2019-05-28 16:40:00,1,0.0687319896832236,88.8017306707248,0,FALSE
2019-05-28 16:41:00,1,0.0687319896832236,9.55374656596807,0,FALSE
2019-05-28 16:42:00,2,0.0687319896832236,67.4948138689255,2,FALSE
2019-05-28 16:43:00,0,0.0687319896832236,0,0,FALSE
2019-05-28 16:44:00,0,0.0687319896832236,0,0,FALSE
2019-05-28 16:45:00,0,0.0687319896832236,0,0,FALSE
2019-05-28 16:46:00,0,0.0687319896832236,0,0,FALSE
2019-05-28 16:47:00,0,0.0687319896832236,0,0,FALSE
2019-05-28 16:48:00,0,0.0687319896832236,0,0,FALSE
2019-05-28 16:49:00,0,0.0687319896832236,0,0,FALSE
2019-05-28 16:50:00,0,0.0687319896832236,0,0,FALSE
2019-05-28 16:51:00,0,0.0687319896832236,0,0,FALSE
2019-05-28 16:52:00,0,0.0687319896832236,0,0,FALSE
2019-05-28 16:53:00,0,0.0687319896832236,0,0,FALSE
2019-05-28 16:54:00,0,0.0687319896832236,0,0,FALSE
2019-05-28 16:55:00,0,0.0687319896832236,0,0,FALSE
2019-05-28 16:56:00,0,0.0687319896832236,0,0,FALSE
2019-05-28 16:57:00,1,0.0687319896832236,31.960375202699,0,FALSE
2019-05-28 16:58:00,0,0.0687319896832236,0,0,FALSE
2019-05-28 16:59:00,2,0.0687319896832236,191.693519226511,0,FALSE
2019-05-28 17:00:00,1,0.0687319896832236,13.1965420191789,0,FALSE
2019-05-28 17:01:00,0,0.0687319896832236,0,0,FALSE
2019-05-28 17:02:00,0,0.0687319896832236,0,0,FALSE
2019-05-28 17:03:00,0,0.0687319896832236,0,0,FALSE
2019-05-28 17:04:00,0,0.0687319896832236,0,0,FALSE
2019-05-28 17:05:00,0,0.0687319896832236,0,0,FALSE
2019-05-28 17:06:00,1,0.0687319896832236,9.48501457628485,0,FALSE
2019-05-28 17:07:00,1,0.0687319896832236,9.07262263818551,0,FALSE
2019-05-28 17:08:00,0,0.0687319896832236,0,0,FALSE
2019-05-28 17:09:00,0,0.0687319896832236,0,0,FALSE
2019-05-28 17:10:00,4,0.0687319896832236,426.619459963769,0,FALSE
2019-05-28 17:11:00,2,0.0687319896832236,526.761968932225,0,FALSE
2019-05-28 17:12:00,0,0.0687319896832236,0,0,FALSE
2019-05-28 17:13:00,0,0.0687319896832236,0,0,FALSE
2019-05-28 17:14:00,0,0.0687319896832236,0,0,FALSE
2019-05-28 17:15:00,4,0.0686669025717811,118.308495337674,0,FALSE
2019-05-28 17:16:00,0,0.0686669025717811,0,0,FALSE
2019-05-28 17:17:00,0,0.0686669025717811,0,0,FALSE
2019-05-28 17:18:00,0,0.0686669025717811,0,0,FALSE
2019-05-28 17:19:00,0,0.0686669025717811,0,0,FALSE
2019-05-28 17:20:00,2,0.0687319896832236,5.22363121592499,0,FALSE
2019-05-28 17:21:00,1,0.0687319896832236,134.714699779118,0,FALSE
2019-05-28 17:22:00,0,0.0687319896832236,0,0,FALSE
2019-05-28 17:23:00,0,0.0687319896832236,0,0,FALSE
2019-05-28 17:24:00,1,0.0687319896832236,687.319896832236,0,FALSE
2019-05-28 17:25:00,1,0.0687319896832236,203.309225482975,0,FALSE
2019-05-28 17:26:00,0,0.0687319896832236,0,0,FALSE
2019-05-28 17:27:00,0,0.0687319896832236,0,0,FALSE
2019-05-28 17:28:00,0,0.0687319896832236,0,0,FALSE
2019-05-28 17:29:00,1,0.0687319896832236,130.384584429075,0,FALSE
2019-05-28 17:30:00,0,0.0687319896832236,0,0,FALSE
2019-05-28 17:31:00,0,0.0687319896832236,0,0,FALSE
2019-05-28 17:32:00,0,0.0687319896832236,0,0,FALSE
2019-05-28 17:33:00,0,0.0687319896832236,0,0,FALSE
2019-05-28 17:34:00,0,0.0687319896832236,0,0,FALSE
2019-05-28 17:35:00,0,0.0687319896832236,0,0,FALSE
2019-05-28 17:36:00,1,0.068645206867967,17.0240113032558,0,FALSE
2019-05-28 17:37:00,3,0.068645206867967,87.5912839635259,0,FALSE
2019-05-28 17:38:00,1,0.068645206867967,86.6302510673743,0,FALSE
2019-05-28 17:39:00,3,0.0685005688425393,185.812594967832,2,FALSE
2019-05-28 17:40:00,4,0.0682980756069397,102.310517259195,0,FALSE
2019-05-28 17:41:00,3,0.0682112927916835,148.837040871454,0,FALSE
2019-05-28 17:42:00,2,0.068211292791684,130.283569232116,2,FALSE
2019-05-28 17:43:00,4,0.0680377271611695,681.73802615493,0,FALSE
2019-05-28 17:44:00,5,0.0678120918415027,273.952780237855,0,FALSE
2019-05-28 17:45:00,1,0.067777378715401,11.2510448667566,0,FALSE
2019-05-28 17:46:00,4,0.0678641615306576,402.880975461295,0,FALSE
2019-05-28 17:47:00,2,0.067777378715401,47.1730555859191,0,FALSE
2019-05-28 17:48:00,1,0.067777378715401,12.9454793346416,0,FALSE
2019-05-28 17:49:00,1,0.067777378715401,23.1120861419517,0,FALSE
2019-05-28 17:50:00,1,0.067777378715401,59.7118706482683,0,FALSE
2019-05-28 17:51:00,5,0.067777378715401,150.669112884336,0,FALSE
2019-05-28 17:52:00,2,0.0679509443459142,33.4318646181898,0,FALSE
2019-05-28 17:53:00,1,0.0679509443459142,17.2595398638622,0,FALSE
2019-05-28 17:54:00,0,0.0679509443459142,0,0,FALSE
2019-05-28 17:55:00,0,0.0679509443459142,0,0,FALSE
2019-05-28 17:56:00,5,0.0679335877828623,1111.53035262729,0,FALSE
2019-05-28 17:57:00,0,0.0679335877828623,0,0,FALSE
2019-05-28 17:58:00,0,0.0679335877828623,0,0,FALSE
2019-05-28 17:59:00,0,0.0679335877828623,0,0,FALSE
2019-05-28 18:00:00,2,0.0679075529382859,508.465721557308,0,FALSE
2019-05-28 18:01:00,0,0.0679075529382859,0,0,FALSE
2019-05-28 18:02:00,0,0.0679075529382859,0,0,FALSE
2019-05-28 18:03:00,0,0.0679075529382859,0,0,FALSE
2019-05-28 18:04:00,0,0.0679075529382859,0,0,FALSE
2019-05-28 18:05:00,1,0.0680377271611708,21.1597331471241,0,FALSE
2019-05-28 18:06:00,3,0.0681245099764267,365.453803594321,3,FALSE
2019-05-28 18:07:00,1,0.0680377271611708,40.7545985695413,0,FALSE
2019-05-28 18:08:00,2,0.0681245099764266,79.0299856728313,2,FALSE
2019-05-28 18:09:00,0,0.0681245099764266,0,0,FALSE
2019-05-28 18:10:00,0,0.0681245099764266,0,0,FALSE
2019-05-28 18:11:00,1,0.0680377271611689,31.8416563114271,0,FALSE
2019-05-28 18:12:00,0,0.0680377271611689,0,0,FALSE
2019-05-28 18:13:00,0,0.0680377271611689,0,0,FALSE
2019-05-28 18:14:00,3,0.0682112927916826,1223.64238139002,0,FALSE
2019-05-28 18:15:00,0,0.0682112927916826,0,0,FALSE
2019-05-28 18:16:00,0,0.0682112927916826,0,0,FALSE
2019-05-28 18:17:00,0,0.0682112927916826,0,0,FALSE
2019-05-28 18:18:00,1,0.068211292791684,17.3256683690877,0,FALSE
2019-05-28 18:19:00,1,0.0682112927916839,422.841804015648,0,FALSE
2019-05-28 18:20:00,0,0.0682112927916839,0,0,FALSE
2019-05-28 18:21:00,0,0.0682112927916839,0,0,FALSE
2019-05-28 18:22:00,0,0.0682112927916839,0,0,FALSE
2019-05-28 18:23:00,0,0.0682112927916839,0,0,FALSE
2019-05-28 18:24:00,1,0.0682112927916599,2.45560654049976,0,FALSE
2019-05-28 18:25:00,0,0.0682112927916599,0,0,FALSE
2019-05-28 18:26:00,2,0.068211292791684,250.33544454548,0,FALSE
2019-05-28 18:27:00,1,0.0681245099764274,123.509736587263,0,FALSE
2019-05-28 18:28:00,0,0.0681245099764274,0,0,FALSE
2019-05-28 18:29:00,0,0.0681245099764274,0,0,FALSE
2019-05-28 18:30:00,1,0.068211292791684,17.3256683690877,0,FALSE
2019-05-28 18:31:00,0,0.068211292791684,0,0,FALSE
2019-05-28 18:32:00,0,0.068211292791684,0,0,FALSE
2019-05-28 18:33:00,0,0.068211292791684,0,0,FALSE
2019-05-28 18:34:00,1,0.068211292791684,18.8263168105048,0,FALSE
2019-05-28 18:35:00,0,0.068211292791684,0,0,FALSE
2019-05-28 18:36:00,0,0.068211292791684,0,0,FALSE
2019-05-28 18:37:00,0,0.068211292791684,0,0,FALSE
2019-05-28 18:38:00,0,0.068211292791684,0,0,FALSE
2019-05-28 18:39:00,0,0.068211292791684,0,0,FALSE
2019-05-28 18:40:00,0,0.068211292791684,0,0,FALSE
2019-05-28 18:41:00,0,0.068211292791684,0,0,FALSE
2019-05-28 18:42:00,0,0.068211292791684,0,0,FALSE
2019-05-28 18:43:00,0,0.068211292791684,0,0,FALSE
2019-05-28 18:44:00,0,0.068211292791684,0,0,FALSE
2019-05-28 18:45:00,1,0.0682112927916655,3.20593076120828,0,FALSE
2019-05-28 18:46:00,1,0.0682112927916825,40.8585643822178,0,FALSE
2019-05-28 18:47:00,0,0.0682112927916825,0,0,FALSE
2019-05-28 18:48:00,0,0.0682112927916825,0,0,FALSE
2019-05-28 18:49:00,1,0.068211292791684,11.2548633106279,0,FALSE
2019-05-28 18:50:00,0,0.068211292791684,0,0,FALSE
2019-05-28 18:51:00,1,0.068211292791684,552.51147161264,0,FALSE
2019-05-28 18:52:00,1,0.068211292791684,17.3256683690877,0,FALSE
2019-05-28 18:53:00,0,0.068211292791684,0,0,FALSE
2019-05-28 18:54:00,0,0.068211292791684,0,0,FALSE
2019-05-28 18:55:00,0,0.068211292791684,0,0,FALSE
2019-05-28 18:56:00,0,0.068211292791684,0,0,FALSE
2019-05-28 18:57:00,1,0.068211292791684,2.86487429725073,0,FALSE
2019-05-28 18:58:00,1,0.0680377271611706,247.249100503694,0,FALSE
2019-05-28 18:59:00,0,0.0680377271611706,0,0,FALSE
2019-05-28 19:00:00,0,0.0680377271611706,0,0,FALSE
2019-05-28 19:01:00,0,0.0680377271611706,0,0,FALSE
2019-05-28 19:02:00,1,0.0680377271611708,17.3496204260986,0,FALSE
2019-05-28 19:03:00,0,0.0680377271611708,0,0,FALSE
2019-05-28 19:04:00,0,0.0680377271611708,0,0,FALSE
2019-05-28 19:05:00,0,0.0680377271611708,0,0,FALSE
2019-05-28 19:06:00,0,0.0680377271611708,0,0,FALSE
2019-05-28 19:07:00,0,0.0680377271611708,0,0,FALSE
2019-05-28 19:08:00,0,0.0680377271611708,0,0,FALSE
2019-05-28 19:09:00,0,0.0680377271611708,0,0,FALSE
2019-05-28 19:10:00,0,0.0680377271611708,0,0,FALSE
2019-05-28 19:11:00,0,0.0680377271611708,0,0,FALSE
2019-05-28 19:12:00,1,0.0680377271611708,10.2056590741756,0,FALSE
2019-05-28 19:13:00,2,0.0680377271611708,41.1628249325083,0,FALSE
2019-05-28 19:14:00,0,0.0680377271611708,0,0,FALSE
2019-05-28 19:15:00,0,0.0680377271611708,0,0,FALSE
2019-05-28 19:16:00,0,0.0680377271611708,0,0,FALSE
2019-05-28 19:17:00,1,0.0679509443459086,10.6003473179617,0,FALSE
2019-05-28 19:18:00,0,0.0679509443459086,0,0,FALSE
2019-05-28 19:19:00,10,0.0672306469792845,854.788079962683,2,FALSE
2019-05-28 19:20:00,2,0.0672132904162331,25.8600639870518,2,FALSE
2019-05-28 19:21:00,4,0.0676533130968456,235.771796142507,0,FALSE
2019-05-28 19:22:00,1,0.0676533130968456,8.86258401568677,0,FALSE
2019-05-28 19:23:00,5,0.0676358766759443,922.183357008356,0,FALSE
2019-05-28 19:24:00,0,0.0676358766759443,0,0,FALSE
2019-05-28 19:25:00,1,0.0675661309923393,292.628913327822,0,FALSE
2019-05-28 19:26:00,1,0.0675661309923393,74.9984054014967,0,FALSE
2019-05-28 19:27:00,1,0.0675661309923393,72.2957601618031,0,FALSE
2019-05-28 19:28:00,1,0.0676533130968456,2.77378583697067,0,FALSE
2019-05-28 19:29:00,1,0.0675661309923393,95.8763398781295,0,FALSE
2019-05-28 19:30:00,1,0.0675661309923393,18.0401569749546,0,FALSE
2019-05-28 19:31:00,5,0.0675661309923393,1858.60913133727,0,FALSE
2019-05-28 19:32:00,0,0.0675661309923393,0,0,FALSE
2019-05-28 19:33:00,1,0.0675661309923393,129.11887632636,0,FALSE
2019-05-28 19:34:00,4,0.0676533130968456,608.87981787161,0,FALSE
2019-05-28 19:35:00,0,0.0676533130968456,0,0,FALSE
2019-05-28 19:36:00,3,0.0677114344998497,594.94419437681,2,FALSE
2019-05-28 19:37:00,0,0.0677114344998497,0,0,FALSE
2019-05-28 19:38:00,3,0.0678567380073602,1400.47806992002,3,FALSE
2019-05-28 19:39:00,4,0.0676533130968456,46.6131327237266,0,FALSE
2019-05-28 19:40:00,1,0.0676533130968456,3.31501234174543,0,FALSE
2019-05-28 19:41:00,7,0.067840131892216,2315.20683390046,6,FALSE
2019-05-28 19:42:00,1,0.0676533130968456,34.8414562448755,0,FALSE
2019-05-28 19:43:00,2,0.0677840862536049,293.861842649749,0,FALSE
2019-05-28 19:44:00,0,0.0677840862536049,0,0,FALSE
2019-05-28 19:45:00,1,0.0678276773058581,17.4317130676055,0,FALSE
2019-05-28 19:46:00,0,0.0678276773058581,0,0,FALSE
2019-05-28 19:47:00,0,0.0678276773058581,0,0,FALSE
2019-05-28 19:48:00,0,0.0678276773058581,0,0,FALSE
2019-05-28 19:49:00,2,0.0678276773058581,908.076943770828,0,FALSE
2019-05-28 19:50:00,0,0.0678276773058581,0,0,FALSE
2019-05-28 19:51:00,2,0.0678276773058581,59.4170453199317,0,FALSE
2019-05-28 19:52:00,0,0.0678276773058581,0,0,FALSE
2019-05-28 19:53:00,0,0.0678276773058581,0,0,FALSE
2019-05-28 19:54:00,0,0.0678276773058581,0,0,FALSE
2019-05-28 19:55:00,0,0.0678276773058581,0,0,FALSE
2019-05-28 19:56:00,1,0.0678276773058581,105.13289982408,0,FALSE
2019-05-28 19:57:00,3,0.0679729808133685,97.6817940803493,2,FALSE
2019-05-28 19:58:00,0,0.0679729808133685,0,0,FALSE
2019-05-28 19:59:00,0,0.0679729808133685,0,0,FALSE
2019-05-28 20:00:00,0,0.0679729808133685,0,0,FALSE
2019-05-28 20:01:00,1,0.0680892236193768,13.549755500256,0,FALSE
2019-05-28 20:02:00,0,0.0680892236193768,0,0,FALSE
2019-05-28 20:03:00,0,0.0680892236193768,0,0,FALSE
2019-05-28 20:04:00,0,0.0680892236193768,0,0,FALSE
2019-05-28 20:05:00,0,0.0680892236193768,0,0,FALSE
2019-05-28 20:06:00,0,0.0680892236193768,0,0,FALSE
2019-05-28 20:07:00,0,0.0680892236193768,0,0,FALSE
2019-05-28 20:08:00,0,0.0680892236193768,0,0,FALSE
2019-05-28 20:09:00,0,0.0680892236193768,0,0,FALSE
2019-05-28 20:10:00,1,0.0680892236193768,75.0343244285532,0,FALSE
2019-05-28 20:11:00,0,0.0680892236193768,0,0,FALSE
2019-05-28 20:12:00,1,0.0680892236193768,3.20019351011071,0,FALSE
2019-05-28 20:13:00,1,0.0680892236193768,724.673606981027,0,FALSE
2019-05-28 20:14:00,1,0.0680892236193768,340.446118096884,0,FALSE
2019-05-28 20:15:00,0,0.0680892236193768,0,0,FALSE
2019-05-28 20:16:00,0,0.0680892236193768,0,0,FALSE
2019-05-28 20:17:00,1,0.0680892236193768,168.452739234338,0,FALSE
2019-05-28 20:18:00,0,0.0680892236193768,0,0,FALSE
2019-05-28 20:19:00,0,0.0680892236193768,0,0,FALSE
2019-05-28 20:20:00,0,0.0680892236193768,0,0,FALSE
2019-05-28 20:21:00,5,0.0681415328820803,171.083546419918,0,FALSE
2019-05-28 20:22:00,0,0.0681415328820803,0,0,FALSE
2019-05-28 20:23:00,2,0.0680020415148697,135.052054448531,0,FALSE
2019-05-28 20:24:00,1,0.0680020415148706,17.4085226278069,0,FALSE
2019-05-28 20:25:00,2,0.0681328146716298,260.630639875103,2,FALSE
2019-05-28 20:26:00,0,0.0681328146716298,0,0,FALSE
2019-05-28 20:27:00,3,0.0681182843208788,404.179200682501,2,FALSE
2019-05-28 20:28:00,0,0.0681182843208788,0,0,FALSE
2019-05-28 20:29:00,0,0.0681182843208788,0,0,FALSE
2019-05-28 20:30:00,3,0.0680311022163707,211.271968316266,2,FALSE
2019-05-28 20:31:00,0,0.0680311022163707,0,0,FALSE
2019-05-28 20:32:00,0,0.0680311022163707,0,0,FALSE
2019-05-28 20:33:00,0,0.0680311022163707,0,0,FALSE
2019-05-28 20:34:00,0,0.0680311022163707,0,0,FALSE
2019-05-28 20:35:00,0,0.0680311022163707,0,0,FALSE
2019-05-28 20:36:00,0,0.0680311022163707,0,0,FALSE
2019-05-28 20:37:00,0,0.0680311022163707,0,0,FALSE
2019-05-28 20:38:00,2,0.0680456325671237,1081.12470300527,2,FALSE
2019-05-28 20:39:00,0,0.0680456325671237,0,0,FALSE
2019-05-28 20:40:00,0,0.0680456325671237,0,0,FALSE
2019-05-28 20:41:00,0,0.0680456325671237,0,0,FALSE
2019-05-28 20:42:00,5,0.0684030791955992,1664.88787966126,5,FALSE
2019-05-28 20:43:00,0,0.0684030791955992,0,0,FALSE
2019-05-28 20:44:00,0,0.0684030791955992,0,0,FALSE
2019-05-28 20:45:00,0,0.0684030791955992,0,0,FALSE
2019-05-28 20:46:00,0,0.0684030791955992,0,0,FALSE
2019-05-28 20:47:00,0,0.0684030791955992,0,0,FALSE
2019-05-28 20:48:00,0,0.0684030791955992,0,0,FALSE
2019-05-28 20:49:00,0,0.0684030791955992,0,0,FALSE
2019-05-28 20:50:00,0,0.0684030791955992,0,0,FALSE
2019-05-28 20:51:00,0,0.0684030791955992,0,0,FALSE
2019-05-28 20:52:00,0,0.0684030791955992,0,0,FALSE
2019-05-28 20:53:00,1,0.0680892236193768,9.396312859474,0,FALSE
2019-05-28 20:54:00,1,0.0680892236193768,70.1999895515775,0,FALSE
2019-05-28 20:55:00,1,0.0680892236193768,17.4308412465605,0,FALSE
2019-05-28 20:56:00,1,0.0680892236193768,22.8779791361106,0,FALSE
2019-05-28 20:57:00,0,0.0680892236193768,0,0,FALSE
2019-05-28 20:58:00,0,0.0680892236193768,0,0,FALSE
2019-05-28 20:59:00,1,0.068176405723883,634.585984477903,0,FALSE
2019-05-28 21:00:00,1,0.0682635878283893,105.467243194861,0,FALSE
2019-05-28 21:01:00,16,0.0689882890720974,2716.61704376174,16,FALSE
2019-05-28 21:02:00,10,0.0687082165613709,1939.00777065609,5,FALSE
2019-05-28 21:03:00,3,0.0683217092313933,225.527986045127,2,FALSE
2019-05-28 21:04:00,0,0.0683217092313933,0,0,FALSE
2019-05-28 21:05:00,2,0.0683943609851485,2633.29606029987,2,FALSE
2019-05-28 21:06:00,0,0.0683943609851485,0,0,FALSE
2019-05-28 21:07:00,0,0.0683943609851485,0,0,FALSE
2019-05-28 21:08:00,0,0.0683943609851485,0,0,FALSE
2019-05-28 21:09:00,0,0.0683943609851485,0,0,FALSE
2019-05-28 21:10:00,0,0.0683943609851485,0,0,FALSE
2019-05-28 21:11:00,0,0.0683943609851485,0,0,FALSE
2019-05-28 21:12:00,2,0.0683071788806408,68.2874757250231,2,FALSE
2019-05-28 21:13:00,2,0.0683943609851476,112.563692137459,2,FALSE
2019-05-28 21:14:00,0,0.0683943609851476,0,0,FALSE
2019-05-28 21:15:00,2,0.0682635878283867,143.285270851787,0,FALSE
2019-05-28 21:16:00,1,0.0684379520374018,2.39532832130906,0,FALSE
2019-05-28 21:17:00,0,0.0684379520374018,0,0,FALSE
2019-05-28 21:18:00,1,0.0684379520374018,17.3832398175001,0,FALSE
2019-05-28 21:19:00,0,0.0684379520374018,0,0,FALSE
2019-05-28 21:20:00,2,0.0683943609851487,1230.22005084767,2,FALSE
2019-05-28 21:21:00,1,0.0683507699328955,16.1307817041633,0,FALSE
2019-05-28 21:22:00,0,0.0683507699328955,0,0,FALSE
2019-05-28 21:23:00,2,0.0684379520374001,5780.20099112692,0,FALSE
2019-05-28 21:24:00,0,0.0684379520374001,0,0,FALSE
2019-05-28 21:25:00,0,0.0684379520374001,0,0,FALSE
2019-05-28 21:26:00,0,0.0684379520374001,0,0,FALSE
2019-05-28 21:27:00,0,0.0684379520374001,0,0,FALSE
2019-05-28 21:28:00,2,0.0685251341419075,273.483810360353,0,FALSE
2019-05-28 21:29:00,0,0.0685251341419075,0,0,FALSE
2019-05-28 21:30:00,0,0.0685251341419075,0,0,FALSE
2019-05-28 21:31:00,1,0.068525134141908,17.4053840720446,0,FALSE
2019-05-28 21:32:00,0,0.068525134141908,0,0,FALSE
2019-05-28 21:33:00,0,0.068525134141908,0,0,FALSE
2019-05-28 21:34:00,0,0.068525134141908,0,0,FALSE
2019-05-28 21:35:00,0,0.068525134141908,0,0,FALSE
2019-05-28 21:36:00,0,0.068525134141908,0,0,FALSE
2019-05-28 21:37:00,0,0.068525134141908,0,0,FALSE
2019-05-28 21:38:00,3,0.0685251341419071,8004.07829344556,2,FALSE
2019-05-28 21:39:00,0,0.0685251341419071,0,0,FALSE
2019-05-28 21:40:00,0,0.0685251341419071,0,0,FALSE
2019-05-28 21:41:00,0,0.0685251341419071,0,0,FALSE
2019-05-28 21:42:00,0,0.0685251341419071,0,0,FALSE
2019-05-28 21:43:00,0,0.0685251341419071,0,0,FALSE
2019-05-28 21:44:00,0,0.0685251341419071,0,0,FALSE
2019-05-28 21:45:00,0,0.0685251341419071,0,0,FALSE
2019-05-28 21:46:00,0,0.0685251341419071,0,0,FALSE
2019-05-28 21:47:00,11,0.0680892236193768,269.633325532732,0,FALSE
2019-05-28 21:48:00,0,0.0680892236193768,0,0,FALSE
2019-05-28 21:49:00,0,0.0680892236193768,0,0,FALSE
2019-05-28 21:50:00,0,0.0680892236193768,0,0,FALSE
2019-05-28 21:51:00,0,0.0680892236193768,0,0,FALSE
2019-05-28 21:52:00,0,0.0680892236193768,0,0,FALSE
2019-05-28 21:53:00,0,0.0680892236193768,0,0,FALSE
2019-05-28 21:54:00,0,0.0680892236193768,0,0,FALSE
2019-05-28 21:55:00,0,0.0680892236193768,0,0,FALSE
2019-05-28 21:56:00,2,0.0680892236193768,69.5871865390031,0,FALSE
2019-05-28 21:57:00,0,0.0680892236193768,0,0,FALSE
2019-05-28 21:58:00,1,0.0680892236193768,66.9317068178474,0,FALSE
2019-05-28 21:59:00,0,0.0680892236193768,0,0,FALSE
2019-05-28 22:00:00,0,0.0680892236193768,0,0,FALSE
2019-05-28 22:01:00,2,0.0683507699328952,150.807953103319,2,FALSE
2019-05-28 22:02:00,0,0.0683507699328952,0,0,FALSE
2019-05-28 22:03:00,3,0.068379830634396,86.6940590852175,2,FALSE
2019-05-28 22:04:00,1,0.0682635878283893,13.1748724508791,0,FALSE
2019-05-28 22:05:00,1,0.0683507699328955,160.487607802439,0,FALSE
2019-05-28 22:06:00,19,0.0692225909779579,7466.40358760839,14,FALSE
2019-05-28 22:07:00,6,0.0689901053659413,449.212506490471,0,FALSE
2019-05-28 22:08:00,7,0.0691603180461678,2561.79086746173,6,FALSE
2019-05-28 22:09:00,0,0.0691603180461678,0,0,FALSE
2019-05-28 22:10:00,2,0.0688302715076799,660.941134670141,0,FALSE
2019-05-28 22:11:00,1,0.0686994983509205,51.6620227598922,0,FALSE
2019-05-28 22:12:00,0,0.0686994983509205,0,0,FALSE
2019-05-28 22:13:00,2,0.0687866804554268,689.724044926564,0,FALSE
2019-05-28 22:14:00,0,0.0687866804554268,0,0,FALSE
2019-05-28 22:15:00,0,0.0687866804554268,0,0,FALSE
2019-05-28 22:16:00,0,0.0687866804554268,0,0,FALSE
2019-05-28 22:17:00,0,0.0687866804554268,0,0,FALSE
2019-05-28 22:18:00,0,0.0687866804554268,0,0,FALSE
2019-05-28 22:19:00,1,0.0682635878283865,21.2299758146282,0,FALSE
2019-05-28 22:20:00,6,0.0679148594103643,724.176145892715,0,FALSE
2019-05-28 22:21:00,3,0.0679148594103643,42.7184465691192,0,FALSE
2019-05-28 22:22:00,0,0.0679148594103643,0,0,FALSE
2019-05-28 22:23:00,0,0.0679148594103643,0,0,FALSE
2019-05-28 22:24:00,0,0.0679148594103643,0,0,FALSE
2019-05-28 22:25:00,0,0.0679148594103643,0,0,FALSE
2019-05-28 22:26:00,0,0.0679148594103643,0,0,FALSE
2019-05-28 22:27:00,0,0.0679148594103643,0,0,FALSE
2019-05-28 22:28:00,0,0.0679148594103643,0,0,FALSE
2019-05-28 22:29:00,0,0.0679148594103643,0,0,FALSE
2019-05-28 22:30:00,0,0.0679148594103643,0,0,FALSE
2019-05-28 22:31:00,2,0.0681764057238825,139.42074970534,0,FALSE
2019-05-28 22:32:00,0,0.0681764057238825,0,0,FALSE
2019-05-28 22:33:00,1,0.0680892236193768,125.284171459653,0,FALSE
2019-05-28 22:34:00,0,0.0680892236193768,0,0,FALSE
2019-05-28 22:35:00,5,0.0680892236193768,103.291352230595,0,FALSE
2019-05-28 22:36:00,8,0.0680892236193768,174.308412465605,0,FALSE
2019-05-28 22:37:00,4,0.0681110191455023,69.9450690780004,0,FALSE
2019-05-28 22:38:00,2,0.068176405723883,50.4505402356735,2,FALSE
2019-05-28 22:39:00,1,0.0680892236193768,18.5202688244705,0,FALSE
2019-05-28 22:40:00,3,0.0681182843208789,41.4019967910749,0,FALSE
2019-05-28 22:41:00,1,0.0680892236193768,11.3709003444359,0,FALSE
2019-05-28 22:42:00,1,0.0680892236193768,21.3800162164843,0,FALSE
2019-05-28 22:43:00,2,0.0680892236193768,30.6401506287196,0,FALSE
2019-05-28 22:44:00,5,0.0680892236193768,105.606385833653,0,FALSE
2019-05-28 22:45:00,1,0.0680892236193768,21.3800162164843,0,FALSE
2019-05-28 22:46:00,1,0.0681764057238595,2.5225270117828,0,FALSE
2019-05-28 22:47:00,0,0.0681764057238595,0,0,FALSE
2019-05-28 22:48:00,0,0.0681764057238595,0,0,FALSE
2019-05-28 22:49:00,0,0.0681764057238595,0,0,FALSE
2019-05-28 22:50:00,0,0.0681764057238595,0,0,FALSE
2019-05-28 22:51:00,0,0.0681764057238595,0,0,FALSE
2019-05-28 22:52:00,3,0.0682345271268854,66.4457537673278,2,FALSE
2019-05-28 22:53:00,0,0.0682345271268854,0,0,FALSE
2019-05-28 22:54:00,0,0.0682345271268854,0,0,FALSE
2019-05-28 22:55:00,0,0.0682345271268854,0,0,FALSE
2019-05-28 22:56:00,0,0.0682345271268854,0,0,FALSE
2019-05-28 22:57:00,0,0.0682345271268854,0,0,FALSE
2019-05-28 22:58:00,0,0.0682345271268854,0,0,FALSE
2019-05-28 22:59:00,0,0.0682345271268854,0,0,FALSE
2019-05-28 23:00:00,0,0.0682345271268854,0,0,FALSE
2019-05-28 23:01:00,1,0.0682635878283893,90.654044636101,0,FALSE
2019-05-28 23:02:00,2,0.0682199967761296,18.2145211839653,2,FALSE
2019-05-28 23:03:00,0,0.0682199967761296,0,0,FALSE
2019-05-28 23:04:00,0,0.0682199967761296,0,0,FALSE
2019-05-28 23:05:00,1,0.068176405723883,2.45435060605979,0,FALSE
2019-05-28 23:06:00,0,0.068176405723883,0,0,FALSE
2019-05-28 23:07:00,0,0.068176405723883,0,0,FALSE
2019-05-28 23:08:00,0,0.068176405723883,0,0,FALSE
2019-05-28 23:09:00,0,0.068176405723883,0,0,FALSE
2019-05-28 23:10:00,0,0.068176405723883,0,0,FALSE
2019-05-28 23:11:00,0,0.068176405723883,0,0,FALSE
2019-05-28 23:12:00,0,0.068176405723883,0,0,FALSE
2019-05-28 23:13:00,0,0.068176405723883,0,0,FALSE
2019-05-28 23:14:00,2,0.068176405723883,34.2245556733893,0,FALSE
2019-05-28 23:15:00,1,0.068176405723883,10.2264608585825,0,FALSE
2019-05-28 23:16:00,0,0.068176405723883,0,0,FALSE
2019-05-28 23:17:00,4,0.0683071788806411,111.95176094593,3,FALSE
2019-05-28 23:18:00,3,0.0683217092313926,141.983990759927,2,FALSE
2019-05-28 23:19:00,0,0.0683217092313926,0,0,FALSE
2019-05-28 23:20:00,0,0.0683217092313926,0,0,FALSE
2019-05-28 23:21:00,0,0.0683217092313926,0,0,FALSE
2019-05-28 23:22:00,0,0.0683217092313926,0,0,FALSE
2019-05-28 23:23:00,0,0.0683217092313926,0,0,FALSE
2019-05-28 23:24:00,0,0.0683217092313926,0,0,FALSE
2019-05-28 23:25:00,0,0.0683217092313926,0,0,FALSE
2019-05-28 23:26:00,3,0.068176405723883,331.337331818072,0,FALSE
2019-05-28 23:27:00,0,0.068176405723883,0,0,FALSE
2019-05-28 23:28:00,0,0.068176405723883,0,0,FALSE
2019-05-28 23:29:00,0,0.068176405723883,0,0,FALSE
2019-05-28 23:30:00,0,0.068176405723883,0,0,FALSE
2019-05-28 23:31:00,2,0.0683071788806423,842.209032992164,2,FALSE
2019-05-28 23:32:00,1,0.0683507699328955,1707.60728523353,0,FALSE
2019-05-28 23:33:00,0,0.0683507699328955,0,0,FALSE
2019-05-28 23:34:00,2,0.0682635878283893,50.1054734660377,0,FALSE
2019-05-28 23:35:00,0,0.0682635878283893,0,0,FALSE
2019-05-28 23:36:00,0,0.0682635878283893,0,0,FALSE
2019-05-28 23:37:00,2,0.0683507699328955,39.7801481009452,2,FALSE
2019-05-28 23:38:00,0,0.0683507699328955,0,0,FALSE
2019-05-28 23:39:00,0,0.0683507699328955,0,0,FALSE
2019-05-28 23:40:00,0,0.0683507699328955,0,0,FALSE
2019-05-28 23:41:00,0,0.0683507699328955,0,0,FALSE
2019-05-28 23:42:00,1,0.0683507699328955,10.457667799733,0,FALSE
2019-05-28 23:43:00,0,0.0683507699328955,0,0,FALSE
2019-05-28 23:44:00,0,0.0683507699328955,0,0,FALSE
2019-05-28 23:45:00,0,0.0683507699328955,0,0,FALSE
2019-05-28 23:46:00,1,0.0682635878283893,26.2814813139299,0,FALSE
2019-05-28 23:47:00,1,0.0682635878283669,2.66227992530631,0,FALSE
2019-05-28 23:48:00,0,0.0682635878283669,0,0,FALSE
2019-05-28 23:49:00,2,0.068176405723883,31.497499444434,0,FALSE
2019-05-28 23:50:00,2,0.068176405723883,43.6328996632852,0,FALSE
2019-05-28 23:51:00,8,0.0681764057238827,414.785252424104,0,FALSE
2019-05-28 23:52:00,2,0.068176405723883,40.7013142171582,0,FALSE
2019-05-28 23:53:00,0,0.068176405723883,0,0,FALSE
2019-05-28 23:54:00,1,0.0682635878283893,3.14012504010591,0,FALSE
2019-05-28 23:55:00,0,0.0682635878283893,0,0,FALSE
2019-05-28 23:56:00,3,0.0678053669080866,65.0931522317632,0,FALSE
2019-05-28 23:57:00,0,0.0678053669080866,0,0,FALSE
2019-05-28 23:58:00,4,0.0678270161312387,46.0423554404764,2,FALSE
2019-05-28 23:59:00,0,0.0678270161312387,0,0,FALSE
2019-05-29,1,0.0678053669080858,16.4767041586648,0,FALSE
2019-05-29 00:01:00,7,0.067805366908087,133.034129873666,0,FALSE
2019-05-29 00:02:00,1,0.0678053669080849,13.1542411801685,0,FALSE
2019-05-29 00:03:00,1,0.0678053669080893,3.1868522446802,0,FALSE
2019-05-29 00:04:00,5,0.067736089394007,189.954353978466,0,FALSE
2019-05-29 00:05:00,0,0.067736089394007,0,0,FALSE
2019-05-29 00:06:00,5,0.067978560693295,497.409520219951,3,FALSE
2019-05-29 00:07:00,2,0.0681517544784918,20.3773745890709,0,FALSE
2019-05-29 00:08:00,2,0.0680651575858981,49.0069134618466,0,FALSE
2019-05-29 00:09:00,7,0.0680775285705547,462.30998111324,0,FALSE
2019-05-29 00:10:00,3,0.067891963800691,88.5990127599017,0,FALSE
2019-05-29 00:11:00,0,0.067891963800691,0,0,FALSE
2019-05-29 00:12:00,0,0.067891963800691,0,0,FALSE
2019-05-29 00:13:00,0,0.067891963800691,0,0,FALSE
2019-05-29 00:14:00,0,0.067891963800691,0,0,FALSE
2019-05-29 00:15:00,0,0.067891963800691,0,0,FALSE
2019-05-29 00:16:00,0,0.067891963800691,0,0,FALSE
2019-05-29 00:17:00,0,0.067891963800691,0,0,FALSE
2019-05-29 00:18:00,1,0.0677187700154842,26.2071639959924,0,FALSE
2019-05-29 00:19:00,3,0.0676610387537504,67.8611353069248,0,FALSE
2019-05-29 00:20:00,0,0.0676610387537504,0,0,FALSE
2019-05-29 00:21:00,0,0.0676610387537504,0,0,FALSE
2019-05-29 00:22:00,0,0.0676610387537504,0,0,FALSE
2019-05-29 00:23:00,0,0.0676610387537504,0,0,FALSE
2019-05-29 00:24:00,0,0.0676610387537504,0,0,FALSE
2019-05-29 00:25:00,4,0.0677620684617878,2234.60259130293,3,FALSE
2019-05-29 00:26:00,3,0.0678630981698243,172.270142749344,0,FALSE
2019-05-29 00:27:00,0,0.0678630981698243,0,0,FALSE
2019-05-29 00:28:00,2,0.0678053669080892,199.686805544322,0,FALSE
2019-05-29 00:29:00,2,0.0678919638006922,5.70292495925815,0,FALSE
2019-05-29 00:30:00,1,0.0678919638006922,1018.37945701038,0,FALSE
2019-05-29 00:31:00,0,0.0678919638006922,0,0,FALSE
2019-05-29 00:32:00,0,0.0678919638006922,0,0,FALSE
2019-05-29 00:33:00,0,0.0678919638006922,0,0,FALSE
2019-05-29 00:34:00,0,0.0678919638006922,0,0,FALSE
2019-05-29 00:35:00,0,0.0678919638006922,0,0,FALSE
2019-05-29 00:36:00,0,0.0678919638006922,0,0,FALSE
2019-05-29 00:37:00,0,0.0678919638006922,0,0,FALSE
2019-05-29 00:38:00,0,0.0678919638006922,0,0,FALSE
2019-05-29 00:39:00,1,0.0678919638006923,2.37621873302423,0,FALSE
2019-05-29 00:40:00,0,0.0678919638006923,0,0,FALSE
2019-05-29 00:41:00,0,0.0678919638006923,0,0,FALSE
2019-05-29 00:42:00,0,0.0678919638006923,0,0,FALSE
2019-05-29 00:43:00,0,0.0678919638006923,0,0,FALSE
2019-05-29 00:44:00,0,0.0678919638006923,0,0,FALSE
2019-05-29 00:45:00,0,0.0678919638006923,0,0,FALSE
2019-05-29 00:46:00,0,0.0678919638006923,0,0,FALSE
2019-05-29 00:47:00,0,0.0678919638006923,0,0,FALSE
2019-05-29 00:48:00,0,0.0678919638006923,0,0,FALSE
2019-05-29 00:49:00,2,0.0675455762302806,38.7036151799508,0,FALSE
2019-05-29 00:50:00,0,0.0675455762302806,0,0,FALSE
2019-05-29 00:51:00,0,0.0675455762302806,0,0,FALSE
2019-05-29 00:52:00,0,0.0675455762302806,0,0,FALSE
2019-05-29 00:53:00,0,0.0675455762302806,0,0,FALSE
2019-05-29 00:54:00,0,0.0675455762302806,0,0,FALSE
2019-05-29 00:55:00,1,0.0675455762302806,79.6362343755008,0,FALSE
2019-05-29 00:56:00,0,0.0675455762302806,0,0,FALSE
2019-05-29 00:57:00,2,0.0676321731228835,10.4829868340469,0,FALSE
2019-05-29 00:58:00,0,0.0676321731228835,0,0,FALSE
2019-05-29 00:59:00,0,0.0676321731228835,0,0,FALSE
2019-05-29 01:00:00,1,0.0677187700154864,86.5445880797916,0,FALSE
2019-05-29 01:01:00,0,0.0677187700154864,0,0,FALSE
2019-05-29 01:02:00,0,0.0677187700154864,0,0,FALSE
2019-05-29 01:03:00,0,0.0677187700154864,0,0,FALSE
2019-05-29 01:04:00,0,0.0677187700154864,0,0,FALSE
2019-05-29 01:05:00,0,0.0677187700154864,0,0,FALSE
2019-05-29 01:06:00,0,0.0677187700154864,0,0,FALSE
2019-05-29 01:07:00,0,0.0677187700154864,0,0,FALSE
2019-05-29 01:08:00,0,0.0677187700154864,0,0,FALSE
2019-05-29 01:09:00,0,0.0677187700154864,0,0,FALSE
2019-05-29 01:10:00,0,0.0677187700154864,0,0,FALSE
2019-05-29 01:11:00,0,0.0677187700154864,0,0,FALSE
2019-05-29 01:12:00,0,0.0677187700154864,0,0,FALSE
2019-05-29 01:13:00,0,0.0677187700154864,0,0,FALSE
2019-05-29 01:14:00,0,0.0677187700154864,0,0,FALSE
2019-05-29 01:15:00,0,0.0677187700154864,0,0,FALSE
2019-05-29 01:16:00,0,0.0677187700154864,0,0,FALSE
2019-05-29 01:17:00,0,0.0677187700154864,0,0,FALSE
2019-05-29 01:18:00,0,0.0677187700154864,0,0,FALSE
2019-05-29 01:19:00,1,0.0677187700154864,8.73572133199775,0,FALSE
2019-05-29 01:20:00,1,0.0678919638006922,9.02963118549207,0,FALSE
2019-05-29 01:21:00,0,0.0678919638006922,0,0,FALSE
2019-05-29 01:22:00,1,0.0680651575858978,178.262647717466,0,FALSE
2019-05-29 01:23:00,1,0.0680651575858976,125.920541533911,0,FALSE
2019-05-29 01:24:00,0,0.0680651575858976,0,0,FALSE
2019-05-29 01:25:00,0,0.0680651575858976,0,0,FALSE
2019-05-29 01:26:00,0,0.0680651575858976,0,0,FALSE
2019-05-29 01:27:00,0,0.0680651575858976,0,0,FALSE
2019-05-29 01:28:00,3,0.0680651575858979,363.604071823867,0,FALSE
2019-05-29 01:29:00,0,0.0680651575858979,0,0,FALSE
2019-05-29 01:30:00,0,0.0680651575858979,0,0,FALSE
2019-05-29 01:31:00,0,0.0680651575858979,0,0,FALSE
2019-05-29 01:32:00,0,0.0680651575858979,0,0,FALSE
2019-05-29 01:33:00,3,0.068238351371104,3330.70752225353,3,FALSE
2019-05-29 01:34:00,0,0.068238351371104,0,0,FALSE
2019-05-29 01:35:00,0,0.068238351371104,0,0,FALSE
2019-05-29 01:36:00,1,0.0684981420489127,357.491803353275,0,FALSE
2019-05-29 01:37:00,1,0.0684981420489127,684.981420489127,0,FALSE
2019-05-29 01:38:00,0,0.0684981420489127,0,0,FALSE
2019-05-29 01:39:00,0,0.0684981420489127,0,0,FALSE
2019-05-29 01:40:00,0,0.0684981420489127,0,0,FALSE
2019-05-29 01:41:00,0,0.0684981420489127,0,0,FALSE
2019-05-29 01:42:00,0,0.0684981420489127,0,0,FALSE
2019-05-29 01:43:00,1,0.068238351371104,127.059810252996,0,FALSE
2019-05-29 01:44:00,0,0.068238351371104,0,0,FALSE
2019-05-29 01:45:00,0,0.068238351371104,0,0,FALSE
2019-05-29 01:46:00,0,0.068238351371104,0,0,FALSE
2019-05-29 01:47:00,0,0.068238351371104,0,0,FALSE
2019-05-29 01:48:00,0,0.068238351371104,0,0,FALSE
2019-05-29 01:49:00,0,0.068238351371104,0,0,FALSE
2019-05-29 01:50:00,1,0.0680651575858981,17.4927454995758,0,FALSE
2019-05-29 01:51:00,2,0.0680651575858981,19.4666350695669,0,FALSE
2019-05-29 01:52:00,0,0.0680651575858981,0,0,FALSE
2019-05-29 01:53:00,1,0.0680651575858981,46.4204374735825,0,FALSE
2019-05-29 01:54:00,0,0.0680651575858981,0,0,FALSE
2019-05-29 01:55:00,0,0.0680651575858981,0,0,FALSE
2019-05-29 01:56:00,0,0.0680651575858981,0,0,FALSE
2019-05-29 01:57:00,0,0.0680651575858981,0,0,FALSE
2019-05-29 01:58:00,0,0.0680651575858981,0,0,FALSE
2019-05-29 01:59:00,1,0.0680651575858981,42.6768538063581,0,FALSE
2019-05-29 02:00:00,0,0.0680651575858981,0,0,FALSE
2019-05-29 02:01:00,0,0.0680651575858981,0,0,FALSE
2019-05-29 02:02:00,0,0.0680651575858981,0,0,FALSE
2019-05-29 02:03:00,0,0.0680651575858981,0,0,FALSE
2019-05-29 02:04:00,0,0.0680651575858981,0,0,FALSE
2019-05-29 02:05:00,0,0.0680651575858981,0,0,FALSE
2019-05-29 02:06:00,4,0.0682816498174054,664.171321227719,4,FALSE
2019-05-29 02:07:00,0,0.0682816498174054,0,0,FALSE
2019-05-29 02:08:00,0,0.0682816498174054,0,0,FALSE
2019-05-29 02:09:00,4,0.0681950529248021,478.831715656061,3,FALSE
2019-05-29 02:10:00,0,0.0681950529248021,0,0,FALSE
2019-05-29 02:11:00,0,0.0681950529248021,0,0,FALSE
2019-05-29 02:12:00,0,0.0681950529248021,0,0,FALSE
2019-05-29 02:13:00,0,0.0681950529248021,0,0,FALSE
2019-05-29 02:14:00,0,0.0681950529248021,0,0,FALSE
2019-05-29 02:15:00,0,0.0681950529248021,0,0,FALSE
2019-05-29 02:16:00,0,0.0681950529248021,0,0,FALSE
2019-05-29 02:17:00,2,0.068151754478501,1293.42989284607,0,FALSE
2019-05-29 02:18:00,0,0.068151754478501,0,0,FALSE
2019-05-29 02:19:00,3,0.0678919638006849,41.6177738098235,0,FALSE
2019-05-29 02:20:00,3,0.0678053669080879,85.2991515703746,0,FALSE
2019-05-29 02:21:00,0,0.0678053669080879,0,0,FALSE
2019-05-29 02:22:00,2,0.0675022777839791,235.003269867003,0,FALSE
2019-05-29 02:23:00,1,0.0675455762302806,70.5175815844129,0,FALSE
2019-05-29 02:24:00,6,0.0674734121531115,323.721699741806,0,FALSE
2019-05-29 02:25:00,4,0.0674589793376776,117.985754861598,2,FALSE
2019-05-29 02:26:00,0,0.0674589793376776,0,0,FALSE
2019-05-29 02:27:00,0,0.0674589793376776,0,0,FALSE
2019-05-29 02:28:00,0,0.0674589793376776,0,0,FALSE
2019-05-29 02:29:00,0,0.0674589793376776,0,0,FALSE
2019-05-29 02:30:00,1,0.0675455762302806,8.71337933370619,0,FALSE
2019-05-29 02:31:00,0,0.0675455762302806,0,0,FALSE
2019-05-29 02:32:00,1,0.0675455762302806,352.452816769604,0,FALSE
2019-05-29 02:33:00,0,0.0675455762302806,0,0,FALSE
2019-05-29 02:34:00,0,0.0675455762302806,0,0,FALSE
2019-05-29 02:35:00,0,0.0675455762302806,0,0,FALSE
2019-05-29 02:36:00,0,0.0675455762302806,0,0,FALSE
2019-05-29 02:37:00,0,0.0675455762302806,0,0,FALSE
2019-05-29 02:38:00,0,0.0675455762302806,0,0,FALSE
2019-05-29 02:39:00,0,0.0675455762302806,0,0,FALSE
2019-05-29 02:40:00,1,0.0673723824450747,179.816888745904,0,FALSE
2019-05-29 02:41:00,1,0.0672857855524718,19.7820209524267,0,FALSE
2019-05-29 02:42:00,0,0.0672857855524718,0,0,FALSE
2019-05-29 02:43:00,1,0.0672857855524718,532.230563720052,0,FALSE
2019-05-29 02:44:00,0,0.0672857855524718,0,0,FALSE
2019-05-29 02:45:00,0,0.0672857855524718,0,0,FALSE
2019-05-29 02:46:00,0,0.0672857855524718,0,0,FALSE
2019-05-29 02:47:00,0,0.0672857855524718,0,0,FALSE
2019-05-29 02:48:00,0,0.0672857855524718,0,0,FALSE
2019-05-29 02:49:00,0,0.0672857855524718,0,0,FALSE
2019-05-29 02:50:00,0,0.0672857855524718,0,0,FALSE
2019-05-29 02:51:00,0,0.0672857855524718,0,0,FALSE
2019-05-29 02:52:00,0,0.0672857855524718,0,0,FALSE
2019-05-29 02:53:00,0,0.0672857855524718,0,0,FALSE
2019-05-29 02:54:00,0,0.0672857855524718,0,0,FALSE
2019-05-29 02:55:00,3,0.0674012480759423,269.494985384533,2,FALSE
2019-05-29 02:56:00,0,0.0674012480759423,0,0,FALSE
2019-05-29 02:57:00,0,0.0674012480759423,0,0,FALSE
2019-05-29 02:58:00,0,0.0674012480759423,0,0,FALSE
2019-05-29 02:59:00,1,0.0673723824450747,10.3079745140964,0,FALSE
2019-05-29 03:00:00,1,0.0674589793376776,2.42852325615639,0,FALSE
2019-05-29 03:01:00,1,0.0674589793376776,14.436221578263,0,FALSE
2019-05-29 03:02:00,1,0.0675455762302806,191.964527646457,0,FALSE
2019-05-29 03:03:00,0,0.0675455762302806,0,0,FALSE
2019-05-29 03:04:00,1,0.0674589793376776,18.0115474831599,0,FALSE
2019-05-29 03:05:00,0,0.0674589793376776,0,0,FALSE
2019-05-29 03:06:00,1,0.0676321731228835,2.90818344428399,0,FALSE
2019-05-29 03:07:00,1,0.0675455762302806,15.9407559903462,0,FALSE
2019-05-29 03:08:00,0,0.0675455762302806,0,0,FALSE
2019-05-29 03:09:00,0,0.0675455762302806,0,0,FALSE
2019-05-29 03:10:00,0,0.0675455762302806,0,0,FALSE
2019-05-29 03:11:00,0,0.0675455762302806,0,0,FALSE
2019-05-29 03:12:00,0,0.0675455762302806,0,0,FALSE
2019-05-29 03:13:00,0,0.0675455762302806,0,0,FALSE
2019-05-29 03:14:00,2,0.0674589793376776,31.9755562060592,2,FALSE
2019-05-29 03:15:00,0,0.0674589793376776,0,0,FALSE
2019-05-29 03:16:00,0,0.0674589793376776,0,0,FALSE
2019-05-29 03:17:00,0,0.0674589793376776,0,0,FALSE
2019-05-29 03:18:00,0,0.0674589793376776,0,0,FALSE
2019-05-29 03:19:00,0,0.0674589793376776,0,0,FALSE
2019-05-29 03:20:00,0,0.0674589793376776,0,0,FALSE
2019-05-29 03:21:00,0,0.0674589793376776,0,0,FALSE
2019-05-29 03:22:00,0,0.0674589793376776,0,0,FALSE
2019-05-29 03:23:00,0,0.0674589793376776,0,0,FALSE
2019-05-29 03:24:00,0,0.0674589793376776,0,0,FALSE
2019-05-29 03:25:00,0,0.0674589793376776,0,0,FALSE
2019-05-29 03:26:00,0,0.0674589793376776,0,0,FALSE
2019-05-29 03:27:00,0,0.0674589793376776,0,0,FALSE
2019-05-29 03:28:00,0,0.0674589793376776,0,0,FALSE
2019-05-29 03:29:00,0,0.0674589793376776,0,0,FALSE
2019-05-29 03:30:00,0,0.0674589793376776,0,0,FALSE
2019-05-29 03:31:00,1,0.0678053669080677,2.71221467632271,0,FALSE
2019-05-29 03:32:00,1,0.0678053669080893,105.437345542079,0,FALSE
2019-05-29 03:33:00,0,0.0678053669080893,0,0,FALSE
2019-05-29 03:34:00,1,0.0678053669080826,8.74689233114266,0,FALSE
2019-05-29 03:35:00,0,0.0678053669080826,0,0,FALSE
2019-05-29 03:36:00,0,0.0678053669080826,0,0,FALSE
2019-05-29 03:37:00,0,0.0678053669080826,0,0,FALSE
2019-05-29 03:38:00,0,0.0678053669080826,0,0,FALSE
2019-05-29 03:39:00,0,0.0678053669080826,0,0,FALSE
2019-05-29 03:40:00,0,0.0678053669080826,0,0,FALSE
2019-05-29 03:41:00,0,0.0678053669080826,0,0,FALSE
2019-05-29 03:42:00,0,0.0678053669080826,0,0,FALSE
2019-05-29 03:43:00,0,0.0678053669080826,0,0,FALSE
2019-05-29 03:44:00,0,0.0678053669080826,0,0,FALSE
2019-05-29 03:45:00,0,0.0678053669080826,0,0,FALSE
2019-05-29 03:46:00,1,0.0677187700154864,3.04734465069689,0,FALSE
2019-05-29 03:47:00,0,0.0677187700154864,0,0,FALSE
2019-05-29 03:48:00,0,0.0677187700154864,0,0,FALSE
2019-05-29 03:49:00,2,0.0678053669080874,60.6179980158301,0,FALSE
2019-05-29 03:50:00,0,0.0678053669080874,0,0,FALSE
2019-05-29 03:51:00,3,0.0678919638006922,1340.22364952366,3,FALSE
2019-05-29 03:52:00,1,0.0678919638006726,2.98724640722959,0,FALSE
2019-05-29 03:53:00,0,0.0678919638006726,0,0,FALSE
2019-05-29 03:54:00,0,0.0678919638006726,0,0,FALSE
2019-05-29 03:55:00,2,0.0678053669080893,121.44348218634,2,FALSE
2019-05-29 03:56:00,0,0.0678053669080893,0,0,FALSE
2019-05-29 03:57:00,0,0.0678053669080893,0,0,FALSE
2019-05-29 03:58:00,0,0.0678053669080893,0,0,FALSE
2019-05-29 03:59:00,1,0.0677187700154864,2.70875080061946,0,FALSE
2019-05-29 04:00:00,1,0.0677187700154864,8.66800256198226,0,FALSE
2019-05-29 04:01:00,0,0.0677187700154864,0,0,FALSE
2019-05-29 04:02:00,1,0.0673723824450747,20.8854385579732,0,FALSE
2019-05-29 04:03:00,0,0.0673723824450747,0,0,FALSE
2019-05-29 04:04:00,2,0.0676754715691832,26.0816850986107,2,FALSE
2019-05-29 04:05:00,0,0.0676754715691832,0,0,FALSE
2019-05-29 04:06:00,1,0.0678053669080893,2.84782541013975,0,FALSE
2019-05-29 04:07:00,0,0.0678053669080893,0,0,FALSE
2019-05-29 04:08:00,0,0.0678053669080893,0,0,FALSE
2019-05-29 04:09:00,0,0.0678053669080893,0,0,FALSE
2019-05-29 04:10:00,0,0.0678053669080893,0,0,FALSE
2019-05-29 04:11:00,1,0.0675455762302806,12.9012050599836,0,FALSE
2019-05-29 04:12:00,1,0.0677187700154864,18.0809115941349,0,FALSE
2019-05-29 04:13:00,3,0.0677187700154786,131.442132600058,2,FALSE
2019-05-29 04:14:00,0,0.0677187700154786,0,0,FALSE
2019-05-29 04:15:00,0,0.0677187700154786,0,0,FALSE
2019-05-29 04:16:00,0,0.0677187700154786,0,0,FALSE
2019-05-29 04:17:00,0,0.0677187700154786,0,0,FALSE
2019-05-29 04:18:00,0,0.0677187700154786,0,0,FALSE
2019-05-29 04:19:00,0,0.0677187700154786,0,0,FALSE
2019-05-29 04:20:00,0,0.0677187700154786,0,0,FALSE
2019-05-29 04:21:00,1,0.0675455762302806,20.939128631387,0,FALSE
2019-05-29 04:22:00,0,0.0675455762302806,0,0,FALSE
2019-05-29 04:23:00,0,0.0675455762302806,0,0,FALSE
2019-05-29 04:24:00,0,0.0675455762302806,0,0,FALSE
2019-05-29 04:25:00,0,0.0675455762302806,0,0,FALSE
2019-05-29 04:26:00,1,0.0673723824450747,51.6746173353723,0,FALSE
2019-05-29 04:27:00,2,0.0673723824450747,11.5206773981078,0,FALSE
2019-05-29 04:28:00,0,0.0673723824450747,0,0,FALSE
2019-05-29 04:29:00,1,0.0672857855524718,3.22971770651865,0,FALSE
2019-05-29 04:30:00,0,0.0672857855524718,0,0,FALSE
2019-05-29 04:31:00,4,0.0669716069139979,2011.4829658164,4,FALSE
2019-05-29 04:32:00,1,0.067186673089059,59.4602056838172,0,FALSE
2019-05-29 04:33:00,1,0.0670146201490102,40.6108598103002,0,FALSE
2019-05-29 04:34:00,0,0.0670146201490102,0,0,FALSE
2019-05-29 04:35:00,0,0.0670146201490102,0,0,FALSE
2019-05-29 04:36:00,0,0.0670146201490102,0,0,FALSE
2019-05-29 04:37:00,0,0.0670146201490102,0,0,FALSE
2019-05-29 04:38:00,0,0.0670146201490102,0,0,FALSE
2019-05-29 04:39:00,0,0.0670146201490102,0,0,FALSE
2019-05-29 04:40:00,0,0.0670146201490102,0,0,FALSE
2019-05-29 04:41:00,0,0.0670146201490102,0,0,FALSE
2019-05-29 04:42:00,1,0.066756540738937,18.024265999513,0,FALSE
2019-05-29 04:43:00,4,0.067036126766515,80.6605689566303,4,FALSE
2019-05-29 04:44:00,0,0.067036126766515,0,0,FALSE
2019-05-29 04:45:00,2,0.0671436598540468,39.8720644857306,2,FALSE
2019-05-29 04:46:00,0,0.0671436598540468,0,0,FALSE
2019-05-29 04:47:00,1,0.0668425672089614,19.3175019233898,0,FALSE
2019-05-29 04:48:00,0,0.0668425672089614,0,0,FALSE
2019-05-29 04:49:00,0,0.0668425672089614,0,0,FALSE
2019-05-29 04:50:00,0,0.0668425672089614,0,0,FALSE
2019-05-29 04:51:00,0,0.0668425672089614,0,0,FALSE
2019-05-29 04:52:00,0,0.0668425672089614,0,0,FALSE
2019-05-29 04:53:00,0,0.0668425672089614,0,0,FALSE
2019-05-29 04:54:00,0,0.0668425672089614,0,0,FALSE
2019-05-29 04:55:00,0,0.0668425672089614,0,0,FALSE
2019-05-29 04:56:00,1,0.0668425672089614,34.2902369781972,0,FALSE
2019-05-29 04:57:00,0,0.0668425672089614,0,0,FALSE
2019-05-29 04:58:00,1,0.0669285936789858,248.305082549037,0,FALSE
2019-05-29 04:59:00,0,0.0669285936789858,0,0,FALSE
2019-05-29 05:00:00,0,0.0669285936789858,0,0,FALSE
2019-05-29 05:01:00,0,0.0669285936789858,0,0,FALSE
2019-05-29 05:02:00,0,0.0669285936789858,0,0,FALSE
2019-05-29 05:03:00,0,0.0669285936789858,0,0,FALSE
2019-05-29 05:04:00,0,0.0669285936789858,0,0,FALSE
2019-05-29 05:05:00,0,0.0669285936789858,0,0,FALSE
2019-05-29 05:06:00,0,0.0669285936789858,0,0,FALSE
2019-05-29 05:07:00,0,0.0669285936789858,0,0,FALSE
2019-05-29 05:08:00,0,0.0669285936789858,0,0,FALSE
2019-05-29 05:09:00,2,0.0668425672089614,49.1961294657956,2,FALSE
2019-05-29 05:10:00,0,0.0668425672089614,0,0,FALSE
2019-05-29 05:11:00,0,0.0668425672089614,0,0,FALSE
2019-05-29 05:12:00,0,0.0668425672089614,0,0,FALSE
2019-05-29 05:13:00,0,0.0668425672089614,0,0,FALSE
2019-05-29 05:14:00,0,0.0668425672089614,0,0,FALSE
2019-05-29 05:15:00,0,0.0668425672089614,0,0,FALSE
2019-05-29 05:16:00,18,0.0674782072374748,5296.32673000757,16,FALSE
2019-05-29 05:17:00,0,0.0674782072374748,0,0,FALSE
2019-05-29 05:18:00,0,0.0674782072374748,0,0,FALSE
2019-05-29 05:19:00,2,0.0673157127940955,860.176695165197,2,FALSE
2019-05-29 05:20:00,0,0.0673157127940955,0,0,FALSE
2019-05-29 05:21:00,0,0.0673157127940955,0,0,FALSE
2019-05-29 05:22:00,0,0.0673157127940955,0,0,FALSE
2019-05-29 05:23:00,2,0.0667995539739492,3089.10420985937,0,FALSE
2019-05-29 05:24:00,5,0.0668769777969711,3787.23404781018,3,FALSE
2019-05-29 05:25:00,1,0.0668425672089614,224.657868389319,0,FALSE
2019-05-29 05:26:00,3,0.0671293221090427,526.305900365208,0,FALSE
2019-05-29 05:27:00,2,0.0672726995590827,175.858579029744,0,FALSE
2019-05-29 05:28:00,0,0.0672726995590827,0,0,FALSE
2019-05-29 05:29:00,0,0.0672726995590827,0,0,FALSE
2019-05-29 05:30:00,0,0.0672726995590827,0,0,FALSE
2019-05-29 05:31:00,0,0.0672726995590827,0,0,FALSE
2019-05-29 05:32:00,0,0.0672726995590827,0,0,FALSE
2019-05-29 05:33:00,0,0.0672726995590827,0,0,FALSE
2019-05-29 05:34:00,0,0.0672726995590827,0,0,FALSE
2019-05-29 05:35:00,0,0.0672726995590827,0,0,FALSE
2019-05-29 05:36:00,0,0.0672726995590827,0,0,FALSE
2019-05-29 05:37:00,0,0.0672726995590827,0,0,FALSE
2019-05-29 05:38:00,0,0.0672726995590827,0,0,FALSE
2019-05-29 05:39:00,0,0.0672726995590827,0,0,FALSE
2019-05-29 05:40:00,0,0.0672726995590827,0,0,FALSE
2019-05-29 05:41:00,1,0.0669285936789858,19.3423635732269,0,FALSE
2019-05-29 05:42:00,0,0.0669285936789858,0,0,FALSE
2019-05-29 05:43:00,0,0.0669285936789858,0,0,FALSE
2019-05-29 05:44:00,0,0.0669285936789858,0,0,FALSE
2019-05-29 05:45:00,0,0.0669285936789858,0,0,FALSE
2019-05-29 05:46:00,0,0.0669285936789858,0,0,FALSE
2019-05-29 05:47:00,3,0.0663550838788231,29.2633662287912,0,FALSE
2019-05-29 05:48:00,0,0.0663550838788231,0,0,FALSE
2019-05-29 05:49:00,3,0.0660683289787387,89.3904491082358,0,FALSE
2019-05-29 05:50:00,0,0.0660683289787387,0,0,FALSE
2019-05-29 05:51:00,4,0.0660683289787417,602.080681983273,0,FALSE
2019-05-29 05:52:00,0,0.0660683289787417,0,0,FALSE
2019-05-29 05:53:00,2,0.0660683289787417,22.265026865836,0,FALSE
2019-05-29 05:54:00,0,0.0660683289787417,0,0,FALSE
2019-05-29 05:55:00,0,0.0660683289787417,0,0,FALSE
2019-05-29 05:56:00,5,0.06624038191879,210.223400957453,0,FALSE
2019-05-29 05:57:00,0,0.06624038191879,0,0,FALSE
2019-05-29 05:58:00,0,0.06624038191879,0,0,FALSE
2019-05-29 05:59:00,0,0.06624038191879,0,0,FALSE
2019-05-29 06:00:00,0,0.06624038191879,0,0,FALSE
2019-05-29 06:01:00,0,0.06624038191879,0,0,FALSE
2019-05-29 06:02:00,0,0.06624038191879,0,0,FALSE
2019-05-29 06:03:00,0,0.06624038191879,0,0,FALSE
2019-05-29 06:04:00,0,0.06624038191879,0,0,FALSE
2019-05-29 06:05:00,0,0.06624038191879,0,0,FALSE
2019-05-29 06:06:00,5,0.0663264083888149,327.519804623968,2,FALSE
2019-05-29 06:07:00,0,0.0663264083888149,0,0,FALSE
2019-05-29 06:08:00,0,0.0663264083888149,0,0,FALSE
2019-05-29 06:09:00,0,0.0663264083888149,0,0,FALSE
2019-05-29 06:10:00,0,0.0663264083888149,0,0,FALSE
2019-05-29 06:11:00,0,0.0663264083888149,0,0,FALSE
2019-05-29 06:12:00,0,0.0663264083888149,0,0,FALSE
2019-05-29 06:13:00,3,0.0664984613288638,407.502571023277,0,FALSE
2019-05-29 06:14:00,0,0.0664984613288638,0,0,FALSE
2019-05-29 06:15:00,1,0.0665844877988881,424.276356254515,0,FALSE
2019-05-29 06:16:00,2,0.0669285936789858,21.8838435771578,0,FALSE
2019-05-29 06:17:00,0,0.0669285936789858,0,0,FALSE
2019-05-29 06:18:00,1,0.0671006466190346,65.2218285137016,0,FALSE
2019-05-29 06:19:00,0,0.0671006466190346,0,0,FALSE
2019-05-29 06:20:00,0,0.0671006466190346,0,0,FALSE
2019-05-29 06:21:00,1,0.0671006466190346,50.2583843176569,0,FALSE
2019-05-29 06:22:00,0,0.0671006466190346,0,0,FALSE
2019-05-29 06:23:00,0,0.0671006466190346,0,0,FALSE
2019-05-29 06:24:00,0,0.0671006466190346,0,0,FALSE
2019-05-29 06:25:00,1,0.067186673089059,85.9989415539955,0,FALSE
2019-05-29 06:26:00,1,0.0671866730890566,24.5903223505947,0,FALSE
2019-05-29 06:27:00,0,0.0671866730890566,0,0,FALSE
2019-05-29 06:28:00,0,0.0671866730890566,0,0,FALSE
2019-05-29 06:29:00,3,0.0672726995590815,516.888840771045,3,FALSE
2019-05-29 06:30:00,0,0.0672726995590815,0,0,FALSE
2019-05-29 06:31:00,0,0.0672726995590815,0,0,FALSE
2019-05-29 06:32:00,0,0.0672726995590815,0,0,FALSE
2019-05-29 06:33:00,1,0.0673587260291078,17.2438338634516,0,FALSE
2019-05-29 06:34:00,0,0.0673587260291078,0,0,FALSE
2019-05-29 06:35:00,0,0.0673587260291078,0,0,FALSE
2019-05-29 06:36:00,0,0.0673587260291078,0,0,FALSE
2019-05-29 06:37:00,0,0.0673587260291078,0,0,FALSE
2019-05-29 06:38:00,2,0.0673587260291078,19.1899246683436,2,FALSE
2019-05-29 06:39:00,2,0.0673157127940956,207.38728029369,2,FALSE
2019-05-29 06:40:00,0,0.0673157127940956,0,0,FALSE
2019-05-29 06:41:00,0,0.0673157127940956,0,0,FALSE
2019-05-29 06:42:00,0,0.0673157127940956,0,0,FALSE
2019-05-29 06:43:00,0,0.0673157127940956,0,0,FALSE
2019-05-29 06:44:00,0,0.0673157127940956,0,0,FALSE
2019-05-29 06:45:00,0,0.0673157127940956,0,0,FALSE
2019-05-29 06:46:00,0,0.0673157127940956,0,0,FALSE
2019-05-29 06:47:00,0,0.0673157127940956,0,0,FALSE
2019-05-29 06:48:00,0,0.0673157127940956,0,0,FALSE
2019-05-29 06:49:00,0,0.0673157127940956,0,0,FALSE
2019-05-29 06:50:00,0,0.0673157127940956,0,0,FALSE
2019-05-29 06:51:00,0,0.0673157127940956,0,0,FALSE
2019-05-29 06:52:00,0,0.0673157127940956,0,0,FALSE
2019-05-29 06:53:00,0,0.0673157127940956,0,0,FALSE
2019-05-29 06:54:00,0,0.0673157127940956,0,0,FALSE
2019-05-29 06:55:00,0,0.0673157127940956,0,0,FALSE
2019-05-29 06:56:00,0,0.0673157127940956,0,0,FALSE
2019-05-29 06:57:00,0,0.0673157127940956,0,0,FALSE
2019-05-29 06:58:00,0,0.0673157127940956,0,0,FALSE
2019-05-29 06:59:00,1,0.067186673089059,191.011711592195,0,FALSE
2019-05-29 07:00:00,0,0.067186673089059,0,0,FALSE
2019-05-29 07:01:00,0,0.067186673089059,0,0,FALSE
2019-05-29 07:02:00,0,0.067186673089059,0,0,FALSE
2019-05-29 07:03:00,0,0.067186673089059,0,0,FALSE
2019-05-29 07:04:00,0,0.067186673089059,0,0,FALSE
2019-05-29 07:05:00,0,0.067186673089059,0,0,FALSE
2019-05-29 07:06:00,2,0.0672726995590834,18.9709012756615,2,FALSE
2019-05-29 07:07:00,0,0.0672726995590834,0,0,FALSE
2019-05-29 07:08:00,0,0.0672726995590834,0,0,FALSE
2019-05-29 07:09:00,0,0.0672726995590834,0,0,FALSE
2019-05-29 07:10:00,1,0.0672726995590768,8.74545094267998,0,FALSE
2019-05-29 07:11:00,0,0.0672726995590768,0,0,FALSE
2019-05-29 07:12:00,0,0.0672726995590768,0,0,FALSE
2019-05-29 07:13:00,0,0.0672726995590768,0,0,FALSE
2019-05-29 07:14:00,0,0.0672726995590768,0,0,FALSE
2019-05-29 07:15:00,0,0.0672726995590768,0,0,FALSE
2019-05-29 07:16:00,0,0.0672726995590768,0,0,FALSE
2019-05-29 07:17:00,0,0.0672726995590768,0,0,FALSE
2019-05-29 07:18:00,0,0.0672726995590768,0,0,FALSE
2019-05-29 07:19:00,0,0.0672726995590768,0,0,FALSE
2019-05-29 07:20:00,0,0.0672726995590768,0,0,FALSE
2019-05-29 07:21:00,1,0.0672726995590662,3.36363497795331,0,FALSE
2019-05-29 07:22:00,0,0.0672726995590662,0,0,FALSE
2019-05-29 07:23:00,0,0.0672726995590662,0,0,FALSE
2019-05-29 07:24:00,0,0.0672726995590662,0,0,FALSE
2019-05-29 07:25:00,0,0.0672726995590662,0,0,FALSE
2019-05-29 07:26:00,0,0.0672726995590662,0,0,FALSE
2019-05-29 07:27:00,0,0.0672726995590662,0,0,FALSE
2019-05-29 07:28:00,0,0.0672726995590662,0,0,FALSE
2019-05-29 07:29:00,0,0.0672726995590662,0,0,FALSE
2019-05-29 07:30:00,1,0.067444752499125,8.093370299895,0,FALSE
2019-05-29 07:31:00,0,0.067444752499125,0,0,FALSE
2019-05-29 07:32:00,0,0.067444752499125,0,0,FALSE
2019-05-29 07:33:00,0,0.067444752499125,0,0,FALSE
2019-05-29 07:34:00,1,0.0673587260291063,40.6846705215802,0,FALSE
2019-05-29 07:35:00,0,0.0673587260291063,0,0,FALSE
2019-05-29 07:36:00,3,0.0673587260291072,176.547220922291,0,FALSE
2019-05-29 07:37:00,2,0.0674447524991318,299.184922086149,0,FALSE
2019-05-29 07:38:00,2,0.0675737922041688,50.9293907838472,0,FALSE
2019-05-29 07:39:00,10,0.0678232689672396,1103.92633202056,3,FALSE
2019-05-29 07:40:00,4,0.0680039245542908,924.110535369694,0,FALSE
2019-05-29 07:41:00,2,0.0682189907293518,1306.57828527176,0,FALSE
2019-05-29 07:42:00,0,0.0682189907293518,0,0,FALSE
2019-05-29 07:43:00,0,0.0682189907293518,0,0,FALSE
2019-05-29 07:44:00,0,0.0682189907293518,0,0,FALSE
2019-05-29 07:45:00,0,0.0682189907293518,0,0,FALSE
2019-05-29 07:46:00,3,0.068477070139425,241.244718101194,0,FALSE
2019-05-29 07:47:00,18,0.0691461649062815,9926.61983995102,17,FALSE
2019-05-29 07:48:00,15,0.0698362883658106,2211.53803801697,14,FALSE
2019-05-29 07:49:00,13,0.0696748232989956,1379.89855964709,8,FALSE
2019-05-29 07:50:00,1,0.0699395201298399,11.5400208214236,0,FALSE
2019-05-29 07:51:00,4,0.069745960572285,498.476337312314,3,FALSE
2019-05-29 07:52:00,11,0.0695954142497423,235.302095578379,0,FALSE
2019-05-29 07:53:00,8,0.0695093877797179,611.960650012636,0,FALSE
2019-05-29 07:54:00,0,0.0695093877797179,0,0,FALSE
2019-05-29 07:55:00,1,0.0695093877797179,9.52278612582135,0,FALSE
2019-05-29 07:56:00,0,0.0695093877797179,0,0,FALSE
2019-05-29 07:57:00,5,0.0695265930737227,1662.64399536452,2,FALSE
2019-05-29 07:58:00,0,0.0695265930737227,0,0,FALSE
2019-05-29 07:59:00,8,0.0695093877797179,290.410222143661,0,FALSE
2019-05-29 08:00:00,0,0.0695093877797179,0,0,FALSE
2019-05-29 08:01:00,0,0.0695093877797179,0,0,FALSE
2019-05-29 08:02:00,1,0.0695093877797179,38.7167289933029,0,FALSE
2019-05-29 08:03:00,1,0.0695093877797179,34.5461657265198,0,FALSE
2019-05-29 08:04:00,0,0.0695093877797179,0,0,FALSE
2019-05-29 08:05:00,0,0.0695093877797179,0,0,FALSE
2019-05-29 08:06:00,0,0.0695093877797179,0,0,FALSE
2019-05-29 08:07:00,7,0.0698903621469685,464.406586176787,6,FALSE
2019-05-29 08:08:00,0,0.0698903621469685,0,0,FALSE
2019-05-29 08:09:00,2,0.0696814407197667,292.383325260141,0,FALSE
2019-05-29 08:10:00,1,0.0696814407197667,10.3825346672452,0,FALSE
2019-05-29 08:11:00,0,0.0696814407197667,0,0,FALSE
2019-05-29 08:12:00,1,0.0696814407197667,354.260444619294,0,FALSE
2019-05-29 08:13:00,0,0.0696814407197667,0,0,FALSE
2019-05-29 08:14:00,0,0.0696814407197667,0,0,FALSE
2019-05-29 08:15:00,0,0.0696814407197667,0,0,FALSE
2019-05-29 08:16:00,0,0.0696814407197667,0,0,FALSE
2019-05-29 08:17:00,1,0.0697674671897911,13.3255862332501,0,FALSE
2019-05-29 08:18:00,0,0.0697674671897911,0,0,FALSE
2019-05-29 08:19:00,0,0.0697674671897911,0,0,FALSE
2019-05-29 08:20:00,0,0.0697674671897911,0,0,FALSE
2019-05-29 08:21:00,0,0.0697674671897911,0,0,FALSE
2019-05-29 08:22:00,0,0.0697674671897911,0,0,FALSE
2019-05-29 08:23:00,9,0.0700924560765499,1785.24797415212,7,FALSE
2019-05-29 08:24:00,0,0.0700924560765499,0,0,FALSE
2019-05-29 08:25:00,0,0.0700924560765499,0,0,FALSE
2019-05-29 08:26:00,1,0.0702836260099375,8.92602050326206,0,FALSE
2019-05-29 08:27:00,0,0.0702836260099375,0,0,FALSE
2019-05-29 08:28:00,0,0.0702836260099375,0,0,FALSE
2019-05-29 08:29:00,0,0.0702836260099375,0,0,FALSE
2019-05-29 08:30:00,0,0.0702836260099375,0,0,FALSE
2019-05-29 08:31:00,0,0.0702836260099375,0,0,FALSE
2019-05-29 08:32:00,0,0.0702836260099375,0,0,FALSE
2019-05-29 08:33:00,0,0.0702836260099375,0,0,FALSE
2019-05-29 08:34:00,0,0.0702836260099375,0,0,FALSE
2019-05-29 08:35:00,0,0.0702836260099375,0,0,FALSE
2019-05-29 08:36:00,0,0.0702836260099375,0,0,FALSE
2019-05-29 08:37:00,0,0.0702836260099375,0,0,FALSE
2019-05-29 08:38:00,0,0.0702836260099375,0,0,FALSE
2019-05-29 08:39:00,0,0.0702836260099375,0,0,FALSE
2019-05-29 08:40:00,0,0.0702836260099375,0,0,FALSE
2019-05-29 08:41:00,0,0.0702836260099375,0,0,FALSE
2019-05-29 08:42:00,2,0.0702836260099375,20.0308334128322,2,FALSE
2019-05-29 08:43:00,1,0.070283626009917,2.95191229241651,0,FALSE
2019-05-29 08:44:00,7,0.0704310999585502,610.616314365562,2,FALSE
2019-05-29 08:45:00,0,0.0704310999585502,0,0,FALSE
2019-05-29 08:46:00,0,0.0704310999585502,0,0,FALSE
2019-05-29 08:47:00,1,0.0702836260099375,12.8619035598186,0,FALSE
2019-05-29 08:48:00,0,0.0702836260099375,0,0,FALSE
2019-05-29 08:49:00,0,0.0702836260099375,0,0,FALSE
2019-05-29 08:50:00,1,0.0701975995399131,3.15889197929609,0,FALSE
2019-05-29 08:51:00,0,0.0701975995399131,0,0,FALSE
2019-05-29 08:52:00,1,0.0701975995398921,2.87810158113558,0,FALSE
2019-05-29 08:53:00,0,0.0701975995398921,0,0,FALSE
2019-05-29 08:54:00,2,0.0701975995399131,5.47541276411322,0,FALSE
2019-05-29 08:55:00,5,0.0697674671897911,1254.27952513806,0,FALSE
2019-05-29 08:56:00,2,0.0697244539547789,15.6685171443647,0,FALSE
2019-05-29 08:57:00,0,0.0697244539547789,0,0,FALSE
2019-05-29 08:58:00,1,0.0698534936598155,51.6217318146036,0,FALSE
2019-05-29 08:59:00,0,0.0698534936598155,0,0,FALSE
2019-05-29 09:00:00,0,0.0698534936598155,0,0,FALSE
2019-05-29 09:01:00,0,0.0698534936598155,0,0,FALSE
2019-05-29 09:02:00,0,0.0698534936598155,0,0,FALSE
2019-05-29 09:03:00,2,0.0696814407197667,37.2098893443554,2,FALSE
2019-05-29 09:04:00,0,0.0696814407197667,0,0,FALSE
2019-05-29 09:05:00,0,0.0696814407197667,0,0,FALSE
2019-05-29 09:06:00,0,0.0696814407197667,0,0,FALSE
2019-05-29 09:07:00,0,0.0696814407197667,0,0,FALSE
2019-05-29 09:08:00,0,0.0696814407197667,0,0,FALSE
2019-05-29 09:09:00,0,0.0696814407197667,0,0,FALSE
2019-05-29 09:10:00,0,0.0696814407197667,0,0,FALSE
2019-05-29 09:11:00,0,0.0696814407197667,0,0,FALSE
2019-05-29 09:12:00,1,0.0705111108384262,26.0891110102177,0,FALSE
2019-05-29 09:13:00,0,0.0705111108384262,0,0,FALSE
2019-05-29 09:14:00,0,0.0705111108384262,0,0,FALSE
2019-05-29 09:15:00,0,0.0705111108384262,0,0,FALSE
2019-05-29 09:16:00,0,0.0705111108384262,0,0,FALSE
2019-05-29 09:17:00,1,0.0705982691954577,96.9314236053634,0,FALSE
2019-05-29 09:18:00,0,0.0705982691954577,0,0,FALSE
2019-05-29 09:19:00,0,0.0705982691954577,0,0,FALSE
2019-05-29 09:20:00,2,0.0706854275524891,226.546010880514,0,FALSE
2019-05-29 09:21:00,2,0.0707725859095205,157.469003648683,0,FALSE
2019-05-29 09:22:00,0,0.0707725859095205,0,0,FALSE
2019-05-29 09:23:00,0,0.0707725859095205,0,0,FALSE
2019-05-29 09:24:00,2,0.0706418483739734,106.167769016698,0,FALSE
2019-05-29 09:25:00,0,0.0706418483739734,0,0,FALSE
2019-05-29 09:26:00,0,0.0706418483739734,0,0,FALSE
2019-05-29 09:27:00,2,0.0707725859095205,43.5959129202646,0,FALSE
2019-05-29 09:28:00,1,0.0707725859095205,2.7601308504713,0,FALSE
2019-05-29 09:29:00,0,0.0707725859095205,0,0,FALSE
2019-05-29 09:30:00,0,0.0707725859095205,0,0,FALSE
2019-05-29 09:31:00,0,0.0707725859095205,0,0,FALSE
2019-05-29 09:32:00,0,0.0707725859095205,0,0,FALSE
2019-05-29 09:33:00,1,0.0707725859095205,133.972505126722,0,FALSE
2019-05-29 09:34:00,0,0.0707725859095205,0,0,FALSE
2019-05-29 09:35:00,1,0.0707725859095205,29.1583053947225,0,FALSE
2019-05-29 09:36:00,2,0.0708161650880362,1043.8699304501,0,FALSE
2019-05-29 09:37:00,2,0.0710340609806148,30.6867143436256,0,FALSE
2019-05-29 09:38:00,3,0.0711212193376456,178.39921150621,2,FALSE
2019-05-29 09:39:00,0,0.0711212193376456,0,0,FALSE
2019-05-29 09:40:00,0,0.0711212193376456,0,0,FALSE
2019-05-29 09:41:00,0,0.0711212193376456,0,0,FALSE
2019-05-29 09:42:00,1,0.0712955360517091,474.614383496227,0,FALSE
2019-05-29 09:43:00,0,0.0712955360517091,0,0,FALSE
2019-05-29 09:44:00,0,0.0712955360517091,0,0,FALSE
2019-05-29 09:45:00,0,0.0712955360517091,0,0,FALSE
2019-05-29 09:46:00,2,0.0714262735872535,187.237156067554,2,FALSE
2019-05-29 09:47:00,4,0.0715788007120612,651.991401791173,2,FALSE
2019-05-29 09:48:00,0,0.0715788007120612,0,0,FALSE
2019-05-29 09:49:00,0,0.0715788007120612,0,0,FALSE
2019-05-29 09:50:00,1,0.0717313278368662,48.9924969125796,0,FALSE
2019-05-29 09:51:00,1,0.0717313278368662,224.232130818044,0,FALSE
2019-05-29 09:52:00,1,0.0717313278368662,41.317244834035,0,FALSE
2019-05-29 09:53:00,0,0.0717313278368662,0,0,FALSE
2019-05-29 09:54:00,1,0.0717313278368662,768.672909099859,0,FALSE
2019-05-29 09:55:00,2,0.0718620653724134,707.352298376969,2,FALSE
2019-05-29 09:56:00,3,0.0719928029079605,1032.13920001889,2,FALSE
2019-05-29 09:57:00,1,0.072079961264992,63.5024458744579,0,FALSE
2019-05-29 09:58:00,6,0.0722252251933777,187.653860172522,5,FALSE
2019-05-29 09:59:00,14,0.0726215881979728,1188.38737656063,11,FALSE
2019-05-29 10:00:00,8,0.0730387031923375,887.093051314606,5,FALSE
2019-05-29 10:01:00,0,0.0730387031923375,0,0,FALSE
2019-05-29 10:02:00,0,0.0730387031923375,0,0,FALSE
2019-05-29 10:03:00,1,0.072690069764212,10.8308203948676,0,FALSE
2019-05-29 10:04:00,0,0.072690069764212,0,0,FALSE
2019-05-29 10:05:00,21,0.0725780090194569,1919.76086676889,10,FALSE
2019-05-29 10:06:00,3,0.0718184861938977,301.434650200844,0,FALSE
2019-05-29 10:07:00,2,0.0717749070153819,35.8179882971369,0,FALSE
2019-05-29 10:08:00,2,0.0717313278368662,26.0384720047824,0,FALSE
2019-05-29 10:09:00,0,0.0717313278368662,0,0,FALSE
2019-05-29 10:10:00,4,0.0718620653724134,437.080072832428,4,FALSE
2019-05-29 10:11:00,0,0.0718620653724134,0,0,FALSE
2019-05-29 10:12:00,0,0.0718620653724134,0,0,FALSE
2019-05-29 10:13:00,0,0.0718620653724134,0,0,FALSE
2019-05-29 10:14:00,1,0.0719056445509291,67.8789284560771,0,FALSE
2019-05-29 10:15:00,0,0.0719056445509291,0,0,FALSE
2019-05-29 10:16:00,0,0.0719056445509291,0,0,FALSE
2019-05-29 10:17:00,0,0.0719056445509291,0,0,FALSE
2019-05-29 10:18:00,0,0.0719056445509291,0,0,FALSE
2019-05-29 10:19:00,3,0.0719056445509291,179.733431635648,3,FALSE
2019-05-29 10:20:00,0,0.0719056445509291,0,0,FALSE
2019-05-29 10:21:00,2,0.0719492237294448,569.866962828451,2,FALSE
2019-05-29 10:22:00,0,0.0719492237294448,0,0,FALSE
2019-05-29 10:23:00,4,0.0722542779790548,108.289900693699,4,FALSE
2019-05-29 10:24:00,0,0.0722542779790548,0,0,FALSE
2019-05-29 10:25:00,0,0.0722542779790548,0,0,FALSE
2019-05-29 10:26:00,0,0.0722542779790548,0,0,FALSE
2019-05-29 10:27:00,0,0.0722542779790548,0,0,FALSE
2019-05-29 10:28:00,0,0.0722542779790548,0,0,FALSE
2019-05-29 10:29:00,0,0.0722542779790548,0,0,FALSE
2019-05-29 10:30:00,0,0.0722542779790548,0,0,FALSE
2019-05-29 10:31:00,1,0.0722542779790548,283.236769677895,0,FALSE
2019-05-29 10:32:00,0,0.0722542779790548,0,0,FALSE
2019-05-29 10:33:00,1,0.0725157530501491,13.0528355490268,0,FALSE
2019-05-29 10:34:00,3,0.0726029114071805,655.011264545598,3,FALSE
2019-05-29 10:35:00,1,0.0726029114071805,72.2398968501446,0,FALSE
2019-05-29 10:36:00,0,0.0726029114071805,0,0,FALSE
2019-05-29 10:37:00,9,0.0730193346685529,568.846861417755,9,FALSE
2019-05-29 10:38:00,0,0.0730193346685529,0,0,FALSE
2019-05-29 10:39:00,12,0.0736415484951368,4056.11495731216,9,FALSE
2019-05-29 10:40:00,40,0.074934397457771,6385.03480439681,28,FALSE
2019-05-29 10:41:00,33,0.075106733300083,4717.3079283302,16,FALSE
2019-05-29 10:42:00,14,0.0750806989856454,1587.13529112899,6,FALSE
2019-05-29 10:43:00,10,0.0741979093408556,671.485675716607,0,FALSE
2019-05-29 10:44:00,1,0.0735616533345263,112.990699521832,0,FALSE
2019-05-29 10:45:00,20,0.0734570633060885,830.94711940703,7,FALSE
2019-05-29 10:46:00,12,0.0740482874946184,2792.95416477919,10,FALSE
2019-05-29 10:47:00,4,0.074215341012262,687.696520015955,2,FALSE
2019-05-29 10:48:00,2,0.073910286762652,79.0840068360376,0,FALSE
2019-05-29 10:49:00,2,0.0734309157989791,245.277387706853,0,FALSE
2019-05-29 10:50:00,1,0.0735616533345262,3.01602778671558,0,FALSE
2019-05-29 10:51:00,1,0.0733873366204634,2.71533145495715,0,FALSE
2019-05-29 10:52:00,4,0.073300178263432,490.115235819196,3,FALSE
2019-05-29 10:53:00,2,0.0723414363360862,67.132852919888,0,FALSE
2019-05-29 10:54:00,2,0.0722106988005391,1974.19038915145,0,FALSE
2019-05-29 10:55:00,5,0.0721322562792108,100.889546073232,0,FALSE
2019-05-29 10:56:00,3,0.0720509084793148,514.119257454151,0,FALSE
2019-05-29 10:57:00,1,0.072079961264992,2.95527841186467,0,FALSE
2019-05-29 10:58:00,0,0.072079961264992,0,0,FALSE
2019-05-29 10:59:00,4,0.0721671196220234,664.371549140632,3,FALSE
2019-05-29 11:00:00,0,0.0721671196220234,0,0,FALSE
2019-05-29 11:01:00,6,0.0719492237294448,118.229788362992,0,FALSE
2019-05-29 11:02:00,21,0.0719056445509291,450.632674400673,0,FALSE
2019-05-29 11:03:00,0,0.0719056445509291,0,0,FALSE
2019-05-29 11:04:00,0,0.0719056445509291,0,0,FALSE
2019-05-29 11:05:00,0,0.0719056445509291,0,0,FALSE
2019-05-29 11:06:00,2,0.0715570111228032,398.000095865031,0,FALSE
2019-05-29 11:07:00,1,0.0719056445509291,9.6353563698245,0,FALSE
2019-05-29 11:08:00,0,0.0719056445509291,0,0,FALSE
2019-05-29 11:09:00,0,0.0719056445509291,0,0,FALSE
2019-05-29 11:10:00,2,0.0719056445509291,801.676031098308,0,FALSE
2019-05-29 11:11:00,0,0.0719056445509291,0,0,FALSE
2019-05-29 11:12:00,0,0.0719056445509291,0,0,FALSE
2019-05-29 11:13:00,2,0.0719056445509291,804.480351235795,0,FALSE
2019-05-29 11:14:00,4,0.0719056445509291,145.393213281979,0,FALSE
2019-05-29 11:15:00,0,0.0719056445509291,0,0,FALSE
2019-05-29 11:16:00,0,0.0719056445509291,0,0,FALSE
2019-05-29 11:17:00,2,0.072079961264992,5.3339171336094,0,FALSE
2019-05-29 11:18:00,0,0.072079961264992,0,0,FALSE
2019-05-29 11:19:00,1,0.0719928029079605,179.622043255362,0,FALSE
2019-05-29 11:20:00,1,0.072079961264992,3.82023794704457,0,FALSE
2019-05-29 11:21:00,0,0.072079961264992,0,0,FALSE
2019-05-29 11:22:00,7,0.0718807421632058,766.39092899606,4,FALSE
2019-05-29 11:23:00,0,0.0718807421632058,0,0,FALSE
2019-05-29 11:24:00,10,0.0722804254861642,577.162378787053,0,FALSE
2019-05-29 11:25:00,1,0.0723414363360862,196.841048270491,0,FALSE
2019-05-29 11:26:00,3,0.0724285946931177,93.4328871541218,0,FALSE
2019-05-29 11:27:00,0,0.0724285946931177,0,0,FALSE
2019-05-29 11:28:00,0,0.0724285946931177,0,0,FALSE
2019-05-29 11:29:00,3,0.0724576474787948,57.3461024838999,0,FALSE
2019-05-29 11:30:00,1,0.0725157530501491,8.99195337821849,0,FALSE
2019-05-29 11:31:00,0,0.0725157530501491,0,0,FALSE
2019-05-29 11:32:00,1,0.0724285946931177,26.2191512789086,0,FALSE
2019-05-29 11:33:00,1,0.0721671196220234,2.81451766525891,0,FALSE
2019-05-29 11:34:00,2,0.0721671196220234,435.023397081557,0,FALSE
2019-05-29 11:35:00,4,0.0719492237294448,56.2113006753507,3,FALSE
2019-05-29 11:36:00,3,0.07178943340822,236.011234137412,0,FALSE
2019-05-29 11:37:00,0,0.07178943340822,0,0,FALSE
2019-05-29 11:38:00,0,0.07178943340822,0,0,FALSE
2019-05-29 11:39:00,0,0.07178943340822,0,0,FALSE
2019-05-29 11:40:00,3,0.0715570111228028,182.327264340901,0,FALSE
2019-05-29 11:41:00,19,0.0714515036379758,2785.26287556295,4,FALSE
2019-05-29 11:42:00,12,0.0712955360517091,507.196443471858,0,FALSE
2019-05-29 11:43:00,28,0.0713546792225514,4225.82639810618,8,FALSE
2019-05-29 11:44:00,0,0.0713546792225514,0,0,FALSE
2019-05-29 11:45:00,0,0.0713546792225514,0,0,FALSE
2019-05-29 11:46:00,1,0.07164416947983,12.8959505063694,0,FALSE
2019-05-29 11:47:00,0,0.07164416947983,0,0,FALSE
2019-05-29 11:48:00,0,0.07164416947983,0,0,FALSE
2019-05-29 11:49:00,6,0.0714698527657709,288.023506646057,0,FALSE
2019-05-29 11:50:00,0,0.0714698527657709,0,0,FALSE
2019-05-29 11:51:00,0,0.0714698527657709,0,0,FALSE
2019-05-29 11:52:00,0,0.0714698527657709,0,0,FALSE
2019-05-29 11:53:00,0,0.0714698527657709,0,0,FALSE
2019-05-29 11:54:00,0,0.0714698527657709,0,0,FALSE
2019-05-29 11:55:00,0,0.0714698527657709,0,0,FALSE
2019-05-29 11:56:00,0,0.0714698527657709,0,0,FALSE
2019-05-29 11:57:00,0,0.0714698527657709,0,0,FALSE
2019-05-29 11:58:00,0,0.0714698527657709,0,0,FALSE
2019-05-29 11:59:00,0,0.0714698527657709,0,0,FALSE
2019-05-29 12:00:00,6,0.0708452178737134,909.105417333036,2,FALSE
2019-05-29 12:01:00,2,0.0711212193376462,152.768379137264,0,FALSE
2019-05-29 12:02:00,1,0.0711212193376462,21.7630931173197,0,FALSE
2019-05-29 12:03:00,0,0.0711212193376462,0,0,FALSE
2019-05-29 12:04:00,0,0.0711212193376462,0,0,FALSE
2019-05-29 12:05:00,2,0.0710340609806148,45.9590374544578,0,FALSE
2019-05-29 12:06:00,2,0.0710340609806148,10.7971772690534,0,FALSE
2019-05-29 12:07:00,1,0.0710340609806148,17.4033449402506,0,FALSE
2019-05-29 12:08:00,0,0.0710340609806148,0,0,FALSE
2019-05-29 12:09:00,7,0.0708472930726903,525.642463837276,2,FALSE
2019-05-29 12:10:00,20,0.0711953039411219,1088.61153997354,3,FALSE
2019-05-29 12:11:00,0,0.0711953039411219,0,0,FALSE
2019-05-29 12:12:00,2,0.0708597442665519,69.0882506598881,0,FALSE
2019-05-29 12:13:00,0,0.0708597442665519,0,0,FALSE
2019-05-29 12:14:00,0,0.0708597442665519,0,0,FALSE
2019-05-29 12:15:00,0,0.0708597442665519,0,0,FALSE
2019-05-29 12:16:00,0,0.0708597442665519,0,0,FALSE
2019-05-29 12:17:00,1,0.0708597442665519,12.7547539679793,0,FALSE
2019-05-29 12:18:00,15,0.0707725859095205,595.622083014525,0,FALSE
2019-05-29 12:19:00,0,0.0707725859095205,0,0,FALSE
2019-05-29 12:20:00,0,0.0707725859095205,0,0,FALSE
2019-05-29 12:21:00,0,0.0707725859095205,0,0,FALSE
2019-05-29 12:22:00,0,0.0707725859095205,0,0,FALSE
2019-05-29 12:23:00,0,0.0707725859095205,0,0,FALSE
2019-05-29 12:24:00,0,0.0707725859095205,0,0,FALSE
2019-05-29 12:25:00,0,0.0707725859095205,0,0,FALSE
2019-05-29 12:26:00,2,0.0710340609806148,141.144679168482,0,FALSE
2019-05-29 12:27:00,2,0.0712519568731934,570.240959338473,2,FALSE
2019-05-29 12:28:00,0,0.0712519568731934,0,0,FALSE
2019-05-29 12:29:00,0,0.0712519568731934,0,0,FALSE
2019-05-29 12:30:00,2,0.0712519568731934,387.19115221778,2,FALSE
2019-05-29 12:31:00,0,0.0712519568731934,0,0,FALSE
2019-05-29 12:32:00,2,0.0713826944087404,368.049172371465,0,FALSE
2019-05-29 12:33:00,14,0.0719367725355832,7727.63852188007,10,FALSE
2019-05-29 12:34:00,3,0.0722542779790548,641.690242731986,0,FALSE
2019-05-29 12:35:00,0,0.0722542779790548,0,0,FALSE
2019-05-29 12:36:00,0,0.0722542779790548,0,0,FALSE
2019-05-29 12:37:00,0,0.0722542779790548,0,0,FALSE
2019-05-29 12:38:00,1,0.072079961264992,17.3712706648631,0,FALSE
2019-05-29 12:39:00,0,0.072079961264992,0,0,FALSE
2019-05-29 12:40:00,1,0.0720799612649919,11.3165539186037,0,FALSE
2019-05-29 12:41:00,0,0.0720799612649919,0,0,FALSE
2019-05-29 12:42:00,0,0.0720799612649919,0,0,FALSE
2019-05-29 12:43:00,0,0.0720799612649919,0,0,FALSE
2019-05-29 12:44:00,5,0.0721671196220234,599.492262700148,0,FALSE
2019-05-29 12:45:00,1,0.0721671196220234,17.4644429485297,0,FALSE
2019-05-29 12:46:00,1,0.0721671196220234,8.80438859388685,0,FALSE
2019-05-29 12:47:00,2,0.0721671196220234,1605.42974311153,2,FALSE
2019-05-29 12:48:00,0,0.0721671196220234,0,0,FALSE
2019-05-29 12:49:00,0,0.0721671196220234,0,0,FALSE
2019-05-29 12:50:00,29,0.0733091946451937,5326.92877654262,21,FALSE
2019-05-29 12:51:00,1,0.0737359700485891,17.401688931467,0,FALSE
2019-05-29 12:52:00,4,0.0734962845667527,814.618872800762,2,FALSE
2019-05-29 12:53:00,3,0.073300178263432,130.840818200226,0,FALSE
2019-05-29 12:54:00,2,0.073300178263432,52.3363272800904,0,FALSE
2019-05-29 12:55:00,0,0.073300178263432,0,0,FALSE
2019-05-29 12:56:00,0,0.073300178263432,0,0,FALSE
2019-05-29 12:57:00,2,0.073300178263432,142.348946187585,0,FALSE
2019-05-29 12:58:00,1,0.0734744949774948,69.7272957336426,0,FALSE
2019-05-29 12:59:00,0,0.0734744949774948,0,0,FALSE
2019-05-29 13:00:00,1,0.0734744949774948,174.281502086618,0,FALSE
2019-05-29 13:01:00,0,0.0734744949774948,0,0,FALSE
2019-05-29 13:02:00,0,0.0734744949774948,0,0,FALSE
2019-05-29 13:03:00,0,0.0734744949774948,0,0,FALSE
2019-05-29 13:04:00,1,0.0733873366204634,20.7686162635911,0,FALSE
2019-05-29 13:05:00,0,0.0733873366204634,0,0,FALSE
2019-05-29 13:06:00,0,0.0733873366204634,0,0,FALSE
2019-05-29 13:07:00,0,0.0733873366204634,0,0,FALSE
2019-05-29 13:08:00,5,0.0728469548068683,1012.63560014925,2,FALSE
2019-05-29 13:09:00,0,0.0728469548068683,0,0,FALSE
2019-05-29 13:10:00,1,0.0731258615493627,9.94511717071333,0,FALSE
2019-05-29 13:11:00,0,0.0731258615493627,0,0,FALSE
2019-05-29 13:12:00,6,0.0733001782634305,84.8328849074728,3,FALSE
2019-05-29 13:13:00,0,0.0733001782634305,0,0,FALSE
2019-05-29 13:14:00,0,0.0733001782634305,0,0,FALSE
2019-05-29 13:15:00,0,0.0733001782634305,0,0,FALSE
2019-05-29 13:16:00,4,0.0733655470312055,721.698215310914,2,FALSE
2019-05-29 13:17:00,0,0.0733655470312055,0,0,FALSE
2019-05-29 13:18:00,6,0.0734309157989791,325.823388823736,3,FALSE
2019-05-29 13:19:00,9,0.0734744949774948,192.282753356104,0,FALSE
2019-05-29 13:20:00,4,0.0736923908700734,641.328709867019,4,FALSE
2019-05-29 13:21:00,2,0.0738231284056205,125.868433931583,0,FALSE
2019-05-29 13:22:00,1,0.0737359700485891,13.1250026686489,0,FALSE
2019-05-29 13:23:00,0,0.0737359700485891,0,0,FALSE
2019-05-29 13:24:00,2,0.0737795492271048,157.149742586877,0,FALSE
2019-05-29 13:25:00,1,0.0737359700485891,147.471940097178,0,FALSE
2019-05-29 13:26:00,0,0.0737359700485891,0,0,FALSE
2019-05-29 13:27:00,0,0.0737359700485891,0,0,FALSE
2019-05-29 13:28:00,9,0.0734744949774948,689.411186373834,0,FALSE
2019-05-29 13:29:00,3,0.0736197589058805,61.7439388629918,0,FALSE
2019-05-29 13:30:00,7,0.0736488116915577,145.309105467443,0,FALSE
2019-05-29 13:31:00,2,0.0736488116915577,58.6244541064799,0,FALSE
2019-05-29 13:32:00,3,0.0734744949774948,158.471847704687,0,FALSE
2019-05-29 13:33:00,2,0.073605232513042,140.87753880418,0,FALSE
2019-05-29 13:34:00,0,0.073605232513042,0,0,FALSE
2019-05-29 13:35:00,0,0.073605232513042,0,0,FALSE
2019-05-29 13:36:00,6,0.0734890213703334,624.466618323934,2,FALSE
2019-05-29 13:37:00,0,0.0734890213703334,0,0,FALSE
2019-05-29 13:38:00,0,0.0734890213703334,0,0,FALSE
2019-05-29 13:39:00,0,0.0734890213703334,0,0,FALSE
2019-05-29 13:40:00,0,0.0734890213703334,0,0,FALSE
2019-05-29 13:41:00,0,0.0734890213703334,0,0,FALSE
2019-05-29 13:42:00,0,0.0734890213703334,0,0,FALSE
2019-05-29 13:43:00,0,0.0734890213703334,0,0,FALSE
2019-05-29 13:44:00,2,0.0729544548343218,51.9435718420371,0,FALSE
2019-05-29 13:45:00,1,0.0729544548343218,8.75453458011861,0,FALSE
2019-05-29 13:46:00,1,0.0729544548343218,25.9717859210186,0,FALSE
2019-05-29 13:47:00,4,0.0729544548343218,88.5667081688667,2,FALSE
2019-05-29 13:48:00,3,0.0730120125896151,12.5507563304915,2,FALSE
2019-05-29 13:49:00,3,0.0730983492225552,511.804682444701,0,FALSE
2019-05-29 13:50:00,4,0.0732782172078469,1677.10247703811,0,FALSE
2019-05-29 13:51:00,6,0.0734724746319619,949.555844717753,2,FALSE
2019-05-29 13:52:00,1,0.0732134647331419,60.2546814753758,0,FALSE
2019-05-29 13:53:00,0,0.0732134647331419,0,0,FALSE
2019-05-29 13:54:00,0,0.0732134647331419,0,0,FALSE
2019-05-29 13:55:00,0,0.0732134647331419,0,0,FALSE
2019-05-29 13:56:00,0,0.0732134647331419,0,0,FALSE
2019-05-29 13:57:00,0,0.0732134647331419,0,0,FALSE
2019-05-29 13:58:00,2,0.0723069300872716,13.0844030586938,2,FALSE
2019-05-29 13:59:00,0,0.0723069300872716,0,0,FALSE
2019-05-29 14:00:00,0,0.0723069300872716,0,0,FALSE
2019-05-29 14:01:00,0,0.0723069300872716,0,0,FALSE
2019-05-29 14:02:00,4,0.0719184152390414,571.463727489423,0,FALSE
2019-05-29 14:03:00,0,0.0719184152390414,0,0,FALSE
2019-05-29 14:04:00,0,0.0719184152390414,0,0,FALSE
2019-05-29 14:05:00,1,0.0721774251378615,8.80564586681911,0,FALSE
2019-05-29 14:06:00,0,0.0721774251378615,0,0,FALSE
2019-05-29 14:07:00,0,0.0721774251378615,0,0,FALSE
2019-05-29 14:08:00,0,0.0721774251378615,0,0,FALSE
2019-05-29 14:09:00,1,0.0720047518719815,77.5491177661241,0,FALSE
2019-05-29 14:10:00,0,0.0720047518719815,0,0,FALSE
2019-05-29 14:11:00,5,0.072091088504921,519.560474854968,0,FALSE
2019-05-29 14:12:00,0,0.072091088504921,0,0,FALSE
2019-05-29 14:13:00,0,0.072091088504921,0,0,FALSE
2019-05-29 14:14:00,0,0.072091088504921,0,0,FALSE
2019-05-29 14:15:00,0,0.072091088504921,0,0,FALSE
2019-05-29 14:16:00,4,0.0723285142455045,230.568798860339,2,FALSE
2019-05-29 14:17:00,1,0.0723500984037416,127.553223485796,0,FALSE
2019-05-29 14:18:00,0,0.0723500984037416,0,0,FALSE
2019-05-29 14:19:00,0,0.0723500984037416,0,0,FALSE
2019-05-29 14:20:00,1,0.0724364350366817,8.76480863943848,0,FALSE
2019-05-29 14:21:00,0,0.0724364350366817,0,0,FALSE
2019-05-29 14:22:00,0,0.0724364350366817,0,0,FALSE
2019-05-29 14:23:00,0,0.0724364350366817,0,0,FALSE
2019-05-29 14:24:00,0,0.0724364350366817,0,0,FALSE
2019-05-29 14:25:00,0,0.0724364350366817,0,0,FALSE
2019-05-29 14:26:00,0,0.0724364350366817,0,0,FALSE
2019-05-29 14:27:00,0,0.0724364350366817,0,0,FALSE
2019-05-29 14:28:00,0,0.0724364350366817,0,0,FALSE
2019-05-29 14:29:00,0,0.0724364350366817,0,0,FALSE
2019-05-29 14:30:00,0,0.0724364350366817,0,0,FALSE
2019-05-29 14:31:00,0,0.0724364350366817,0,0,FALSE
2019-05-29 14:32:00,0,0.0724364350366817,0,0,FALSE
2019-05-29 14:33:00,0,0.0724364350366817,0,0,FALSE
2019-05-29 14:34:00,0,0.0724364350366817,0,0,FALSE
2019-05-29 14:35:00,0,0.0724364350366817,0,0,FALSE
2019-05-29 14:36:00,0,0.0724364350366817,0,0,FALSE
2019-05-29 14:37:00,0,0.0724364350366817,0,0,FALSE
2019-05-29 14:38:00,0,0.0724364350366817,0,0,FALSE
2019-05-29 14:39:00,0,0.0724364350366817,0,0,FALSE
2019-05-29 14:40:00,0,0.0724364350366817,0,0,FALSE
2019-05-29 14:41:00,0,0.0724364350366817,0,0,FALSE
2019-05-29 14:42:00,0,0.0724364350366817,0,0,FALSE
2019-05-29 14:43:00,0,0.0724364350366817,0,0,FALSE
2019-05-29 14:44:00,0,0.0724364350366817,0,0,FALSE
2019-05-29 14:45:00,0,0.0724364350366817,0,0,FALSE
2019-05-29 14:46:00,0,0.0724364350366817,0,0,FALSE
2019-05-29 14:47:00,0,0.0724364350366817,0,0,FALSE
2019-05-29 14:48:00,0,0.0724364350366817,0,0,FALSE
2019-05-29 14:49:00,0,0.0724364350366817,0,0,FALSE
2019-05-29 14:50:00,0,0.0724364350366817,0,0,FALSE
2019-05-29 14:51:00,0,0.0724364350366817,0,0,FALSE
2019-05-29 14:52:00,0,0.0724364350366817,0,0,FALSE
2019-05-29 14:53:00,0,0.0724364350366817,0,0,FALSE
2019-05-29 14:54:00,0,0.0724364350366817,0,0,FALSE
2019-05-29 14:55:00,0,0.0724364350366817,0,0,FALSE
2019-05-29 14:56:00,0,0.0724364350366817,0,0,FALSE
2019-05-29 14:57:00,0,0.0724364350366817,0,0,FALSE
2019-05-29 14:58:00,0,0.0724364350366817,0,0,FALSE
2019-05-29 14:59:00,0,0.0724364350366817,0,0,FALSE
2019-05-29 15:00:00,9,0.0712756869715991,2672.57153879694,2,FALSE
2019-05-29 15:01:00,0,0.0712756869715991,0,0,FALSE
2019-05-29 15:02:00,0,0.0712756869715991,0,0,FALSE
2019-05-29 15:03:00,0,0.0712756869715991,0,0,FALSE
2019-05-29 15:04:00,2,0.0714867320743414,89.2869283608524,0,FALSE
2019-05-29 15:05:00,0,0.0714867320743414,0,0,FALSE
2019-05-29 15:06:00,2,0.0714867320743414,106.944151183215,0,FALSE
2019-05-29 15:07:00,0,0.0714867320743414,0,0,FALSE
2019-05-29 15:08:00,2,0.0714867320743414,19.0154707317748,0,FALSE
2019-05-29 15:09:00,15,0.071550045605164,258.97942198865,0,FALSE
2019-05-29 15:10:00,1,0.0715730687072814,21.5434936808917,0,FALSE
2019-05-29 15:11:00,0,0.0715730687072814,0,0,FALSE
2019-05-29 15:12:00,0,0.0715730687072814,0,0,FALSE
2019-05-29 15:13:00,0,0.0715730687072814,0,0,FALSE
2019-05-29 15:14:00,1,0.0715730687072814,212.142575648382,0,FALSE
2019-05-29 15:15:00,0,0.0715730687072814,0,0,FALSE
2019-05-29 15:16:00,0,0.0715730687072814,0,0,FALSE
2019-05-29 15:17:00,0,0.0715730687072814,0,0,FALSE
2019-05-29 15:18:00,0,0.0715730687072814,0,0,FALSE
2019-05-29 15:19:00,1,0.0718320786061015,26.0750445340148,0,FALSE
2019-05-29 15:20:00,0,0.0718320786061015,0,0,FALSE
2019-05-29 15:21:00,0,0.0718320786061015,0,0,FALSE
2019-05-29 15:22:00,0,0.0718320786061015,0,0,FALSE
2019-05-29 15:23:00,1,0.0718320786061015,24.782067119105,0,FALSE
2019-05-29 15:24:00,0,0.0718320786061015,0,0,FALSE
2019-05-29 15:25:00,0,0.0718320786061015,0,0,FALSE
2019-05-29 15:26:00,0,0.0718320786061015,0,0,FALSE
2019-05-29 15:27:00,0,0.0718320786061015,0,0,FALSE
2019-05-29 15:28:00,0,0.0718320786061015,0,0,FALSE
2019-05-29 15:29:00,0,0.0718320786061015,0,0,FALSE
2019-05-29 15:30:00,0,0.0718320786061015,0,0,FALSE
2019-05-29 15:31:00,0,0.0718320786061015,0,0,FALSE
2019-05-29 15:32:00,1,0.0718320786061015,201.991805040357,0,FALSE
2019-05-29 15:33:00,0,0.0718320786061015,0,0,FALSE
2019-05-29 15:34:00,0,0.0718320786061015,0,0,FALSE
2019-05-29 15:35:00,0,0.0718320786061015,0,0,FALSE
2019-05-29 15:36:00,0,0.0718320786061015,0,0,FALSE
2019-05-29 15:37:00,0,0.0718320786061015,0,0,FALSE
2019-05-29 15:38:00,3,0.0718896363613948,84.9614630505571,2,FALSE
2019-05-29 15:39:00,0,0.0718896363613948,0,0,FALSE
2019-05-29 15:40:00,0,0.0718896363613948,0,0,FALSE
2019-05-29 15:41:00,0,0.0718896363613948,0,0,FALSE
2019-05-29 15:42:00,0,0.0718896363613948,0,0,FALSE
2019-05-29 15:43:00,0,0.0718896363613948,0,0,FALSE
2019-05-29 15:44:00,0,0.0718896363613948,0,0,FALSE
2019-05-29 15:45:00,2,0.0718320786061015,6.17755876012473,2,FALSE
2019-05-29 15:46:00,0,0.0718320786061015,0,0,FALSE
2019-05-29 15:47:00,0,0.0718320786061015,0,0,FALSE
2019-05-29 15:48:00,0,0.0718320786061015,0,0,FALSE
2019-05-29 15:49:00,0,0.0718320786061015,0,0,FALSE
2019-05-29 15:50:00,0,0.0718320786061015,0,0,FALSE
2019-05-29 15:51:00,0,0.0718320786061015,0,0,FALSE
2019-05-29 15:52:00,2,0.0717457419731614,15.9275547180418,0,FALSE
2019-05-29 15:53:00,0,0.0717457419731614,0,0,FALSE
2019-05-29 15:54:00,0,0.0717457419731614,0,0,FALSE
2019-05-29 15:55:00,0,0.0717457419731614,0,0,FALSE
2019-05-29 15:56:00,0,0.0717457419731614,0,0,FALSE
2019-05-29 15:57:00,0,0.0717457419731614,0,0,FALSE
2019-05-29 15:58:00,0,0.0717457419731614,0,0,FALSE
2019-05-29 15:59:00,0,0.0717457419731614,0,0,FALSE
2019-05-29 16:00:00,0,0.0717457419731614,0,0,FALSE
2019-05-29 16:01:00,0,0.0717457419731614,0,0,FALSE
2019-05-29 16:02:00,0,0.0717457419731614,0,0,FALSE
2019-05-29 16:03:00,0,0.0717457419731614,0,0,FALSE
2019-05-29 16:04:00,0,0.0717457419731614,0,0,FALSE
2019-05-29 16:05:00,0,0.0717457419731614,0,0,FALSE
2019-05-29 16:06:00,2,0.0717889102896315,1436.17172816557,2,FALSE
2019-05-29 16:07:00,0,0.0717889102896315,0,0,FALSE
2019-05-29 16:08:00,0,0.0717889102896315,0,0,FALSE
2019-05-29 16:09:00,0,0.0717889102896315,0,0,FALSE
2019-05-29 16:10:00,0,0.0717889102896315,0,0,FALSE
2019-05-29 16:11:00,0,0.0717889102896315,0,0,FALSE
2019-05-29 16:12:00,0,0.0717889102896315,0,0,FALSE
2019-05-29 16:13:00,0,0.0717889102896315,0,0,FALSE
2019-05-29 16:14:00,12,0.071947194116688,1440.44634119906,12,FALSE
2019-05-29 16:15:00,0,0.071947194116688,0,0,FALSE
2019-05-29 16:16:00,0,0.071947194116688,0,0,FALSE
2019-05-29 16:17:00,0,0.071947194116688,0,0,FALSE
2019-05-29 16:18:00,0,0.071947194116688,0,0,FALSE
2019-05-29 16:19:00,0,0.071947194116688,0,0,FALSE
2019-05-29 16:20:00,0,0.071947194116688,0,0,FALSE
2019-05-29 16:21:00,0,0.071947194116688,0,0,FALSE
2019-05-29 16:22:00,1,0.0714003954414013,15.5652862062255,0,FALSE
2019-05-29 16:23:00,0,0.0714003954414013,0,0,FALSE
2019-05-29 16:24:00,0,0.0714003954414013,0,0,FALSE
2019-05-29 16:25:00,0,0.0714003954414013,0,0,FALSE
2019-05-29 16:26:00,0,0.0714003954414013,0,0,FALSE
2019-05-29 16:27:00,0,0.0714003954414013,0,0,FALSE
2019-05-29 16:28:00,0,0.0714003954414013,0,0,FALSE
2019-05-29 16:29:00,0,0.0714003954414013,0,0,FALSE
2019-05-29 16:30:00,0,0.0714003954414013,0,0,FALSE
2019-05-29 16:31:00,0,0.0714003954414013,0,0,FALSE
2019-05-29 16:32:00,1,0.0713140588084613,127.01033873787,0,FALSE
2019-05-29 16:33:00,5,0.0715212667275174,161.476699637224,4,FALSE
2019-05-29 16:34:00,0,0.0715212667275174,0,0,FALSE
2019-05-29 16:35:00,0,0.0715212667275174,0,0,FALSE
2019-05-29 16:36:00,0,0.0715212667275174,0,0,FALSE
2019-05-29 16:37:00,0,0.0715212667275174,0,0,FALSE
2019-05-29 16:38:00,0,0.0715212667275174,0,0,FALSE
2019-05-29 16:39:00,1,0.0717457419731614,12.1250303934643,0,FALSE
2019-05-29 16:40:00,0,0.0717457419731614,0,0,FALSE
2019-05-29 16:41:00,5,0.0720220191985695,502.707736778342,4,FALSE
2019-05-29 16:42:00,0,0.0720220191985695,0,0,FALSE
2019-05-29 16:43:00,6,0.0718608574837481,90.9516713172019,6,FALSE
2019-05-29 16:44:00,0,0.0718608574837481,0,0,FALSE
2019-05-29 16:45:00,0,0.0718608574837481,0,0,FALSE
2019-05-29 16:46:00,0,0.0718608574837481,0,0,FALSE
2019-05-29 16:47:00,1,0.0719184152390415,9.56514922679252,0,FALSE
2019-05-29 16:48:00,0,0.0719184152390415,0,0,FALSE
2019-05-29 16:49:00,1,0.0719184152390415,19.2741352840631,0,FALSE
2019-05-29 16:50:00,0,0.0719184152390415,0,0,FALSE
2019-05-29 16:51:00,0,0.0719184152390415,0,0,FALSE
2019-05-29 16:52:00,1,0.0718320786061015,10.2001551620664,0,FALSE
2019-05-29 16:53:00,0,0.0718320786061015,0,0,FALSE
2019-05-29 16:54:00,7,0.0715607349025757,730.719158234367,4,FALSE
2019-05-29 16:55:00,0,0.0715607349025757,0,0,FALSE
2019-05-29 16:56:00,1,0.0717457419731614,45.773783378877,0,FALSE
2019-05-29 16:57:00,1,0.0717457419731614,2.65459245300697,0,FALSE
2019-05-29 16:58:00,0,0.0717457419731614,0,0,FALSE
2019-05-29 16:59:00,0,0.0717457419731614,0,0,FALSE
2019-05-29 17:00:00,0,0.0717457419731614,0,0,FALSE
2019-05-29 17:01:00,0,0.0717457419731614,0,0,FALSE
2019-05-29 17:02:00,0,0.0717457419731614,0,0,FALSE
2019-05-29 17:03:00,2,0.0714867320743414,81.4948745647492,0,FALSE
2019-05-29 17:04:00,0,0.0714867320743414,0,0,FALSE
2019-05-29 17:05:00,29,0.072382846781753,4248.61949074109,21,FALSE
2019-05-29 17:06:00,5,0.0723846330569156,133.151895122055,2,FALSE
2019-05-29 17:07:00,2,0.0722637617708015,264.629895604675,0,FALSE
2019-05-29 17:08:00,3,0.0722062040155082,98.1511968014377,2,FALSE
2019-05-29 17:09:00,1,0.0721774251378616,2.8149195803766,0,FALSE
2019-05-29 17:10:00,1,0.0721774251378415,3.10362928092718,0,FALSE
2019-05-29 17:11:00,0,0.0721774251378415,0,0,FALSE
2019-05-29 17:12:00,0,0.0721774251378415,0,0,FALSE
2019-05-29 17:13:00,0,0.0721774251378415,0,0,FALSE
2019-05-29 17:14:00,0,0.0721774251378415,0,0,FALSE
2019-05-29 17:15:00,0,0.0721774251378415,0,0,FALSE
2019-05-29 17:16:00,0,0.0721774251378415,0,0,FALSE
2019-05-29 17:17:00,1,0.0719184152390363,12.0103753449191,0,FALSE
2019-05-29 17:18:00,1,0.0719184152390415,14.3836830478083,0,FALSE
2019-05-29 17:19:00,0,0.0719184152390415,0,0,FALSE
2019-05-29 17:20:00,0,0.0719184152390415,0,0,FALSE
2019-05-29 17:21:00,0,0.0719184152390415,0,0,FALSE
2019-05-29 17:22:00,0,0.0719184152390415,0,0,FALSE
2019-05-29 17:23:00,0,0.0719184152390415,0,0,FALSE
2019-05-29 17:24:00,0,0.0719184152390415,0,0,FALSE
2019-05-29 17:25:00,0,0.0719184152390415,0,0,FALSE
2019-05-29 17:26:00,0,0.0719184152390415,0,0,FALSE
2019-05-29 17:27:00,1,0.0720047518719815,9.93665575833345,0,FALSE
2019-05-29 17:28:00,12,0.072199009296096,89.4182463795533,6,FALSE
2019-05-29 17:29:00,0,0.072199009296096,0,0,FALSE
2019-05-29 17:30:00,1,0.0720910885049215,115.850379227409,0,FALSE
2019-05-29 17:31:00,0,0.0720910885049215,0,0,FALSE
2019-05-29 17:32:00,0,0.0720910885049215,0,0,FALSE
2019-05-29 17:33:00,1,0.0720910885049215,34.2432670398377,0,FALSE
2019-05-29 17:34:00,0,0.0720910885049215,0,0,FALSE
2019-05-29 17:35:00,0,0.0720910885049215,0,0,FALSE
2019-05-29 17:36:00,0,0.0720910885049215,0,0,FALSE
2019-05-29 17:37:00,1,0.0721774251378616,40.4193580772025,0,FALSE
2019-05-29 17:38:00,5,0.0724191677100934,1865.61316219141,3,FALSE
2019-05-29 17:39:00,0,0.0724191677100934,0,0,FALSE
2019-05-29 17:40:00,7,0.0728064491778532,901.307998785348,6,FALSE
2019-05-29 17:41:00,1,0.0726954449355017,86.362188583376,0,FALSE
2019-05-29 17:42:00,2,0.0726954449355017,454.27383540195,0,FALSE
2019-05-29 17:43:00,2,0.0726954449355017,398.661820026291,2,FALSE
2019-05-29 17:44:00,2,0.0727386132519717,237.082034449337,0,FALSE
2019-05-29 17:45:00,2,0.0727817815684418,393.74943828527,0,FALSE
2019-05-29 17:46:00,1,0.0727817815684417,107.498691376588,0,FALSE
2019-05-29 17:47:00,2,0.0729112865178518,118.276265939758,0,FALSE
2019-05-29 17:48:00,4,0.0730192073090268,1004.47854841602,2,FALSE
2019-05-29 17:49:00,3,0.0730407914672618,556.607783059433,0,FALSE
2019-05-29 17:50:00,2,0.0730407914672618,198.890075165354,0,FALSE
2019-05-29 17:51:00,1,0.0731271281002018,13.6747729547377,0,FALSE
2019-05-29 17:52:00,0,0.0731271281002018,0,0,FALSE
2019-05-29 17:53:00,1,0.0731271281002018,40.585556095612,0,FALSE
2019-05-29 17:54:00,0,0.0731271281002018,0,0,FALSE
2019-05-29 17:55:00,2,0.0732134647331419,60.6207487990415,0,FALSE
2019-05-29 17:56:00,0,0.0732134647331419,0,0,FALSE
2019-05-29 17:57:00,0,0.0732134647331419,0,0,FALSE
2019-05-29 17:58:00,0,0.0732134647331419,0,0,FALSE
2019-05-29 17:59:00,0,0.0732134647331419,0,0,FALSE
2019-05-29 18:00:00,2,0.0729544548343218,135.261444411315,0,FALSE
2019-05-29 18:01:00,0,0.0729544548343218,0,0,FALSE
2019-05-29 18:02:00,0,0.0729544548343218,0,0,FALSE
2019-05-29 18:03:00,0,0.0729544548343218,0,0,FALSE
2019-05-29 18:04:00,0,0.0729544548343218,0,0,FALSE
2019-05-29 18:05:00,0,0.0729544548343218,0,0,FALSE
2019-05-29 18:06:00,0,0.0729544548343218,0,0,FALSE
2019-05-29 18:07:00,0,0.0729544548343218,0,0,FALSE
2019-05-29 18:08:00,0,0.0729544548343218,0,0,FALSE
2019-05-29 18:09:00,0,0.0729544548343218,0,0,FALSE
2019-05-29 18:10:00,0,0.0729544548343218,0,0,FALSE
2019-05-29 18:11:00,0,0.0729544548343218,0,0,FALSE
2019-05-29 18:12:00,0,0.0729544548343218,0,0,FALSE
2019-05-29 18:13:00,0,0.0729544548343218,0,0,FALSE
2019-05-29 18:14:00,0,0.0729544548343218,0,0,FALSE
2019-05-29 18:15:00,0,0.0729544548343218,0,0,FALSE
2019-05-29 18:16:00,0,0.0729544548343218,0,0,FALSE
2019-05-29 18:17:00,0,0.0729544548343218,0,0,FALSE
2019-05-29 18:18:00,0,0.0729544548343218,0,0,FALSE
2019-05-29 18:19:00,0,0.0729544548343218,0,0,FALSE
2019-05-29 18:20:00,1,0.0728001911428526,286.177551382554,0,FALSE
2019-05-29 18:21:00,0,0.0728001911428526,0,0,FALSE
2019-05-29 18:22:00,1,0.0728001911428526,299.35438597941,0,FALSE
2019-05-29 18:23:00,0,0.0728001911428526,0,0,FALSE
2019-05-29 18:24:00,0,0.0728001911428526,0,0,FALSE
2019-05-29 18:25:00,1,0.073059882668927,8.76718592027124,0,FALSE
2019-05-29 18:26:00,0,0.073059882668927,0,0,FALSE
2019-05-29 18:27:00,1,0.0729733188269022,119.603269557293,0,FALSE
2019-05-29 18:28:00,1,0.073059882668927,27.9088751795301,0,FALSE
2019-05-29 18:29:00,0,0.073059882668927,0,0,FALSE
2019-05-29 18:30:00,0,0.073059882668927,0,0,FALSE
2019-05-29 18:31:00,0,0.073059882668927,0,0,FALSE
2019-05-29 18:32:00,0,0.073059882668927,0,0,FALSE
2019-05-29 18:33:00,0,0.073059882668927,0,0,FALSE
2019-05-29 18:34:00,0,0.073059882668927,0,0,FALSE
2019-05-29 18:35:00,0,0.073059882668927,0,0,FALSE
2019-05-29 18:36:00,0,0.073059882668927,0,0,FALSE
2019-05-29 18:37:00,0,0.073059882668927,0,0,FALSE
2019-05-29 18:38:00,0,0.073059882668927,0,0,FALSE
2019-05-29 18:39:00,1,0.0728867549848774,268.077484834379,0,FALSE
2019-05-29 18:40:00,0,0.0728867549848774,0,0,FALSE
2019-05-29 18:41:00,0,0.0728867549848774,0,0,FALSE
2019-05-29 18:42:00,2,0.073059882668927,28.7125338888883,0,FALSE
2019-05-29 18:43:00,2,0.0728867549848774,52.4784635891117,2,FALSE
2019-05-29 18:44:00,0,0.0728867549848774,0,0,FALSE
2019-05-29 18:45:00,0,0.0728867549848774,0,0,FALSE
2019-05-29 18:46:00,0,0.0728867549848774,0,0,FALSE
2019-05-29 18:47:00,1,0.0729733188269022,93.4788214172617,0,FALSE
2019-05-29 18:48:00,0,0.0729733188269022,0,0,FALSE
2019-05-29 18:49:00,0,0.0729733188269022,0,0,FALSE
2019-05-29 18:50:00,0,0.0729733188269022,0,0,FALSE
2019-05-29 18:51:00,0,0.0729733188269022,0,0,FALSE
2019-05-29 18:52:00,0,0.0729733188269022,0,0,FALSE
2019-05-29 18:53:00,0,0.0729733188269022,0,0,FALSE
2019-05-29 18:54:00,0,0.0729733188269022,0,0,FALSE
2019-05-29 18:55:00,0,0.0729733188269022,0,0,FALSE
2019-05-29 18:56:00,0,0.0729733188269022,0,0,FALSE
2019-05-29 18:57:00,0,0.0729733188269022,0,0,FALSE
2019-05-29 18:58:00,1,0.0727136273008264,44.7915944173091,0,FALSE
2019-05-29 18:59:00,0,0.0727136273008264,0,0,FALSE
2019-05-29 19:00:00,1,0.0728001911428526,20.8208546668558,0,FALSE
2019-05-29 19:01:00,1,0.0728001911428526,411.976281677403,0,FALSE
2019-05-29 19:02:00,3,0.0729733188269022,36.4902950948161,3,FALSE
2019-05-29 19:03:00,0,0.0729733188269022,0,0,FALSE
2019-05-29 19:04:00,6,0.072396226546736,328.365132304072,4,FALSE
2019-05-29 19:05:00,2,0.072540499616778,162.128016643498,0,FALSE
2019-05-29 19:06:00,0,0.072540499616778,0,0,FALSE
2019-05-29 19:07:00,0,0.072540499616778,0,0,FALSE
2019-05-29 19:08:00,1,0.0725404996167782,2.46637698697046,0,FALSE
2019-05-29 19:09:00,1,0.0725404996167774,80.9551975723236,0,FALSE
2019-05-29 19:10:00,0,0.0725404996167774,0,0,FALSE
2019-05-29 19:11:00,2,0.0727136273008274,251.516436833562,0,FALSE
2019-05-29 19:12:00,5,0.0727655656060415,396.701052986023,0,FALSE
2019-05-29 19:13:00,4,0.0729300369058898,64.9757720260734,3,FALSE
2019-05-29 19:14:00,1,0.0728867549848774,32.9448132531646,0,FALSE
2019-05-29 19:15:00,2,0.0729733188269022,24.3038374145655,0,FALSE
2019-05-29 19:16:00,3,0.0730887372829352,88.8102602891804,2,FALSE
2019-05-29 19:17:00,4,0.0731248055504456,183.769323405066,3,FALSE
2019-05-29 19:18:00,2,0.0730166007479146,20.2251223060412,0,FALSE
2019-05-29 19:19:00,1,0.0732330103529766,21.969903105893,0,FALSE
2019-05-29 19:20:00,0,0.0732330103529766,0,0,FALSE
2019-05-29 19:21:00,0,0.0732330103529766,0,0,FALSE
2019-05-29 19:22:00,1,0.0732330103529766,51.9954373506134,0,FALSE
2019-05-29 19:23:00,1,0.0732330103529766,248.406371117297,0,FALSE
2019-05-29 19:24:00,0,0.0732330103529766,0,0,FALSE
2019-05-29 19:25:00,2,0.0732330103529766,47.3817576983758,0,FALSE
2019-05-29 19:26:00,0,0.0732330103529766,0,0,FALSE
2019-05-29 19:27:00,0,0.0732330103529766,0,0,FALSE
2019-05-29 19:28:00,0,0.0732330103529766,0,0,FALSE
2019-05-29 19:29:00,0,0.0732330103529766,0,0,FALSE
2019-05-29 19:30:00,1,0.0732330103529766,2.70962138306013,0,FALSE
2019-05-29 19:31:00,0,0.0732330103529766,0,0,FALSE
2019-05-29 19:32:00,0,0.0732330103529766,0,0,FALSE
2019-05-29 19:33:00,0,0.0732330103529766,0,0,FALSE
2019-05-29 19:34:00,0,0.0732330103529766,0,0,FALSE
2019-05-29 19:35:00,0,0.0732330103529766,0,0,FALSE
2019-05-29 19:36:00,2,0.0731464465109518,17.5551471626284,2,FALSE
2019-05-29 19:37:00,0,0.0731464465109518,0,0,FALSE
2019-05-29 19:38:00,0,0.0731464465109518,0,0,FALSE
2019-05-29 19:39:00,0,0.0731464465109518,0,0,FALSE
2019-05-29 19:40:00,0,0.0731464465109518,0,0,FALSE
2019-05-29 19:41:00,0,0.0731464465109518,0,0,FALSE
2019-05-29 19:42:00,0,0.0731464465109518,0,0,FALSE
2019-05-29 19:43:00,0,0.0731464465109518,0,0,FALSE
2019-05-29 19:44:00,2,0.0732330103529766,41.2301848287258,0,FALSE
2019-05-29 19:45:00,1,0.0733195741950014,9.23826634857017,0,FALSE
2019-05-29 19:46:00,0,0.0733195741950014,0,0,FALSE
2019-05-29 19:47:00,1,0.0733195741950014,17.3767390842153,0,FALSE
2019-05-29 19:48:00,0,0.0733195741950014,0,0,FALSE
2019-05-29 19:49:00,0,0.0733195741950014,0,0,FALSE
2019-05-29 19:50:00,0,0.0733195741950014,0,0,FALSE
2019-05-29 19:51:00,0,0.0733195741950014,0,0,FALSE
2019-05-29 19:52:00,0,0.0733195741950014,0,0,FALSE
2019-05-29 19:53:00,0,0.0733195741950014,0,0,FALSE
2019-05-29 19:54:00,0,0.0733195741950014,0,0,FALSE
2019-05-29 19:55:00,0,0.0733195741950014,0,0,FALSE
2019-05-29 19:56:00,0,0.0733195741950014,0,0,FALSE
2019-05-29 19:57:00,10,0.0733888252686212,1685.23093600765,6,FALSE
2019-05-29 19:58:00,1,0.073492701879051,58.5736833976036,0,FALSE
2019-05-29 19:59:00,0,0.073492701879051,0,0,FALSE
2019-05-29 20:00:00,0,0.073492701879051,0,0,FALSE
2019-05-29 20:01:00,0,0.073492701879051,0,0,FALSE
2019-05-29 20:02:00,0,0.073492701879051,0,0,FALSE
2019-05-29 20:03:00,1,0.0732330103529766,2.92932041411906,0,FALSE
2019-05-29 20:04:00,0,0.0732330103529766,0,0,FALSE
2019-05-29 20:05:00,0,0.0732330103529766,0,0,FALSE
2019-05-29 20:06:00,4,0.0734710609185447,104.218797297278,4,FALSE
2019-05-29 20:07:00,2,0.0734061380370262,114.471505310537,2,FALSE
2019-05-29 20:08:00,1,0.0736658295631005,8.76623371800896,0,FALSE
2019-05-29 20:09:00,0,0.0736658295631005,0,0,FALSE
2019-05-29 20:10:00,2,0.0736658295631005,116.392010709699,0,FALSE
2019-05-29 20:11:00,0,0.0736658295631005,0,0,FALSE
2019-05-29 20:12:00,3,0.0737235387911171,98.9654108524772,2,FALSE
2019-05-29 20:13:00,1,0.0735792657210757,34.6558341546267,0,FALSE
2019-05-29 20:14:00,0,0.0735792657210757,0,0,FALSE
2019-05-29 20:15:00,0,0.0735792657210757,0,0,FALSE
2019-05-29 20:16:00,0,0.0735792657210757,0,0,FALSE
2019-05-29 20:17:00,0,0.0735792657210757,0,0,FALSE
2019-05-29 20:18:00,1,0.0732330103529766,19.3335147331858,0,FALSE
2019-05-29 20:19:00,0,0.0732330103529766,0,0,FALSE
2019-05-29 20:20:00,0,0.0732330103529766,0,0,FALSE
2019-05-29 20:21:00,0,0.0732330103529766,0,0,FALSE
2019-05-29 20:22:00,8,0.073395317556773,514.488992212213,6,FALSE
2019-05-29 20:23:00,4,0.0737091114841129,1103.94175223485,2,FALSE
2019-05-29 20:24:00,1,0.0736658295631005,55.3230380018885,0,FALSE
2019-05-29 20:25:00,3,0.0736946841771088,133.535546803499,2,FALSE
2019-05-29 20:26:00,0,0.0736946841771088,0,0,FALSE
2019-05-29 20:27:00,1,0.0735792657210757,2.50169503451658,0,FALSE
2019-05-29 20:28:00,5,0.0737350806367204,326.305259119252,4,FALSE
2019-05-29 20:29:00,2,0.0737956753261348,88.8844455017948,0,FALSE
2019-05-29 20:30:00,0,0.0737956753261348,0,0,FALSE
2019-05-29 20:31:00,0,0.0737956753261348,0,0,FALSE
2019-05-29 20:32:00,2,0.0738822391681625,173.696754747061,2,FALSE
2019-05-29 20:33:00,2,0.0738822391681625,422.525643977281,2,FALSE
2019-05-29 20:34:00,1,0.0738389572471501,147.6779144943,0,FALSE
2019-05-29 20:35:00,1,0.0739255210891749,17.3724974559561,0,FALSE
2019-05-29 20:36:00,5,0.0739428338575791,869.067127466708,3,FALSE
2019-05-29 20:37:00,0,0.0739428338575791,0,0,FALSE
2019-05-29 20:38:00,0,0.0739428338575791,0,0,FALSE
2019-05-29 20:39:00,0,0.0739428338575791,0,0,FALSE
2019-05-29 20:40:00,0,0.0739428338575791,0,0,FALSE
2019-05-29 20:41:00,0,0.0739428338575791,0,0,FALSE
2019-05-29 20:42:00,0,0.0739428338575791,0,0,FALSE
2019-05-29 20:43:00,0,0.0739428338575791,0,0,FALSE
2019-05-29 20:44:00,1,0.0738389572471501,3.24891411887461,0,FALSE
2019-05-29 20:45:00,1,0.073492701879051,26.016416465184,0,FALSE
2019-05-29 20:46:00,0,0.073492701879051,0,0,FALSE
2019-05-29 20:47:00,1,0.0737523934051253,8.77653481520992,0,FALSE
2019-05-29 20:48:00,18,0.0744112404249807,6266.10877845903,13,FALSE
2019-05-29 20:49:00,6,0.074286203764278,826.169636476744,4,FALSE
2019-05-29 20:50:00,3,0.0743871949133071,790.640113464561,2,FALSE
2019-05-29 20:51:00,2,0.0745314679833485,400.084920134615,0,FALSE
2019-05-29 20:52:00,0,0.0745314679833485,0,0,FALSE
2019-05-29 20:53:00,1,0.0744449041413237,34.6913253298568,0,FALSE
2019-05-29 20:54:00,2,0.0744016222203113,179.790502970238,2,FALSE
2019-05-29 20:55:00,1,0.0741852126152493,51.4103523423678,0,FALSE
2019-05-29 20:56:00,0,0.0741852126152493,0,0,FALSE
2019-05-29 20:57:00,0,0.0741852126152493,0,0,FALSE
2019-05-29 20:58:00,0,0.0741852126152493,0,0,FALSE
2019-05-29 20:59:00,1,0.0738389572471464,17.2044770385851,0,FALSE
2019-05-29 21:00:00,0,0.0738389572471464,0,0,FALSE
2019-05-29 21:01:00,4,0.0736225476420881,505.252197448958,0,FALSE
2019-05-29 21:02:00,0,0.0736225476420881,0,0,FALSE
2019-05-29 21:03:00,9,0.073492701879051,174.257948134908,2,FALSE
2019-05-29 21:04:00,1,0.0735792657210757,3.01674989456411,0,FALSE
2019-05-29 21:05:00,0,0.0735792657210757,0,0,FALSE
2019-05-29 21:06:00,0,0.0735792657210757,0,0,FALSE
2019-05-29 21:07:00,0,0.0735792657210757,0,0,FALSE
2019-05-29 21:08:00,1,0.0731464465109518,26.1864278509207,0,FALSE
2019-05-29 21:09:00,0,0.0731464465109518,0,0,FALSE
2019-05-29 21:10:00,0,0.0731464465109518,0,0,FALSE
2019-05-29 21:11:00,0,0.0731464465109518,0,0,FALSE
2019-05-29 21:12:00,1,0.0733195741950014,19.7229654584554,0,FALSE
2019-05-29 21:13:00,0,0.0733195741950014,0,0,FALSE
2019-05-29 21:14:00,0,0.0733195741950014,0,0,FALSE
2019-05-29 21:15:00,0,0.0733195741950014,0,0,FALSE
2019-05-29 21:16:00,2,0.073276292273989,268.74489205639,2,FALSE
2019-05-29 21:17:00,0,0.073276292273989,0,0,FALSE
2019-05-29 21:18:00,0,0.073276292273989,0,0,FALSE
2019-05-29 21:19:00,0,0.073276292273989,0,0,FALSE
2019-05-29 21:20:00,0,0.073276292273989,0,0,FALSE
2019-05-29 21:21:00,0,0.073276292273989,0,0,FALSE
2019-05-29 21:22:00,0,0.073276292273989,0,0,FALSE
2019-05-29 21:23:00,1,0.0735792657210757,10.3746764666717,0,FALSE
2019-05-29 21:24:00,0,0.0735792657210757,0,0,FALSE
2019-05-29 21:25:00,0,0.0735792657210757,0,0,FALSE
2019-05-29 21:26:00,1,0.0736658295631005,3.16763067121332,0,FALSE
2019-05-29 21:27:00,1,0.0735792657210757,3.16390842600626,0,FALSE
2019-05-29 21:28:00,0,0.0735792657210757,0,0,FALSE
2019-05-29 21:29:00,0,0.0735792657210757,0,0,FALSE
2019-05-29 21:30:00,0,0.0735792657210757,0,0,FALSE
2019-05-29 21:31:00,0,0.0735792657210757,0,0,FALSE
2019-05-29 21:32:00,40,0.0748820515435487,8838.47245607244,36,FALSE
2019-05-29 21:33:00,15,0.0755413794736372,2043.4798109832,9,FALSE
2019-05-29 21:34:00,23,0.075765943643528,2460.59417606783,14,FALSE
2019-05-29 21:35:00,8,0.0757109003309363,453.31467130866,6,FALSE
2019-05-29 21:36:00,10,0.0757779873085045,651.182907355825,7,FALSE
2019-05-29 21:37:00,5,0.0757433617716955,317.144207717767,2,FALSE
2019-05-29 21:38:00,1,0.0758299256137204,24.1139163451631,0,FALSE
2019-05-29 21:39:00,3,0.0753105425615698,53.847037931522,0,FALSE
2019-05-29 21:40:00,1,0.0748777233514477,96.8917740167733,0,FALSE
2019-05-29 21:41:00,0,0.0748777233514477,0,0,FALSE
2019-05-29 21:42:00,2,0.0747045956673981,68.6549950036533,0,FALSE
2019-05-29 21:43:00,0,0.0747045956673981,0,0,FALSE
2019-05-29 21:44:00,2,0.0748777233514477,162.842341467888,0,FALSE
2019-05-29 21:45:00,4,0.0751374148775221,191.149583448416,0,FALSE
2019-05-29 21:46:00,14,0.0755207690350581,1043.85311503796,5,FALSE
2019-05-29 21:47:00,13,0.0758632193991138,1919.53094999243,6,FALSE
2019-05-29 21:48:00,6,0.076551290963927,1036.91969754715,3,FALSE
2019-05-29 21:49:00,15,0.0767648151075865,359.358623430314,2,FALSE
2019-05-29 21:50:00,19,0.0769051396515018,7623.06893675041,2,FALSE
2019-05-29 21:51:00,53,0.0780805855063649,18237.2242723837,37,FALSE
2019-05-29 21:52:00,50,0.0793876995209393,16650.9710392941,12,FALSE
2019-05-29 21:53:00,44,0.0803292780389635,11872.4268276751,19,FALSE
2019-05-29 21:54:00,40,0.0806536957105521,4988.5009150772,23,FALSE
2019-05-29 21:55:00,35,0.0804944800725419,10447.1434735866,11,FALSE
2019-05-29 21:56:00,33,0.0809162071193591,4566.06183494195,17,FALSE
2019-05-29 21:57:00,11,0.0808191506904222,1082.12151801182,3,FALSE
2019-05-29 21:58:00,23,0.0810425743617352,13056.1049585866,9,FALSE
2019-05-29 21:59:00,75,0.0827007863013682,26368.8848664807,52,FALSE
2019-05-29 22:00:00,111,0.0838710046688343,18791.5743556992,58,FALSE
2019-05-29 22:01:00,77,0.083932076386093,21928.2923864147,29,FALSE
2019-05-29 22:02:00,93,0.0855269375084976,32667.7556353585,55,FALSE
2019-05-29 22:03:00,134,0.0866581578526727,34943.2717292937,44,FALSE
2019-05-29 22:04:00,104,0.0866345913187574,36452.4835758005,54,FALSE
2019-05-29 22:05:00,77,0.0873372955743136,16593.7520800242,24,FALSE
2019-05-29 22:06:00,63,0.0864291871594222,22001.9402972625,41,FALSE
2019-05-29 22:07:00,17,0.0862023106845716,1908.2770445823,7,FALSE
2019-05-29 22:08:00,35,0.0851466682682176,10524.0069714741,12,FALSE
2019-05-29 22:09:00,38,0.0839395908139377,10763.4947565114,10,FALSE
2019-05-29 22:10:00,89,0.0829281606597535,21136.6099577283,17,FALSE
2019-05-29 22:11:00,45,0.0839784686096543,8609.4477291845,11,FALSE
2019-05-29 22:12:00,61,0.0850865803928635,16531.0620262468,19,FALSE
2019-05-29 22:13:00,50,0.0847460013422741,8811.40385610744,10,FALSE
2019-05-29 22:14:00,16,0.0840967725270867,4352.98260057418,2,FALSE
2019-05-29 22:15:00,13,0.0843464759175445,3039.98120597598,3,FALSE
2019-05-29 22:16:00,12,0.083519680246923,2523.93267958585,0,FALSE
2019-05-29 22:17:00,28,0.0838525388299467,3246.29166728046,7,FALSE
2019-05-29 22:18:00,15,0.0837764863115966,854.805301673915,9,FALSE
2019-05-29 22:19:00,54,0.0849768382543404,12622.9858913138,35,FALSE
2019-05-29 22:20:00,17,0.0853417642550327,2754.99139706985,2,FALSE
2019-05-29 22:21:00,6,0.0843997459741746,487.612390848828,0,FALSE
2019-05-29 22:22:00,5,0.0839496139956462,256.398637523762,2,FALSE
2019-05-29 22:23:00,21,0.0838185316062943,6249.02436546934,8,FALSE
2019-05-29 22:24:00,9,0.0840919634247536,3876.68297854804,4,FALSE
2019-05-29 22:25:00,1,0.0840534906060759,62.7039039921327,0,FALSE
2019-05-29 22:26:00,14,0.0833424304751579,2203.80297152049,2,FALSE
2019-05-29 22:27:00,12,0.0838803629220263,7606.06701910217,6,FALSE
2019-05-29 22:28:00,1,0.0837937990800015,32.2606126458006,0,FALSE
2019-05-29 22:29:00,3,0.0837360898519849,287.173295257364,0,FALSE
2019-05-29 22:30:00,7,0.0836330376590984,1048.19489766241,3,FALSE
2019-05-29 22:31:00,7,0.083744334027416,4823.31390538423,3,FALSE
2019-05-29 22:32:00,27,0.0841144059023156,6466.34072677653,15,FALSE
2019-05-29 22:33:00,44,0.0847853485431938,6077.84679165287,10,FALSE
2019-05-29 22:34:00,13,0.0851188917386882,1293.77790250822,2,FALSE
2019-05-29 22:35:00,84,0.0868750596473125,40441.2308057762,46,FALSE
2019-05-29 22:36:00,45,0.0864753545418361,12976.3282411596,15,FALSE
2019-05-29 22:37:00,28,0.0850335169604276,3204.3384146793,9,FALSE
2019-05-29 22:38:00,23,0.0844524370084507,3003.66897270421,16,FALSE
2019-05-29 22:39:00,40,0.0848044319356398,7327.05331815789,5,FALSE
2019-05-29 22:40:00,22,0.0847420666221803,2997.32289088152,3,FALSE
2019-05-29 22:41:00,31,0.0846733994102533,8220.44280770137,4,FALSE
2019-05-29 22:42:00,12,0.0850561884428624,3479.32836855473,4,FALSE
2019-05-29 22:43:00,11,0.0850529095094531,1976.17746257503,0,FALSE
2019-05-29 22:44:00,1,0.0850922567103735,125.170709620959,0,FALSE
2019-05-29 22:45:00,2,0.0846161555792367,279.443490419918,0,FALSE
2019-05-29 22:46:00,3,0.0845151644302082,89.4237382376102,0,FALSE
2019-05-29 22:47:00,1,0.0845728736582247,705.929776425202,0,FALSE
2019-05-29 22:48:00,10,0.0849104726421207,981.448115992344,4,FALSE
2019-05-29 22:49:00,40,0.0856159679546233,7483.94145231596,24,FALSE
2019-05-29 22:50:00,9,0.0854577484878115,845.209613221624,4,FALSE
2019-05-29 22:51:00,10,0.0838502168103307,1022.05315220413,5,FALSE
2019-05-29 22:52:00,8,0.0835377262126618,945.285770228108,2,FALSE
2019-05-29 22:53:00,14,0.0836630893682807,510.403649639423,8,FALSE
2019-05-29 22:54:00,4,0.0837945677997862,2588.42340282564,0,FALSE
2019-05-29 22:55:00,6,0.083958661036006,908.587216893225,0,FALSE
2019-05-29 22:56:00,6,0.0834592468388178,2228.10778865291,4,FALSE
2019-05-29 22:57:00,12,0.0831096569007856,2102.77953902673,9,FALSE
2019-05-29 22:58:00,5,0.08333653363608,324.154887121299,2,FALSE
2019-05-29 22:59:00,4,0.0831096569007856,411.748570063989,0,FALSE
2019-05-29 23:00:00,1,0.0829598326416289,21.8184359847484,0,FALSE
2019-05-29 23:01:00,7,0.083290057539362,684.576833711107,2,FALSE
2019-05-29 23:02:00,0,0.083290057539362,0,0,FALSE
2019-05-29 23:03:00,4,0.0832380776943485,278.922686440302,0,FALSE
2019-05-29 23:04:00,1,0.0826173771921278,581.543718055388,0,FALSE
2019-05-29 23:05:00,2,0.0828742187792536,54.2129236164376,0,FALSE
2019-05-29 23:06:00,4,0.0829812361072227,845.40435768801,2,FALSE
2019-05-29 23:07:00,9,0.0830834971095043,1812.57208938675,7,FALSE
2019-05-29 23:08:00,11,0.0827886049168772,1460.74303493582,3,FALSE
2019-05-29 23:09:00,5,0.0829427098691538,2169.65526657165,4,FALSE
2019-05-29 23:10:00,3,0.0829598326416289,147.917381600024,0,FALSE
2019-05-29 23:11:00,3,0.0829598326416289,275.094805039641,0,FALSE
2019-05-29 23:12:00,7,0.0829720631933968,10238.4227645451,4,FALSE
2019-05-29 23:13:00,14,0.0833817866776207,4789.41830863066,10,FALSE
2019-05-29 23:14:00,6,0.0837731643341936,806.426078425799,4,FALSE
2019-05-29 23:15:00,8,0.0835163227470674,270.008485475925,3,FALSE
2019-05-29 23:16:00,1,0.0830454465040041,16.4429984077928,0,FALSE
2019-05-29 23:17:00,2,0.0830454465040041,1168.69856865085,0,FALSE
2019-05-29 23:18:00,2,0.0827886049168784,4.9673162950127,0,FALSE
2019-05-29 23:19:00,3,0.0821893078802514,603.762655688327,0,FALSE
2019-05-29 23:20:00,30,0.0811419649638604,8691.75089383432,2,FALSE
2019-05-29 23:21:00,7,0.0809662527034592,652.687639095153,0,FALSE
2019-05-29 23:22:00,8,0.0807445739526673,1723.18462479957,0,FALSE
2019-05-29 23:23:00,8,0.0806589600902937,3637.11025708996,2,FALSE
2019-05-29 23:24:00,12,0.0807338722198699,1568.7410696984,0,FALSE
2019-05-29 23:25:00,8,0.0808194860822448,695.620765115926,0,FALSE
2019-05-29 23:26:00,1,0.080733872219872,734.032366223076,0,FALSE
2019-05-29 23:27:00,3,0.0807909481281188,38.5384808511859,0,FALSE
2019-05-29 23:28:00,22,0.0809751476502013,1371.71737453104,8,FALSE
2019-05-29 23:29:00,5,0.0810934504418481,800.366329246878,0,FALSE
2019-05-29 23:30:00,1,0.0808194860822468,128.42216338469,0,FALSE
2019-05-29 23:31:00,5,0.080716749447397,1027.95485819311,0,FALSE
2019-05-29 23:32:00,20,0.0797921197337442,7281.49315494712,2,FALSE
2019-05-29 23:33:00,13,0.0799896901853794,4884.03104408018,2,FALSE
2019-05-29 23:34:00,33,0.0804925967895417,9738.95757003203,18,FALSE
2019-05-29 23:35:00,14,0.0808867541169692,2315.19746278779,10,FALSE
2019-05-29 23:36:00,7,0.0807583333234077,1890.05717237107,0,FALSE
2019-05-29 23:37:00,1,0.0805626444951215,24.6521692155072,0,FALSE
2019-05-29 23:38:00,1,0.0805626444951215,33.5140601099706,0,FALSE
2019-05-29 23:39:00,3,0.0801345751832452,354.075476585793,2,FALSE
2019-05-29 23:40:00,0,0.0801345751832452,0,0,FALSE
2019-05-29 23:41:00,4,0.0797707162681504,67.994957567745,0,FALSE
2019-05-29 23:42:00,5,0.0796893830988938,717.687909370877,0,FALSE
2019-05-29 23:43:00,10,0.0796979444851314,1298.69183202399,2,FALSE
2019-05-29 23:44:00,15,0.0799005639594195,4037.28931224801,0,FALSE
2019-05-29 23:45:00,16,0.0803486098391832,3165.89412699239,6,FALSE
2019-05-29 23:46:00,20,0.080909380637741,2293.81163364963,16,FALSE
2019-05-29 23:47:00,2,0.0810763276693731,324.80478195059,0,FALSE
2019-05-29 23:48:00,7,0.0806237972539592,382.943357998518,0,FALSE
2019-05-29 23:49:00,3,0.0805341065409958,345.636175716013,0,FALSE
2019-05-29 23:50:00,16,0.079695804138572,1956.70936212132,2,FALSE
2019-05-29 23:51:00,10,0.0799633474584947,1194.25259429262,0,FALSE
2019-05-29 23:52:00,5,0.0797578741887941,1348.2337489231,0,FALSE
2019-05-29 23:53:00,2,0.0796636989401813,89.7359130070437,0,FALSE
2019-05-29 23:54:00,2,0.0797493128025566,136.635272430075,0,FALSE
2019-05-29 23:55:00,2,0.0799205405273071,472.353424645364,0,FALSE
2019-05-29 23:56:00,13,0.0801806749552934,1858.61813544349,0,FALSE
2019-05-29 23:57:00,10,0.0802715573630457,990.212329420427,0,FALSE
2019-05-29 23:58:00,2,0.08004896132087,300.423751837225,0,FALSE
2019-05-29 23:59:00,0,0.08004896132087,0,0,FALSE
2019-05-30,2,0.0794496642842428,117.267704483542,0,FALSE
2019-05-30 00:01:00,2,0.0794924712154308,228.986432091095,0,FALSE
2019-05-30 00:02:00,3,0.0793355124677428,905.005047277585,0,FALSE
2019-05-30 00:03:00,1,0.0790215949723668,26.5512559107153,0,FALSE
2019-05-30 00:04:00,4,0.0790644019035541,747.666801875648,2,FALSE
2019-05-30 00:05:00,3,0.0790215949723668,193.760950872243,0,FALSE
2019-05-30 00:06:00,3,0.0790215949723668,176.139135193406,0,FALSE
2019-05-30 00:07:00,0,0.0790215949723668,0,0,FALSE
2019-05-30 00:08:00,5,0.0786620167503907,1510.72594884002,2,FALSE
2019-05-30 00:09:00,7,0.0785201423498832,66.496971817765,0,FALSE
2019-05-30 00:10:00,7,0.0783122229698289,460.800946898033,3,FALSE
2019-05-30 00:11:00,1,0.078764753385241,60.0187420795537,0,FALSE
2019-05-30 00:12:00,6,0.0789930570182411,638.042874252694,3,FALSE
2019-05-30 00:13:00,1,0.0792784365594667,2.6161884064624,0,FALSE
2019-05-30 00:14:00,2,0.0792356296283041,1486.11299077348,2,FALSE
2019-05-30 00:15:00,2,0.0792356296282934,460.430238873947,0,FALSE
2019-05-30 00:16:00,2,0.0789359811099907,42.8196876531241,2,FALSE
2019-05-30 00:17:00,0,0.0789359811099907,0,0,FALSE
2019-05-30 00:18:00,2,0.07842229793574,77.7949195522541,0,FALSE
2019-05-30 00:19:00,2,0.0785935256604905,442.481549468562,0,FALSE
2019-05-30 00:20:00,2,0.0783366840733647,16.52904033948,0,FALSE
2019-05-30 00:21:00,3,0.0785079117981153,173.137341950804,3,FALSE
2019-05-30 00:22:00,2,0.0786791395228658,470.748507181277,2,FALSE
2019-05-30 00:23:00,3,0.0788789052017414,41.4742658058977,0,FALSE
2019-05-30 00:24:00,7,0.0792417449041885,1251.20618887141,3,FALSE
2019-05-30 00:25:00,1,0.079278436559487,12.1296007936015,0,FALSE
2019-05-30 00:26:00,0,0.079278436559487,0,0,FALSE
2019-05-30 00:27:00,1,0.0791072088347421,120.005635802304,0,FALSE
2019-05-30 00:28:00,3,0.0791928226971168,198.615599324369,0,FALSE
2019-05-30 00:29:00,0,0.0791928226971168,0,0,FALSE
2019-05-30 00:30:00,0,0.0791928226971168,0,0,FALSE
2019-05-30 00:31:00,0,0.0791928226971168,0,0,FALSE
2019-05-30 00:32:00,0,0.0791928226971168,0,0,FALSE
2019-05-30 00:33:00,0,0.0791928226971168,0,0,FALSE
2019-05-30 00:34:00,7,0.0785812951087226,555.637220142221,2,FALSE
2019-05-30 00:35:00,1,0.0785079117981153,421.037930973292,0,FALSE
2019-05-30 00:36:00,14,0.0781165341415422,1002.71914489165,4,FALSE
2019-05-30 00:37:00,0,0.0781165341415422,0,0,FALSE
2019-05-30 00:38:00,2,0.0779514216926721,90.9309969119383,2,FALSE
2019-05-30 00:39:00,1,0.0779942286238632,131.576263688457,0,FALSE
2019-05-30 00:40:00,4,0.0773093177248616,306.045586110097,0,FALSE
2019-05-30 00:41:00,3,0.0772807797707361,128.149055163713,0,FALSE
2019-05-30 00:42:00,4,0.0774805454496106,249.134627234762,4,FALSE
2019-05-30 00:43:00,0,0.0774805454496106,0,0,FALSE
2019-05-30 00:44:00,3,0.0770524761377358,66.496286906866,0,FALSE
2019-05-30 00:45:00,9,0.0768622231102352,1872.21567152137,0,FALSE
2019-05-30 00:46:00,2,0.0773093177248616,390.783104990085,0,FALSE
2019-05-30 00:47:00,0,0.0773093177248616,0,0,FALSE
2019-05-30 00:48:00,1,0.0772237038624863,21.3909659699087,0,FALSE
2019-05-30 00:49:00,11,0.0774805454496117,3261.35717932303,7,FALSE
2019-05-30 00:50:00,3,0.0772807797707365,1112.22569590929,2,FALSE
2019-05-30 00:51:00,6,0.0772237038624863,672.681044375652,2,FALSE
2019-05-30 00:52:00,5,0.0769668622753605,147.288804622465,2,FALSE
2019-05-30 00:53:00,1,0.0768812484129853,11.2246622682958,0,FALSE
2019-05-30 00:54:00,6,0.0768669794359227,1512.1235951433,0,FALSE
2019-05-30 00:55:00,3,0.0769668622753605,7374.45054636762,0,FALSE
2019-05-30 00:56:00,7,0.0769057095165211,997.317167017363,2,FALSE
2019-05-30 00:57:00,4,0.0766672137570471,167.9670351881,0,FALSE
2019-05-30 00:58:00,2,0.0767100206882348,190.394271348199,0,FALSE
2019-05-30 00:59:00,4,0.0764317756355145,1213.12437236213,0,FALSE
2019-05-30 01:00:00,9,0.0762534134222332,3446.55417554187,2,FALSE
2019-05-30 01:01:00,12,0.0765815998946718,1027.14178334213,0,FALSE
2019-05-30 01:02:00,16,0.0771648443321031,2655.21625615178,8,FALSE
2019-05-30 01:03:00,1,0.0772237038624863,615.472919784016,0,FALSE
2019-05-30 01:04:00,2,0.077266510793674,731.436297074272,0,FALSE
2019-05-30 01:05:00,2,0.0773521246560492,461.533459104516,0,FALSE
2019-05-30 01:06:00,1,0.0773949315872307,10.7578954906251,0,FALSE
2019-05-30 01:07:00,4,0.0773307211904554,281.165255951359,2,FALSE
2019-05-30 01:08:00,4,0.0772023003968925,1104.68790901033,2,FALSE
2019-05-30 01:09:00,0,0.0772023003968925,0,0,FALSE
2019-05-30 01:10:00,0,0.0772023003968925,0,0,FALSE
2019-05-30 01:11:00,0,0.0772023003968925,0,0,FALSE
2019-05-30 01:12:00,3,0.0764246411469835,422.699610428132,0,FALSE
2019-05-30 01:13:00,0,0.0764246411469835,0,0,FALSE
2019-05-30 01:14:00,0,0.0764246411469835,0,0,FALSE
2019-05-30 01:15:00,0,0.0764246411469835,0,0,FALSE
2019-05-30 01:16:00,6,0.0761392616057327,1732.41534021315,3,FALSE
2019-05-30 01:17:00,11,0.076857899177792,1670.0310015023,2,FALSE
2019-05-30 01:18:00,0,0.076857899177792,0,0,FALSE
2019-05-30 01:19:00,0,0.076857899177792,0,0,FALSE
2019-05-30 01:20:00,1,0.07679563455061,102.675763394166,0,FALSE
2019-05-30 01:21:00,1,0.07679563455061,69.8840274410551,0,FALSE
2019-05-30 01:22:00,0,0.07679563455061,0,0,FALSE
2019-05-30 01:23:00,4,0.07651738949789,832.043543939588,2,FALSE
2019-05-30 01:24:00,1,0.0755970404773563,76.5042049630846,0,FALSE
2019-05-30 01:25:00,25,0.0751963676014401,7506.19178796888,0,FALSE
2019-05-30 01:26:00,10,0.0751347256205299,557.719777344499,0,FALSE
2019-05-30 01:27:00,6,0.0754258127526058,441.090152977239,0,FALSE
2019-05-30 01:28:00,0,0.0754258127526058,0,0,FALSE
2019-05-30 01:29:00,1,0.0753401988902306,36.1632954673107,0,FALSE
2019-05-30 01:30:00,6,0.0754686196837935,740.219851284662,2,FALSE
2019-05-30 01:31:00,0,0.0754686196837935,0,0,FALSE
2019-05-30 01:32:00,6,0.0757682682021058,640.254023476259,5,FALSE
2019-05-30 01:33:00,5,0.0760593553341826,398.423371682315,2,FALSE
2019-05-30 01:34:00,2,0.0755114266149811,551.610971422437,0,FALSE
2019-05-30 01:35:00,2,0.0757254612709192,41.5890739953429,0,FALSE
2019-05-30 01:36:00,3,0.0756826543397316,94.2805536635098,0,FALSE
2019-05-30 01:37:00,1,0.0755114266149811,11.4022254188621,0,FALSE
2019-05-30 01:38:00,5,0.0757682682021069,697.03767453824,4,FALSE
2019-05-30 01:39:00,0,0.0757682682021069,0,0,FALSE
2019-05-30 01:40:00,10,0.0759480573130949,5852.42039998115,7,FALSE
2019-05-30 01:41:00,13,0.0765124502365995,3636.06962059279,3,FALSE
2019-05-30 01:42:00,2,0.0761107236516079,555.951765472587,0,FALSE
2019-05-30 01:43:00,0,0.0761107236516079,0,0,FALSE
2019-05-30 01:44:00,1,0.0750833573031048,85.5950273255394,0,FALSE
2019-05-30 01:45:00,2,0.07516897116548,101.616291847272,0,FALSE
2019-05-30 01:46:00,3,0.0752260470737302,1142.98290403692,0,FALSE
2019-05-30 01:47:00,4,0.0753830058214182,1252.47216105436,0,FALSE
2019-05-30 01:48:00,3,0.0755685025232313,388.132499810947,0,FALSE
2019-05-30 01:49:00,0,0.0755685025232313,0,0,FALSE
2019-05-30 01:50:00,0,0.0755685025232313,0,0,FALSE
2019-05-30 01:51:00,2,0.0753401988902306,2340.81997951946,0,FALSE
2019-05-30 01:52:00,0,0.0753401988902306,0,0,FALSE
2019-05-30 01:53:00,1,0.0755114266149811,59.88056130568,0,FALSE
2019-05-30 01:54:00,0,0.0755114266149811,0,0,FALSE
2019-05-30 01:55:00,2,0.0754258127526058,1585.20692700745,0,FALSE
2019-05-30 01:56:00,1,0.0755114266149811,12.6104082447018,0,FALSE
2019-05-30 01:57:00,3,0.0750548193489792,89.1452629705159,0,FALSE
2019-05-30 01:58:00,2,0.0754686196837935,582.106714814368,0,FALSE
2019-05-30 01:59:00,5,0.0757853909745819,892.029067840541,0,FALSE
2019-05-30 02:00:00,5,0.0758538820644821,2771.02809690563,0,FALSE
2019-05-30 02:01:00,2,0.0755114266149811,87.668766299993,0,FALSE
2019-05-30 02:02:00,1,0.0755114266149811,85.4789349281586,0,FALSE
2019-05-30 02:03:00,4,0.0754258127526058,144.625442977833,0,FALSE
2019-05-30 02:04:00,0,0.0754258127526058,0,0,FALSE
2019-05-30 02:05:00,1,0.0754258127526058,18.8564531881515,0,FALSE
2019-05-30 02:06:00,3,0.0755114266149811,98.0878877372,0,FALSE
2019-05-30 02:07:00,0,0.0755114266149811,0,0,FALSE
2019-05-30 02:08:00,0,0.0755114266149811,0,0,FALSE
2019-05-30 02:09:00,6,0.0750690883260422,815.046367000641,0,FALSE
2019-05-30 02:10:00,19,0.075020273404512,2226.8178445885,8,FALSE
2019-05-30 02:11:00,0,0.075020273404512,0,0,FALSE
2019-05-30 02:12:00,7,0.0750099739924971,1208.0929312842,0,FALSE
2019-05-30 02:13:00,11,0.0755347758501743,2312.18573833716,8,FALSE
2019-05-30 02:14:00,5,0.075477181070031,135.990856887976,2,FALSE
2019-05-30 02:15:00,2,0.0754258127526058,387.764103361147,0,FALSE
2019-05-30 02:16:00,2,0.0756826543397316,718.152707029713,0,FALSE
2019-05-30 02:17:00,2,0.0751261642342924,142.766509184079,2,FALSE
2019-05-30 02:18:00,1,0.07516897116548,91.6309758507202,0,FALSE
2019-05-30 02:19:00,4,0.0752545850278553,45.4438381487891,0,FALSE
2019-05-30 02:20:00,3,0.0753687368443556,819.905809829061,2,FALSE
2019-05-30 02:21:00,0,0.0753687368443556,0,0,FALSE
2019-05-30 02:22:00,0,0.0753687368443556,0,0,FALSE
2019-05-30 02:23:00,2,0.0753830058214182,702.651632335773,0,FALSE
2019-05-30 02:24:00,1,0.0754258127526058,10.0316330960966,0,FALSE
2019-05-30 02:25:00,4,0.0751261642342924,299.767007898944,2,FALSE
2019-05-30 02:26:00,2,0.0753830058214182,20.2016181937916,0,FALSE
2019-05-30 02:27:00,1,0.0752545850278553,106.711001569499,0,FALSE
2019-05-30 02:28:00,0,0.0752545850278553,0,0,FALSE
2019-05-30 02:29:00,1,0.0750833573031048,21.5489235459911,0,FALSE
2019-05-30 02:30:00,1,0.0752545850278553,112.881877541783,0,FALSE
2019-05-30 02:31:00,5,0.0753744444351807,212.303029957753,2,FALSE
2019-05-30 02:32:00,2,0.0754258127526058,372.452663372368,0,FALSE
2019-05-30 02:33:00,0,0.0754258127526058,0,0,FALSE
2019-05-30 02:34:00,1,0.0752545850278553,278.140946262953,0,FALSE
2019-05-30 02:35:00,3,0.0753116609361055,1026.03342627982,0,FALSE
2019-05-30 02:36:00,3,0.0753972747984807,229.782127328011,2,FALSE
2019-05-30 02:37:00,0,0.0753972747984807,0,0,FALSE
2019-05-30 02:38:00,0,0.0753972747984807,0,0,FALSE
2019-05-30 02:39:00,0,0.0753972747984807,0,0,FALSE
2019-05-30 02:40:00,0,0.0753972747984807,0,0,FALSE
2019-05-30 02:41:00,2,0.0752545850278553,20.1682287874652,2,FALSE
2019-05-30 02:42:00,1,0.0752545850278553,46.7330973022981,0,FALSE
2019-05-30 02:43:00,0,0.0752545850278553,0,0,FALSE
2019-05-30 02:44:00,0,0.0752545850278553,0,0,FALSE
2019-05-30 02:45:00,0,0.0752545850278553,0,0,FALSE
2019-05-30 02:46:00,4,0.0754686196837935,3105.37531434271,3,FALSE
2019-05-30 02:47:00,0,0.0754686196837935,0,0,FALSE
2019-05-30 02:48:00,0,0.0754686196837935,0,0,FALSE
2019-05-30 02:49:00,2,0.0755542335461687,260.698748467379,2,FALSE
2019-05-30 02:50:00,20,0.0757682682021069,9212.60534204003,4,FALSE
2019-05-30 02:51:00,8,0.0762391444451673,827.686483255582,8,FALSE
2019-05-30 02:52:00,1,0.0761107236516079,465.721518024189,0,FALSE
2019-05-30 02:53:00,0,0.0761107236516079,0,0,FALSE
2019-05-30 02:54:00,0,0.0761107236516079,0,0,FALSE
2019-05-30 02:55:00,6,0.0756113094544189,426.920630684821,0,FALSE
2019-05-30 02:56:00,2,0.0752545850278553,23.4794305286909,0,FALSE
2019-05-30 02:57:00,1,0.07516897116548,708.392384263484,0,FALSE
2019-05-30 02:58:00,1,0.07516897116548,51.5659142195193,0,FALSE
2019-05-30 02:59:00,3,0.0755399645691062,92.0757398657596,2,FALSE
2019-05-30 03:00:00,0,0.0755399645691062,0,0,FALSE
2019-05-30 03:01:00,2,0.075639847408544,550.77306855137,0,FALSE
2019-05-30 03:02:00,1,0.0757682682021069,292.844356601143,0,FALSE
2019-05-30 03:03:00,1,0.0757682682021069,68.4945144547046,0,FALSE
2019-05-30 03:04:00,1,0.0757682682021069,32.1257457176933,0,FALSE
2019-05-30 03:05:00,0,0.0757682682021069,0,0,FALSE
2019-05-30 03:06:00,11,0.0760562421028229,3341.05777783789,6,FALSE
2019-05-30 03:07:00,16,0.0766725646234454,7813.22749839734,8,FALSE
2019-05-30 03:08:00,7,0.0769668622753605,2494.85498526937,6,FALSE
2019-05-30 03:09:00,13,0.0767166063699559,3391.31765258688,5,FALSE
2019-05-30 03:10:00,2,0.07679563455061,456.055113664985,2,FALSE
2019-05-30 03:11:00,1,0.0765387929634842,906.295847480617,0,FALSE
2019-05-30 03:12:00,9,0.0766814827341097,1389.55091329153,4,FALSE
2019-05-30 03:13:00,1,0.0768812484129853,126.546534887774,0,FALSE
2019-05-30 03:14:00,1,0.0768812484129853,387.173967007794,0,FALSE
2019-05-30 03:15:00,1,0.0769668622753605,76.9668622753605,0,FALSE
2019-05-30 03:16:00,3,0.0768241725047351,938.886647698732,3,FALSE
2019-05-30 03:17:00,7,0.0770035539306642,1393.05200657951,4,FALSE
2019-05-30 03:18:00,2,0.0771808969312987,135.270501849951,0,FALSE
2019-05-30 03:19:00,1,0.0768812484129853,54.2012801311546,0,FALSE
2019-05-30 03:20:00,2,0.0770524761377358,47.9418794251745,0,FALSE
2019-05-30 03:21:00,2,0.0770952830689234,183.420851030009,0,FALSE
2019-05-30 03:22:00,2,0.0765815998946719,623.172602496735,0,FALSE
2019-05-30 03:23:00,0,0.0765815998946719,0,0,FALSE
2019-05-30 03:24:00,1,0.0766244068258595,12.7962759399185,0,FALSE
2019-05-30 03:25:00,1,0.0766244068258595,506.027582677976,0,FALSE
2019-05-30 03:26:00,3,0.0782543616294227,54.3085269708194,0,FALSE
2019-05-30 03:27:00,0,0.0782543616294227,0,0,FALSE
2019-05-30 03:28:00,2,0.0779486805293078,2659.35570103417,2,FALSE
2019-05-30 03:29:00,10,0.0785775102209728,3684.40801194375,9,FALSE
2019-05-30 03:30:00,4,0.078734717643889,742.859222502735,0,FALSE
2019-05-30 03:31:00,1,0.0785163740009498,13.7403654501662,0,FALSE
2019-05-30 03:32:00,0,0.0785163740009498,0,0,FALSE
2019-05-30 03:33:00,0,0.0785163740009498,0,0,FALSE
2019-05-30 03:34:00,1,0.0785163740009498,404.280809730891,0,FALSE
2019-05-30 03:35:00,4,0.0783853678151863,348.483615802512,0,FALSE
2019-05-30 03:36:00,8,0.0786910489153012,4101.75939616573,5,FALSE
2019-05-30 03:37:00,4,0.0788657238296526,812.869015512229,0,FALSE
2019-05-30 03:38:00,0,0.0788657238296526,0,0,FALSE
2019-05-30 03:39:00,1,0.0787783863724769,28.5965542532091,0,FALSE
2019-05-30 03:40:00,4,0.0789312269225343,3453.63764624773,2,FALSE
2019-05-30 03:41:00,3,0.0789821737725527,285.905978386295,2,FALSE
2019-05-30 03:42:00,2,0.0790403987440035,187.641906618265,0,FALSE
2019-05-30 03:43:00,0,0.0790403987440035,0,0,FALSE
2019-05-30 03:44:00,1,0.0786037114581255,9.51104908643318,0,FALSE
2019-05-30 03:45:00,4,0.0785818770938316,906.619924180707,2,FALSE
2019-05-30 03:46:00,1,0.0780796867150713,12.4146701876963,0,FALSE
2019-05-30 03:47:00,0,0.0780796867150713,0,0,FALSE
2019-05-30 03:48:00,2,0.0780796867150713,328.55932169702,0,FALSE
2019-05-30 03:49:00,5,0.0775032594977117,1089.11765457132,2,FALSE
2019-05-30 03:50:00,4,0.077424655786252,798.221301219464,0,FALSE
2019-05-30 03:51:00,0,0.077424655786252,0,0,FALSE
2019-05-30 03:52:00,0,0.077424655786252,0,0,FALSE
2019-05-30 03:53:00,1,0.0777303368863685,57.5981796327991,0,FALSE
2019-05-30 03:54:00,0,0.0777303368863685,0,0,FALSE
2019-05-30 03:55:00,13,0.0767696248574359,2900.81704486307,0,FALSE
2019-05-30 03:56:00,1,0.0769442997717873,43.6274179706034,0,FALSE
2019-05-30 03:57:00,0,0.0769442997717873,0,0,FALSE
2019-05-30 03:58:00,2,0.077031637228963,197.355054580603,0,FALSE
2019-05-30 03:59:00,1,0.0771189746861387,43.6493396723545,0,FALSE
2019-05-30 04:00:00,1,0.0771189746861387,21.0534800893159,0,FALSE
2019-05-30 04:01:00,6,0.0770753059575508,874.49091913457,2,FALSE
2019-05-30 04:02:00,2,0.0771626434147265,188.031606352183,0,FALSE
2019-05-30 04:03:00,1,0.0772936496004901,437.945818636377,0,FALSE
2019-05-30 04:04:00,4,0.0773591526933718,523.46718072756,2,FALSE
2019-05-30 04:05:00,3,0.0775265494862917,2217.93620971354,0,FALSE
2019-05-30 04:06:00,1,0.0775556619720171,11.5557936338306,0,FALSE
2019-05-30 04:07:00,0,0.0775556619720171,0,0,FALSE
2019-05-30 04:08:00,0,0.0775556619720171,0,0,FALSE
2019-05-30 04:09:00,5,0.0768744298060467,334.614689615383,0,FALSE
2019-05-30 04:10:00,5,0.076787092348871,764.203448986989,0,FALSE
2019-05-30 04:11:00,6,0.0766968436431228,237.522686522649,4,FALSE
2019-05-30 04:12:00,1,0.0765076124859088,16.9081823593859,0,FALSE
2019-05-30 04:13:00,0,0.0765076124859088,0,0,FALSE
2019-05-30 04:14:00,0,0.0765076124859088,0,0,FALSE
2019-05-30 04:15:00,5,0.0762456001143816,629.986650960209,0,FALSE
2019-05-30 04:16:00,2,0.0766386186716723,35.7207579724877,0,FALSE
2019-05-30 04:17:00,4,0.0766822874002602,339.625850895752,0,FALSE
2019-05-30 04:18:00,0,0.0766822874002602,0,0,FALSE
2019-05-30 04:19:00,1,0.0764202750287331,17.4238227065511,0,FALSE
2019-05-30 04:20:00,3,0.0763620500572812,215.237573612238,2,FALSE
2019-05-30 04:21:00,2,0.0765076124859088,457.668537890707,0,FALSE
2019-05-30 04:22:00,1,0.0765949499430845,98.2713207769774,0,FALSE
2019-05-30 04:23:00,0,0.0765949499430845,0,0,FALSE
2019-05-30 04:24:00,2,0.0762456001143812,61.5301992923052,2,FALSE
2019-05-30 04:25:00,0,0.0762456001143812,0,0,FALSE
2019-05-30 04:26:00,0,0.0762456001143812,0,0,FALSE
2019-05-30 04:27:00,1,0.0763329375715574,11.2209418230189,0,FALSE
2019-05-30 04:28:00,1,0.0763329375715574,11.2209418230189,0,FALSE
2019-05-30 04:29:00,0,0.0763329375715574,0,0,FALSE
2019-05-30 04:30:00,3,0.076158262657206,983.812437005788,0,FALSE
2019-05-30 04:31:00,4,0.0760927595643227,137.050723837214,0,FALSE
2019-05-30 04:32:00,2,0.0761582626572003,26.2746006167343,0,FALSE
2019-05-30 04:33:00,1,0.0761582626572059,599.137052324239,0,FALSE
2019-05-30 04:34:00,9,0.0757215753713275,800.541944794079,4,FALSE
2019-05-30 04:35:00,3,0.0758380253142283,324.011922314252,0,FALSE
2019-05-30 04:36:00,1,0.0755469004569762,12.767426177229,0,FALSE
2019-05-30 04:37:00,2,0.07585258155709,110.697170159191,0,FALSE
2019-05-30 04:38:00,1,0.075896250285679,588.044147213441,0,FALSE
2019-05-30 04:39:00,0,0.075896250285679,0,0,FALSE
2019-05-30 04:40:00,1,0.075896250285679,531.121959499181,0,FALSE
2019-05-30 04:41:00,0,0.075896250285679,0,0,FALSE
2019-05-30 04:42:00,4,0.0759399190142665,911.851525202987,4,FALSE
2019-05-30 04:43:00,2,0.0760709252000299,200.979384378479,0,FALSE
2019-05-30 04:44:00,2,0.0760709252000303,164.008914731265,0,FALSE
2019-05-30 04:45:00,1,0.0761582626572017,15.2316525314403,0,FALSE
2019-05-30 04:46:00,1,0.0760709252000296,89.0029824840346,0,FALSE
2019-05-30 04:47:00,0,0.0760709252000296,0,0,FALSE
2019-05-30 04:48:00,1,0.0758962502856777,51.2299689428324,0,FALSE
2019-05-30 04:49:00,1,0.075896250285679,444.448441672936,0,FALSE
2019-05-30 04:50:00,0,0.075896250285679,0,0,FALSE
2019-05-30 04:51:00,1,0.0760709252000235,9.66100750040298,0,FALSE
2019-05-30 04:52:00,0,0.0760709252000235,0,0,FALSE
2019-05-30 04:53:00,0,0.0760709252000235,0,0,FALSE
2019-05-30 04:54:00,2,0.0755469004569762,303.018617732931,0,FALSE
2019-05-30 04:55:00,7,0.0752474577466595,424.36379599607,0,FALSE
2019-05-30 04:56:00,3,0.0753431130568996,164.862114350415,0,FALSE
2019-05-30 04:57:00,0,0.0753431130568996,0,0,FALSE
2019-05-30 04:58:00,0,0.0753431130568996,0,0,FALSE
2019-05-30 04:59:00,3,0.0755177879712509,136.88390929401,2,FALSE
2019-05-30 05:00:00,0,0.0755177879712509,0,0,FALSE
2019-05-30 05:01:00,0,0.0755177879712509,0,0,FALSE
2019-05-30 05:02:00,1,0.0753722255426248,8.89392261402972,0,FALSE
2019-05-30 05:03:00,2,0.075022875713922,221.69259773464,0,FALSE
2019-05-30 05:04:00,4,0.0750010413496281,274.187038382463,0,FALSE
2019-05-30 05:05:00,4,0.0748918695281573,273.540391849532,2,FALSE
2019-05-30 05:06:00,2,0.075022875713922,46.4391600669177,0,FALSE
2019-05-30 05:07:00,0,0.075022875713922,0,0,FALSE
2019-05-30 05:08:00,0,0.075022875713922,0,0,FALSE
2019-05-30 05:09:00,3,0.0749937632281967,645.491233045325,0,FALSE
2019-05-30 05:10:00,1,0.0749355382567444,33.720992215535,0,FALSE
2019-05-30 05:11:00,1,0.0748482007995706,39.744394624572,0,FALSE
2019-05-30 05:12:00,1,0.0746735258852192,26.1357340598267,0,FALSE
2019-05-30 05:13:00,4,0.0744988509708678,162.607497893424,0,FALSE
2019-05-30 05:14:00,8,0.0741822526886059,550.465721526826,0,FALSE
2019-05-30 05:15:00,5,0.0745163184623029,1038.13755809347,2,FALSE
2019-05-30 05:16:00,2,0.0744988509708678,78.5962877742656,0,FALSE
2019-05-30 05:17:00,0,0.0744988509708678,0,0,FALSE
2019-05-30 05:18:00,0,0.0744988509708678,0,0,FALSE
2019-05-30 05:19:00,0,0.0744988509708678,0,0,FALSE
2019-05-30 05:20:00,3,0.0744988509708678,1391.47608846546,0,FALSE
2019-05-30 05:21:00,12,0.075146603778254,10067.1551482819,8,FALSE
2019-05-30 05:22:00,2,0.0755469004569762,1763.41575046674,0,FALSE
2019-05-30 05:23:00,5,0.0754770304912356,873.962964205943,4,FALSE
2019-05-30 05:24:00,1,0.0756342379141519,15.2781160586587,0,FALSE
2019-05-30 05:25:00,0,0.0756342379141519,0,0,FALSE
2019-05-30 05:26:00,0,0.0756342379141519,0,0,FALSE
2019-05-30 05:27:00,6,0.0757943565856406,378.872771364252,5,FALSE
2019-05-30 05:28:00,0,0.0757943565856406,0,0,FALSE
2019-05-30 05:29:00,7,0.0752973648650456,981.923764494363,4,FALSE
2019-05-30 05:30:00,1,0.0753722255426248,152.025778919474,0,FALSE
2019-05-30 05:31:00,1,0.0753722255426248,44.7711019723191,0,FALSE
2019-05-30 05:32:00,0,0.0753722255426248,0,0,FALSE
2019-05-30 05:33:00,0,0.0753722255426248,0,0,FALSE
2019-05-30 05:34:00,2,0.0751975506282734,455.020378851682,0,FALSE
2019-05-30 05:35:00,1,0.0751975506282734,471.263049787389,0,FALSE
2019-05-30 05:36:00,3,0.0756342379141519,192.520227626271,3,FALSE
2019-05-30 05:37:00,1,0.0752848880854491,0.752848880854491,0,FALSE
2019-05-30 05:38:00,2,0.0755469004569762,28.7078221736509,0,FALSE
2019-05-30 05:39:00,0,0.0755469004569762,0,0,FALSE
2019-05-30 05:40:00,1,0.0755469004569762,141.801532157744,0,FALSE
2019-05-30 05:41:00,0,0.0755469004569762,0,0,FALSE
2019-05-30 05:42:00,2,0.0756779066427397,664.768531268059,2,FALSE
2019-05-30 05:43:00,2,0.0756779066427397,864.473487471432,0,FALSE
2019-05-30 05:44:00,0,0.0756779066427397,0,0,FALSE
2019-05-30 05:45:00,1,0.0756342379141519,309.192764593053,0,FALSE
2019-05-30 05:46:00,0,0.0756342379141519,0,0,FALSE
2019-05-30 05:47:00,1,0.0754595629998005,9.80974318997406,0,FALSE
2019-05-30 05:48:00,0,0.0754595629998005,0,0,FALSE
2019-05-30 05:49:00,0,0.0754595629998005,0,0,FALSE
2019-05-30 05:50:00,0,0.0754595629998005,0,0,FALSE
2019-05-30 05:51:00,0,0.0754595629998005,0,0,FALSE
2019-05-30 05:52:00,0,0.0754595629998005,0,0,FALSE
2019-05-30 05:53:00,0,0.0754595629998005,0,0,FALSE
2019-05-30 05:54:00,0,0.0754595629998005,0,0,FALSE
2019-05-30 05:55:00,0,0.0754595629998005,0,0,FALSE
2019-05-30 05:56:00,0,0.0754595629998005,0,0,FALSE
2019-05-30 05:57:00,1,0.0751975506282734,12.3323983030368,0,FALSE
2019-05-30 05:58:00,1,0.0752848880854491,204.624325816251,0,FALSE
2019-05-30 05:59:00,0,0.0752848880854491,0,0,FALSE
2019-05-30 06:00:00,1,0.0752848880854491,17.1649544834824,0,FALSE
2019-05-30 06:01:00,0,0.0752848880854491,0,0,FALSE
2019-05-30 06:02:00,0,0.0752848880854491,0,0,FALSE
2019-05-30 06:03:00,1,0.0751975506282734,33.6885026814665,0,FALSE
2019-05-30 06:04:00,1,0.0751102131710977,17.4255694556947,0,FALSE
2019-05-30 06:05:00,2,0.0748482007995687,117.436827054525,0,FALSE
2019-05-30 06:06:00,0,0.0748482007995687,0,0,FALSE
2019-05-30 06:07:00,1,0.0745861884280435,2511.2423781838,0,FALSE
2019-05-30 06:08:00,1,0.0746735258852192,12.9931935040281,0,FALSE
2019-05-30 06:09:00,1,0.0746735258852192,17.4736050571413,0,FALSE
2019-05-30 06:10:00,1,0.0746735258852192,643.312425501164,0,FALSE
2019-05-30 06:11:00,0,0.0746735258852192,0,0,FALSE
2019-05-30 06:12:00,1,0.0748482007995676,21.7808264326742,0,FALSE
2019-05-30 06:13:00,1,0.0749355382567388,8.76745797603844,0,FALSE
2019-05-30 06:14:00,1,0.0749355382567426,17.5349159520778,0,FALSE
2019-05-30 06:15:00,0,0.0749355382567426,0,0,FALSE
2019-05-30 06:16:00,6,0.0751538818996855,1712.88579124317,0,FALSE
2019-05-30 06:17:00,0,0.0751538818996855,0,0,FALSE
2019-05-30 06:18:00,3,0.0751684381425482,148.127646193351,0,FALSE
2019-05-30 06:19:00,0,0.0751684381425482,0,0,FALSE
2019-05-30 06:20:00,2,0.0751102131710977,913.415302373719,0,FALSE
2019-05-30 06:21:00,1,0.0751975506282734,168.818501160474,0,FALSE
2019-05-30 06:22:00,9,0.0754595629998005,1644.79043529496,6,FALSE
2019-05-30 06:23:00,3,0.0754595629998005,122.557771518566,0,FALSE
2019-05-30 06:24:00,5,0.0754595629998005,545.421721362558,0,FALSE
2019-05-30 06:25:00,4,0.0756342379141519,110.145459442213,3,FALSE
2019-05-30 06:26:00,1,0.0755469004569762,49.7854074011473,0,FALSE
2019-05-30 06:27:00,0,0.0755469004569762,0,0,FALSE
2019-05-30 06:28:00,1,0.0754595629998005,44.5211421698823,0,FALSE
2019-05-30 06:29:00,1,0.0754595629998005,556.816115375528,0,FALSE
2019-05-30 06:30:00,3,0.0751102131710977,1085.26747010919,0,FALSE
2019-05-30 06:31:00,0,0.0751102131710977,0,0,FALSE
2019-05-30 06:32:00,0,0.0751102131710977,0,0,FALSE
2019-05-30 06:33:00,0,0.0751102131710977,0,0,FALSE
2019-05-30 06:34:00,0,0.0751102131710977,0,0,FALSE
2019-05-30 06:35:00,2,0.0752848880854491,428.089437244271,2,FALSE
2019-05-30 06:36:00,0,0.0752848880854491,0,0,FALSE
2019-05-30 06:37:00,0,0.0752848880854491,0,0,FALSE
2019-05-30 06:38:00,0,0.0752848880854491,0,0,FALSE
2019-05-30 06:39:00,4,0.0756560722784458,156.098149872662,0,FALSE
2019-05-30 06:40:00,5,0.0757914453370681,222.785276661365,4,FALSE
2019-05-30 06:41:00,1,0.0758089128285033,25.7750303616911,0,FALSE
2019-05-30 06:42:00,4,0.075896250285679,1744.05364757309,0,FALSE
2019-05-30 06:43:00,4,0.0759399190142668,2875.77957932723,0,FALSE
2019-05-30 06:44:00,2,0.075896250285679,174.257790655919,0,FALSE
2019-05-30 06:45:00,0,0.075896250285679,0,0,FALSE
2019-05-30 06:46:00,1,0.0758089128285033,108.255127519103,0,FALSE
2019-05-30 06:47:00,1,0.0758089128285033,11.0681012729615,0,FALSE
2019-05-30 06:48:00,0,0.0758089128285033,0,0,FALSE
2019-05-30 06:49:00,1,0.0758089128285033,38.4351188040512,0,FALSE
2019-05-30 06:50:00,0,0.0758089128285033,0,0,FALSE
2019-05-30 06:51:00,1,0.075896250285679,94.6426241062417,0,FALSE
2019-05-30 06:52:00,0,0.075896250285679,0,0,FALSE
2019-05-30 06:53:00,0,0.075896250285679,0,0,FALSE
2019-05-30 06:54:00,0,0.075896250285679,0,0,FALSE
2019-05-30 06:55:00,0,0.075896250285679,0,0,FALSE
2019-05-30 06:56:00,0,0.075896250285679,0,0,FALSE
2019-05-30 06:57:00,0,0.075896250285679,0,0,FALSE
2019-05-30 06:58:00,0,0.075896250285679,0,0,FALSE
2019-05-30 06:59:00,0,0.075896250285679,0,0,FALSE
2019-05-30 07:00:00,0,0.075896250285679,0,0,FALSE
2019-05-30 07:01:00,1,0.0756342379141519,223.423538798405,0,FALSE
2019-05-30 07:02:00,1,0.075896250285679,87.1288953279594,0,FALSE
2019-05-30 07:03:00,1,0.0758089128285032,165.718283443108,0,FALSE
2019-05-30 07:04:00,4,0.075874415921385,1932.6692795014,3,FALSE
2019-05-30 07:05:00,2,0.0756342379141519,88.643326835386,0,FALSE
2019-05-30 07:06:00,4,0.0754595629998005,368.800491778008,4,FALSE
2019-05-30 07:07:00,0,0.0754595629998005,0,0,FALSE
2019-05-30 07:08:00,0,0.0754595629998005,0,0,FALSE
2019-05-30 07:09:00,1,0.0756342379141519,17.4715089581691,0,FALSE
2019-05-30 07:10:00,0,0.0756342379141519,0,0,FALSE
2019-05-30 07:11:00,5,0.075773977845633,5624.39913983002,3,FALSE
2019-05-30 07:12:00,0,0.075773977845633,0,0,FALSE
2019-05-30 07:13:00,0,0.075773977845633,0,0,FALSE
2019-05-30 07:14:00,0,0.075773977845633,0,0,FALSE
2019-05-30 07:15:00,1,0.075896250285679,12.4469850468513,0,FALSE
2019-05-30 07:16:00,0,0.075896250285679,0,0,FALSE
2019-05-30 07:17:00,0,0.075896250285679,0,0,FALSE
2019-05-30 07:18:00,1,0.0759835877428546,17.8561431195708,0,FALSE
2019-05-30 07:19:00,0,0.0759835877428546,0,0,FALSE
2019-05-30 07:20:00,1,0.0759835877428546,11.4735217491711,0,FALSE
2019-05-30 07:21:00,0,0.0759835877428546,0,0,FALSE
2019-05-30 07:22:00,0,0.0759835877428546,0,0,FALSE
2019-05-30 07:23:00,0,0.0759835877428546,0,0,FALSE
2019-05-30 07:24:00,1,0.075896250285679,11.4603337931375,0,FALSE
2019-05-30 07:25:00,1,0.0758962502856788,503.72341314605,0,FALSE
2019-05-30 07:26:00,3,0.0759544752571294,571.271337912676,2,FALSE
2019-05-30 07:27:00,1,0.0759835877428536,63.294328589797,0,FALSE
2019-05-30 07:28:00,0,0.0759835877428536,0,0,FALSE
2019-05-30 07:29:00,0,0.0759835877428536,0,0,FALSE
2019-05-30 07:30:00,0,0.0759835877428536,0,0,FALSE
2019-05-30 07:31:00,1,0.0756342379141519,236.583896195467,0,FALSE
2019-05-30 07:32:00,0,0.0756342379141519,0,0,FALSE
2019-05-30 07:33:00,2,0.0752848880854491,236.620403252566,0,FALSE
2019-05-30 07:34:00,1,0.0752848880854491,91.1699994714788,0,FALSE
2019-05-30 07:35:00,2,0.0752848880854491,277.500097482965,0,FALSE
2019-05-30 07:36:00,0,0.0752848880854491,0,0,FALSE
2019-05-30 07:37:00,1,0.0752848880854491,59.173922035163,0,FALSE
2019-05-30 07:38:00,9,0.0749646507424709,1137.48426498065,0,FALSE
2019-05-30 07:39:00,1,0.0749355382567461,261.300221901274,0,FALSE
2019-05-30 07:40:00,0,0.0749355382567461,0,0,FALSE
2019-05-30 07:41:00,0,0.0749355382567461,0,0,FALSE
2019-05-30 07:42:00,0,0.0749355382567461,0,0,FALSE
2019-05-30 07:43:00,14,0.0748170088505792,1262.33176261399,2,FALSE
2019-05-30 07:44:00,3,0.0750228757139214,99.2434740127992,0,FALSE
2019-05-30 07:45:00,4,0.0751975506282734,36.0976191002009,0,FALSE
2019-05-30 07:46:00,0,0.0751975506282734,0,0,FALSE
2019-05-30 07:47:00,0,0.0751975506282734,0,0,FALSE
2019-05-30 07:48:00,0,0.0751975506282734,0,0,FALSE
2019-05-30 07:49:00,0,0.0751975506282734,0,0,FALSE
2019-05-30 07:50:00,0,0.0751975506282734,0,0,FALSE
2019-05-30 07:51:00,0,0.0751975506282734,0,0,FALSE
2019-05-30 07:52:00,0,0.0751975506282734,0,0,FALSE
2019-05-30 07:53:00,0,0.0751975506282734,0,0,FALSE
2019-05-30 07:54:00,0,0.0751975506282734,0,0,FALSE
2019-05-30 07:55:00,0,0.0751975506282734,0,0,FALSE
2019-05-30 07:56:00,0,0.0751975506282734,0,0,FALSE
2019-05-30 07:57:00,0,0.0751975506282734,0,0,FALSE
2019-05-30 07:58:00,0,0.0751975506282734,0,0,FALSE
2019-05-30 07:59:00,0,0.0751975506282734,0,0,FALSE
2019-05-30 08:00:00,2,0.0751102131710977,145.338262486074,0,FALSE
2019-05-30 08:01:00,2,0.0749673546945271,367.521372651711,2,FALSE
2019-05-30 08:02:00,0,0.0749673546945271,0,0,FALSE
2019-05-30 08:03:00,1,0.0750109657211091,14.2520834870107,0,FALSE
2019-05-30 08:04:00,1,0.0746620775084524,153.281245124853,0,FALSE
2019-05-30 08:05:00,0,0.0746620775084524,0,0,FALSE
2019-05-30 08:06:00,0,0.0746620775084524,0,0,FALSE
2019-05-30 08:07:00,0,0.0746620775084524,0,0,FALSE
2019-05-30 08:08:00,1,0.0750109657211092,17.9276208073451,0,FALSE
2019-05-30 08:09:00,0,0.0750109657211092,0,0,FALSE
2019-05-30 08:10:00,0,0.0750109657211092,0,0,FALSE
2019-05-30 08:11:00,0,0.0750109657211092,0,0,FALSE
2019-05-30 08:12:00,0,0.0750109657211092,0,0,FALSE
2019-05-30 08:13:00,0,0.0750109657211092,0,0,FALSE
2019-05-30 08:14:00,0,0.0750109657211092,0,0,FALSE
2019-05-30 08:15:00,1,0.0745748554552888,37.2874277276444,0,FALSE
2019-05-30 08:16:00,0,0.0745748554552888,0,0,FALSE
2019-05-30 08:17:00,6,0.0748074475970583,1408.30645923894,4,FALSE
2019-05-30 08:18:00,0,0.0748074475970583,0,0,FALSE
2019-05-30 08:19:00,0,0.0748074475970583,0,0,FALSE
2019-05-30 08:20:00,2,0.0749237436679451,263.431882736495,0,FALSE
2019-05-30 08:21:00,0,0.0749237436679451,0,0,FALSE
2019-05-30 08:22:00,0,0.0749237436679451,0,0,FALSE
2019-05-30 08:23:00,0,0.0749237436679451,0,0,FALSE
2019-05-30 08:24:00,1,0.0745748554552887,386.372326113851,0,FALSE
2019-05-30 08:25:00,0,0.0745748554552887,0,0,FALSE
2019-05-30 08:26:00,3,0.0746620775084528,871.904002809872,3,FALSE
2019-05-30 08:27:00,0,0.0746620775084528,0,0,FALSE
2019-05-30 08:28:00,1,0.0749237436679451,9.88993416416875,0,FALSE
2019-05-30 08:29:00,3,0.074516707419846,278.781742984629,0,FALSE
2019-05-30 08:30:00,1,0.0743131892957965,87.4666238011525,0,FALSE
2019-05-30 08:31:00,1,0.0745748554552888,74.5748554552888,0,FALSE
2019-05-30 08:32:00,0,0.0745748554552888,0,0,FALSE
2019-05-30 08:33:00,0,0.0745748554552888,0,0,FALSE
2019-05-30 08:34:00,0,0.0745748554552888,0,0,FALSE
2019-05-30 08:35:00,2,0.0743131892957965,108.868822318342,0,FALSE
2019-05-30 08:36:00,0,0.0743131892957965,0,0,FALSE
2019-05-30 08:37:00,0,0.0743131892957965,0,0,FALSE
2019-05-30 08:38:00,0,0.0743131892957965,0,0,FALSE
2019-05-30 08:39:00,0,0.0743131892957965,0,0,FALSE
2019-05-30 08:40:00,0,0.0743131892957965,0,0,FALSE
2019-05-30 08:41:00,1,0.0744876334021238,74.4876334021238,0,FALSE
2019-05-30 08:42:00,0,0.0744876334021238,0,0,FALSE
2019-05-30 08:43:00,0,0.0744876334021238,0,0,FALSE
2019-05-30 08:44:00,2,0.0740515231363043,327.60393835501,0,FALSE
2019-05-30 08:45:00,1,0.0740515231363043,27.3990635604326,0,FALSE
2019-05-30 08:46:00,0,0.0740515231363043,0,0,FALSE
2019-05-30 08:47:00,0,0.0740515231363043,0,0,FALSE
2019-05-30 08:48:00,0,0.0740515231363043,0,0,FALSE
2019-05-30 08:49:00,0,0.0740515231363043,0,0,FALSE
2019-05-30 08:50:00,2,0.0742259672426324,87.3639634445784,0,FALSE
2019-05-30 08:51:00,0,0.0742259672426324,0,0,FALSE
2019-05-30 08:52:00,1,0.0742259672426324,159.808507473388,0,FALSE
2019-05-30 08:53:00,0,0.0742259672426324,0,0,FALSE
2019-05-30 08:54:00,0,0.0742259672426324,0,0,FALSE
2019-05-30 08:55:00,1,0.0741387451894683,57.9023599929748,0,FALSE
2019-05-30 08:56:00,1,0.0741387451894683,18.831241278125,0,FALSE
2019-05-30 08:57:00,0,0.0741387451894683,0,0,FALSE
2019-05-30 08:58:00,1,0.0741387451894683,24.3175084221456,0,FALSE
2019-05-30 08:59:00,2,0.0741387451894683,182.307174420903,0,FALSE
2019-05-30 09:00:00,3,0.0741387451894675,51.1557341807323,0,FALSE
2019-05-30 09:01:00,1,0.0741387451894683,33.881406551587,0,FALSE
2019-05-30 09:02:00,4,0.0739424955698492,274.164033046016,0,FALSE
2019-05-30 09:03:00,0,0.0739424955698492,0,0,FALSE
2019-05-30 09:04:00,3,0.0738770790299761,58.9539090659209,0,FALSE
2019-05-30 09:05:00,4,0.0740515231363043,773.25237179917,0,FALSE
2019-05-30 09:06:00,2,0.0742259672426292,20.6348188934509,0,FALSE
2019-05-30 09:07:00,1,0.0742259672426324,14.548289579556,0,FALSE
2019-05-30 09:08:00,0,0.0742259672426324,0,0,FALSE
2019-05-30 09:09:00,1,0.0742259672426324,44.4613543783368,0,FALSE
2019-05-30 09:10:00,2,0.0742259672426324,1331.53962636558,0,FALSE
2019-05-30 09:11:00,2,0.0742259672426323,1282.40203605096,0,FALSE
2019-05-30 09:12:00,6,0.0745893924641489,186.499589628286,6,FALSE
2019-05-30 09:13:00,1,0.0744876334021225,29.7205657274469,0,FALSE
2019-05-30 09:14:00,0,0.0744876334021225,0,0,FALSE
2019-05-30 09:15:00,0,0.0744876334021225,0,0,FALSE
2019-05-30 09:16:00,0,0.0744876334021225,0,0,FALSE
2019-05-30 09:17:00,3,0.074109671171747,377.056400281555,0,FALSE
2019-05-30 09:18:00,4,0.0741387451894683,314.941389564861,0,FALSE
2019-05-30 09:19:00,2,0.0744876334021247,17.8770320165099,0,FALSE
2019-05-30 09:20:00,1,0.0743131892957965,16.5718412129626,0,FALSE
2019-05-30 09:21:00,2,0.0746184664818708,8.95186098238906,2,FALSE
2019-05-30 09:22:00,1,0.0744876334021247,91.6942767180155,0,FALSE
2019-05-30 09:23:00,4,0.0746184664818614,17.9097402864447,4,FALSE
2019-05-30 09:24:00,1,0.0747492995616097,8.96991594739316,0,FALSE
2019-05-30 09:25:00,1,0.0746620775084516,51.3675093258147,0,FALSE
2019-05-30 09:26:00,0,0.0746620775084516,0,0,FALSE
2019-05-30 09:27:00,0,0.0746620775084516,0,0,FALSE
2019-05-30 09:28:00,1,0.0744876334021244,271.73088665095,0,FALSE
2019-05-30 09:29:00,1,0.0744876334021182,10.055830509286,0,FALSE
2019-05-30 09:30:00,0,0.0744876334021182,0,0,FALSE
2019-05-30 09:31:00,0,0.0744876334021182,0,0,FALSE
2019-05-30 09:32:00,0,0.0744876334021182,0,0,FALSE
2019-05-30 09:33:00,0,0.0744876334021182,0,0,FALSE
2019-05-30 09:34:00,0,0.0744876334021182,0,0,FALSE
2019-05-30 09:35:00,2,0.074487633402124,56.8340642858202,0,FALSE
2019-05-30 09:36:00,0,0.074487633402124,0,0,FALSE
2019-05-30 09:37:00,4,0.0744658278888336,713.487297638823,4,FALSE
2019-05-30 09:38:00,0,0.0744658278888336,0,0,FALSE
2019-05-30 09:39:00,0,0.0744658278888336,0,0,FALSE
2019-05-30 09:40:00,4,0.0745530499419967,87.6845044899546,3,FALSE
2019-05-30 09:41:00,1,0.074400411348954,9.82085429806193,0,FALSE
2019-05-30 09:42:00,0,0.074400411348954,0,0,FALSE
2019-05-30 09:43:00,0,0.074400411348954,0,0,FALSE
2019-05-30 09:44:00,0,0.074400411348954,0,0,FALSE
2019-05-30 09:45:00,0,0.074400411348954,0,0,FALSE
2019-05-30 09:46:00,0,0.074400411348954,0,0,FALSE
2019-05-30 09:47:00,0,0.074400411348954,0,0,FALSE
2019-05-30 09:48:00,2,0.0744004113489606,223.052433224184,0,FALSE
2019-05-30 09:49:00,4,0.0747056885350343,568.365326699253,4,FALSE
2019-05-30 09:50:00,0,0.0747056885350343,0,0,FALSE
2019-05-30 09:51:00,0,0.0747056885350343,0,0,FALSE
2019-05-30 09:52:00,1,0.0745748554552887,162.498610037074,0,FALSE
2019-05-30 09:53:00,4,0.0748365216147807,1217.75976634384,3,FALSE
2019-05-30 09:54:00,0,0.0748365216147807,0,0,FALSE
2019-05-30 09:55:00,1,0.0746620775084528,13.0658635639792,0,FALSE
2019-05-30 09:56:00,0,0.0746620775084528,0,0,FALSE
2019-05-30 09:57:00,0,0.0746620775084528,0,0,FALSE
2019-05-30 09:58:00,0,0.0746620775084528,0,0,FALSE
2019-05-30 09:59:00,1,0.0750109657211092,87.1627421679288,0,FALSE
2019-05-30 10:00:00,1,0.0748365216147805,135.229594557908,0,FALSE
2019-05-30 10:01:00,1,0.074836521614776,13.021554760971,0,FALSE
2019-05-30 10:02:00,5,0.0749237436679451,921.491484474715,0,FALSE
2019-05-30 10:03:00,0,0.0749237436679451,0,0,FALSE
2019-05-30 10:04:00,0,0.0749237436679451,0,0,FALSE
2019-05-30 10:05:00,1,0.0746620775084528,14.2604568041145,0,FALSE
2019-05-30 10:06:00,0,0.0746620775084528,0,0,FALSE
2019-05-30 10:07:00,0,0.0746620775084528,0,0,FALSE
2019-05-30 10:08:00,0,0.0746620775084528,0,0,FALSE
2019-05-30 10:09:00,2,0.0747929105881983,202.401478250895,2,FALSE
2019-05-30 10:10:00,3,0.0749528176856664,911.537616545577,2,FALSE
2019-05-30 10:11:00,0,0.0749528176856664,0,0,FALSE
2019-05-30 10:12:00,1,0.0749237436679451,96.9513243063209,0,FALSE
2019-05-30 10:13:00,1,0.0749237436679451,60.013918678024,0,FALSE
2019-05-30 10:14:00,1,0.0749237436679451,8.99084924015341,0,FALSE
2019-05-30 10:15:00,0,0.0749237436679451,0,0,FALSE
2019-05-30 10:16:00,0,0.0749237436679451,0,0,FALSE
2019-05-30 10:17:00,0,0.0749237436679451,0,0,FALSE
2019-05-30 10:18:00,1,0.0746620775084479,13.1405256414868,0,FALSE
2019-05-30 10:19:00,0,0.0746620775084479,0,0,FALSE
2019-05-30 10:20:00,0,0.0746620775084479,0,0,FALSE
2019-05-30 10:21:00,1,0.0745748554552887,13.0505997046755,0,FALSE
2019-05-30 10:22:00,3,0.0744004113489585,172.013751038796,0,FALSE
2019-05-30 10:23:00,1,0.0744004113489606,95.1581261153206,0,FALSE
2019-05-30 10:24:00,3,0.0744294853666799,173.152522164905,0,FALSE
2019-05-30 10:25:00,2,0.0746184664818705,146.932526319146,0,FALSE
2019-05-30 10:26:00,1,0.0746620775084454,8.73546306848811,0,FALSE
2019-05-30 10:27:00,0,0.0746620775084454,0,0,FALSE
2019-05-30 10:28:00,0,0.0746620775084454,0,0,FALSE
2019-05-30 10:29:00,0,0.0746620775084454,0,0,FALSE
2019-05-30 10:30:00,0,0.0746620775084454,0,0,FALSE
2019-05-30 10:31:00,0,0.0746620775084454,0,0,FALSE
2019-05-30 10:32:00,0,0.0746620775084454,0,0,FALSE
2019-05-30 10:33:00,0,0.0746620775084454,0,0,FALSE
2019-05-30 10:34:00,0,0.0746620775084454,0,0,FALSE
2019-05-30 10:35:00,2,0.0747929105881983,524.292721011871,2,FALSE
2019-05-30 10:36:00,0,0.0747929105881983,0,0,FALSE
2019-05-30 10:37:00,2,0.0746620775084528,40.0188735445307,2,FALSE
2019-05-30 10:38:00,0,0.0746620775084528,0,0,FALSE
2019-05-30 10:39:00,1,0.0745748554552887,70.0257892725161,0,FALSE
2019-05-30 10:40:00,0,0.0745748554552887,0,0,FALSE
2019-05-30 10:41:00,0,0.0745748554552887,0,0,FALSE
2019-05-30 10:42:00,0,0.0745748554552887,0,0,FALSE
2019-05-30 10:43:00,1,0.0744004113489606,147.908017761734,0,FALSE
2019-05-30 10:44:00,1,0.0744004113489606,5.95203290791685,0,FALSE
2019-05-30 10:45:00,0,0.0744004113489606,0,0,FALSE
2019-05-30 10:46:00,2,0.0745748554552791,14.3183722474137,0,FALSE
2019-05-30 10:47:00,4,0.0744222168622516,126.067266761235,0,FALSE
2019-05-30 10:48:00,4,0.0741387451894683,695.79212360316,0,FALSE
2019-05-30 10:49:00,1,0.0744876334021247,13.0353358453718,0,FALSE
2019-05-30 10:50:00,0,0.0744876334021247,0,0,FALSE
2019-05-30 10:51:00,0,0.0744876334021247,0,0,FALSE
2019-05-30 10:52:00,0,0.0744876334021247,0,0,FALSE
2019-05-30 10:53:00,0,0.0744876334021247,0,0,FALSE
2019-05-30 10:54:00,0,0.0744876334021247,0,0,FALSE
2019-05-30 10:55:00,0,0.0744876334021247,0,0,FALSE
2019-05-30 10:56:00,3,0.074167819207188,78.1575012890025,0,FALSE
2019-05-30 10:57:00,1,0.0741387451894683,8.74837193235726,0,FALSE
2019-05-30 10:58:00,2,0.0740079121097222,93.6620934594503,0,FALSE
2019-05-30 10:59:00,3,0.0740224491185829,233.818600134439,0,FALSE
2019-05-30 11:00:00,1,0.0741387451894683,12.9001416629675,0,FALSE
2019-05-30 11:01:00,1,0.0741387451894683,44.483247113681,0,FALSE
2019-05-30 11:02:00,1,0.0740515231363043,146.547964286746,0,FALSE
2019-05-30 11:03:00,3,0.0743422633135175,597.300108949748,3,FALSE
2019-05-30 11:04:00,1,0.0744876334021246,563.945872487485,0,FALSE
2019-05-30 11:05:00,0,0.0744876334021246,0,0,FALSE
2019-05-30 11:06:00,0,0.0744876334021246,0,0,FALSE
2019-05-30 11:07:00,0,0.0744876334021246,0,0,FALSE
2019-05-30 11:08:00,0,0.0744876334021246,0,0,FALSE
2019-05-30 11:09:00,0,0.0744876334021246,0,0,FALSE
2019-05-30 11:10:00,4,0.0744658278888336,1786.29971159353,2,FALSE
2019-05-30 11:11:00,1,0.0744876334021247,771.98983257962,0,FALSE
2019-05-30 11:12:00,0,0.0744876334021247,0,0,FALSE
2019-05-30 11:13:00,0,0.0744876334021247,0,0,FALSE
2019-05-30 11:14:00,0,0.0744876334021247,0,0,FALSE
2019-05-30 11:15:00,0,0.0744876334021247,0,0,FALSE
2019-05-30 11:16:00,0,0.0744876334021247,0,0,FALSE
2019-05-30 11:17:00,2,0.0743131892957965,180.060857663715,0,FALSE
2019-05-30 11:18:00,2,0.0746620775084527,1967.0470940377,0,FALSE
2019-05-30 11:19:00,3,0.0747492995616169,871.656815511204,3,FALSE
2019-05-30 11:20:00,0,0.0747492995616169,0,0,FALSE
2019-05-30 11:21:00,1,0.0748365216147736,8.83070955054328,0,FALSE
2019-05-30 11:22:00,0,0.0748365216147736,0,0,FALSE
2019-05-30 11:23:00,0,0.0748365216147736,0,0,FALSE
2019-05-30 11:24:00,1,0.0747492995616169,9.64265964344858,0,FALSE
2019-05-30 11:25:00,3,0.0747492995616134,47.9143010189947,0,FALSE
2019-05-30 11:26:00,0,0.0747492995616134,0,0,FALSE
2019-05-30 11:27:00,0,0.0747492995616134,0,0,FALSE
2019-05-30 11:28:00,2,0.0742259672426323,286.193698618405,0,FALSE
2019-05-30 11:29:00,0,0.0742259672426323,0,0,FALSE
2019-05-30 11:30:00,1,0.0741387451894683,71.2473341270791,0,FALSE
2019-05-30 11:31:00,0,0.0741387451894683,0,0,FALSE
2019-05-30 11:32:00,1,0.0743131892957965,417.863063410264,0,FALSE
2019-05-30 11:33:00,0,0.0743131892957965,0,0,FALSE
2019-05-30 11:34:00,0,0.0743131892957965,0,0,FALSE
2019-05-30 11:35:00,2,0.0743131892957965,321.107290947137,0,FALSE
2019-05-30 11:36:00,0,0.0743131892957965,0,0,FALSE
2019-05-30 11:37:00,0,0.0743131892957965,0,0,FALSE
2019-05-30 11:38:00,1,0.0743131892957965,8.84326952619978,0,FALSE
2019-05-30 11:39:00,1,0.0743131892957965,13.3763740732434,0,FALSE
2019-05-30 11:40:00,0,0.0743131892957965,0,0,FALSE
2019-05-30 11:41:00,2,0.0743131892957965,52.3907984535365,0,FALSE
2019-05-30 11:42:00,1,0.0743131892957965,13.3020608839476,0,FALSE
2019-05-30 11:43:00,1,0.0743131892957965,11.2956047729611,0,FALSE
2019-05-30 11:44:00,0,0.0743131892957965,0,0,FALSE
2019-05-30 11:45:00,2,0.0742259672426324,29.1708051263545,0,FALSE
2019-05-30 11:46:00,0,0.0742259672426324,0,0,FALSE
2019-05-30 11:47:00,1,0.0742259672426324,3856.33590212373,0,FALSE
2019-05-30 11:48:00,0,0.0742259672426324,0,0,FALSE
2019-05-30 11:49:00,2,0.0741387451894683,70.135252949237,0,FALSE
2019-05-30 11:50:00,2,0.0743131892957965,163.340390072161,0,FALSE
2019-05-30 11:51:00,7,0.074674537801762,1860.47779392897,6,FALSE
2019-05-30 11:52:00,7,0.0750234260144182,1056.80812664168,7,FALSE
2019-05-30 11:53:00,2,0.0750109657211091,1178.57229341007,0,FALSE
2019-05-30 11:54:00,0,0.0750109657211091,0,0,FALSE
2019-05-30 11:55:00,0,0.0750109657211091,0,0,FALSE
2019-05-30 11:56:00,0,0.0750109657211091,0,0,FALSE
2019-05-30 11:57:00,0,0.0750109657211091,0,0,FALSE
2019-05-30 11:58:00,0,0.0750109657211091,0,0,FALSE
2019-05-30 11:59:00,0,0.0750109657211091,0,0,FALSE
2019-05-30 12:00:00,1,0.0749237436679451,21.87773315104,0,FALSE
2019-05-30 12:01:00,1,0.0749237436679451,47.801348460149,0,FALSE
2019-05-30 12:02:00,1,0.0749237436679451,8.99084924015341,0,FALSE
2019-05-30 12:03:00,1,0.0749237436679451,54.2447904155922,0,FALSE
2019-05-30 12:04:00,6,0.0749237436679451,184.761951885153,0,FALSE
2019-05-30 12:05:00,0,0.0749237436679451,0,0,FALSE
2019-05-30 12:06:00,0,0.0749237436679451,0,0,FALSE
2019-05-30 12:07:00,6,0.0750545767476912,96.494716858007,2,FALSE
2019-05-30 12:08:00,1,0.0752726318806014,69.7777297533175,0,FALSE
2019-05-30 12:09:00,0,0.0752726318806014,0,0,FALSE
2019-05-30 12:10:00,0,0.0752726318806014,0,0,FALSE
2019-05-30 12:11:00,4,0.0751199932875642,177.793258725555,2,FALSE
2019-05-30 12:12:00,2,0.0750981877742732,73.671322206562,0,FALSE
2019-05-30 12:13:00,1,0.0750981877742732,442.628718741566,0,FALSE
2019-05-30 12:14:00,2,0.0751417988008553,17.9570146392614,2,FALSE
2019-05-30 12:15:00,0,0.0751417988008553,0,0,FALSE
2019-05-30 12:16:00,0,0.0751417988008553,0,0,FALSE
2019-05-30 12:17:00,0,0.0751417988008553,0,0,FALSE
2019-05-30 12:18:00,0,0.0751417988008553,0,0,FALSE
2019-05-30 12:19:00,0,0.0751417988008553,0,0,FALSE
2019-05-30 12:20:00,0,0.0751417988008553,0,0,FALSE
2019-05-30 12:21:00,1,0.0747492995616169,191.881451974671,0,FALSE
2019-05-30 12:22:00,0,0.0747492995616169,0,0,FALSE
2019-05-30 12:23:00,0,0.0747492995616169,0,0,FALSE
2019-05-30 12:24:00,0,0.0747492995616169,0,0,FALSE
2019-05-30 12:25:00,0,0.0747492995616169,0,0,FALSE
2019-05-30 12:26:00,0,0.0747492995616169,0,0,FALSE
2019-05-30 12:27:00,1,0.0747492995616162,92.0163877603495,0,FALSE
2019-05-30 12:28:00,0,0.0747492995616162,0,0,FALSE
2019-05-30 12:29:00,0,0.0747492995616162,0,0,FALSE
2019-05-30 12:30:00,1,0.0746620775084528,120.728579331168,0,FALSE
2019-05-30 12:31:00,1,0.074662077508447,11.2739737037755,0,FALSE
2019-05-30 12:32:00,1,0.0745748554552698,3.43044335094241,0,FALSE
2019-05-30 12:33:00,1,0.0746620775084527,469.251157140625,0,FALSE
2019-05-30 12:34:00,0,0.0746620775084527,0,0,FALSE
2019-05-30 12:35:00,0,0.0746620775084527,0,0,FALSE
2019-05-30 12:36:00,2,0.0747265602093625,37.2138269842625,2,FALSE
2019-05-30 12:37:00,1,0.0747265602093661,145.193706486798,0,FALSE
2019-05-30 12:38:00,0,0.0747265602093661,0,0,FALSE
2019-05-30 12:39:00,0,0.0747265602093661,0,0,FALSE
2019-05-30 12:40:00,0,0.0747265602093661,0,0,FALSE
2019-05-30 12:41:00,1,0.0747265602093646,43.5655846020595,0,FALSE
2019-05-30 12:42:00,1,0.0747265602093658,224.777493109772,0,FALSE
2019-05-30 12:43:00,0,0.0747265602093658,0,0,FALSE
2019-05-30 12:44:00,0,0.0747265602093658,0,0,FALSE
2019-05-30 12:45:00,0,0.0747265602093658,0,0,FALSE
2019-05-30 12:46:00,0,0.0747265602093658,0,0,FALSE
2019-05-30 12:47:00,0,0.0747265602093658,0,0,FALSE
2019-05-30 12:48:00,2,0.0746392628259406,22.9142536875639,0,FALSE
2019-05-30 12:49:00,0,0.0746392628259406,0,0,FALSE
2019-05-30 12:50:00,0,0.0746392628259406,0,0,FALSE
2019-05-30 12:51:00,1,0.0745519654425179,16.9232961554516,0,FALSE
2019-05-30 12:52:00,1,0.0745519654425217,8.79713192221756,0,FALSE
2019-05-30 12:53:00,0,0.0745519654425217,0,0,FALSE
2019-05-30 12:54:00,2,0.0745083167508106,501.606312977156,0,FALSE
2019-05-30 12:55:00,1,0.0745519654425214,169.605721381736,0,FALSE
2019-05-30 12:56:00,1,0.074551965442521,92.8917489413812,0,FALSE
2019-05-30 12:57:00,2,0.0746392628259418,26.9447738801649,0,FALSE
2019-05-30 12:58:00,0,0.0746392628259418,0,0,FALSE
2019-05-30 12:59:00,1,0.0746392628259439,11.3451679495435,0,FALSE
2019-05-30 13:00:00,0,0.0746392628259439,0,0,FALSE
2019-05-30 13:01:00,1,0.074551965442516,11.3318987472624,0,FALSE
2019-05-30 13:02:00,2,0.0745956141342327,692.093393878706,0,FALSE
2019-05-30 13:03:00,0,0.0745956141342327,0,0,FALSE
2019-05-30 13:04:00,5,0.0744995870124684,182.854757966334,2,FALSE
2019-05-30 13:05:00,0,0.0744995870124684,0,0,FALSE
2019-05-30 13:06:00,1,0.0745519654425217,10.288171231068,0,FALSE
2019-05-30 13:07:00,0,0.0745519654425217,0,0,FALSE
2019-05-30 13:08:00,0,0.0745519654425217,0,0,FALSE
2019-05-30 13:09:00,0,0.0745519654425217,0,0,FALSE
2019-05-30 13:10:00,0,0.0745519654425217,0,0,FALSE
2019-05-30 13:11:00,1,0.0746392628259439,92.6273251669964,0,FALSE
2019-05-30 13:12:00,0,0.0746392628259439,0,0,FALSE
2019-05-30 13:13:00,0,0.0746392628259439,0,0,FALSE
2019-05-30 13:14:00,0,0.0746392628259439,0,0,FALSE
2019-05-30 13:15:00,2,0.0746392628259439,22.6903358990869,0,FALSE
2019-05-30 13:16:00,0,0.0746392628259439,0,0,FALSE
2019-05-30 13:17:00,2,0.0745956141342328,23.7889734694548,0,FALSE
2019-05-30 13:18:00,0,0.0745956141342328,0,0,FALSE
2019-05-30 13:19:00,2,0.0746392628259439,81.2075179546269,0,FALSE
2019-05-30 13:20:00,1,0.0746392628259439,51.2771735614235,0,FALSE
2019-05-30 13:21:00,2,0.0747702089010759,53.8336774349404,0,FALSE
2019-05-30 13:22:00,2,0.074726560209366,387.083581884515,0,FALSE
2019-05-30 13:23:00,1,0.0746392628259439,13.1365102573661,0,FALSE
2019-05-30 13:24:00,0,0.0746392628259439,0,0,FALSE
2019-05-30 13:25:00,1,0.0748138575927824,11.2968924965101,0,FALSE
2019-05-30 13:26:00,0,0.0748138575927824,0,0,FALSE
2019-05-30 13:27:00,0,0.0748138575927824,0,0,FALSE
2019-05-30 13:28:00,0,0.0748138575927824,0,0,FALSE
2019-05-30 13:29:00,0,0.0748138575927824,0,0,FALSE
2019-05-30 13:30:00,0,0.0748138575927824,0,0,FALSE
2019-05-30 13:31:00,0,0.0748138575927824,0,0,FALSE
2019-05-30 13:32:00,2,0.0747265602093628,41.6974205968245,0,FALSE
2019-05-30 13:33:00,0,0.0747265602093628,0,0,FALSE
2019-05-30 13:34:00,2,0.0747702089010563,179.34557774753,2,FALSE
2019-05-30 13:35:00,2,0.0748138575927882,52.5193280301373,2,FALSE
2019-05-30 13:36:00,0,0.0748138575927882,0,0,FALSE
2019-05-30 13:37:00,1,0.074726560209366,10.3869918691019,0,FALSE
2019-05-30 13:38:00,1,0.0748138575927869,50.1252845871672,0,FALSE
2019-05-30 13:39:00,0,0.0748138575927869,0,0,FALSE
2019-05-30 13:40:00,0,0.0748138575927869,0,0,FALSE
2019-05-30 13:41:00,1,0.0747265602093603,11.2837105916134,0,FALSE
2019-05-30 13:42:00,0,0.0747265602093603,0,0,FALSE
2019-05-30 13:43:00,2,0.0747265602093603,22.5674211832268,0,FALSE
2019-05-30 13:44:00,0,0.0747265602093603,0,0,FALSE
2019-05-30 13:45:00,0,0.0747265602093603,0,0,FALSE
2019-05-30 13:46:00,1,0.0746392628259439,10.8226931097619,0,FALSE
2019-05-30 13:47:00,0,0.0746392628259439,0,0,FALSE
2019-05-30 13:48:00,0,0.0746392628259439,0,0,FALSE
2019-05-30 13:49:00,0,0.0746392628259439,0,0,FALSE
2019-05-30 13:50:00,0,0.0746392628259439,0,0,FALSE
2019-05-30 13:51:00,0,0.0746392628259439,0,0,FALSE
2019-05-30 13:52:00,0,0.0746392628259439,0,0,FALSE
2019-05-30 13:53:00,0,0.0746392628259439,0,0,FALSE
2019-05-30 13:54:00,0,0.0746392628259439,0,0,FALSE
2019-05-30 13:55:00,0,0.0746392628259439,0,0,FALSE
2019-05-30 13:56:00,0,0.0746392628259439,0,0,FALSE
2019-05-30 13:57:00,0,0.0746392628259439,0,0,FALSE
2019-05-30 13:58:00,0,0.0746392628259439,0,0,FALSE
2019-05-30 13:59:00,0,0.0746392628259439,0,0,FALSE
2019-05-30 14:00:00,0,0.0746392628259439,0,0,FALSE
2019-05-30 14:01:00,1,0.0746392628259439,64.7868801329193,0,FALSE
2019-05-30 14:02:00,0,0.0746392628259439,0,0,FALSE
2019-05-30 14:03:00,1,0.0747265602093658,230.606164806103,0,FALSE
2019-05-30 14:04:00,1,0.0748138575927876,115.063712977707,0,FALSE
2019-05-30 14:05:00,3,0.0748138575927863,130.624995357007,0,FALSE
2019-05-30 14:06:00,2,0.0748575062844955,530.739806854482,0,FALSE
2019-05-30 14:07:00,3,0.0749011549762089,3118.73429089945,0,FALSE
2019-05-30 14:08:00,0,0.0749011549762089,0,0,FALSE
2019-05-30 14:09:00,0,0.0749011549762089,0,0,FALSE
2019-05-30 14:10:00,0,0.0749011549762089,0,0,FALSE
2019-05-30 14:11:00,0,0.0749011549762089,0,0,FALSE
2019-05-30 14:12:00,1,0.0748138575927882,1347.32276138852,0,FALSE
2019-05-30 14:13:00,3,0.0748138575927853,52.36970031495,0,FALSE
2019-05-30 14:14:00,0,0.0748138575927853,0,0,FALSE
2019-05-30 14:15:00,2,0.0747702089010767,372.208718831063,2,FALSE
2019-05-30 14:16:00,0,0.0747702089010767,0,0,FALSE
2019-05-30 14:17:00,1,0.0748138575927876,100.026127601557,0,FALSE
2019-05-30 14:18:00,1,0.0748138575927882,3240.11335848606,0,FALSE
2019-05-30 14:19:00,0,0.0748138575927882,0,0,FALSE
2019-05-30 14:20:00,0,0.0748138575927882,0,0,FALSE
2019-05-30 14:21:00,7,0.0744272548947757,561.790351271759,0,FALSE
2019-05-30 14:22:00,2,0.0743773706756774,165.374679099415,0,FALSE
2019-05-30 14:23:00,0,0.0743773706756774,0,0,FALSE
2019-05-30 14:24:00,0,0.0743773706756774,0,0,FALSE
2019-05-30 14:25:00,1,0.0744646680590996,3.20198072654128,0,FALSE
2019-05-30 14:26:00,0,0.0744646680590996,0,0,FALSE
2019-05-30 14:27:00,2,0.0743773706756774,101.153224118921,0,FALSE
2019-05-30 14:28:00,0,0.0743773706756774,0,0,FALSE
2019-05-30 14:29:00,0,0.0743773706756774,0,0,FALSE
2019-05-30 14:30:00,0,0.0743773706756774,0,0,FALSE
2019-05-30 14:31:00,2,0.0743773706756774,37.1886853378387,0,FALSE
2019-05-30 14:32:00,1,0.0743773706756774,41.8744596904064,0,FALSE
2019-05-30 14:33:00,2,0.0744210193673854,17.2677716304354,0,FALSE
2019-05-30 14:34:00,7,0.0746392628259437,1839.41217551714,5,FALSE
2019-05-30 14:35:00,0,0.0746392628259437,0,0,FALSE
2019-05-30 14:36:00,0,0.0746392628259437,0,0,FALSE
2019-05-30 14:37:00,1,0.0746392628259432,91.6570147502582,0,FALSE
2019-05-30 14:38:00,1,0.074639262825942,34.1101431114555,0,FALSE
2019-05-30 14:39:00,0,0.074639262825942,0,0,FALSE
2019-05-30 14:40:00,0,0.074639262825942,0,0,FALSE
2019-05-30 14:41:00,1,0.0747265602093583,8.36937474344812,0,FALSE
2019-05-30 14:42:00,3,0.074726560209366,62.9944902564956,0,FALSE
2019-05-30 14:43:00,0,0.074726560209366,0,0,FALSE
2019-05-30 14:44:00,1,0.0746392628259439,55.4569722796763,0,FALSE
2019-05-30 14:45:00,0,0.0746392628259439,0,0,FALSE
2019-05-30 14:46:00,0,0.0746392628259439,0,0,FALSE
2019-05-30 14:47:00,1,0.0747265602093622,16.7387494868971,0,FALSE
2019-05-30 14:48:00,0,0.0747265602093622,0,0,FALSE
2019-05-30 14:49:00,1,0.0746392628259439,12.3154783662807,0,FALSE
2019-05-30 14:50:00,2,0.0747702089010771,87.3127477616389,2,FALSE
2019-05-30 14:51:00,0,0.0747702089010771,0,0,FALSE
2019-05-30 14:52:00,0,0.0747702089010771,0,0,FALSE
2019-05-30 14:53:00,0,0.0747702089010771,0,0,FALSE
2019-05-30 14:54:00,0,0.0747702089010771,0,0,FALSE
2019-05-30 14:55:00,0,0.0747702089010771,0,0,FALSE
2019-05-30 14:56:00,2,0.0746829115176547,115.853230513377,0,FALSE
2019-05-30 14:57:00,0,0.0746829115176547,0,0,FALSE
2019-05-30 14:58:00,0,0.0746829115176547,0,0,FALSE
2019-05-30 14:59:00,1,0.0747265602093603,11.2837105916134,0,FALSE
2019-05-30 15:00:00,0,0.0747265602093603,0,0,FALSE
2019-05-30 15:01:00,1,0.074726560209366,114.481090240749,0,FALSE
2019-05-30 15:02:00,0,0.074726560209366,0,0,FALSE
2019-05-30 15:03:00,1,0.0747265602093659,339.183856790312,0,FALSE
2019-05-30 15:04:00,1,0.0747265602093646,45.6579282879218,0,FALSE
2019-05-30 15:05:00,1,0.074726560209366,29.8906240837464,0,FALSE
2019-05-30 15:06:00,0,0.074726560209366,0,0,FALSE
2019-05-30 15:07:00,1,0.074726560209366,8.81773410470519,0,FALSE
2019-05-30 15:08:00,0,0.074726560209366,0,0,FALSE
2019-05-30 15:09:00,0,0.074726560209366,0,0,FALSE
2019-05-30 15:10:00,0,0.074726560209366,0,0,FALSE
2019-05-30 15:11:00,0,0.074726560209366,0,0,FALSE
2019-05-30 15:12:00,0,0.074726560209366,0,0,FALSE
2019-05-30 15:13:00,0,0.074726560209366,0,0,FALSE
2019-05-30 15:14:00,1,0.074726560209366,69.7946072355479,0,FALSE
2019-05-30 15:15:00,0,0.074726560209366,0,0,FALSE
2019-05-30 15:16:00,1,0.074726560209366,8.81773410470519,0,FALSE
2019-05-30 15:17:00,1,0.074726560209366,8.81773410470519,0,FALSE
2019-05-30 15:18:00,1,0.074726560209366,14.1233198795702,0,FALSE
2019-05-30 15:19:00,1,0.074726560209366,96.6214423507103,0,FALSE
2019-05-30 15:20:00,0,0.074726560209366,0,0,FALSE
2019-05-30 15:21:00,2,0.0747265602093657,1030.10563248611,0,FALSE
2019-05-30 15:22:00,0,0.0747265602093657,0,0,FALSE
2019-05-30 15:23:00,0,0.0747265602093657,0,0,FALSE
2019-05-30 15:24:00,2,0.0748575062844991,757.296420638399,2,FALSE
2019-05-30 15:25:00,0,0.0748575062844991,0,0,FALSE
2019-05-30 15:26:00,2,0.0749448036679213,445.511371419431,2,FALSE
2019-05-30 15:27:00,1,0.0749884523596325,52.4169281993831,0,FALSE
2019-05-30 15:28:00,1,0.0749884523596325,90.0611312839187,0,FALSE
2019-05-30 15:29:00,2,0.0749884523596325,80.9875285484031,0,FALSE
2019-05-30 15:30:00,1,0.0749884523596325,8.84863737843664,0,FALSE
2019-05-30 15:31:00,1,0.0749884523596325,10.8733255921467,0,FALSE
2019-05-30 15:32:00,1,0.0749011549762053,12.8829986559073,0,FALSE
2019-05-30 15:33:00,3,0.0748429567205946,1606.22733330213,2,FALSE
2019-05-30 15:34:00,0,0.0748429567205946,0,0,FALSE
2019-05-30 15:35:00,0,0.0748429567205946,0,0,FALSE
2019-05-30 15:36:00,0,0.0748429567205946,0,0,FALSE
2019-05-30 15:37:00,2,0.0749884523596325,936.605769971809,2,FALSE
2019-05-30 15:38:00,0,0.0749884523596325,0,0,FALSE
2019-05-30 15:39:00,1,0.0749011549762096,86.3610316875697,0,FALSE
2019-05-30 15:40:00,0,0.0749011549762096,0,0,FALSE
2019-05-30 15:41:00,2,0.0749011549762104,236.98725434473,0,FALSE
2019-05-30 15:42:00,0,0.0749011549762104,0,0,FALSE
2019-05-30 15:43:00,1,0.0749011549762101,219.834889855177,0,FALSE
2019-05-30 15:44:00,0,0.0749011549762101,0,0,FALSE
2019-05-30 15:45:00,0,0.0749011549762101,0,0,FALSE
2019-05-30 15:46:00,6,0.0750757497430547,270.573002073969,0,FALSE
2019-05-30 15:47:00,0,0.0750757497430547,0,0,FALSE
2019-05-30 15:48:00,0,0.0750757497430547,0,0,FALSE
2019-05-30 15:49:00,25,0.0740386568279994,8507.48016429407,0,FALSE
2019-05-30 15:50:00,26,0.0733835235413327,2003.12977568444,5,FALSE
2019-05-30 15:51:00,3,0.0733007029468036,230.854176672405,0,FALSE
2019-05-30 15:52:00,8,0.0728605786387171,478.156751734447,0,FALSE
2019-05-30 15:53:00,5,0.0727536393440253,779.353588615526,0,FALSE
2019-05-30 15:54:00,1,0.0729806125409184,14.1582388329382,0,FALSE
2019-05-30 15:55:00,1,0.0727187203906565,126.457854759352,0,FALSE
2019-05-30 15:56:00,1,0.0726314230072343,130.228141451971,0,FALSE
2019-05-30 15:57:00,13,0.072174790540103,1157.24711305504,2,FALSE
2019-05-30 15:58:00,4,0.072173111744268,125.86702606835,2,FALSE
2019-05-30 15:59:00,1,0.0721076387067014,17.377940928315,0,FALSE
2019-05-30 16:00:00,23,0.0712612336413474,7780.97710998138,6,FALSE
2019-05-30 16:01:00,23,0.0706008099580664,4955.92614476663,8,FALSE
2019-05-30 16:02:00,13,0.0706302983718648,893.93227733094,6,FALSE
2019-05-30 16:03:00,9,0.0704586881309495,1718.62149229479,7,FALSE
2019-05-30 16:04:00,4,0.0705581101509581,661.279599965272,0,FALSE
2019-05-30 16:05:00,0,0.0705581101509581,0,0,FALSE
2019-05-30 16:06:00,10,0.0705886642351558,5059.77624695162,6,FALSE
2019-05-30 16:07:00,0,0.0705886642351558,0,0,FALSE
2019-05-30 16:08:00,0,0.0705886642351558,0,0,FALSE
2019-05-30 16:09:00,1,0.0707108805719468,27.930797825919,0,FALSE
2019-05-30 16:10:00,2,0.0707545292636579,576.173817353928,0,FALSE
2019-05-30 16:11:00,3,0.070798177955369,889.366711475345,0,FALSE
2019-05-30 16:12:00,1,0.070798177955369,13.0976629217433,0,FALSE
2019-05-30 16:13:00,4,0.070798177955369,1497.02747286628,0,FALSE
2019-05-30 16:14:00,11,0.0710838784829309,2478.78999684778,4,FALSE
2019-05-30 16:15:00,4,0.0712128405266242,800.883393099399,2,FALSE
2019-05-30 16:16:00,1,0.0714965570227415,13.0123733781389,0,FALSE
2019-05-30 16:17:00,3,0.0714674578949388,570.938156783183,0,FALSE
2019-05-30 16:18:00,4,0.0714092596393228,402.605405846508,0,FALSE
2019-05-30 16:19:00,3,0.0716711517895905,356.545473107927,0,FALSE
2019-05-30 16:20:00,1,0.071671151789587,17.4160898848696,0,FALSE
2019-05-30 16:21:00,3,0.0716711517895903,471.882863382663,0,FALSE
2019-05-30 16:22:00,0,0.0716711517895903,0,0,FALSE
2019-05-30 16:23:00,0,0.0716711517895903,0,0,FALSE
2019-05-30 16:24:00,0,0.0716711517895903,0,0,FALSE
2019-05-30 16:25:00,1,0.0716711517895906,895.889397369882,0,FALSE
2019-05-30 16:26:00,1,0.0718457465564349,26.5110804793245,0,FALSE
2019-05-30 16:27:00,0,0.0718457465564349,0,0,FALSE
2019-05-30 16:28:00,1,0.0718457465564349,17.3866706666572,0,FALSE
2019-05-30 16:29:00,0,0.0718457465564349,0,0,FALSE
2019-05-30 16:30:00,5,0.071933043939857,1103.88964284667,0,FALSE
2019-05-30 16:31:00,3,0.0722240352179309,31.2747240979047,2,FALSE
2019-05-30 16:32:00,2,0.0722385847818346,38.3513991876384,0,FALSE
2019-05-30 16:33:00,0,0.0722385847818346,0,0,FALSE
2019-05-30 16:34:00,0,0.0722385847818346,0,0,FALSE
2019-05-30 16:35:00,2,0.0722822334735457,359.170418130048,0,FALSE
2019-05-30 16:36:00,0,0.0722822334735457,0,0,FALSE
2019-05-30 16:37:00,0,0.0722822334735457,0,0,FALSE
2019-05-30 16:38:00,0,0.0722822334735457,0,0,FALSE
2019-05-30 16:39:00,0,0.0722822334735457,0,0,FALSE
2019-05-30 16:40:00,0,0.0722822334735457,0,0,FALSE
2019-05-30 16:41:00,1,0.0722822334735457,13.516777659553,0,FALSE
2019-05-30 16:42:00,1,0.0722822334735457,28.4069177551034,0,FALSE
2019-05-30 16:43:00,2,0.0722822334735457,553.175932773045,0,FALSE
2019-05-30 16:44:00,1,0.0721949360901235,10.3960707969778,0,FALSE
2019-05-30 16:45:00,3,0.0722822334735457,297.658237444061,0,FALSE
2019-05-30 16:46:00,1,0.0722822334735457,218.220062856634,0,FALSE
2019-05-30 16:47:00,0,0.0722822334735457,0,0,FALSE
2019-05-30 16:48:00,0,0.0722822334735457,0,0,FALSE
2019-05-30 16:49:00,0,0.0722822334735457,0,0,FALSE
2019-05-30 16:50:00,0,0.0722822334735457,0,0,FALSE
2019-05-30 16:51:00,0,0.0722822334735457,0,0,FALSE
2019-05-30 16:52:00,9,0.0722919331828148,968.334615058277,2,FALSE
2019-05-30 16:53:00,1,0.0721949360901235,137.025988699054,0,FALSE
2019-05-30 16:54:00,1,0.071933043939857,400.379322569244,0,FALSE
2019-05-30 16:55:00,0,0.071933043939857,0,0,FALSE
2019-05-30 16:56:00,0,0.071933043939857,0,0,FALSE
2019-05-30 16:57:00,0,0.071933043939857,0,0,FALSE
2019-05-30 16:58:00,0,0.071933043939857,0,0,FALSE
2019-05-30 16:59:00,0,0.071933043939857,0,0,FALSE
2019-05-30 17:00:00,1,0.0720203413232792,135.830363735705,0,FALSE
2019-05-30 17:01:00,2,0.0719766926315681,1159.88698592973,2,FALSE
2019-05-30 17:02:00,0,0.0719766926315681,0,0,FALSE
2019-05-30 17:03:00,0,0.0719766926315681,0,0,FALSE
2019-05-30 17:04:00,0,0.0719766926315681,0,0,FALSE
2019-05-30 17:05:00,0,0.0719766926315681,0,0,FALSE
2019-05-30 17:06:00,0,0.0719766926315681,0,0,FALSE
2019-05-30 17:07:00,3,0.0712637640002872,455.456813123184,0,FALSE
2019-05-30 17:08:00,1,0.0712346648724791,84.5555472036326,0,FALSE
2019-05-30 17:09:00,1,0.070798177955369,29.8768310971657,0,FALSE
2019-05-30 17:10:00,0,0.070798177955369,0,0,FALSE
2019-05-30 17:11:00,0,0.070798177955369,0,0,FALSE
2019-05-30 17:12:00,1,0.0707108805719468,48.1541096694958,0,FALSE
2019-05-30 17:13:00,2,0.0705362858051025,222.753590572514,0,FALSE
